order_id;order_date;client_id;phone;email;brand;channel;items_count;gross_revenue;discount_amount;net_revenue;cogs;delivery_cost;acquisition_cost;order_status
ORD-0000143;2025-01-01;CUST_00064;+79994305700;user_64_472@example.com;SportActive;offline_pos;1;7149.73;0.0;7149.73;3431.87;0.0;1625.1;completed
ORD-0000297;2025-01-02;CUST_00136;+79999214801;user_136_986@example.com;UrbanStyle;online_app;3;17991.88;2698.78;15293.1;6423.1;250.0;1197.6;completed
ORD-0001930;2025-01-02;CUST_00842;+79998694746;user_842_609@example.com;SportActive;online_app;4;25693.86;1284.69;24409.17;11716.4;250.0;1042.11;cancelled
ORD-0001931;2025-01-03;CUST_00843;+79994638539;user_843_702@example.com;SportActive;online_site;4;36379.55;3637.96;32741.59;15715.96;350.0;1624.56;completed
ORD-0001987;2025-01-03;CUST_00872;+79992460891;;UrbanStyle;online_site;3;20523.61;0.0;20523.61;8619.92;350.0;1493.15;cancelled
ORD-0000007;2025-01-04;CUST_00004;+79998090293;;UrbanStyle;online_site;4;21615.22;2161.52;19453.7;8170.55;350.0;1462.28;completed
ORD-0000447;2025-01-04;CUST_00193;+79997724045;;UrbanStyle;offline_pos;1;6060.58;606.06;5454.52;2290.9;0.0;1425.1;completed
ORD-0000461;2025-01-04;CUST_00199;;user_199_882@example.com;UrbanStyle;online_site;2;14689.56;0.0;14689.56;6169.62;350.0;908.68;cancelled
ORD-0000462;2025-01-04;CUST_00200;;user_200_489@example.com;UrbanStyle;online_app;4;27552.89;2755.29;24797.6;10414.99;250.0;1607.52;completed
ORD-0001273;2025-01-04;CUST_00550;+79997278533;user_550_674@example.com;SportActive;online_app;1;6544.31;654.43;5889.88;2827.14;250.0;929.19;cancelled
ORD-0003354;2025-01-04;CUST_01452;+79996937335;user_1452_209@example.com;UrbanStyle;online_app;2;10822.78;541.14;10281.64;4318.29;250.0;1055.63;completed
ORD-0001362;2025-01-05;CUST_00586;;user_586_436@example.com;SportActive;online_site;3;23646.46;3546.97;20099.49;9647.76;350.0;1643.55;completed
ORD-0002740;2025-01-05;CUST_01186;+79993463932;;UrbanStyle;offline_pos;3;17028.42;2554.26;14474.16;6079.15;0.0;1548.26;cancelled
ORD-0002845;2025-01-05;CUST_01237;;user_1237_297@example.com;UrbanStyle;online_app;2;11906.5;1785.97;10120.53;4250.62;250.0;1759.72;completed
ORD-0000030;2025-01-06;CUST_00018;+79995476583;;SportActive;offline_pos;4;28653.34;5730.67;22922.67;11002.88;0.0;1446.19;completed
ORD-0003016;2025-01-06;CUST_01306;+79997893107;user_1306_500@example.com;UrbanStyle;online_site;2;10693.24;1069.32;9623.92;4042.05;350.0;1738.0;completed
ORD-0003279;2025-01-06;CUST_01412;+79998874357;;UrbanStyle;online_site;1;7967.84;398.39;7569.45;3179.17;350.0;1449.06;completed
ORD-0003343;2025-01-06;CUST_01443;;user_1443_848@example.com;UrbanStyle;online_app;4;22798.97;0.0;22798.97;9575.57;250.0;1674.23;completed
ORD-0001030;2025-01-07;CUST_00461;+79997425329;user_461_253@example.com;UrbanStyle;online_site;1;7300.37;365.02;6935.35;2912.85;350.0;1646.79;completed
ORD-0001656;2025-01-07;CUST_00718;+79992690268;user_718_433@example.com;UrbanStyle;online_app;2;12837.27;1925.59;10911.68;4582.91;250.0;1454.37;completed
ORD-0002429;2025-01-07;CUST_01052;+79992764491;user_1052_505@example.com;UrbanStyle;online_site;3;16657.55;2498.63;14158.92;5946.75;350.0;952.39;completed
ORD-0003395;2025-01-07;CUST_01474;+79993186206;user_1474_439@example.com;UrbanStyle;online_site;2;10352.41;1552.86;8799.55;3695.81;350.0;1617.32;completed
ORD-0003452;2025-01-07;CUST_01500;+79991347555;user_1500_212@example.com;SportActive;offline_pos;4;34785.7;3478.57;31307.13;15027.42;0.0;1747.55;completed
ORD-0000313;2025-01-08;CUST_00141;+79993589751;user_141_176@example.com;UrbanStyle;online_app;2;11909.35;1786.4;10122.95;4251.64;250.0;1362.78;completed
ORD-0001905;2025-01-08;CUST_00827;;user_827_860@example.com;SportActive;online_site;2;16330.8;1633.08;14697.72;7054.91;350.0;1669.83;completed
ORD-0002254;2025-01-08;CUST_00976;+79995138170;user_976_353@example.com;UrbanStyle;online_app;3;18895.14;1889.51;17005.63;7142.36;250.0;1725.13;completed
ORD-0002678;2025-01-08;CUST_01155;+79994157826;user_1155_979@example.com;UrbanStyle;online_site;2;10588.47;0.0;10588.47;4447.16;350.0;996.12;completed
ORD-0001564;2025-01-09;CUST_00681;;user_681_800@example.com;UrbanStyle;online_site;3;23797.63;0.0;23797.63;9995.0;350.0;1417.62;completed
ORD-0003182;2025-01-09;CUST_01379;+79996461406;user_1379_794@example.com;UrbanStyle;online_app;1;5271.01;1054.2;4216.81;1771.06;250.0;1521.89;completed
ORD-0000464;2025-01-10;CUST_00202;+79996252285;;UrbanStyle;online_site;2;12819.57;640.98;12178.59;5115.01;350.0;1537.41;completed
ORD-0000547;2025-01-10;CUST_00237;+79999854536;user_237_533@example.com;UrbanStyle;online_site;4;27738.61;1386.93;26351.68;11067.71;350.0;1117.21;completed
ORD-0001316;2025-01-10;CUST_00568;+79995174559;;SportActive;offline_pos;1;9731.61;1459.74;8271.87;3970.5;0.0;1795.41;completed
ORD-0002788;2025-01-10;CUST_01213;;user_1213_284@example.com;SportActive;online_site;2;15909.93;2386.49;13523.44;6491.25;350.0;1341.33;completed
ORD-0002807;2025-01-10;CUST_01223;+79992703045;user_1223_352@example.com;SportActive;offline_pos;2;19150.27;1915.03;17235.24;8272.92;0.0;995.96;completed
ORD-0003075;2025-01-10;CUST_01322;+79993082914;;UrbanStyle;offline_pos;1;6107.3;916.1;5191.2;2180.3;0.0;1376.88;completed
ORD-0003097;2025-01-10;CUST_01336;+79997415127;user_1336_623@example.com;SportActive;online_site;2;14785.86;2217.88;12567.98;6032.63;350.0;945.48;completed
ORD-0002464;2025-01-11;CUST_01071;+79998087921;;UrbanStyle;online_app;2;11088.24;554.41;10533.83;4424.21;250.0;1192.09;completed
ORD-0002846;2025-01-11;CUST_01238;+79997003240;user_1238_296@example.com;UrbanStyle;online_site;3;21401.85;4280.37;17121.48;7191.02;350.0;1293.63;completed
ORD-0001322;2025-01-12;CUST_00573;+79997150383;;SportActive;online_app;3;19966.46;3993.29;15973.17;7667.12;250.0;1097.09;completed
ORD-0001557;2025-01-12;CUST_00675;+79993703298;;UrbanStyle;online_site;3;15458.86;1545.89;13912.97;5843.45;350.0;1464.15;completed
ORD-0001922;2025-01-13;CUST_00836;+79994387856;user_836_565@example.com;UrbanStyle;online_app;4;24212.95;4842.59;19370.36;8135.55;250.0;1172.77;completed
ORD-0001957;2025-01-13;CUST_00856;+79994478434;user_856_918@example.com;SportActive;online_site;4;35089.4;1754.47;33334.93;16000.77;350.0;1055.3;completed
ORD-0003111;2025-01-13;CUST_01342;+79996750028;user_1342_348@example.com;UrbanStyle;online_app;3;22666.61;0.0;22666.61;9519.98;250.0;1314.82;completed
ORD-0001287;2025-01-14;CUST_00554;+79995352450;;UrbanStyle;offline_pos;3;15328.68;0.0;15328.68;6438.05;0.0;1654.86;completed
ORD-0003062;2025-01-14;CUST_01318;;user_1318_867@example.com;UrbanStyle;online_app;2;15802.18;1580.22;14221.96;5973.22;250.0;1164.41;completed
ORD-0000199;2025-01-15;CUST_00084;+79997783308;user_84_841@example.com;UrbanStyle;offline_pos;4;25814.24;3872.14;21942.1;9215.68;0.0;1438.06;completed
ORD-0000638;2025-01-15;CUST_00274;;user_274_889@example.com;UrbanStyle;online_site;3;17098.92;3419.78;13679.14;5745.24;350.0;1639.95;completed
ORD-0001248;2025-01-15;CUST_00540;+79994367636;user_540_957@example.com;UrbanStyle;online_app;4;22568.41;2256.84;20311.57;8530.86;250.0;1473.46;completed
ORD-0001623;2025-01-15;CUST_00707;+79997420191;user_707_748@example.com;SportActive;online_site;1;8502.66;850.27;7652.39;3673.15;350.0;1733.6;completed
ORD-0002591;2025-01-15;CUST_01116;+79998566133;user_1116_354@example.com;UrbanStyle;online_site;1;5112.54;511.25;4601.29;1932.54;350.0;1764.34;completed
ORD-0000449;2025-01-16;CUST_00194;;user_194_485@example.com;UrbanStyle;online_app;4;28403.3;2840.33;25562.97;10736.45;250.0;1520.97;completed
ORD-0001872;2025-01-16;CUST_00815;+79994784649;user_815_255@example.com;UrbanStyle;online_app;1;7632.86;1144.93;6487.93;2724.93;250.0;1425.82;returned
ORD-0002726;2025-01-16;CUST_01182;+79999679670;user_1182_171@example.com;UrbanStyle;online_site;3;21445.13;0.0;21445.13;9006.95;350.0;1725.93;completed
ORD-0003002;2025-01-16;CUST_01298;+79993153282;user_1298_412@example.com;SportActive;online_app;1;8536.83;1707.37;6829.46;3278.14;250.0;1758.35;completed
ORD-0002771;2025-01-17;CUST_01202;+79997196363;user_1202_221@example.com;SportActive;online_site;3;29353.52;2935.35;26418.17;12680.72;350.0;1062.75;completed
ORD-0003195;2025-01-17;CUST_01383;;user_1383_408@example.com;SportActive;offline_pos;4;29457.13;0.0;29457.13;14139.42;0.0;1258.14;completed
ORD-0001158;2025-01-18;CUST_00511;+79992756994;user_511_175@example.com;UrbanStyle;online_site;3;16403.6;3280.72;13122.88;5511.61;350.0;1501.73;completed
ORD-0002534;2025-01-18;CUST_01097;+79991917249;;SportActive;offline_pos;4;28131.28;1406.56;26724.72;12827.87;0.0;1557.14;completed
ORD-0002882;2025-01-18;CUST_01254;;user_1254_901@example.com;UrbanStyle;online_app;2;11893.47;1189.35;10704.12;4495.73;250.0;1204.66;completed
ORD-0001035;2025-01-19;CUST_00462;+79998035849;user_462_329@example.com;UrbanStyle;online_site;3;20008.97;4001.79;16007.18;6723.02;350.0;1038.85;completed
ORD-0001937;2025-01-19;CUST_00846;+79993257160;;UrbanStyle;offline_pos;2;13059.03;1958.85;11100.18;4662.08;0.0;1377.76;completed
ORD-0001942;2025-01-19;CUST_00849;;user_849_477@example.com;SportActive;online_site;3;22295.44;4459.09;17836.35;8561.45;350.0;1540.17;completed
ORD-0000725;2025-01-20;CUST_00311;+79993949245;;SportActive;online_app;4;36872.07;7374.41;29497.66;14158.88;250.0;1627.26;completed
ORD-0001315;2025-01-20;CUST_00567;+79991236174;;SportActive;offline_pos;2;12716.26;635.81;12080.45;5798.62;0.0;1746.0;completed
ORD-0001913;2025-01-20;CUST_00831;+79991711620;user_831_998@example.com;SportActive;online_app;3;22712.45;4542.49;18169.96;8721.58;250.0;1626.06;returned
ORD-0002982;2025-01-20;CUST_01291;+79996523752;;UrbanStyle;offline_pos;4;26728.26;2672.83;24055.43;10103.28;0.0;1322.81;completed
ORD-0000491;2025-01-21;CUST_00216;+79998372274;user_216_636@example.com;SportActive;online_app;3;28415.63;4262.34;24153.29;11593.58;250.0;1395.11;completed
ORD-0001001;2025-01-21;CUST_00449;+79997676912;user_449_618@example.com;UrbanStyle;online_app;3;23534.52;4706.9;18827.62;7907.6;250.0;1525.88;completed
ORD-0001451;2025-01-21;CUST_00627;;user_627_264@example.com;UrbanStyle;online_site;3;19947.21;3989.44;15957.77;6702.26;350.0;942.34;completed
ORD-0003427;2025-01-21;CUST_01488;;user_1488_236@example.com;UrbanStyle;online_site;3;17941.09;897.05;17044.04;7158.5;350.0;923.01;completed
ORD-0000486;2025-01-22;CUST_00214;+79994158134;user_214_429@example.com;SportActive;online_app;2;19924.68;3984.94;15939.74;7651.08;250.0;1444.57;completed
ORD-0000589;2025-01-22;CUST_00254;+79998297090;user_254_381@example.com;UrbanStyle;online_site;3;15374.7;3074.94;12299.76;5165.9;350.0;1096.82;completed
ORD-0001489;2025-01-22;CUST_00648;;user_648_650@example.com;UrbanStyle;online_site;4;20109.22;3016.38;17092.84;7178.99;350.0;903.1;completed
ORD-0002190;2025-01-22;CUST_00948;+79999776491;;UrbanStyle;online_site;2;13449.38;672.47;12776.91;5366.3;350.0;1465.45;completed
ORD-0002505;2025-01-22;CUST_01088;+79991334013;user_1088_156@example.com;SportActive;online_app;1;9495.5;1424.33;8071.17;3874.16;250.0;1360.56;returned
ORD-0003403;2025-01-22;CUST_01477;;user_1477_297@example.com;SportActive;online_app;1;9443.68;472.18;8971.5;4306.32;250.0;1367.19;completed
ORD-0000110;2025-01-23;CUST_00051;;user_51_752@example.com;SportActive;online_site;3;28963.87;5792.77;23171.1;11122.13;350.0;1498.79;completed
ORD-0000563;2025-01-23;CUST_00243;+79995255545;user_243_865@example.com;UrbanStyle;online_app;1;6703.7;1340.74;5362.96;2252.44;250.0;1780.81;completed
ORD-0002234;2025-01-23;CUST_00965;;user_965_314@example.com;UrbanStyle;online_site;1;5841.61;1168.32;4673.29;1962.78;350.0;1196.77;cancelled
ORD-0002939;2025-01-23;CUST_01272;+79995766421;;UrbanStyle;online_app;3;21913.14;2191.31;19721.83;8283.17;250.0;1380.34;completed
ORD-0000334;2025-01-24;CUST_00146;+79997014016;;UrbanStyle;online_app;1;6711.99;1006.8;5705.19;2396.18;250.0;1449.03;completed
ORD-0001407;2025-01-24;CUST_00608;+79993067274;;UrbanStyle;offline_pos;3;17419.16;870.96;16548.2;6950.24;0.0;1193.46;completed
ORD-0001958;2025-01-24;CUST_00857;+79994562439;user_857_111@example.com;SportActive;online_app;3;27720.25;5544.05;22176.2;10644.58;250.0;1050.65;completed
ORD-0000025;2025-01-25;CUST_00016;+79993684052;;SportActive;online_site;3;27479.37;4121.91;23357.46;11211.58;350.0;1350.19;completed
ORD-0000966;2025-01-25;CUST_00431;;user_431_956@example.com;UrbanStyle;online_site;2;15494.94;3098.99;12395.95;5206.3;350.0;1206.42;returned
ORD-0001679;2025-01-25;CUST_00725;+79992007243;user_725_320@example.com;SportActive;online_site;2;14009.71;2101.46;11908.25;5715.96;350.0;1010.79;completed
ORD-0000062;2025-01-26;CUST_00035;+79991247595;user_35_195@example.com;UrbanStyle;online_site;1;5270.6;527.06;4743.54;1992.29;350.0;1135.8;completed
ORD-0000403;2025-01-26;CUST_00172;+79993112652;;SportActive;online_app;4;37468.56;5620.28;31848.28;15287.17;250.0;1526.77;completed
ORD-0000454;2025-01-26;CUST_00196;+79998113787;user_196_597@example.com;SportActive;online_app;3;25739.86;3860.98;21878.88;10501.86;250.0;914.36;completed
ORD-0001096;2025-01-26;CUST_00484;+79997626978;user_484_608@example.com;SportActive;offline_pos;2;14180.23;2127.03;12053.2;5785.54;0.0;1063.61;cancelled
ORD-0001249;2025-01-26;CUST_00541;+79995596579;user_541_477@example.com;UrbanStyle;online_site;1;5849.76;292.49;5557.27;2334.05;350.0;1457.78;completed
ORD-0001781;2025-01-26;CUST_00774;+79992189067;user_774_113@example.com;UrbanStyle;online_site;3;20156.17;2015.62;18140.55;7619.03;350.0;1794.38;completed
ORD-0001918;2025-01-26;CUST_00833;+79996109570;user_833_892@example.com;SportActive;online_app;2;20083.2;0.0;20083.2;9639.94;250.0;1656.37;completed
ORD-0002867;2025-01-27;CUST_01246;;user_1246_380@example.com;UrbanStyle;online_app;4;31109.14;6221.83;24887.31;10452.67;250.0;998.68;completed
ORD-0000287;2025-01-28;CUST_00129;+79999363326;user_129_740@example.com;UrbanStyle;online_site;1;6791.17;1018.68;5772.49;2424.45;350.0;1750.94;completed
ORD-0001437;2025-01-28;CUST_00619;+79993700047;;SportActive;online_site;4;38420.3;1921.02;36499.28;17519.65;350.0;1183.69;returned
ORD-0001832;2025-01-28;CUST_00794;+79993509536;;UrbanStyle;online_app;3;22532.24;3379.84;19152.4;8044.01;250.0;1704.95;completed
ORD-0002118;2025-01-28;CUST_00920;+79992946062;;UrbanStyle;offline_pos;3;19891.27;994.56;18896.71;7936.62;0.0;911.35;completed
ORD-0002921;2025-01-28;CUST_01265;+79994361682;;SportActive;online_app;3;23520.27;3528.04;19992.23;9596.27;250.0;1301.92;completed
ORD-0000019;2025-01-29;CUST_00012;+79996292423;;UrbanStyle;online_site;4;30043.6;4506.54;25537.06;10725.57;350.0;1398.74;completed
ORD-0000627;2025-01-29;CUST_00270;+79996102363;user_270_268@example.com;UrbanStyle;offline_pos;2;13939.8;1393.98;12545.82;5269.24;0.0;1274.02;completed
ORD-0000144;2025-01-30;CUST_00064;+79994305700;user_64_472@example.com;UrbanStyle;online_site;1;7680.21;1152.03;6528.18;2741.84;350.0;0.0;completed
ORD-0000593;2025-01-30;CUST_00255;;user_255_472@example.com;UrbanStyle;online_site;1;5875.24;293.76;5581.48;2344.22;350.0;1075.04;completed
ORD-0001286;2025-01-30;CUST_00553;+79997779646;user_553_776@example.com;SportActive;online_app;4;34583.61;0.0;34583.61;16600.13;250.0;1121.32;completed
ORD-0001054;2025-01-31;CUST_00470;+79995694689;;UrbanStyle;online_app;4;24711.28;4942.26;19769.02;8302.99;250.0;1303.04;completed
ORD-0002407;2025-01-31;CUST_01040;+79991726143;;UrbanStyle;offline_pos;3;18018.46;1801.85;16216.61;6810.98;0.0;1757.2;completed
ORD-0002795;2025-01-31;CUST_01218;;user_1218_830@example.com;UrbanStyle;online_site;3;19610.51;0.0;19610.51;8236.41;350.0;1704.35;completed
ORD-0003246;2025-01-31;CUST_01399;+79994533501;user_1399_968@example.com;SportActive;online_app;2;19269.69;2890.45;16379.24;7862.04;250.0;1573.76;completed
ORD-0000190;2025-02-01;CUST_00081;+79991327691;;SportActive;offline_pos;3;29701.0;5940.2;23760.8;11405.18;0.0;1283.85;completed
ORD-0000487;2025-02-01;CUST_00215;+79996761929;user_215_831@example.com;UrbanStyle;online_app;2;14762.63;2214.39;12548.24;5270.26;250.0;1530.58;completed
ORD-0000748;2025-02-01;CUST_00320;;user_320_515@example.com;SportActive;online_site;4;26682.62;4002.39;22680.23;10886.51;350.0;1114.18;completed
ORD-0001195;2025-02-01;CUST_00521;+79992622400;user_521_187@example.com;SportActive;online_site;3;23482.11;2348.21;21133.9;10144.27;350.0;938.57;completed
ORD-0002057;2025-02-01;CUST_00897;+79991891328;user_897_100@example.com;SportActive;online_site;3;23437.66;1171.88;22265.78;10687.57;350.0;1687.0;completed
ORD-0000026;2025-02-02;CUST_00017;+79998852574;user_17_641@example.com;UrbanStyle;online_site;3;18592.49;3718.5;14873.99;6247.08;350.0;990.9;completed
ORD-0000550;2025-02-02;CUST_00239;;user_239_711@example.com;UrbanStyle;online_app;2;12778.1;0.0;12778.1;5366.8;250.0;1522.28;completed
ORD-0001692;2025-02-02;CUST_00735;+79991903041;user_735_126@example.com;SportActive;online_site;3;28820.73;0.0;28820.73;13833.95;350.0;1017.89;completed
ORD-0002501;2025-02-02;CUST_01084;+79995478422;;SportActive;offline_pos;4;29787.22;1489.36;28297.86;13582.97;0.0;1092.18;completed
ORD-0002874;2025-02-02;CUST_01250;+79999052500;;SportActive;online_site;1;9735.6;1460.34;8275.26;3972.12;350.0;1090.54;completed
ORD-0003283;2025-02-02;CUST_01415;+79994101936;user_1415_515@example.com;SportActive;online_app;4;38201.22;5730.18;32471.04;15586.1;250.0;1122.8;completed
ORD-0001240;2025-02-03;CUST_00539;+79993275826;user_539_899@example.com;SportActive;online_site;3;26692.01;1334.6;25357.41;12171.56;350.0;1291.11;completed
ORD-0001476;2025-02-03;CUST_00638;+79994576485;user_638_985@example.com;SportActive;offline_pos;2;19327.82;3865.56;15462.26;7421.88;0.0;1345.41;completed
ORD-0002300;2025-02-03;CUST_00993;+79992464797;user_993_182@example.com;UrbanStyle;online_app;4;20718.04;2071.8;18646.24;7831.42;250.0;1212.05;completed
ORD-0000836;2025-02-04;CUST_00359;+79999484790;;UrbanStyle;offline_pos;3;19096.92;0.0;19096.92;8020.71;0.0;999.5;completed
ORD-0001217;2025-02-04;CUST_00528;;user_528_665@example.com;SportActive;online_site;2;18327.03;0.0;18327.03;8796.97;350.0;1488.91;completed
ORD-0002134;2025-02-04;CUST_00927;+79995169748;;UrbanStyle;online_app;4;19839.05;0.0;19839.05;8332.4;250.0;922.06;completed
ORD-0002290;2025-02-04;CUST_00988;+79993322064;user_988_442@example.com;UrbanStyle;online_site;4;29127.37;0.0;29127.37;12233.5;350.0;1112.04;cancelled
ORD-0002374;2025-02-04;CUST_01024;+79999061215;user_1024_679@example.com;UrbanStyle;online_app;2;14143.62;2121.54;12022.08;5049.27;250.0;1569.37;completed
ORD-0002444;2025-02-04;CUST_01059;+79994004727;;UrbanStyle;online_app;3;23437.26;2343.73;21093.53;8859.28;250.0;1597.08;completed
ORD-0002775;2025-02-04;CUST_01206;+79996195935;user_1206_679@example.com;UrbanStyle;offline_pos;3;20870.49;3130.57;17739.92;7450.77;0.0;918.63;completed
ORD-0000097;2025-02-05;CUST_00046;+79993646552;user_46_548@example.com;SportActive;online_app;3;26943.9;2694.39;24249.51;11639.76;250.0;1560.49;completed
ORD-0000221;2025-02-05;CUST_00095;+79998047416;user_95_942@example.com;UrbanStyle;online_site;2;14837.37;1483.74;13353.63;5608.52;350.0;1367.44;completed
ORD-0001031;2025-02-05;CUST_00461;+79997425329;user_461_253@example.com;SportActive;online_site;3;26230.56;5246.11;20984.45;10072.54;350.0;0.0;completed
ORD-0002430;2025-02-05;CUST_01052;;user_1052_505@example.com;UrbanStyle;online_site;4;31369.18;4705.38;26663.8;11198.8;350.0;0.0;completed
ORD-0002922;2025-02-05;CUST_01266;+79998841710;user_1266_714@example.com;SportActive;online_app;1;8409.82;420.49;7989.33;3834.88;250.0;1796.57;completed
ORD-0001688;2025-02-06;CUST_00731;;user_731_421@example.com;UrbanStyle;online_site;4;22973.19;3445.98;19527.21;8201.43;350.0;1360.18;completed
ORD-0002281;2025-02-06;CUST_00984;+79999907365;user_984_133@example.com;UrbanStyle;offline_pos;3;20344.66;1017.23;19327.43;8117.52;0.0;968.74;completed
ORD-0000808;2025-02-07;CUST_00348;+79994640933;user_348_590@example.com;UrbanStyle;online_site;3;20170.1;3025.51;17144.59;7200.73;350.0;1450.09;completed
ORD-0001457;2025-02-07;CUST_00630;+79994690350;;UrbanStyle;offline_pos;4;20669.85;4133.97;16535.88;6945.07;0.0;1171.09;completed
ORD-0003280;2025-02-07;CUST_01412;+79994391989;;UrbanStyle;online_app;3;22945.82;1147.29;21798.53;9155.38;250.0;0.0;completed
ORD-0000260;2025-02-08;CUST_00116;+79998883823;user_116_398@example.com;UrbanStyle;offline_pos;4;31055.14;1552.76;29502.38;12391.0;0.0;1024.27;completed
ORD-0000834;2025-02-08;CUST_00358;+79991107102;;SportActive;offline_pos;4;33721.79;5058.27;28663.52;13758.49;0.0;1231.71;completed
ORD-0000855;2025-02-08;CUST_00373;+79997655572;user_373_892@example.com;UrbanStyle;online_app;4;30885.28;0.0;30885.28;12971.82;250.0;975.15;completed
ORD-0003409;2025-02-08;CUST_01478;+79996057934;user_1478_842@example.com;UrbanStyle;online_app;4;25865.47;5173.09;20692.38;8690.8;250.0;1101.36;completed
ORD-0003423;2025-02-08;CUST_01484;+79997444974;user_1484_675@example.com;SportActive;online_app;3;19373.25;968.66;18404.59;8834.2;250.0;1556.24;completed
ORD-0002301;2025-02-09;CUST_00994;;user_994_813@example.com;UrbanStyle;online_site;3;21383.88;2138.39;19245.49;8083.11;350.0;971.91;completed
ORD-0003076;2025-02-09;CUST_01323;+79995584412;;UrbanStyle;online_app;2;12214.18;1221.42;10992.76;4616.96;250.0;1575.58;completed
ORD-0000042;2025-02-10;CUST_00023;;user_23_170@example.com;SportActive;online_site;4;38502.68;7700.54;30802.14;14785.03;350.0;1092.69;completed
ORD-0001600;2025-02-10;CUST_00696;+79997721705;user_696_728@example.com;SportActive;online_site;2;16835.69;2525.35;14310.34;6868.96;350.0;1014.55;completed
ORD-0001638;2025-02-10;CUST_00713;+79991111126;;SportActive;offline_pos;1;8850.67;0.0;8850.67;4248.32;0.0;1337.28;completed
ORD-0001827;2025-02-10;CUST_00792;+79996610127;user_792_456@example.com;SportActive;online_app;2;15592.19;779.61;14812.58;7110.04;250.0;1521.09;returned
ORD-0001988;2025-02-10;CUST_00872;+79992460891;;UrbanStyle;online_site;3;20142.46;3021.37;17121.09;7190.86;350.0;0.0;completed
ORD-0002405;2025-02-10;CUST_01038;+79992874387;user_1038_179@example.com;UrbanStyle;online_site;4;25646.37;2564.64;23081.73;9694.33;350.0;903.14;completed
ORD-0000844;2025-02-11;CUST_00365;+79991531577;user_365_195@example.com;UrbanStyle;online_site;2;15009.53;2251.43;12758.1;5358.4;350.0;917.08;returned
ORD-0001184;2025-02-11;CUST_00518;+79997668395;;UrbanStyle;online_app;2;15146.23;2271.93;12874.3;5407.21;250.0;1176.64;completed
ORD-0001311;2025-02-11;CUST_00564;;user_564_420@example.com;SportActive;online_site;1;8517.18;0.0;8517.18;4088.25;350.0;1117.12;completed
ORD-0001735;2025-02-11;CUST_00753;+79991940167;user_753_372@example.com;SportActive;online_app;2;12642.75;632.14;12010.61;5765.09;250.0;982.46;completed
ORD-0002631;2025-02-11;CUST_01134;;user_1134_564@example.com;SportActive;online_site;4;30004.95;3000.5;27004.45;12962.14;350.0;1034.81;completed
ORD-0001574;2025-02-12;CUST_00687;+79997855954;user_687_363@example.com;UrbanStyle;online_site;3;14842.97;742.15;14100.82;5922.34;350.0;1568.66;completed
ORD-0001693;2025-02-12;CUST_00736;;user_736_186@example.com;SportActive;online_site;2;14744.19;2211.63;12532.56;6015.63;350.0;1315.32;completed
ORD-0002535;2025-02-12;CUST_01097;+79991917249;user_1097_807@example.com;SportActive;online_app;4;32848.66;6569.73;26278.93;12613.89;250.0;0.0;completed
ORD-0003123;2025-02-12;CUST_01351;+79993563536;;SportActive;offline_pos;1;9168.63;916.86;8251.77;3960.85;0.0;1743.62;completed
ORD-0000904;2025-02-13;CUST_00398;;user_398_245@example.com;UrbanStyle;online_app;1;6813.31;1022.0;5791.31;2432.35;250.0;1766.08;completed
ORD-0001091;2025-02-13;CUST_00482;+79992258076;user_482_122@example.com;SportActive;online_app;3;29386.12;1469.31;27916.81;13400.07;250.0;1752.44;completed
ORD-0002432;2025-02-13;CUST_01053;;user_1053_811@example.com;UrbanStyle;online_site;3;20046.65;4009.33;16037.32;6735.67;350.0;1781.72;completed
ORD-0003162;2025-02-13;CUST_01370;+79996740356;user_1370_130@example.com;UrbanStyle;online_app;4;21702.46;4340.49;17361.97;7292.03;250.0;1725.1;completed
ORD-0000861;2025-02-14;CUST_00378;+79999597330;user_378_517@example.com;UrbanStyle;online_app;4;26672.16;5334.43;21337.73;8961.85;250.0;1035.39;completed
ORD-0002253;2025-02-14;CUST_00975;+79994631304;user_975_705@example.com;UrbanStyle;online_app;3;16092.24;1609.22;14483.02;6082.87;250.0;1341.96;cancelled
ORD-0001718;2025-02-15;CUST_00742;+79995358838;user_742_259@example.com;SportActive;online_site;4;27713.23;4156.98;23556.25;11307.0;350.0;1287.0;completed
ORD-0002051;2025-02-15;CUST_00896;+79999563491;user_896_513@example.com;SportActive;online_app;4;33744.1;5061.61;28682.49;13767.6;250.0;1043.53;completed
ORD-0000484;2025-02-16;CUST_00213;+79998763013;user_213_694@example.com;UrbanStyle;online_app;3;21414.04;2141.4;19272.64;8094.51;250.0;1663.0;returned
ORD-0000770;2025-02-16;CUST_00327;+79991933413;user_327_564@example.com;UrbanStyle;online_app;1;7380.76;1476.15;5904.61;2479.94;250.0;1186.43;completed
ORD-0000860;2025-02-16;CUST_00377;;user_377_468@example.com;SportActive;online_site;1;9210.15;0.0;9210.15;4420.87;350.0;1740.73;completed
ORD-0001078;2025-02-16;CUST_00477;;user_477_320@example.com;SportActive;online_site;2;19019.07;0.0;19019.07;9129.15;350.0;1039.65;completed
ORD-0001079;2025-02-16;CUST_00478;+79997647878;user_478_625@example.com;UrbanStyle;online_site;3;18729.93;1872.99;16856.94;7079.91;350.0;1063.06;completed
ORD-0001599;2025-02-16;CUST_00695;+79998304421;user_695_190@example.com;UrbanStyle;online_site;3;16295.09;2444.26;13850.83;5817.35;350.0;1599.71;completed
ORD-0001612;2025-02-16;CUST_00702;+79996840069;user_702_455@example.com;SportActive;online_site;4;26305.76;3945.86;22359.9;10732.75;350.0;1306.35;completed
ORD-0001750;2025-02-16;CUST_00762;+79992007511;user_762_161@example.com;UrbanStyle;online_site;4;30501.2;1525.06;28976.14;12169.98;350.0;1492.38;completed
ORD-0001921;2025-02-16;CUST_00835;+79993270069;;UrbanStyle;online_site;3;14915.06;2237.26;12677.8;5324.68;350.0;1379.54;completed
ORD-0002265;2025-02-16;CUST_00981;;user_981_265@example.com;SportActive;online_site;4;37812.82;0.0;37812.82;18150.15;350.0;1156.48;completed
ORD-0002508;2025-02-16;CUST_01090;+79993358208;user_1090_341@example.com;UrbanStyle;online_app;4;19930.18;2989.53;16940.65;7115.07;250.0;1086.07;completed
ORD-0002655;2025-02-16;CUST_01142;+79994126532;;UrbanStyle;offline_pos;4;27994.63;5598.93;22395.7;9406.19;0.0;921.71;completed
ORD-0002483;2025-02-17;CUST_01077;;user_1077_379@example.com;UrbanStyle;online_site;3;23673.0;0.0;23673.0;9942.66;350.0;1205.53;completed
ORD-0002639;2025-02-17;CUST_01138;+79997692721;;UrbanStyle;online_site;1;5937.24;593.72;5343.52;2244.28;350.0;1389.94;cancelled
ORD-0002749;2025-02-17;CUST_01190;+79996716146;user_1190_875@example.com;SportActive;online_site;1;9942.24;994.22;8948.02;4295.05;350.0;1396.76;completed
ORD-0003342;2025-02-17;CUST_01442;+79995795781;;UrbanStyle;offline_pos;3;23666.02;0.0;23666.02;9939.73;0.0;999.31;completed
ORD-0001082;2025-02-18;CUST_00480;+79993345338;user_480_224@example.com;UrbanStyle;online_app;1;6290.9;943.63;5347.27;2245.85;250.0;1027.8;completed
ORD-0001380;2025-02-18;CUST_00595;+79999085438;user_595_454@example.com;SportActive;offline_pos;1;7361.77;368.09;6993.68;3356.97;0.0;1227.01;completed
ORD-0000055;2025-02-19;CUST_00031;+79997897151;user_31_578@example.com;SportActive;online_site;1;6292.49;314.62;5977.87;2869.38;350.0;1611.46;completed
ORD-0000590;2025-02-19;CUST_00254;+79998297090;user_254_381@example.com;SportActive;online_site;3;25961.41;2596.14;23365.27;11215.33;350.0;0.0;completed
ORD-0001565;2025-02-19;CUST_00682;+79991654924;user_682_998@example.com;SportActive;online_site;2;15701.65;2355.25;13346.4;6406.27;350.0;1313.71;completed
ORD-0001793;2025-02-19;CUST_00778;+79999901867;;UrbanStyle;online_site;1;5892.73;589.27;5303.46;2227.45;350.0;1665.19;completed
ORD-0002408;2025-02-19;CUST_01041;;user_1041_701@example.com;SportActive;online_app;4;36667.31;3666.73;33000.58;15840.28;250.0;1598.0;cancelled
ORD-0002462;2025-02-19;CUST_01069;+79997911031;user_1069_459@example.com;UrbanStyle;online_app;4;27070.08;2707.01;24363.07;10232.49;250.0;1748.87;completed
ORD-0002240;2025-02-20;CUST_00969;+79994354702;user_969_484@example.com;SportActive;online_site;3;22480.09;2248.01;20232.08;9711.4;350.0;1422.57;returned
ORD-0003312;2025-02-20;CUST_01424;+79991616293;;UrbanStyle;online_site;1;5783.58;1156.72;4626.86;1943.28;350.0;1681.0;completed
ORD-0003355;2025-02-20;CUST_01452;;user_1452_209@example.com;UrbanStyle;online_site;3;20309.5;1015.48;19294.02;8103.49;350.0;0.0;completed
ORD-0000092;2025-02-21;CUST_00045;+79999906779;;UrbanStyle;online_site;4;24106.67;0.0;24106.67;10124.8;350.0;1734.23;returned
ORD-0000713;2025-02-21;CUST_00308;+79993649811;;UrbanStyle;online_app;4;22164.62;1108.23;21056.39;8843.68;250.0;1747.44;completed
ORD-0001172;2025-02-21;CUST_00514;+79997866576;user_514_813@example.com;UrbanStyle;online_app;3;23198.88;1159.94;22038.94;9256.35;250.0;1485.5;completed
ORD-0002556;2025-02-21;CUST_01103;+79999494883;user_1103_167@example.com;UrbanStyle;online_app;4;20506.71;0.0;20506.71;8612.82;250.0;1472.86;completed
ORD-0000118;2025-02-22;CUST_00055;+79997817881;user_55_735@example.com;SportActive;online_site;1;8034.64;1606.93;6427.71;3085.3;350.0;1314.2;returned
ORD-0000639;2025-02-22;CUST_00274;;user_274_889@example.com;SportActive;online_app;3;28227.38;1411.37;26816.01;12871.68;250.0;0.0;completed
ORD-0000979;2025-02-22;CUST_00438;+79993300647;user_438_491@example.com;SportActive;online_site;2;14221.81;2844.36;11377.45;5461.18;350.0;905.51;completed
ORD-0001323;2025-02-22;CUST_00573;+79997150383;;SportActive;online_site;2;16677.75;0.0;16677.75;8005.32;350.0;0.0;completed
ORD-0001438;2025-02-22;CUST_00619;+79993700047;;SportActive;online_app;1;9295.14;0.0;9295.14;4461.67;250.0;0.0;completed
ORD-0001541;2025-02-22;CUST_00668;+79995588489;user_668_954@example.com;SportActive;online_site;1;9632.63;0.0;9632.63;4623.66;350.0;1309.21;completed
ORD-0001996;2025-02-22;CUST_00873;+79996242557;user_873_123@example.com;UrbanStyle;offline_pos;2;14848.36;2227.25;12621.11;5300.87;0.0;1659.13;completed
ORD-0002716;2025-02-22;CUST_01175;+79992768504;;SportActive;online_app;2;18829.46;941.47;17887.99;8586.24;250.0;1537.18;completed
ORD-0003384;2025-02-22;CUST_01466;+79994039834;user_1466_293@example.com;SportActive;online_app;1;9489.06;948.91;8540.15;4099.27;250.0;1690.68;completed
ORD-0002758;2025-02-23;CUST_01196;+79997061063;user_1196_565@example.com;UrbanStyle;online_app;4;20462.34;1023.12;19439.22;8164.47;250.0;1144.1;completed
ORD-0000032;2025-02-24;CUST_00020;;user_20_723@example.com;SportActive;online_site;4;28946.77;4342.02;24604.75;11810.28;350.0;1780.64;completed
ORD-0000168;2025-02-24;CUST_00074;+79999689889;;UrbanStyle;online_app;1;6505.17;0.0;6505.17;2732.17;250.0;1359.93;completed
ORD-0000892;2025-02-24;CUST_00395;;user_395_622@example.com;SportActive;online_site;2;14652.45;0.0;14652.45;7033.18;350.0;983.07;completed
ORD-0001220;2025-02-24;CUST_00531;+79995799841;;SportActive;offline_pos;1;8003.4;800.34;7203.06;3457.47;0.0;1120.39;returned
ORD-0001795;2025-02-24;CUST_00780;;user_780_819@example.com;SportActive;online_site;3;27659.66;4148.95;23510.71;11285.14;350.0;1240.74;completed
ORD-0001959;2025-02-24;CUST_00857;+79994562439;user_857_111@example.com;SportActive;online_app;1;9951.4;1990.28;7961.12;3821.34;250.0;0.0;completed
ORD-0002255;2025-02-24;CUST_00976;+79995138170;user_976_353@example.com;UrbanStyle;online_site;3;19166.65;3833.33;15333.32;6439.99;350.0;0.0;completed
ORD-0003228;2025-02-24;CUST_01395;+79998727632;user_1395_423@example.com;UrbanStyle;online_app;2;11565.14;578.26;10986.88;4614.49;250.0;1335.39;completed
ORD-0000059;2025-02-25;CUST_00033;+79998526486;;UrbanStyle;online_site;2;10051.78;2010.36;8041.42;3377.4;350.0;1728.53;returned
ORD-0000213;2025-02-25;CUST_00092;+79997296605;user_92_506@example.com;SportActive;online_app;1;7993.59;1598.72;6394.87;3069.54;250.0;1777.67;completed
ORD-0000441;2025-02-25;CUST_00190;+79992927455;user_190_880@example.com;UrbanStyle;online_app;4;24388.99;2438.9;21950.09;9219.04;250.0;1092.16;completed
ORD-0001069;2025-02-25;CUST_00475;+79998819107;;UrbanStyle;offline_pos;3;15807.72;0.0;15807.72;6639.24;0.0;1083.64;completed
ORD-0002153;2025-02-25;CUST_00935;+79991396379;;SportActive;offline_pos;2;19645.71;1964.57;17681.14;8486.95;0.0;1157.95;returned
ORD-0002902;2025-02-25;CUST_01259;+79991466456;;UrbanStyle;offline_pos;1;6130.4;0.0;6130.4;2574.77;0.0;1351.06;completed
ORD-0000672;2025-02-26;CUST_00293;+79991447065;user_293_711@example.com;UrbanStyle;online_site;1;6982.88;349.14;6633.74;2786.17;350.0;1456.78;cancelled
ORD-0001288;2025-02-26;CUST_00554;+79995352450;user_554_528@example.com;UrbanStyle;online_site;2;11100.33;0.0;11100.33;4662.14;350.0;0.0;completed
ORD-0002143;2025-02-26;CUST_00931;+79998834214;;SportActive;offline_pos;3;25920.1;5184.02;20736.08;9953.32;0.0;1452.09;completed
ORD-0002951;2025-02-26;CUST_01275;+79998653827;;UrbanStyle;online_app;4;24387.02;4877.4;19509.62;8194.04;250.0;1630.78;completed
ORD-0000034;2025-02-27;CUST_00022;+79996159230;user_22_345@example.com;UrbanStyle;offline_pos;3;15593.33;2339.0;13254.33;5566.82;0.0;1355.35;completed
ORD-0000465;2025-02-27;CUST_00202;+79996252285;;UrbanStyle;online_app;1;6306.27;1261.25;5045.02;2118.91;250.0;0.0;cancelled
ORD-0000766;2025-02-27;CUST_00325;;user_325_617@example.com;UrbanStyle;offline_pos;4;20892.07;1044.6;19847.47;8335.94;0.0;1111.75;completed
ORD-0002520;2025-02-27;CUST_01095;+79995133011;user_1095_384@example.com;SportActive;online_site;4;33867.93;1693.4;32174.53;15443.77;350.0;1729.26;completed
ORD-0002615;2025-02-27;CUST_01129;+79993074573;user_1129_457@example.com;UrbanStyle;online_app;3;23532.67;2353.27;21179.4;8895.35;250.0;1093.35;completed
ORD-0003351;2025-02-27;CUST_01449;+79992977453;user_1449_397@example.com;SportActive;online_site;2;16971.01;848.55;16122.46;7738.78;350.0;1457.21;completed
ORD-0000252;2025-02-28;CUST_00111;;user_111_690@example.com;SportActive;online_site;2;18409.12;3681.82;14727.3;7069.1;350.0;997.07;completed
ORD-0001338;2025-02-28;CUST_00579;+79994351238;user_579_896@example.com;UrbanStyle;online_app;3;20582.52;0.0;20582.52;8644.66;250.0;1427.36;completed
ORD-0001399;2025-02-28;CUST_00604;;user_604_102@example.com;UrbanStyle;online_site;1;5257.88;525.79;4732.09;1987.48;350.0;1694.24;completed
ORD-0001470;2025-02-28;CUST_00635;;user_635_125@example.com;SportActive;online_app;3;19013.52;1901.35;17112.17;8213.84;250.0;1759.4;completed
ORD-0001493;2025-02-28;CUST_00651;+79991912484;user_651_971@example.com;UrbanStyle;online_site;3;20695.14;3104.27;17590.87;7388.17;350.0;1694.73;completed
ORD-0001554;2025-02-28;CUST_00674;+79994535025;user_674_704@example.com;UrbanStyle;online_app;1;6036.27;905.44;5130.83;2154.95;250.0;1229.45;completed
ORD-0002058;2025-02-28;CUST_00897;+79991891328;user_897_100@example.com;SportActive;online_site;4;28867.6;1443.38;27424.22;13163.63;350.0;0.0;completed
ORD-0002704;2025-02-28;CUST_01171;+79994759700;;UrbanStyle;online_app;4;25771.92;1288.6;24483.32;10282.99;250.0;967.53;completed
ORD-0002935;2025-02-28;CUST_01271;+79999469165;;UrbanStyle;offline_pos;2;12599.64;629.98;11969.66;5027.26;0.0;1190.34;completed
ORD-0000063;2025-03-01;CUST_00035;+79991247595;user_35_195@example.com;SportActive;online_site;4;34863.77;0.0;34863.77;16734.61;350.0;0.0;completed
ORD-0001434;2025-03-01;CUST_00617;+79998004117;user_617_790@example.com;SportActive;online_app;1;10743.69;1074.37;9669.32;4641.27;250.0;955.9;completed
ORD-0001566;2025-03-02;CUST_00683;;user_683_717@example.com;UrbanStyle;online_site;1;7066.92;706.69;6360.23;2671.3;350.0;1571.94;completed
ORD-0001594;2025-03-02;CUST_00693;;user_693_202@example.com;UrbanStyle;online_site;1;9464.34;1892.87;7571.47;3180.02;350.0;1755.68;completed
ORD-0003292;2025-03-02;CUST_01418;+79994018851;user_1418_105@example.com;UrbanStyle;online_site;1;7918.63;395.93;7522.7;3159.53;350.0;1666.85;completed
ORD-0001828;2025-03-03;CUST_00793;+79991191837;;SportActive;online_app;1;11589.27;579.46;11009.81;5284.71;250.0;1334.3;returned
ORD-0002512;2025-03-03;CUST_01091;+79999812402;user_1091_357@example.com;UrbanStyle;online_app;2;13982.49;699.12;13283.37;5579.02;250.0;1672.85;completed
ORD-0002772;2025-03-03;CUST_01203;+79999770751;user_1203_256@example.com;UrbanStyle;online_app;3;26391.96;2639.2;23752.76;9976.16;250.0;1614.89;completed
ORD-0002800;2025-03-03;CUST_01220;+79991495869;;UrbanStyle;online_site;2;14359.72;0.0;14359.72;6031.08;350.0;1637.15;completed
ORD-0000172;2025-03-04;CUST_00075;+79999910914;user_75_672@example.com;UrbanStyle;online_app;3;30955.52;4643.33;26312.19;11051.12;250.0;1647.65;cancelled
ORD-0001741;2025-03-04;CUST_00758;+79994334029;user_758_469@example.com;SportActive;online_app;2;17076.16;2561.42;14514.74;6967.08;250.0;1368.94;completed
ORD-0003296;2025-03-04;CUST_01419;;user_1419_768@example.com;UrbanStyle;offline_pos;2;13270.88;2654.18;10616.7;4459.01;0.0;1134.72;completed
ORD-0002191;2025-03-05;CUST_00948;+79999776491;;UrbanStyle;online_site;2;19494.89;0.0;19494.89;8187.85;350.0;0.0;completed
ORD-0003396;2025-03-05;CUST_01474;+79993186206;user_1474_439@example.com;UrbanStyle;online_app;1;6835.59;0.0;6835.59;2870.95;250.0;0.0;completed
ORD-0000043;2025-03-06;CUST_00024;;user_24_662@example.com;UrbanStyle;online_site;3;31241.02;3124.1;28116.92;11809.11;350.0;1048.08;completed
ORD-0001002;2025-03-06;CUST_00449;+79997676912;user_449_618@example.com;UrbanStyle;online_app;1;9505.87;1425.88;8079.99;3393.6;250.0;0.0;completed
ORD-0002741;2025-03-06;CUST_01186;+79993463932;user_1186_817@example.com;UrbanStyle;online_app;2;16640.47;3328.09;13312.38;5591.2;250.0;0.0;completed
ORD-0002810;2025-03-06;CUST_01224;;user_1224_966@example.com;SportActive;online_site;4;45608.69;9121.74;36486.95;17513.74;350.0;1305.01;completed
ORD-0002962;2025-03-06;CUST_01280;+79999203901;user_1280_314@example.com;SportActive;online_site;3;26768.03;0.0;26768.03;12848.65;350.0;1665.42;completed
ORD-0000200;2025-03-07;CUST_00085;+79997610562;user_85_706@example.com;UrbanStyle;offline_pos;3;24613.8;3692.07;20921.73;8787.13;0.0;1192.86;completed
ORD-0000551;2025-03-07;CUST_00239;;user_239_711@example.com;UrbanStyle;online_site;3;26744.66;1337.23;25407.43;10671.12;350.0;0.0;completed
ORD-0000856;2025-03-07;CUST_00373;+79997655572;user_373_892@example.com;UrbanStyle;online_app;3;30807.6;6161.52;24646.08;10351.35;250.0;0.0;cancelled
ORD-0001639;2025-03-07;CUST_00713;+79991111126;user_713_882@example.com;SportActive;online_site;1;8823.79;441.19;8382.6;4023.65;350.0;0.0;completed
ORD-0002404;2025-03-07;CUST_01037;+79994801288;;UrbanStyle;online_site;4;31857.32;3185.73;28671.59;12042.07;350.0;980.83;completed
ORD-0002461;2025-03-07;CUST_01068;;user_1068_883@example.com;SportActive;online_site;4;34977.44;1748.87;33228.57;15949.71;350.0;1714.6;completed
ORD-0002859;2025-03-07;CUST_01243;+79994824620;user_1243_635@example.com;SportActive;online_site;2;17281.9;3456.38;13825.52;6636.25;350.0;910.82;completed
ORD-0001130;2025-03-08;CUST_00498;+79996428919;;UrbanStyle;online_site;2;17395.77;1739.58;15656.19;6575.6;350.0;1214.95;completed
ORD-0001274;2025-03-08;CUST_00550;;user_550_674@example.com;SportActive;online_app;1;12044.84;1806.73;10238.11;4914.29;250.0;0.0;completed
ORD-0001314;2025-03-08;CUST_00566;+79997767819;user_566_539@example.com;SportActive;online_site;4;36169.82;3616.98;32552.84;15625.36;350.0;1041.85;completed
ORD-0001317;2025-03-08;CUST_00569;+79997669290;;UrbanStyle;offline_pos;3;25538.37;0.0;25538.37;10726.12;0.0;954.5;completed
ORD-0001374;2025-03-08;CUST_00592;;user_592_551@example.com;UrbanStyle;online_app;1;8862.55;443.13;8419.42;3536.16;250.0;1329.26;returned
ORD-0001776;2025-03-08;CUST_00772;+79992796087;;UrbanStyle;online_app;4;40738.51;8147.7;32590.81;13688.14;250.0;1183.26;completed
ORD-0002198;2025-03-08;CUST_00951;;user_951_414@example.com;UrbanStyle;online_app;3;21906.93;3286.04;18620.89;7820.77;250.0;1197.8;completed
ORD-0002770;2025-03-08;CUST_01201;+79999877514;;SportActive;offline_pos;1;12673.4;2534.68;10138.72;4866.59;0.0;979.23;completed
ORD-0002954;2025-03-08;CUST_01277;+79997345068;;SportActive;online_site;1;8919.11;1337.87;7581.24;3639.0;350.0;1781.72;completed
ORD-0003453;2025-03-08;CUST_01500;+79991347555;user_1500_212@example.com;SportActive;offline_pos;2;24406.69;3661.0;20745.69;9957.93;0.0;0.0;completed
ORD-0000949;2025-03-09;CUST_00424;+79995153279;;SportActive;offline_pos;1;10278.86;1027.89;9250.97;4440.47;0.0;1781.11;completed
ORD-0000969;2025-03-09;CUST_00433;+79995597283;user_433_195@example.com;SportActive;online_app;2;23187.68;4637.54;18550.14;8904.07;250.0;1663.45;completed
ORD-0000999;2025-03-09;CUST_00447;+79998060918;user_447_474@example.com;UrbanStyle;online_site;2;18827.9;3765.58;15062.32;6326.17;350.0;1275.15;cancelled
ORD-0001263;2025-03-09;CUST_00547;+79991141997;user_547_329@example.com;SportActive;offline_pos;3;25424.83;3813.72;21611.11;10373.33;0.0;1690.83;completed
ORD-0001694;2025-03-09;CUST_00736;;user_736_186@example.com;SportActive;online_site;4;50388.38;2519.42;47868.96;22977.1;350.0;0.0;completed
ORD-0001986;2025-03-09;CUST_00871;+79997502651;;SportActive;online_site;3;35575.98;5336.4;30239.58;14515.0;350.0;933.37;completed
ORD-0002303;2025-03-09;CUST_00996;+79991360413;user_996_398@example.com;UrbanStyle;online_site;3;24254.51;4850.9;19403.61;8149.52;350.0;1373.37;completed
ORD-0000569;2025-03-10;CUST_00245;;user_245_933@example.com;SportActive;online_site;3;38413.71;5762.06;32651.65;15672.79;350.0;1440.39;completed
ORD-0000755;2025-03-10;CUST_00322;+79997268384;;SportActive;offline_pos;2;25385.59;5077.12;20308.47;9748.07;0.0;1059.49;completed
ORD-0000981;2025-03-10;CUST_00439;+79992147756;user_439_643@example.com;UrbanStyle;online_app;2;17351.19;1735.12;15616.07;6558.75;250.0;1395.21;returned
ORD-0001063;2025-03-10;CUST_00472;+79992044933;user_472_545@example.com;SportActive;online_site;3;28840.24;4326.04;24514.2;11766.82;350.0;1156.58;completed
ORD-0002212;2025-03-10;CUST_00957;;user_957_727@example.com;UrbanStyle;online_site;1;7824.31;782.43;7041.88;2957.59;350.0;1407.18;completed
ORD-0002836;2025-03-10;CUST_01233;+79998994829;;UrbanStyle;online_site;2;13573.7;1357.37;12216.33;5130.86;350.0;955.82;completed
ORD-0003350;2025-03-10;CUST_01448;+79998092102;user_1448_607@example.com;UrbanStyle;offline_pos;1;7681.82;1152.27;6529.55;2742.41;0.0;1758.44;completed
ORD-0003435;2025-03-10;CUST_01491;+79996446473;user_1491_158@example.com;SportActive;online_site;3;24771.8;4954.36;19817.44;9512.37;350.0;988.84;completed
ORD-0000296;2025-03-11;CUST_00135;;user_135_448@example.com;SportActive;online_app;2;24554.42;1227.72;23326.7;11196.82;250.0;1138.06;completed
ORD-0000928;2025-03-11;CUST_00413;+79999479842;user_413_768@example.com;UrbanStyle;online_app;1;9316.18;465.81;8850.37;3717.16;250.0;1013.85;completed
ORD-0001810;2025-03-11;CUST_00786;;user_786_327@example.com;UrbanStyle;online_site;3;21446.14;0.0;21446.14;9007.38;350.0;988.69;completed
ORD-0002592;2025-03-11;CUST_01116;+79998566133;user_1116_354@example.com;UrbanStyle;online_site;3;30319.21;3031.92;27287.29;11460.66;350.0;0.0;completed
ORD-0000314;2025-03-12;CUST_00141;+79993589751;user_141_176@example.com;UrbanStyle;online_app;3;27128.42;0.0;27128.42;11393.94;250.0;0.0;completed
ORD-0000709;2025-03-12;CUST_00306;;user_306_345@example.com;UrbanStyle;online_site;2;19805.47;3961.09;15844.38;6654.64;350.0;1731.89;completed
ORD-0001873;2025-03-12;CUST_00816;;user_816_794@example.com;SportActive;online_site;2;24583.81;2458.38;22125.43;10620.21;350.0;1616.51;completed
ORD-0001881;2025-03-12;CUST_00819;+79999787997;user_819_238@example.com;UrbanStyle;online_app;4;39966.09;0.0;39966.09;16785.76;250.0;1504.06;completed
ORD-0000610;2025-03-13;CUST_00265;+79997054838;user_265_667@example.com;UrbanStyle;offline_pos;3;27619.99;1381.0;26238.99;11020.38;0.0;1116.61;completed
ORD-0000743;2025-03-13;CUST_00318;+79991114590;user_318_367@example.com;UrbanStyle;online_site;4;28637.57;4295.64;24341.93;10223.61;350.0;1696.89;completed
ORD-0001196;2025-03-13;CUST_00521;+79992622400;user_521_187@example.com;UrbanStyle;online_site;1;7572.74;1135.91;6436.83;2703.47;350.0;0.0;completed
ORD-0001516;2025-03-13;CUST_00659;+79992282825;;SportActive;online_app;1;9289.53;1857.91;7431.62;3567.18;250.0;910.9;completed
ORD-0002824;2025-03-13;CUST_01230;+79998247127;user_1230_315@example.com;SportActive;online_site;4;37686.41;5652.96;32033.45;15376.06;350.0;1293.0;completed
ORD-0003428;2025-03-13;CUST_01488;+79995659980;;UrbanStyle;offline_pos;1;7435.86;1115.38;6320.48;2654.6;0.0;0.0;completed
ORD-0000191;2025-03-14;CUST_00081;;user_81_977@example.com;SportActive;online_site;1;10477.58;1571.64;8905.94;4274.85;350.0;0.0;completed
ORD-0000647;2025-03-14;CUST_00280;;user_280_493@example.com;SportActive;online_site;3;33466.62;1673.33;31793.29;15260.78;350.0;1343.39;completed
ORD-0000950;2025-03-14;CUST_00425;+79997949543;user_425_484@example.com;UrbanStyle;offline_pos;3;30845.94;6169.19;24676.75;10364.23;0.0;1075.71;completed
ORD-0002811;2025-03-14;CUST_01225;+79995113127;user_1225_650@example.com;SportActive;online_site;3;33440.49;0.0;33440.49;16051.44;350.0;1288.04;completed
ORD-0000023;2025-03-15;CUST_00014;+79995408072;;SportActive;offline_pos;3;27102.44;0.0;27102.44;13009.17;0.0;958.79;completed
ORD-0000803;2025-03-15;CUST_00345;;user_345_526@example.com;UrbanStyle;online_app;4;41605.7;6240.85;35364.85;14853.24;250.0;1057.99;completed
ORD-0000849;2025-03-15;CUST_00370;+79997682298;user_370_178@example.com;UrbanStyle;online_site;4;37133.78;5570.07;31563.71;13256.76;350.0;1244.0;completed
ORD-0002070;2025-03-15;CUST_00902;;user_902_239@example.com;UrbanStyle;online_app;4;37823.78;1891.19;35932.59;15091.69;250.0;1583.75;completed
ORD-0002390;2025-03-15;CUST_01031;;user_1031_481@example.com;SportActive;online_app;4;52475.61;10495.12;41980.49;20150.64;250.0;1611.36;completed
ORD-0000705;2025-03-16;CUST_00304;+79992325893;user_304_454@example.com;SportActive;online_app;1;10989.94;2197.99;8791.95;4220.14;250.0;1778.03;completed
ORD-0001440;2025-03-16;CUST_00620;+79995951637;user_620_308@example.com;UrbanStyle;online_app;1;7898.77;1579.75;6319.02;2653.99;250.0;1567.79;completed
ORD-0001686;2025-03-16;CUST_00730;+79996660436;user_730_531@example.com;SportActive;offline_pos;3;25578.06;1278.9;24299.16;11663.6;0.0;1339.07;completed
ORD-0002679;2025-03-16;CUST_01156;+79994203013;user_1156_188@example.com;UrbanStyle;offline_pos;1;7369.89;368.49;7001.4;2940.59;0.0;1586.39;completed
ORD-0002910;2025-03-16;CUST_01263;;user_1263_451@example.com;UrbanStyle;online_site;1;10147.76;2029.55;8118.21;3409.65;350.0;1306.98;completed
ORD-0000423;2025-03-17;CUST_00181;;user_181_748@example.com;UrbanStyle;online_site;3;29769.6;1488.48;28281.12;11878.07;350.0;1635.05;completed
ORD-0001575;2025-03-17;CUST_00687;+79997855954;user_687_363@example.com;UrbanStyle;offline_pos;3;29000.0;2900.0;26100.0;10962.0;0.0;0.0;completed
ORD-0003143;2025-03-17;CUST_01360;;user_1360_112@example.com;UrbanStyle;online_app;4;41484.42;8296.88;33187.54;13938.77;250.0;1429.37;completed
ORD-0000027;2025-03-18;CUST_00017;+79998852574;user_17_641@example.com;SportActive;online_app;1;9686.86;484.34;9202.52;4417.21;250.0;0.0;completed
ORD-0000116;2025-03-18;CUST_00053;+79993484601;user_53_540@example.com;UrbanStyle;online_app;3;24712.22;3706.83;21005.39;8822.26;250.0;1765.3;completed
ORD-0000253;2025-03-18;CUST_00112;+79992429098;user_112_354@example.com;UrbanStyle;online_site;3;30305.38;6061.08;24244.3;10182.61;350.0;1078.62;completed
ORD-0001219;2025-03-18;CUST_00530;;user_530_876@example.com;SportActive;online_site;3;36031.03;0.0;36031.03;17294.89;350.0;1798.91;completed
ORD-0001384;2025-03-18;CUST_00596;+79991915467;user_596_111@example.com;SportActive;online_app;4;43215.75;8643.15;34572.6;16594.85;250.0;1287.82;completed
ORD-0001927;2025-03-18;CUST_00840;+79991860847;;UrbanStyle;online_site;2;14234.55;0.0;14234.55;5978.51;350.0;1469.54;completed
ORD-0002231;2025-03-18;CUST_00964;;user_964_609@example.com;UrbanStyle;online_site;3;21083.11;4216.62;16866.49;7083.93;350.0;1199.73;completed
ORD-0002995;2025-03-18;CUST_01295;+79994521118;;UrbanStyle;online_site;1;7335.96;0.0;7335.96;3081.1;350.0;1180.19;completed
ORD-0003273;2025-03-18;CUST_01409;+79991570305;;SportActive;offline_pos;4;34122.66;5118.4;29004.26;13922.04;0.0;1118.84;completed
ORD-0002612;2025-03-19;CUST_01126;+79998381800;user_1126_154@example.com;UrbanStyle;online_site;3;25542.23;1277.11;24265.12;10191.35;350.0;946.31;completed
ORD-0000189;2025-03-20;CUST_00080;+79997838382;;UrbanStyle;online_site;2;13222.22;0.0;13222.22;5553.33;350.0;1763.87;completed
ORD-0000291;2025-03-20;CUST_00133;+79999537455;user_133_822@example.com;UrbanStyle;offline_pos;2;16755.47;0.0;16755.47;7037.3;0.0;906.19;cancelled
ORD-0000880;2025-03-20;CUST_00391;+79992240929;user_391_559@example.com;UrbanStyle;online_app;1;9932.08;1489.81;8442.27;3545.75;250.0;1795.22;completed
ORD-0001836;2025-03-20;CUST_00795;;user_795_502@example.com;SportActive;online_site;3;37404.35;5610.65;31793.7;15260.98;350.0;1636.18;completed
ORD-0002447;2025-03-20;CUST_01060;+79992283746;user_1060_776@example.com;SportActive;offline_pos;1;9286.18;1392.93;7893.25;3788.76;0.0;1133.6;completed
ORD-0003006;2025-03-20;CUST_01301;+79997557976;user_1301_490@example.com;UrbanStyle;online_app;4;38384.0;7676.8;30707.2;12897.02;250.0;1518.74;completed
ORD-0000628;2025-03-21;CUST_00270;+79996102363;user_270_268@example.com;UrbanStyle;online_site;3;23271.94;4654.39;18617.55;7819.37;350.0;0.0;completed
ORD-0001013;2025-03-21;CUST_00452;;user_452_417@example.com;SportActive;online_site;1;12982.27;1298.23;11684.04;5608.34;350.0;947.38;completed
ORD-0001965;2025-03-21;CUST_00861;+79996622207;user_861_573@example.com;SportActive;online_app;2;24630.95;2463.1;22167.85;10640.57;250.0;1564.08;completed
ORD-0000344;2025-03-22;CUST_00150;;user_150_701@example.com;UrbanStyle;online_site;1;10338.64;0.0;10338.64;4342.23;350.0;906.53;completed
ORD-0000644;2025-03-22;CUST_00277;+79994422938;user_277_448@example.com;SportActive;online_site;4;34705.83;3470.58;31235.25;14992.92;350.0;1142.14;returned
ORD-0000967;2025-03-22;CUST_00432;+79998177281;;SportActive;offline_pos;1;11501.14;1725.17;9775.97;4692.47;0.0;1414.07;completed
ORD-0001133;2025-03-22;CUST_00501;+79999173859;user_501_764@example.com;UrbanStyle;online_app;1;9603.73;960.37;8643.36;3630.21;250.0;1697.93;completed
ORD-0002245;2025-03-22;CUST_00974;+79993851044;;SportActive;offline_pos;1;13100.45;0.0;13100.45;6288.22;0.0;1055.38;returned
ORD-0002701;2025-03-22;CUST_01168;+79997979059;;SportActive;online_app;2;16502.78;825.14;15677.64;7525.27;250.0;1181.82;completed
ORD-0000182;2025-03-23;CUST_00077;+79995348512;user_77_869@example.com;UrbanStyle;online_site;3;26708.64;5341.73;21366.91;8974.1;350.0;996.99;completed
ORD-0000595;2025-03-23;CUST_00256;+79998351320;;UrbanStyle;online_app;4;40870.93;2043.55;38827.38;16307.5;250.0;1732.34;completed
ORD-0000648;2025-03-23;CUST_00281;;user_281_294@example.com;SportActive;online_app;3;29893.12;4483.97;25409.15;12196.39;250.0;1776.35;completed
ORD-0000910;2025-03-23;CUST_00402;+79998751982;user_402_337@example.com;SportActive;online_site;3;38039.8;5705.97;32333.83;15520.24;350.0;1623.51;completed
ORD-0001368;2025-03-23;CUST_00590;;user_590_594@example.com;SportActive;online_site;2;16822.06;841.1;15980.96;7670.86;350.0;1158.33;completed
ORD-0001459;2025-03-23;CUST_00631;+79992542590;user_631_457@example.com;UrbanStyle;online_site;4;39475.07;3947.51;35527.56;14921.58;350.0;939.62;completed
ORD-0001657;2025-03-23;CUST_00718;+79992690268;user_718_433@example.com;UrbanStyle;online_site;4;39969.82;1998.49;37971.33;15947.96;350.0;0.0;completed
ORD-0001925;2025-03-23;CUST_00839;+79993866974;user_839_443@example.com;SportActive;online_app;1;8317.4;0.0;8317.4;3992.35;250.0;1725.95;completed
ORD-0002504;2025-03-23;CUST_01087;+79995660240;;SportActive;online_site;3;35960.48;7192.1;28768.38;13808.82;350.0;1530.91;completed
ORD-0002952;2025-03-23;CUST_01275;+79998653827;;SportActive;offline_pos;1;12284.3;614.22;11670.08;5601.64;0.0;0.0;completed
ORD-0000033;2025-03-24;CUST_00021;;user_21_100@example.com;UrbanStyle;online_site;4;26643.38;2664.34;23979.04;10071.2;350.0;1260.85;completed
ORD-0000282;2025-03-24;CUST_00126;+79995835492;user_126_778@example.com;SportActive;online_app;2;20278.9;0.0;20278.9;9733.87;250.0;987.28;completed
ORD-0000526;2025-03-24;CUST_00230;+79993321942;user_230_993@example.com;UrbanStyle;online_app;4;32092.38;3209.24;28883.14;12130.92;250.0;1285.67;completed
ORD-0001167;2025-03-24;CUST_00512;+79992562037;user_512_446@example.com;UrbanStyle;online_site;3;28383.94;4257.59;24126.35;10133.07;350.0;1630.95;completed
ORD-0002700;2025-03-24;CUST_01167;+79992446060;user_1167_783@example.com;UrbanStyle;offline_pos;2;20161.44;2016.14;18145.3;7621.03;0.0;1255.08;completed
ORD-0002808;2025-03-24;CUST_01223;+79992703045;;SportActive;offline_pos;4;44354.62;4435.46;39919.16;19161.2;0.0;0.0;completed
ORD-0002823;2025-03-24;CUST_01229;;user_1229_191@example.com;UrbanStyle;online_site;3;28436.55;0.0;28436.55;11943.35;350.0;1556.61;completed
ORD-0003203;2025-03-24;CUST_01386;+79997433891;user_1386_884@example.com;UrbanStyle;online_site;2;17980.8;3596.16;14384.64;6041.55;350.0;1533.35;completed
ORD-0000667;2025-03-25;CUST_00291;+79996020319;user_291_707@example.com;UrbanStyle;offline_pos;4;40512.92;0.0;40512.92;17015.43;0.0;1206.73;completed
ORD-0001032;2025-03-25;CUST_00461;+79997425329;;UrbanStyle;offline_pos;4;40999.45;4099.94;36899.51;15497.79;0.0;0.0;completed
ORD-0002391;2025-03-25;CUST_01032;+79997988077;;UrbanStyle;online_app;1;6809.02;1021.35;5787.67;2430.82;250.0;1132.02;completed
ORD-0002645;2025-03-25;CUST_01139;+79993585950;;UrbanStyle;offline_pos;1;8344.43;1668.89;6675.54;2803.73;0.0;1300.0;cancelled
ORD-0002903;2025-03-25;CUST_01259;;user_1259_169@example.com;UrbanStyle;online_site;2;14757.02;737.85;14019.17;5888.05;350.0;0.0;completed
ORD-0000119;2025-03-26;CUST_00055;+79997817881;;SportActive;offline_pos;1;12412.44;2482.49;9929.95;4766.38;0.0;0.0;completed
ORD-0000767;2025-03-26;CUST_00326;+79992950183;user_326_796@example.com;UrbanStyle;online_app;2;13213.02;2642.6;10570.42;4439.58;250.0;1306.81;completed
ORD-0000985;2025-03-26;CUST_00440;+79993539636;user_440_521@example.com;SportActive;online_app;2;18123.24;2718.49;15404.75;7394.28;250.0;1046.26;returned
ORD-0003116;2025-03-26;CUST_01347;+79993960096;;SportActive;online_app;3;26732.39;4009.86;22722.53;10906.81;250.0;1685.65;completed
ORD-0003147;2025-03-26;CUST_01362;+79996070402;user_1362_612@example.com;SportActive;online_site;1;11400.67;1710.1;9690.57;4651.47;350.0;923.25;completed
ORD-0000066;2025-03-27;CUST_00036;;user_36_160@example.com;UrbanStyle;online_app;3;30792.73;1539.64;29253.09;12286.3;250.0;1445.5;completed
ORD-0000809;2025-03-27;CUST_00348;+79994640933;user_348_590@example.com;UrbanStyle;online_app;4;26043.68;5208.74;20834.94;8750.67;250.0;0.0;completed
ORD-0001155;2025-03-27;CUST_00509;+79997353742;;UrbanStyle;offline_pos;3;22158.84;1107.94;21050.9;8841.38;0.0;1531.37;completed
ORD-0001805;2025-03-27;CUST_00781;+79999467339;user_781_445@example.com;SportActive;online_site;1;8871.03;1330.65;7540.38;3619.38;350.0;1568.16;completed
ORD-0002309;2025-03-27;CUST_01001;+79999981123;;UrbanStyle;online_app;2;15160.92;1516.09;13644.83;5730.83;250.0;1631.94;completed
ORD-0003084;2025-03-27;CUST_01329;+79999598324;;UrbanStyle;offline_pos;2;19939.65;3987.93;15951.72;6699.72;0.0;1420.28;completed
ORD-0001159;2025-03-28;CUST_00511;;user_511_175@example.com;SportActive;online_site;3;32122.27;6424.45;25697.82;12334.95;350.0;0.0;returned
ORD-0001509;2025-03-28;CUST_00656;+79995660426;;UrbanStyle;online_app;3;25584.76;5116.95;20467.81;8596.48;250.0;1752.32;completed
ORD-0002433;2025-03-28;CUST_01054;;user_1054_446@example.com;UrbanStyle;online_app;1;7728.35;1545.67;6182.68;2596.73;250.0;1287.71;completed
ORD-0002602;2025-03-28;CUST_01122;+79998853160;user_1122_235@example.com;SportActive;online_app;2;24064.24;2406.42;21657.82;10395.75;250.0;1692.61;completed
ORD-0003154;2025-03-28;CUST_01365;+79992171745;;SportActive;online_app;2;25585.33;2558.53;23026.8;11052.86;250.0;1003.42;completed
ORD-0003247;2025-03-28;CUST_01399;;user_1399_968@example.com;SportActive;online_site;2;24245.57;4849.11;19396.46;9310.3;350.0;0.0;completed
ORD-0003349;2025-03-28;CUST_01447;+79999783147;user_1447_330@example.com;SportActive;online_app;3;25362.87;5072.57;20290.3;9739.34;250.0;1092.98;completed
ORD-0003410;2025-03-28;CUST_01478;+79996057934;user_1478_842@example.com;UrbanStyle;online_app;2;14808.03;0.0;14808.03;6219.37;250.0;0.0;completed
ORD-0000035;2025-03-29;CUST_00022;+79996159230;user_22_345@example.com;UrbanStyle;online_app;2;18685.43;3737.09;14948.34;6278.3;250.0;0.0;cancelled
ORD-0001097;2025-03-29;CUST_00484;+79997626978;user_484_608@example.com;UrbanStyle;online_site;3;27849.65;2784.97;25064.68;10527.17;350.0;0.0;completed
ORD-0001704;2025-03-29;CUST_00738;;user_738_981@example.com;SportActive;online_site;1;12854.0;642.7;12211.3;5861.42;350.0;1236.78;completed
ORD-0001796;2025-03-29;CUST_00780;;user_780_819@example.com;SportActive;online_site;3;34266.43;1713.32;32553.11;15625.49;350.0;0.0;completed
ORD-0001989;2025-03-29;CUST_00872;+79992460891;;UrbanStyle;online_site;4;40687.81;2034.39;38653.42;16234.44;350.0;0.0;completed
ORD-0002021;2025-03-29;CUST_00885;;user_885_620@example.com;UrbanStyle;online_site;3;23980.65;4796.13;19184.52;8057.5;350.0;1535.88;completed
ORD-0002983;2025-03-29;CUST_01291;+79996523752;user_1291_356@example.com;UrbanStyle;online_app;4;32095.64;1604.78;30490.86;12806.16;250.0;0.0;completed
ORD-0003303;2025-03-29;CUST_01421;+79991001435;user_1421_354@example.com;UrbanStyle;online_site;3;20222.32;3033.35;17188.97;7219.37;350.0;1561.63;completed
ORD-0000145;2025-03-30;CUST_00064;+79994305700;user_64_472@example.com;UrbanStyle;online_site;2;18283.99;2742.6;15541.39;6527.38;350.0;0.0;completed
ORD-0000448;2025-03-30;CUST_00193;+79997724045;;UrbanStyle;online_site;2;20319.14;1015.96;19303.18;8107.34;350.0;0.0;completed
ORD-0000471;2025-03-30;CUST_00208;+79992264218;user_208_281@example.com;SportActive;online_app;2;18738.14;936.91;17801.23;8544.59;250.0;938.43;completed
ORD-0000605;2025-03-30;CUST_00262;+79992472884;user_262_929@example.com;UrbanStyle;online_site;3;27772.14;2777.21;24994.93;10497.87;350.0;1499.45;returned
ORD-0000921;2025-03-30;CUST_00408;;user_408_729@example.com;UrbanStyle;online_site;3;29461.69;2946.17;26515.52;11136.52;350.0;1749.11;completed
ORD-0001098;2025-03-30;CUST_00485;;user_485_386@example.com;UrbanStyle;online_site;1;9312.7;465.64;8847.06;3715.77;350.0;1082.12;completed
ORD-0002065;2025-03-30;CUST_00900;+79997452434;;UrbanStyle;online_app;4;39678.88;3967.89;35710.99;14998.62;250.0;1417.81;completed
ORD-0002431;2025-03-30;CUST_01052;+79992764491;;UrbanStyle;offline_pos;4;36673.19;5500.98;31172.21;13092.33;0.0;0.0;completed
ORD-0002837;2025-03-30;CUST_01234;+79999203667;user_1234_880@example.com;UrbanStyle;online_app;2;16802.66;1680.27;15122.39;6351.4;250.0;1566.36;completed
ORD-0000280;2025-03-31;CUST_00124;+79995666692;user_124_285@example.com;SportActive;online_app;2;24067.11;4813.42;19253.69;9241.77;250.0;1232.27;completed
ORD-0000591;2025-03-31;CUST_00254;+79998297090;user_254_381@example.com;SportActive;online_app;1;11614.89;2322.98;9291.91;4460.12;250.0;0.0;completed
ORD-0001080;2025-03-31;CUST_00479;;user_479_563@example.com;UrbanStyle;online_app;2;13075.72;0.0;13075.72;5491.8;250.0;1021.0;completed
ORD-0001241;2025-03-31;CUST_00539;;user_539_899@example.com;SportActive;online_site;1;9831.5;1966.3;7865.2;3775.3;350.0;0.0;completed
ORD-0001654;2025-03-31;CUST_00717;+79999694039;;UrbanStyle;online_site;2;14897.42;1489.74;13407.68;5631.23;350.0;1234.13;completed
ORD-0002883;2025-03-31;CUST_01254;+79992090992;user_1254_901@example.com;UrbanStyle;online_site;2;16937.97;2540.7;14397.27;6046.85;350.0;0.0;returned
ORD-0003039;2025-03-31;CUST_01313;+79998249042;;UrbanStyle;online_app;2;20388.25;0.0;20388.25;8563.07;250.0;1195.21;completed
ORD-0003183;2025-03-31;CUST_01379;+79996461406;user_1379_794@example.com;SportActive;online_site;3;28386.23;2838.62;25547.61;12262.85;350.0;0.0;completed
ORD-0002034;2025-04-01;CUST_00891;+79992824432;user_891_801@example.com;SportActive;online_site;1;12085.84;2417.17;9668.67;4640.96;350.0;909.37;completed
ORD-0003196;2025-04-01;CUST_01383;;user_1383_408@example.com;SportActive;online_site;2;25081.95;0.0;25081.95;12039.34;350.0;0.0;completed
ORD-0000244;2025-04-02;CUST_00108;+79993123709;user_108_380@example.com;UrbanStyle;online_site;2;20956.64;2095.66;18860.98;7921.61;350.0;1527.8;completed
ORD-0001040;2025-04-02;CUST_00464;+79991770553;user_464_510@example.com;UrbanStyle;online_site;1;8566.67;856.67;7710.0;3238.2;350.0;1497.57;completed
ORD-0001471;2025-04-02;CUST_00635;+79995745083;user_635_125@example.com;SportActive;online_app;1;10368.7;0.0;10368.7;4976.98;250.0;0.0;completed
ORD-0002149;2025-04-02;CUST_00934;+79994366669;user_934_724@example.com;UrbanStyle;online_app;3;25700.58;5140.12;20560.46;8635.39;250.0;962.4;cancelled
ORD-0002445;2025-04-02;CUST_01059;+79994004727;;UrbanStyle;online_app;1;7258.33;0.0;7258.33;3048.5;250.0;0.0;completed
ORD-0002557;2025-04-02;CUST_01103;+79999494883;user_1103_167@example.com;UrbanStyle;online_app;4;40989.66;2049.48;38940.18;16354.88;250.0;0.0;completed
ORD-0003270;2025-04-02;CUST_01408;+79999647567;;SportActive;offline_pos;3;33526.73;6705.35;26821.38;12874.26;0.0;1400.98;completed
ORD-0001324;2025-04-03;CUST_00573;+79997150383;;SportActive;online_site;3;39589.71;7917.94;31671.77;15202.45;350.0;0.0;completed
ORD-0001372;2025-04-03;CUST_00591;+79991483456;user_591_983@example.com;SportActive;online_app;1;13218.67;0.0;13218.67;6344.96;250.0;1436.06;completed
ORD-0001956;2025-04-03;CUST_00855;+79995873580;;SportActive;online_site;3;35922.12;1796.11;34126.01;16380.48;350.0;954.92;completed
ORD-0002623;2025-04-03;CUST_01130;+79995576682;user_1130_676@example.com;SportActive;online_app;1;10063.61;503.18;9560.43;4589.01;250.0;1442.82;completed
ORD-0002742;2025-04-03;CUST_01186;+79993463932;user_1186_817@example.com;UrbanStyle;online_site;4;40566.59;0.0;40566.59;17037.97;350.0;0.0;completed
ORD-0003331;2025-04-03;CUST_01436;+79999920146;user_1436_664@example.com;UrbanStyle;online_site;1;8574.12;857.41;7716.71;3241.02;350.0;1482.51;completed
ORD-0000231;2025-04-04;CUST_00100;;user_100_448@example.com;SportActive;online_app;3;37751.35;3775.14;33976.21;16308.58;250.0;1555.64;completed
ORD-0002613;2025-04-04;CUST_01127;;user_1127_822@example.com;UrbanStyle;online_site;3;27736.06;4160.41;23575.65;9901.77;350.0;1496.33;completed
ORD-0002793;2025-04-04;CUST_01217;+79996147152;;UrbanStyle;online_site;2;13532.13;2029.82;11502.31;4830.97;350.0;1099.78;completed
ORD-0003045;2025-04-04;CUST_01314;+79991732568;;UrbanStyle;offline_pos;3;28278.2;4241.73;24036.47;10095.32;0.0;1364.01;completed
ORD-0003113;2025-04-04;CUST_01344;+79999248388;;UrbanStyle;online_app;4;33223.23;3322.32;29900.91;12558.38;250.0;1386.8;completed
ORD-0000488;2025-04-05;CUST_00215;;user_215_831@example.com;UrbanStyle;online_site;4;27279.03;4091.85;23187.18;9738.62;350.0;0.0;completed
ORD-0001055;2025-04-05;CUST_00470;+79995694689;;UrbanStyle;online_site;4;40471.05;6070.66;34400.39;14448.16;350.0;0.0;completed
ORD-0001663;2025-04-05;CUST_00720;+79997246319;;UrbanStyle;online_app;4;29678.35;2967.84;26710.51;11218.41;250.0;918.23;completed
ORD-0001895;2025-04-05;CUST_00823;;user_823_731@example.com;UrbanStyle;online_app;1;9735.0;973.5;8761.5;3679.83;250.0;1258.59;completed
ORD-0002276;2025-04-05;CUST_00983;+79998789590;user_983_820@example.com;SportActive;online_site;1;12342.71;1851.41;10491.3;5035.82;350.0;1171.06;completed
ORD-0002847;2025-04-05;CUST_01238;+79997003240;;UrbanStyle;offline_pos;4;40689.32;0.0;40689.32;17089.51;0.0;0.0;completed
ORD-0002934;2025-04-05;CUST_01270;+79991165961;;UrbanStyle;online_app;1;7023.8;351.19;6672.61;2802.5;250.0;1498.93;completed
ORD-0000912;2025-04-06;CUST_00403;+79991489765;user_403_855@example.com;SportActive;online_site;2;19001.38;950.07;18051.31;8664.63;350.0;932.79;returned
ORD-0000927;2025-04-06;CUST_00412;+79991899447;user_412_986@example.com;UrbanStyle;online_app;1;7979.09;797.91;7181.18;3016.1;250.0;1622.57;completed
ORD-0001194;2025-04-06;CUST_00520;+79998802377;user_520_369@example.com;UrbanStyle;offline_pos;1;6642.03;0.0;6642.03;2789.65;0.0;1461.11;completed
ORD-0001662;2025-04-06;CUST_00719;+79998907862;;SportActive;online_site;3;34988.22;3498.82;31489.4;15114.91;350.0;1222.95;completed
ORD-0002672;2025-04-06;CUST_01151;+79995350628;;SportActive;online_app;4;38963.44;0.0;38963.44;18702.45;250.0;1723.17;completed
ORD-0003360;2025-04-06;CUST_01453;+79998227688;;UrbanStyle;offline_pos;1;9472.72;0.0;9472.72;3978.54;0.0;1299.42;completed
ORD-0000570;2025-04-07;CUST_00245;;user_245_933@example.com;SportActive;online_app;1;10517.76;0.0;10517.76;5048.52;250.0;0.0;completed
ORD-0000749;2025-04-07;CUST_00320;+79993679603;user_320_515@example.com;SportActive;online_app;4;35285.92;1764.3;33521.62;16090.38;250.0;0.0;completed
ORD-0002997;2025-04-07;CUST_01297;;user_1297_314@example.com;UrbanStyle;online_site;1;9532.05;953.2;8578.85;3603.12;350.0;1175.14;completed
ORD-0001221;2025-04-08;CUST_00531;+79995799841;;SportActive;online_app;2;18282.59;914.13;17368.46;8336.86;250.0;0.0;completed
ORD-0001636;2025-04-08;CUST_00711;+79995061034;;SportActive;online_app;3;26310.19;1315.51;24994.68;11997.45;250.0;904.58;completed
ORD-0000510;2025-04-09;CUST_00223;+79992294615;;UrbanStyle;online_app;3;22791.44;4558.29;18233.15;7657.92;250.0;1331.75;completed
ORD-0000980;2025-04-09;CUST_00438;+79993300647;user_438_491@example.com;UrbanStyle;online_site;1;8621.66;1293.25;7328.41;3077.93;350.0;0.0;completed
ORD-0002223;2025-04-09;CUST_00962;+79997761083;;SportActive;offline_pos;2;24024.13;1201.21;22822.92;10955.0;0.0;1247.04;completed
ORD-0003081;2025-04-09;CUST_01328;+79992620732;;SportActive;online_site;3;25526.88;3829.03;21697.85;10414.97;350.0;1575.82;completed
ORD-0003387;2025-04-09;CUST_01468;+79994349462;user_1468_193@example.com;SportActive;online_app;4;40813.66;2040.68;38772.98;18611.03;250.0;958.17;completed
ORD-0001938;2025-04-10;CUST_00846;+79994987189;;UrbanStyle;online_site;1;7336.89;0.0;7336.89;3081.49;350.0;0.0;completed
ORD-0001318;2025-04-11;CUST_00569;;user_569_413@example.com;UrbanStyle;offline_pos;2;19550.57;0.0;19550.57;8211.24;0.0;0.0;completed
ORD-0002465;2025-04-11;CUST_01071;+79998087921;;UrbanStyle;online_app;1;8243.59;412.18;7831.41;3289.19;250.0;0.0;completed
ORD-0003128;2025-04-11;CUST_01353;+79991215323;;SportActive;online_app;1;10467.73;523.39;9944.34;4773.28;250.0;1254.38;completed
ORD-0003404;2025-04-11;CUST_01477;+79994194945;user_1477_297@example.com;UrbanStyle;online_app;3;20620.38;2062.04;18558.34;7794.5;250.0;0.0;completed
ORD-0000156;2025-04-12;CUST_00071;+79995682394;;SportActive;offline_pos;4;42954.83;6443.22;36511.61;17525.57;0.0;1246.2;returned
ORD-0000424;2025-04-12;CUST_00181;;user_181_748@example.com;UrbanStyle;online_site;4;28094.43;1404.72;26689.71;11209.68;350.0;0.0;returned
ORD-0001400;2025-04-12;CUST_00604;;user_604_102@example.com;UrbanStyle;online_app;1;7311.33;1096.7;6214.63;2610.14;250.0;0.0;completed
ORD-0001943;2025-04-12;CUST_00849;;user_849_477@example.com;SportActive;online_app;2;19553.16;977.66;18575.5;8916.24;250.0;0.0;completed
ORD-0003159;2025-04-12;CUST_01367;+79992849490;user_1367_561@example.com;UrbanStyle;offline_pos;3;20246.7;1012.34;19234.36;8078.43;0.0;1215.17;completed
ORD-0000485;2025-04-13;CUST_00213;+79998763013;user_213_694@example.com;UrbanStyle;online_site;4;35130.52;3513.05;31617.47;13279.34;350.0;0.0;completed
ORD-0000835;2025-04-13;CUST_00358;+79991107102;user_358_522@example.com;UrbanStyle;online_site;3;24033.38;3605.01;20428.37;8579.92;350.0;0.0;completed
ORD-0001854;2025-04-13;CUST_00803;+79992439727;;UrbanStyle;online_site;2;14501.72;725.09;13776.63;5786.18;350.0;1290.49;completed
ORD-0001860;2025-04-13;CUST_00808;+79991890622;user_808_576@example.com;UrbanStyle;online_site;3;21708.85;4341.77;17367.08;7294.17;350.0;1434.27;completed
ORD-0002365;2025-04-13;CUST_01020;+79999230660;user_1020_143@example.com;SportActive;online_site;3;38287.77;7657.55;30630.22;14702.51;350.0;1298.04;completed
ORD-0002936;2025-04-13;CUST_01271;;user_1271_746@example.com;SportActive;online_app;2;21854.18;4370.84;17483.34;8392.0;250.0;0.0;completed
ORD-0003160;2025-04-13;CUST_01368;+79997657967;;UrbanStyle;online_site;4;33553.78;1677.69;31876.09;13387.96;350.0;1332.27;completed
ORD-0001211;2025-04-14;CUST_00527;+79995326615;user_527_427@example.com;SportActive;online_site;3;36799.31;1839.97;34959.34;16780.48;350.0;1160.65;completed
ORD-0001339;2025-04-14;CUST_00580;+79993690622;user_580_140@example.com;UrbanStyle;online_site;4;28081.77;4212.27;23869.5;10025.19;350.0;1669.47;completed
ORD-0001445;2025-04-14;CUST_00624;+79998433377;user_624_949@example.com;UrbanStyle;online_app;1;9181.54;1836.31;7345.23;3085.0;250.0;1386.44;completed
ORD-0001555;2025-04-14;CUST_00674;;user_674_704@example.com;UrbanStyle;online_app;4;29794.72;5958.94;23835.78;10011.03;250.0;0.0;completed
ORD-0001602;2025-04-14;CUST_00698;+79999693169;user_698_392@example.com;SportActive;offline_pos;4;52293.49;10458.7;41834.79;20080.7;0.0;1738.1;completed
ORD-0001637;2025-04-14;CUST_00712;+79996973148;user_712_259@example.com;SportActive;offline_pos;3;25223.08;5044.62;20178.46;9685.66;0.0;1300.57;completed
ORD-0002721;2025-04-14;CUST_01178;+79991110521;;SportActive;offline_pos;1;8917.13;0.0;8917.13;4280.22;0.0;1297.21;completed
ORD-0001517;2025-04-15;CUST_00659;+79992282825;;SportActive;online_app;4;35566.05;3556.61;32009.44;15364.53;250.0;0.0;completed
ORD-0001906;2025-04-15;CUST_00828;;user_828_549@example.com;SportActive;online_app;2;17087.62;0.0;17087.62;8202.06;250.0;1219.1;completed
ORD-0002302;2025-04-15;CUST_00995;+79995918567;user_995_526@example.com;SportActive;online_app;3;26744.96;1337.25;25407.71;12195.7;250.0;1723.38;completed
ORD-0003316;2025-04-15;CUST_01428;;user_1428_748@example.com;SportActive;online_site;1;10069.78;0.0;10069.78;4833.49;350.0;1242.92;completed
ORD-0000944;2025-04-16;CUST_00421;+79999930189;user_421_387@example.com;UrbanStyle;offline_pos;3;26346.63;2634.66;23711.97;9959.03;0.0;1529.21;completed
ORD-0001479;2025-04-16;CUST_00639;+79998302077;user_639_762@example.com;SportActive;online_site;4;42821.81;2141.09;40680.72;19526.75;350.0;1070.69;completed
ORD-0002717;2025-04-16;CUST_01176;+79995901010;;SportActive;online_app;3;26287.16;0.0;26287.16;12617.84;250.0;923.32;completed
ORD-0002789;2025-04-16;CUST_01214;+79998452933;user_1214_186@example.com;SportActive;online_site;2;24804.18;3720.63;21083.55;10120.1;350.0;1074.17;completed
ORD-0002940;2025-04-16;CUST_01272;+79995766421;;UrbanStyle;online_app;4;38936.05;3893.61;35042.44;14717.82;250.0;0.0;completed
ORD-0000173;2025-04-17;CUST_00075;+79999910914;;UrbanStyle;offline_pos;1;10394.41;519.72;9874.69;4147.37;0.0;0.0;completed
ORD-0001185;2025-04-17;CUST_00518;+79997668395;;UrbanStyle;online_site;1;9303.47;930.35;8373.12;3516.71;350.0;0.0;completed
ORD-0001435;2025-04-17;CUST_00617;+79998004117;user_617_790@example.com;SportActive;online_site;1;11227.78;2245.56;8982.22;4311.47;350.0;0.0;completed
ORD-0000594;2025-04-18;CUST_00255;+79995280671;;UrbanStyle;offline_pos;2;13004.61;0.0;13004.61;5461.94;0.0;0.0;completed
ORD-0000673;2025-04-18;CUST_00293;+79991447065;user_293_711@example.com;UrbanStyle;online_app;4;28501.35;0.0;28501.35;11970.57;250.0;0.0;completed
ORD-0001134;2025-04-18;CUST_00501;;user_501_764@example.com;UrbanStyle;online_app;4;32874.58;3287.46;29587.12;12426.59;250.0;0.0;returned
ORD-0001490;2025-04-18;CUST_00649;+79996768873;user_649_316@example.com;UrbanStyle;online_site;2;18069.23;1806.92;16262.31;6830.17;350.0;1021.74;completed
ORD-0001658;2025-04-18;CUST_00718;+79992690268;user_718_433@example.com;UrbanStyle;online_app;2;20320.25;1016.01;19304.24;8107.78;250.0;0.0;completed
ORD-0001997;2025-04-18;CUST_00874;+79995641409;;UrbanStyle;online_app;3;21711.72;3256.76;18454.96;7751.08;250.0;1113.56;completed
ORD-0001209;2025-04-19;CUST_00526;+79998103052;;UrbanStyle;offline_pos;1;6741.71;1011.26;5730.45;2406.79;0.0;1543.13;completed
ORD-0001640;2025-04-19;CUST_00713;+79991111126;user_713_882@example.com;SportActive;online_site;3;24802.5;2480.25;22322.25;10714.68;350.0;0.0;completed
ORD-0003201;2025-04-19;CUST_01385;+79992500416;user_1385_208@example.com;UrbanStyle;online_site;3;24142.1;1207.11;22934.99;9632.7;350.0;1060.0;completed
ORD-0000564;2025-04-20;CUST_00243;+79995255545;;UrbanStyle;offline_pos;4;35906.12;1795.31;34110.81;14326.54;0.0;0.0;completed
ORD-0001833;2025-04-20;CUST_00794;+79993509536;;UrbanStyle;online_site;2;13864.95;0.0;13864.95;5823.28;350.0;0.0;completed
ORD-0003352;2025-04-20;CUST_01450;;user_1450_503@example.com;UrbanStyle;online_site;4;28877.59;0.0;28877.59;12128.59;350.0;1334.14;completed
ORD-0000429;2025-04-21;CUST_00184;+79997942639;user_184_447@example.com;SportActive;online_app;2;23830.33;0.0;23830.33;11438.56;250.0;1411.92;completed
ORD-0000455;2025-04-21;CUST_00197;+79998212753;;UrbanStyle;online_site;1;8489.04;424.45;8064.59;3387.13;350.0;946.81;completed
ORD-0000706;2025-04-21;CUST_00304;+79992325893;user_304_454@example.com;SportActive;online_site;4;46002.58;2300.13;43702.45;20977.18;350.0;0.0;cancelled
ORD-0000929;2025-04-21;CUST_00413;+79999479842;user_413_768@example.com;UrbanStyle;online_app;4;39800.64;7960.13;31840.51;13373.01;250.0;0.0;completed
ORD-0002509;2025-04-21;CUST_01090;+79993358208;user_1090_341@example.com;UrbanStyle;offline_pos;2;19480.14;3896.03;15584.11;6545.33;0.0;0.0;completed
ORD-0002588;2025-04-21;CUST_01115;;user_1115_528@example.com;UrbanStyle;online_app;3;26643.38;2664.34;23979.04;10071.2;250.0;1711.47;completed
ORD-0002616;2025-04-21;CUST_01129;;user_1129_457@example.com;UrbanStyle;online_site;4;31770.89;3177.09;28593.8;12009.4;350.0;0.0;completed
ORD-0002923;2025-04-21;CUST_01266;;user_1266_714@example.com;SportActive;online_site;2;19699.79;0.0;19699.79;9455.9;350.0;0.0;returned
ORD-0003077;2025-04-21;CUST_01324;+79999930492;user_1324_321@example.com;UrbanStyle;online_site;4;41405.41;4140.54;37264.87;15651.25;350.0;985.27;completed
ORD-0003313;2025-04-21;CUST_01425;+79994624549;user_1425_705@example.com;UrbanStyle;online_site;3;19624.87;3924.97;15699.9;6593.96;350.0;1238.83;completed
ORD-0000028;2025-04-22;CUST_00017;+79998852574;user_17_641@example.com;UrbanStyle;online_site;2;19560.74;978.04;18582.7;7804.73;350.0;0.0;completed
ORD-0000961;2025-04-22;CUST_00429;+79999299939;user_429_374@example.com;UrbanStyle;online_app;2;19861.76;2979.26;16882.5;7090.65;250.0;1435.46;returned
ORD-0000986;2025-04-22;CUST_00441;+79994835916;;SportActive;online_site;2;23190.47;1159.52;22030.95;10574.86;350.0;953.24;returned
ORD-0001264;2025-04-22;CUST_00547;+79991141997;user_547_329@example.com;UrbanStyle;online_site;4;39706.5;7941.3;31765.2;13341.38;350.0;0.0;completed
ORD-0001431;2025-04-22;CUST_00615;+79995875114;user_615_803@example.com;UrbanStyle;online_site;4;27633.19;5526.64;22106.55;9284.75;350.0;1287.55;completed
ORD-0001746;2025-04-22;CUST_00759;+79998284023;;UrbanStyle;offline_pos;1;10041.75;502.09;9539.66;4006.66;0.0;966.29;completed
ORD-0001817;2025-04-22;CUST_00790;+79999095563;user_790_277@example.com;UrbanStyle;online_site;4;28303.73;4245.56;24058.17;10104.43;350.0;1209.71;completed
ORD-0003088;2025-04-22;CUST_01333;+79999381494;user_1333_204@example.com;SportActive;online_site;2;22884.1;0.0;22884.1;10984.37;350.0;1088.21;completed
ORD-0000629;2025-04-23;CUST_00270;+79996102363;user_270_268@example.com;UrbanStyle;offline_pos;1;10373.94;0.0;10373.94;4357.05;0.0;0.0;completed
ORD-0000933;2025-04-23;CUST_00415;;user_415_272@example.com;SportActive;online_site;3;27321.78;1366.09;25955.69;12458.73;350.0;1442.84;completed
ORD-0000968;2025-04-23;CUST_00432;+79998177281;;SportActive;online_app;1;12188.76;609.44;11579.32;5558.07;250.0;0.0;completed
ORD-0001129;2025-04-23;CUST_00497;+79992259303;;SportActive;offline_pos;2;21187.66;3178.15;18009.51;8644.56;0.0;1760.87;completed
ORD-0001705;2025-04-23;CUST_00738;;user_738_981@example.com;SportActive;online_site;3;36701.4;7340.28;29361.12;14093.34;350.0;0.0;completed
ORD-0002059;2025-04-23;CUST_00897;+79991891328;user_897_100@example.com;SportActive;online_site;3;29094.95;5818.99;23275.96;11172.46;350.0;0.0;completed
ORD-0002135;2025-04-23;CUST_00928;+79991571126;user_928_124@example.com;SportActive;online_app;1;12374.74;2474.95;9899.79;4751.9;250.0;1012.68;completed
ORD-0002202;2025-04-23;CUST_00953;+79995821676;;UrbanStyle;online_app;3;29113.24;2911.32;26201.92;11004.81;250.0;1397.09;completed
ORD-0002256;2025-04-23;CUST_00976;+79995138170;user_976_353@example.com;UrbanStyle;offline_pos;3;24577.0;3686.55;20890.45;8773.99;0.0;0.0;completed
ORD-0002603;2025-04-23;CUST_01122;+79998853160;user_1122_235@example.com;UrbanStyle;online_site;2;15388.31;2308.25;13080.06;5493.63;350.0;0.0;completed
ORD-0002640;2025-04-23;CUST_01138;+79997692721;;UrbanStyle;online_site;3;28316.5;1415.83;26900.67;11298.28;350.0;0.0;completed
ORD-0003087;2025-04-23;CUST_01332;;user_1332_765@example.com;SportActive;online_site;4;48644.42;9728.88;38915.54;18679.46;350.0;1718.35;completed
ORD-0003236;2025-04-23;CUST_01396;+79995754542;user_1396_249@example.com;SportActive;online_site;1;10554.75;527.74;10027.01;4812.96;350.0;1160.85;completed
ORD-0003356;2025-04-23;CUST_01452;+79996937335;;UrbanStyle;offline_pos;1;8555.06;1283.26;7271.8;3054.16;0.0;0.0;completed
ORD-0000237;2025-04-24;CUST_00103;+79997191135;;UrbanStyle;online_site;3;31485.23;1574.26;29910.97;12562.61;350.0;1489.59;completed
ORD-0000532;2025-04-24;CUST_00233;+79991447451;user_233_524@example.com;UrbanStyle;online_site;4;30464.54;6092.91;24371.63;10236.08;350.0;1249.36;completed
ORD-0001086;2025-04-24;CUST_00481;;user_481_481@example.com;SportActive;online_site;2;19399.91;1939.99;17459.92;8380.76;350.0;952.64;completed
ORD-0001168;2025-04-24;CUST_00512;+79992562037;user_512_446@example.com;UrbanStyle;online_site;2;15376.87;2306.53;13070.34;5489.54;350.0;0.0;completed
ORD-0001299;2025-04-24;CUST_00559;;user_559_530@example.com;SportActive;online_site;2;17026.75;3405.35;13621.4;6538.27;350.0;1317.46;completed
ORD-0002022;2025-04-24;CUST_00885;+79993137316;user_885_620@example.com;UrbanStyle;online_site;4;27624.45;4143.67;23480.78;9861.93;350.0;0.0;returned
ORD-0002192;2025-04-24;CUST_00948;+79999776491;;SportActive;online_site;3;36323.39;3632.34;32691.05;15691.7;350.0;0.0;completed
ORD-0002282;2025-04-24;CUST_00984;+79999907365;user_984_133@example.com;UrbanStyle;online_site;2;18288.03;3657.61;14630.42;6144.78;350.0;0.0;cancelled
ORD-0002338;2025-04-24;CUST_01011;+79994283564;user_1011_123@example.com;UrbanStyle;online_site;1;10378.92;0.0;10378.92;4359.15;350.0;1083.55;completed
ORD-0002434;2025-04-24;CUST_01054;;user_1054_446@example.com;UrbanStyle;online_site;2;16358.47;1635.85;14722.62;6183.5;350.0;0.0;completed
ORD-0003297;2025-04-24;CUST_01419;;user_1419_768@example.com;UrbanStyle;online_site;1;8220.0;411.0;7809.0;3279.78;350.0;0.0;completed
ORD-0003323;2025-04-24;CUST_01433;+79993072044;;UrbanStyle;online_app;4;38001.28;3800.13;34201.15;14364.48;250.0;1555.56;completed
ORD-0001289;2025-04-25;CUST_00554;+79995352450;user_554_528@example.com;UrbanStyle;online_site;1;9018.76;450.94;8567.82;3598.48;350.0;0.0;completed
ORD-0001397;2025-04-25;CUST_00603;+79998937865;user_603_833@example.com;SportActive;online_app;2;24720.16;1236.01;23484.15;11272.39;250.0;1604.53;completed
ORD-0001528;2025-04-25;CUST_00662;+79995882155;;SportActive;offline_pos;2;17411.23;2611.68;14799.55;7103.78;0.0;1073.22;cancelled
ORD-0001960;2025-04-25;CUST_00857;+79994562439;user_857_111@example.com;UrbanStyle;online_site;1;6792.46;679.25;6113.21;2567.55;350.0;0.0;completed
ORD-0003385;2025-04-25;CUST_01466;+79994039834;;SportActive;offline_pos;2;17701.03;0.0;17701.03;8496.49;0.0;0.0;completed
ORD-0000183;2025-04-26;CUST_00077;+79995348512;user_77_869@example.com;UrbanStyle;online_site;4;36251.02;5437.65;30813.37;12941.62;350.0;0.0;completed
ORD-0000377;2025-04-26;CUST_00161;+79997667458;user_161_966@example.com;SportActive;offline_pos;1;8266.25;1239.94;7026.31;3372.63;0.0;1118.47;completed
ORD-0000635;2025-04-26;CUST_00271;+79995765539;user_271_966@example.com;UrbanStyle;offline_pos;4;32293.23;3229.32;29063.91;12206.84;0.0;1079.2;returned
ORD-0002812;2025-04-26;CUST_01225;+79995113127;user_1225_650@example.com;SportActive;online_site;4;44004.93;4400.49;39604.44;19010.13;350.0;0.0;completed
ORD-0003363;2025-04-26;CUST_01455;+79997115223;user_1455_538@example.com;SportActive;online_app;2;19750.48;0.0;19750.48;9480.23;250.0;1664.29;completed
ORD-0001233;2025-04-27;CUST_00536;;user_536_553@example.com;SportActive;online_site;1;9061.88;453.09;8608.79;4132.22;350.0;1079.37;completed
ORD-0001477;2025-04-27;CUST_00638;+79994576485;;SportActive;offline_pos;4;33808.11;1690.41;32117.7;15416.5;0.0;0.0;completed
ORD-0001877;2025-04-27;CUST_00817;+79998154895;user_817_419@example.com;SportActive;online_site;3;36616.18;5492.43;31123.75;14939.4;350.0;1671.18;completed
ORD-0003229;2025-04-27;CUST_01395;+79998727632;user_1395_423@example.com;UrbanStyle;online_app;4;32882.51;1644.13;31238.38;13120.12;250.0;0.0;completed
ORD-0001083;2025-04-28;CUST_00480;+79993345338;user_480_224@example.com;UrbanStyle;online_site;1;7205.09;720.51;6484.58;2723.52;350.0;0.0;completed
ORD-0001552;2025-04-28;CUST_00672;;user_672_316@example.com;UrbanStyle;online_site;4;35335.71;3533.57;31802.14;13356.9;350.0;922.27;completed
ORD-0002593;2025-04-28;CUST_01116;+79998566133;user_1116_354@example.com;UrbanStyle;online_site;2;14653.74;2198.06;12455.68;5231.39;350.0;0.0;completed
ORD-0002911;2025-04-28;CUST_01263;;user_1263_451@example.com;UrbanStyle;online_site;3;20148.73;4029.75;16118.98;6769.97;350.0;0.0;completed
ORD-0002978;2025-04-28;CUST_01287;+79996643418;user_1287_536@example.com;UrbanStyle;online_app;4;33441.93;6688.39;26753.54;11236.49;250.0;1661.13;returned
ORD-0000239;2025-04-29;CUST_00105;+79992031520;;UrbanStyle;online_site;1;7283.82;1456.76;5827.06;2447.37;350.0;1032.76;completed
ORD-0000254;2025-04-29;CUST_00112;;user_112_354@example.com;SportActive;online_app;1;9785.03;489.25;9295.78;4461.97;250.0;0.0;completed
ORD-0000315;2025-04-29;CUST_00141;+79993589751;user_141_176@example.com;UrbanStyle;online_site;4;34056.55;1702.83;32353.72;13588.56;350.0;0.0;returned
ORD-0000768;2025-04-29;CUST_00326;+79992950183;user_326_796@example.com;UrbanStyle;online_site;4;34042.1;6808.42;27233.68;11438.15;350.0;0.0;completed
ORD-0000810;2025-04-29;CUST_00348;+79994640933;user_348_590@example.com;SportActive;online_site;4;48374.79;7256.22;41118.57;19736.91;350.0;0.0;completed
ORD-0001537;2025-04-29;CUST_00666;;user_666_143@example.com;UrbanStyle;online_app;4;32679.15;6535.83;26143.32;10980.19;250.0;920.57;completed
ORD-0001899;2025-04-29;CUST_00824;+79991437625;;UrbanStyle;online_site;3;26628.64;2662.86;23965.78;10065.63;350.0;1642.02;returned
ORD-0002266;2025-04-29;CUST_00981;;user_981_265@example.com;SportActive;online_app;2;23043.2;2304.32;20738.88;9954.66;250.0;0.0;completed
ORD-0002304;2025-04-29;CUST_00997;+79996635087;user_997_521@example.com;UrbanStyle;offline_pos;4;40355.71;4035.57;36320.14;15254.46;0.0;1038.7;completed
ORD-0002484;2025-04-29;CUST_01077;+79996651204;;UrbanStyle;offline_pos;1;7265.45;0.0;7265.45;3051.49;0.0;0.0;completed
ORD-0000789;2025-04-30;CUST_00339;+79991946973;user_339_243@example.com;SportActive;online_app;3;32923.25;3292.33;29630.92;14222.84;250.0;1559.6;completed
ORD-0000951;2025-04-30;CUST_00425;+79997949543;user_425_484@example.com;UrbanStyle;online_site;3;24446.81;1222.34;23224.47;9754.28;350.0;0.0;completed
ORD-0001049;2025-04-30;CUST_00468;+79991160974;user_468_443@example.com;UrbanStyle;online_app;4;31726.77;1586.34;30140.43;12658.98;250.0;1746.63;completed
ORD-0001160;2025-04-30;CUST_00511;+79992756994;user_511_175@example.com;UrbanStyle;online_app;3;23260.01;0.0;23260.01;9769.2;250.0;0.0;completed
ORD-0002895;2025-04-30;CUST_01257;+79991177948;user_1257_564@example.com;UrbanStyle;online_site;3;26806.35;4020.95;22785.4;9569.87;350.0;978.24;returned
ORD-0000169;2025-05-01;CUST_00074;+79999689889;;UrbanStyle;offline_pos;1;9107.67;910.77;8196.9;3442.7;0.0;0.0;completed
ORD-0000188;2025-05-01;CUST_00079;+79992351868;user_79_241@example.com;UrbanStyle;online_site;3;30946.56;3094.66;27851.9;11697.8;350.0;1789.93;completed
ORD-0000325;2025-05-01;CUST_00144;+79994816586;user_144_864@example.com;UrbanStyle;online_site;4;30060.0;6012.0;24048.0;10100.16;350.0;1427.5;returned
ORD-0000533;2025-05-01;CUST_00234;+79994767135;;UrbanStyle;online_app;4;30767.58;1538.38;29229.2;12276.26;250.0;935.83;completed
ORD-0001387;2025-05-01;CUST_00599;;user_599_686@example.com;UrbanStyle;online_app;2;19731.04;2959.66;16771.38;7043.98;250.0;952.81;completed
ORD-0001667;2025-05-01;CUST_00722;+79994289394;user_722_249@example.com;UrbanStyle;online_app;3;25979.35;2597.93;23381.42;9820.2;250.0;906.83;completed
ORD-0001691;2025-05-01;CUST_00734;+79992343263;user_734_315@example.com;UrbanStyle;online_app;4;28914.0;1445.7;27468.3;11536.69;250.0;1565.73;completed
ORD-0002106;2025-05-01;CUST_00917;;user_917_451@example.com;UrbanStyle;online_app;4;37500.48;3750.05;33750.43;14175.18;250.0;979.74;completed
ORD-0002463;2025-05-01;CUST_01070;;user_1070_989@example.com;UrbanStyle;online_site;4;26781.08;0.0;26781.08;11248.05;350.0;1387.84;completed
ORD-0002536;2025-05-01;CUST_01097;+79991917249;user_1097_807@example.com;SportActive;online_site;3;34955.84;5243.38;29712.46;14261.98;350.0;0.0;completed
ORD-0002646;2025-05-01;CUST_01139;+79993585950;user_1139_223@example.com;UrbanStyle;online_app;2;13248.03;0.0;13248.03;5564.17;250.0;0.0;completed
ORD-0002702;2025-05-01;CUST_01169;+79991304180;;SportActive;online_site;4;42518.78;0.0;42518.78;20409.01;350.0;1179.84;completed
ORD-0002973;2025-05-01;CUST_01285;+79997326402;user_1285_685@example.com;UrbanStyle;online_site;4;31050.52;3105.05;27945.47;11737.1;350.0;1723.39;completed
ORD-0003411;2025-05-01;CUST_01478;+79996057934;user_1478_842@example.com;UrbanStyle;online_site;1;9180.05;0.0;9180.05;3855.62;350.0;0.0;completed
ORD-0000123;2025-05-02;CUST_00056;+79993970445;;UrbanStyle;offline_pos;4;41968.81;2098.44;39870.37;16745.56;0.0;1657.55;completed
ORD-0000283;2025-05-02;CUST_00126;;user_126_778@example.com;SportActive;online_site;4;44076.44;4407.64;39668.8;19041.02;350.0;0.0;completed
ORD-0000409;2025-05-02;CUST_00176;+79995452128;;UrbanStyle;online_app;4;26493.05;0.0;26493.05;11127.08;250.0;1741.76;completed
ORD-0001231;2025-05-02;CUST_00534;;user_534_375@example.com;SportActive;online_site;2;20428.64;1021.43;19407.21;9315.46;350.0;1650.25;completed
ORD-0001981;2025-05-02;CUST_00867;+79996077267;user_867_321@example.com;UrbanStyle;online_app;3;25422.94;5084.59;20338.35;8542.11;250.0;1171.27;completed
ORD-0002539;2025-05-02;CUST_01099;+79997593035;user_1099_361@example.com;UrbanStyle;offline_pos;3;25816.08;3872.41;21943.67;9216.34;0.0;1246.51;completed
ORD-0003148;2025-05-02;CUST_01362;+79996070402;user_1362_612@example.com;SportActive;online_site;3;38063.39;1903.17;36160.22;17356.91;350.0;0.0;completed
ORD-0001017;2025-05-03;CUST_00453;+79997180060;;UrbanStyle;online_site;4;27501.14;5500.23;22000.91;9240.38;350.0;1152.77;completed
ORD-0001439;2025-05-03;CUST_00619;+79993700047;;UrbanStyle;offline_pos;3;20456.19;2045.62;18410.57;7732.44;0.0;0.0;completed
ORD-0002884;2025-05-03;CUST_01254;+79992090992;;UrbanStyle;offline_pos;1;7251.1;1087.66;6163.44;2588.64;0.0;0.0;returned
ORD-0003080;2025-05-03;CUST_01327;+79991468825;;SportActive;online_site;2;24470.3;4894.06;19576.24;9396.6;350.0;1678.14;returned
ORD-0000668;2025-05-04;CUST_00291;+79996020319;user_291_707@example.com;SportActive;online_app;2;16852.75;1685.28;15167.47;7280.39;250.0;0.0;completed
ORD-0000840;2025-05-04;CUST_00363;;user_363_373@example.com;SportActive;online_site;2;19804.43;0.0;19804.43;9506.13;350.0;1631.7;completed
ORD-0001056;2025-05-04;CUST_00470;+79995694689;;UrbanStyle;online_site;2;15868.15;793.41;15074.74;6331.39;350.0;0.0;completed
ORD-0002500;2025-05-04;CUST_01083;+79996037789;;UrbanStyle;offline_pos;1;6561.85;984.28;5577.57;2342.58;0.0;973.46;completed
ORD-0000098;2025-05-05;CUST_00046;+79993646552;user_46_548@example.com;SportActive;online_app;2;18144.88;0.0;18144.88;8709.54;250.0;0.0;completed
ORD-0000804;2025-05-05;CUST_00346;+79992326581;user_346_560@example.com;UrbanStyle;offline_pos;2;20773.11;0.0;20773.11;8724.71;0.0;1193.24;completed
ORD-0001458;2025-05-05;CUST_00630;+79994690350;;UrbanStyle;offline_pos;4;34400.22;0.0;34400.22;14448.09;0.0;0.0;completed
ORD-0001655;2025-05-05;CUST_00717;+79999694039;;UrbanStyle;online_site;2;16398.32;3279.66;13118.66;5509.84;350.0;0.0;returned
ORD-0002232;2025-05-05;CUST_00964;+79998959326;user_964_609@example.com;UrbanStyle;online_app;4;31119.74;1555.99;29563.75;12416.77;250.0;0.0;completed
ORD-0003082;2025-05-05;CUST_01328;+79992620732;;SportActive;online_app;2;26573.02;5314.6;21258.42;10204.04;250.0;0.0;completed
ORD-0000036;2025-05-06;CUST_00022;+79996159230;user_22_345@example.com;UrbanStyle;online_site;1;7406.15;1110.92;6295.23;2644.0;350.0;0.0;completed
ORD-0000085;2025-05-07;CUST_00042;+79992375453;;UrbanStyle;online_app;4;36349.68;0.0;36349.68;15266.87;250.0;1369.59;completed
ORD-0001742;2025-05-07;CUST_00758;;user_758_469@example.com;SportActive;online_app;2;19843.2;1984.32;17858.88;8572.26;250.0;0.0;returned
ORD-0002705;2025-05-07;CUST_01171;+79994759700;;SportActive;offline_pos;2;24933.74;0.0;24933.74;11968.2;0.0;0.0;completed
ORD-0003379;2025-05-07;CUST_01464;+79994134994;user_1464_355@example.com;UrbanStyle;online_app;4;32553.9;0.0;32553.9;13672.64;250.0;1315.36;completed
ORD-0001081;2025-05-08;CUST_00479;+79994681920;;UrbanStyle;offline_pos;2;15060.82;2259.12;12801.7;5376.71;0.0;0.0;completed
ORD-0001381;2025-05-08;CUST_00595;+79999085438;user_595_454@example.com;UrbanStyle;online_site;3;30649.7;6129.94;24519.76;10298.3;350.0;0.0;completed
ORD-0001726;2025-05-08;CUST_00746;+79997538471;user_746_948@example.com;UrbanStyle;online_app;4;27760.47;2776.05;24984.42;10493.46;250.0;1538.8;completed
ORD-0001829;2025-05-09;CUST_00793;+79991191837;;SportActive;online_site;3;25366.9;1268.35;24098.55;11567.3;350.0;0.0;completed
ORD-0000206;2025-05-10;CUST_00088;+79991873851;user_88_458@example.com;UrbanStyle;online_app;2;21004.89;4200.98;16803.91;7057.64;250.0;1255.97;completed
ORD-0001586;2025-05-10;CUST_00692;+79997679508;;UrbanStyle;offline_pos;1;6889.34;344.47;6544.87;2748.85;0.0;924.58;completed
ORD-0001695;2025-05-10;CUST_00736;;user_736_186@example.com;SportActive;online_site;2;23059.73;4611.95;18447.78;8854.93;350.0;0.0;completed
ORD-0002538;2025-05-10;CUST_01098;+79997087698;;SportActive;offline_pos;4;36915.67;5537.35;31378.32;15061.59;0.0;1256.05;completed
ORD-0000772;2025-05-11;CUST_00329;+79992225232;user_329_146@example.com;UrbanStyle;online_app;1;6624.45;0.0;6624.45;2782.27;250.0;1051.13;completed
ORD-0001962;2025-05-11;CUST_00858;+79999500841;user_858_663@example.com;UrbanStyle;online_site;3;22486.53;1124.33;21362.2;8972.12;350.0;1703.25;returned
ORD-0002129;2025-05-11;CUST_00925;+79995056679;user_925_851@example.com;SportActive;online_site;3;36459.11;5468.87;30990.24;14875.32;350.0;1471.4;cancelled
ORD-0002977;2025-05-11;CUST_01286;+79992409758;;UrbanStyle;offline_pos;3;28365.44;1418.27;26947.17;11317.81;0.0;1197.23;completed
ORD-0000093;2025-05-12;CUST_00045;+79996599219;;UrbanStyle;online_site;1;8292.95;829.3;7463.65;3134.73;350.0;0.0;completed
ORD-0000552;2025-05-12;CUST_00239;;user_239_711@example.com;UrbanStyle;online_app;3;21838.13;2183.81;19654.32;8254.81;250.0;0.0;completed
ORD-0001154;2025-05-12;CUST_00508;+79991807780;user_508_495@example.com;UrbanStyle;online_site;2;13783.16;689.16;13094.0;5499.48;350.0;1380.94;completed
ORD-0001682;2025-05-12;CUST_00727;+79996890320;user_727_988@example.com;SportActive;online_app;2;25355.44;0.0;25355.44;12170.61;250.0;1086.46;completed
ORD-0002246;2025-05-12;CUST_00974;+79993851044;user_974_691@example.com;SportActive;online_app;4;51127.96;0.0;51127.96;24541.42;250.0;0.0;completed
ORD-0002379;2025-05-13;CUST_01026;+79996363359;;UrbanStyle;online_site;3;29387.73;5877.55;23510.18;9874.28;350.0;1759.19;completed
ORD-0002558;2025-05-13;CUST_01103;+79999494883;user_1103_167@example.com;SportActive;online_site;3;39359.28;0.0;39359.28;18892.45;350.0;0.0;completed
ORD-0000756;2025-05-14;CUST_00322;+79997268384;user_322_525@example.com;SportActive;online_site;4;52475.23;0.0;52475.23;25188.11;350.0;0.0;completed
ORD-0000982;2025-05-14;CUST_00439;+79992147756;user_439_643@example.com;UrbanStyle;online_app;2;18719.82;0.0;18719.82;7862.32;250.0;0.0;completed
ORD-0001284;2025-05-14;CUST_00552;+79996012883;user_552_292@example.com;SportActive;online_app;2;18586.19;2787.93;15798.26;7583.16;250.0;1767.61;completed
ORD-0001300;2025-05-14;CUST_00560;+79992976045;user_560_581@example.com;UrbanStyle;offline_pos;4;36799.42;0.0;36799.42;15455.76;0.0;1094.86;completed
ORD-0001582;2025-05-14;CUST_00690;+79997134489;user_690_726@example.com;UrbanStyle;online_app;1;6684.18;1002.63;5681.55;2386.25;250.0;1467.78;completed
ORD-0002052;2025-05-14;CUST_00896;;user_896_513@example.com;SportActive;online_app;2;24657.05;4931.41;19725.64;9468.31;250.0;0.0;completed
ORD-0003197;2025-05-14;CUST_01383;;user_1383_408@example.com;SportActive;offline_pos;4;40703.74;0.0;40703.74;19537.8;0.0;0.0;completed
ORD-0000381;2025-05-15;CUST_00163;+79997232293;user_163_210@example.com;SportActive;online_app;4;49469.79;7420.47;42049.32;20183.67;250.0;1502.16;cancelled
ORD-0000606;2025-05-15;CUST_00262;;user_262_929@example.com;SportActive;online_site;1;13264.45;2652.89;10611.56;5093.55;350.0;0.0;cancelled
ORD-0001627;2025-05-15;CUST_00709;+79996737688;;UrbanStyle;online_site;4;30902.06;0.0;30902.06;12978.87;350.0;1491.86;completed
ORD-0001761;2025-05-15;CUST_00768;;user_768_488@example.com;SportActive;online_site;2;16584.68;0.0;16584.68;7960.65;350.0;1557.98;completed
ORD-0002367;2025-05-15;CUST_01022;+79998927925;user_1022_227@example.com;SportActive;online_app;4;51078.47;0.0;51078.47;24517.67;250.0;1272.66;completed
ORD-0002521;2025-05-15;CUST_01095;+79995133011;user_1095_384@example.com;SportActive;online_site;4;40994.86;6149.23;34845.63;16725.9;350.0;0.0;completed
ORD-0002949;2025-05-15;CUST_01274;+79993302564;;UrbanStyle;online_site;3;28670.25;5734.05;22936.2;9633.2;350.0;1056.27;completed
ORD-0003380;2025-05-15;CUST_01465;+79998200092;;UrbanStyle;online_site;4;29464.78;1473.24;27991.54;11756.45;350.0;1671.38;completed
ORD-0000009;2025-05-16;CUST_00006;;user_6_227@example.com;SportActive;online_site;4;47587.54;7138.13;40449.41;19415.72;350.0;1633.18;completed
ORD-0000106;2025-05-16;CUST_00050;+79991852264;;SportActive;offline_pos;4;52177.96;5217.8;46960.16;22540.88;0.0;1178.39;returned
ORD-0000138;2025-05-16;CUST_00062;;user_62_453@example.com;SportActive;online_site;2;24616.36;3692.45;20923.91;10043.48;350.0;1284.76;completed
ORD-0000850;2025-05-16;CUST_00370;+79997682298;;SportActive;offline_pos;4;38676.43;0.0;38676.43;18564.69;0.0;0.0;completed
ORD-0001193;2025-05-16;CUST_00519;;user_519_289@example.com;UrbanStyle;online_app;3;30640.75;3064.08;27576.67;11582.2;250.0;1059.38;returned
ORD-0001351;2025-05-16;CUST_00584;+79993931009;;SportActive;online_app;3;29291.58;1464.58;27827.0;13356.96;250.0;1676.04;completed
ORD-0001494;2025-05-16;CUST_00651;+79991912484;user_651_971@example.com;SportActive;online_site;3;33748.32;6749.66;26998.66;12959.36;350.0;0.0;completed
ORD-0002480;2025-05-16;CUST_01076;;user_1076_511@example.com;SportActive;online_site;2;25001.67;3750.25;21251.42;10200.68;350.0;1639.37;completed
ORD-0002611;2025-05-16;CUST_01125;+79993767969;user_1125_423@example.com;UrbanStyle;online_site;4;37488.79;3748.88;33739.91;14170.76;350.0;947.91;completed
ORD-0000268;2025-05-17;CUST_00119;+79993783722;;SportActive;online_site;3;28479.52;2847.95;25631.57;12303.15;350.0;1507.5;completed
ORD-0000288;2025-05-17;CUST_00130;+79998350368;user_130_815@example.com;SportActive;online_app;1;12007.7;1801.15;10206.55;4899.14;250.0;1396.85;completed
ORD-0000446;2025-05-17;CUST_00192;;user_192_880@example.com;UrbanStyle;online_app;1;10238.2;0.0;10238.2;4300.04;250.0;1198.36;returned
ORD-0000744;2025-05-17;CUST_00319;+79991191859;user_319_367@example.com;UrbanStyle;online_site;1;9530.07;1429.51;8100.56;3402.24;350.0;1552.49;completed
ORD-0001118;2025-05-17;CUST_00492;+79991937991;user_492_882@example.com;SportActive;online_site;4;41456.09;0.0;41456.09;19898.92;350.0;1563.75;completed
ORD-0001491;2025-05-17;CUST_00649;+79996768873;user_649_316@example.com;UrbanStyle;online_app;1;7037.37;1055.61;5981.76;2512.34;250.0;0.0;completed
ORD-0001689;2025-05-17;CUST_00732;+79998464156;user_732_899@example.com;SportActive;online_app;1;9772.49;488.62;9283.87;4456.26;250.0;1183.41;completed
ORD-0001785;2025-05-17;CUST_00777;+79996098672;user_777_179@example.com;SportActive;online_site;3;36220.41;1811.02;34409.39;16516.51;350.0;1519.77;completed
ORD-0002474;2025-05-17;CUST_01072;;user_1072_122@example.com;SportActive;online_site;1;9688.07;968.81;8719.26;4185.24;350.0;1308.87;completed
ORD-0002759;2025-05-17;CUST_01196;;user_1196_565@example.com;UrbanStyle;online_app;4;39098.56;5864.78;33233.78;13958.19;250.0;0.0;completed
ORD-0000226;2025-05-18;CUST_00098;+79992453962;;UrbanStyle;online_site;4;31365.1;6273.02;25092.08;10538.67;350.0;1444.3;completed
ORD-0000489;2025-05-18;CUST_00215;;user_215_831@example.com;UrbanStyle;online_site;4;38325.0;0.0;38325.0;16096.5;350.0;0.0;completed
ORD-0000859;2025-05-18;CUST_00376;;user_376_857@example.com;UrbanStyle;online_site;4;31203.22;0.0;31203.22;13105.35;350.0;1645.93;completed
ORD-0001014;2025-05-18;CUST_00452;+79992109227;user_452_417@example.com;SportActive;online_app;2;26044.83;0.0;26044.83;12501.52;250.0;0.0;completed
ORD-0001022;2025-05-18;CUST_00457;+79991492516;;UrbanStyle;online_app;1;6602.85;330.14;6272.71;2634.54;250.0;1335.46;completed
ORD-0001728;2025-05-18;CUST_00748;;user_748_239@example.com;UrbanStyle;online_site;3;31016.9;4652.53;26364.37;11073.04;350.0;1513.94;completed
ORD-0001797;2025-05-18;CUST_00780;+79998696054;user_780_819@example.com;SportActive;online_site;3;28059.74;0.0;28059.74;13468.68;350.0;0.0;completed
ORD-0002963;2025-05-18;CUST_01280;+79999203901;user_1280_314@example.com;SportActive;offline_pos;4;43157.73;4315.77;38841.96;18644.14;0.0;0.0;completed
ORD-0003364;2025-05-18;CUST_01456;;user_1456_959@example.com;UrbanStyle;online_site;2;13627.75;2044.16;11583.59;4865.11;350.0;1568.92;completed
ORD-0001542;2025-05-19;CUST_00668;;user_668_954@example.com;SportActive;online_app;2;18695.01;3739.0;14956.01;7178.88;250.0;0.0;completed
ORD-0001896;2025-05-19;CUST_00823;;user_823_731@example.com;UrbanStyle;online_site;2;17268.34;1726.83;15541.51;6527.43;350.0;0.0;completed
ORD-0002144;2025-05-19;CUST_00931;;user_931_776@example.com;UrbanStyle;online_site;2;16194.62;3238.92;12955.7;5441.39;350.0;0.0;completed
ORD-0002217;2025-05-19;CUST_00960;+79993928445;user_960_725@example.com;SportActive;online_app;2;16472.08;2470.81;14001.27;6720.61;250.0;1152.69;completed
ORD-0003293;2025-05-19;CUST_01418;;user_1418_105@example.com;UrbanStyle;online_site;1;7790.14;1558.03;6232.11;2617.49;350.0;0.0;completed
ORD-0003397;2025-05-19;CUST_01474;+79993186206;user_1474_439@example.com;UrbanStyle;online_app;1;9497.12;949.71;8547.41;3589.91;250.0;0.0;completed
ORD-0000272;2025-05-20;CUST_00121;;user_121_712@example.com;SportActive;online_site;1;10157.3;0.0;10157.3;4875.5;350.0;1204.0;completed
ORD-0001687;2025-05-20;CUST_00730;+79996660436;user_730_531@example.com;SportActive;online_site;2;21412.34;2141.23;19271.11;9250.13;350.0;0.0;completed
ORD-0003332;2025-05-20;CUST_01436;+79999920146;user_1436_664@example.com;UrbanStyle;online_site;2;16179.24;808.96;15370.28;6455.52;350.0;0.0;completed
ORD-0003424;2025-05-20;CUST_01485;+79994654207;;UrbanStyle;offline_pos;3;25781.99;2578.2;23203.79;9745.59;0.0;1097.26;returned
ORD-0000352;2025-05-21;CUST_00153;;user_153_896@example.com;UrbanStyle;online_site;1;10435.47;1565.32;8870.15;3725.46;350.0;1785.03;completed
ORD-0000425;2025-05-21;CUST_00181;;user_181_748@example.com;SportActive;online_site;2;26070.91;2607.09;23463.82;11262.63;350.0;0.0;completed
ORD-0000699;2025-05-21;CUST_00303;+79997370211;user_303_504@example.com;SportActive;online_site;3;32955.84;1647.79;31308.05;15027.86;350.0;1164.45;completed
ORD-0000714;2025-05-21;CUST_00308;+79993649811;;UrbanStyle;online_app;4;27247.1;2724.71;24522.39;10299.4;250.0;0.0;completed
ORD-0001312;2025-05-21;CUST_00565;+79993658100;user_565_601@example.com;SportActive;online_app;2;21068.28;1053.41;20014.87;9607.14;250.0;1062.24;completed
ORD-0001401;2025-05-21;CUST_00604;;user_604_102@example.com;UrbanStyle;offline_pos;4;36250.67;0.0;36250.67;15225.28;0.0;0.0;completed
ORD-0001939;2025-05-21;CUST_00846;+79992479485;;UrbanStyle;online_site;1;9747.42;487.37;9260.05;3889.22;350.0;0.0;completed
ORD-0001949;2025-05-21;CUST_00851;+79994520621;user_851_812@example.com;UrbanStyle;online_site;1;8981.42;1347.21;7634.21;3206.37;350.0;1150.69;completed
ORD-0002517;2025-05-21;CUST_01094;+79991938272;user_1094_602@example.com;UrbanStyle;online_site;1;6618.18;992.73;5625.45;2362.69;350.0;1574.43;completed
ORD-0003053;2025-05-21;CUST_01315;+79992119776;user_1315_814@example.com;SportActive;online_app;4;49583.36;2479.17;47104.19;22610.01;250.0;1440.93;returned
ORD-0003421;2025-05-21;CUST_01482;+79991762444;;SportActive;online_site;1;8279.51;413.98;7865.53;3775.45;350.0;1726.4;completed
ORD-0000235;2025-05-22;CUST_00101;+79994205394;user_101_187@example.com;UrbanStyle;offline_pos;4;33967.38;5095.11;28872.27;12126.35;0.0;1574.94;completed
ORD-0000865;2025-05-22;CUST_00382;+79992290526;user_382_469@example.com;UrbanStyle;offline_pos;4;28953.04;0.0;28953.04;12160.28;0.0;1696.29;completed
ORD-0001033;2025-05-22;CUST_00461;+79997425329;user_461_253@example.com;UrbanStyle;online_app;3;21096.86;1054.84;20042.02;8417.65;250.0;0.0;completed
ORD-0001173;2025-05-22;CUST_00514;+79997866576;user_514_813@example.com;UrbanStyle;online_site;4;35471.13;5320.67;30150.46;12663.19;350.0;0.0;completed
ORD-0001747;2025-05-22;CUST_00760;+79995078362;user_760_109@example.com;SportActive;online_app;2;16485.76;3297.15;13188.61;6330.53;250.0;1289.39;completed
ORD-0002145;2025-05-22;CUST_00932;+79996425820;user_932_363@example.com;UrbanStyle;online_site;1;9885.91;0.0;9885.91;4152.08;350.0;1101.73;completed
ORD-0002825;2025-05-22;CUST_01230;+79998247127;user_1230_315@example.com;SportActive;online_app;1;11987.65;1198.77;10788.88;5178.66;250.0;0.0;completed
ORD-0003337;2025-05-22;CUST_01440;+79994838024;user_1440_412@example.com;SportActive;online_app;4;41181.82;4118.18;37063.64;17790.55;250.0;1538.39;completed
ORD-0000012;2025-05-23;CUST_00009;;user_9_479@example.com;UrbanStyle;online_site;4;34562.87;1728.14;32834.73;13790.59;350.0;1532.78;completed
ORD-0000131;2025-05-23;CUST_00060;+79995682940;;UrbanStyle;offline_pos;1;9202.62;1380.39;7822.23;3285.34;0.0;1740.81;completed
ORD-0000146;2025-05-23;CUST_00064;+79994305700;user_64_472@example.com;UrbanStyle;online_site;2;17340.26;2601.04;14739.22;6190.47;350.0;0.0;completed
ORD-0000232;2025-05-23;CUST_00100;+79995334434;user_100_448@example.com;UrbanStyle;online_site;1;7295.58;729.56;6566.02;2757.73;350.0;0.0;completed
ORD-0000511;2025-05-23;CUST_00223;+79992294615;;UrbanStyle;online_site;1;8520.78;1278.12;7242.66;3041.92;350.0;0.0;completed
ORD-0000598;2025-05-23;CUST_00259;+79994121368;;UrbanStyle;offline_pos;4;26833.41;5366.68;21466.73;9016.03;0.0;1170.31;completed
ORD-0000691;2025-05-23;CUST_00301;+79995993143;;SportActive;online_site;4;45470.87;0.0;45470.87;21826.02;350.0;1595.13;completed
ORD-0001007;2025-05-23;CUST_00451;+79999378197;;SportActive;online_app;3;36839.52;5525.93;31313.59;15030.52;250.0;1428.14;completed
ORD-0001386;2025-05-23;CUST_00598;+79999450935;;SportActive;online_app;4;53041.93;0.0;53041.93;25460.13;250.0;1567.7;completed
ORD-0000710;2025-05-24;CUST_00306;;user_306_345@example.com;UrbanStyle;online_app;3;29530.81;5906.16;23624.65;9922.35;250.0;0.0;completed
ORD-0000893;2025-05-24;CUST_00395;;user_395_622@example.com;SportActive;online_site;4;53164.16;0.0;53164.16;25518.8;350.0;0.0;completed
ORD-0001186;2025-05-24;CUST_00518;+79997668395;;UrbanStyle;online_app;3;20243.4;1012.17;19231.23;8077.12;250.0;0.0;completed
ORD-0002257;2025-05-24;CUST_00976;+79995138170;user_976_353@example.com;UrbanStyle;online_site;4;41494.31;2074.72;39419.59;16556.23;350.0;0.0;completed
ORD-0002283;2025-05-24;CUST_00984;+79999907365;user_984_133@example.com;UrbanStyle;online_site;3;21387.4;4277.48;17109.92;7186.17;350.0;0.0;completed
ORD-0002607;2025-05-24;CUST_01124;+79995746702;user_1124_997@example.com;SportActive;online_site;3;28433.32;2843.33;25589.99;12283.2;350.0;1197.25;completed
ORD-0002912;2025-05-24;CUST_01263;;user_1263_451@example.com;UrbanStyle;online_app;3;27142.77;5428.55;21714.22;9119.97;250.0;0.0;completed
ORD-0003177;2025-05-24;CUST_01377;+79995169769;user_1377_477@example.com;UrbanStyle;online_app;4;37290.29;3729.03;33561.26;14095.73;250.0;968.0;completed
ORD-0000261;2025-05-25;CUST_00117;+79994916201;user_117_370@example.com;SportActive;online_site;4;35890.33;3589.03;32301.3;15504.62;350.0;1248.13;completed
ORD-0001041;2025-05-25;CUST_00465;+79992449308;user_465_666@example.com;UrbanStyle;online_site;3;29137.32;0.0;29137.32;12237.67;350.0;1225.38;completed
ORD-0001706;2025-05-25;CUST_00738;;user_738_981@example.com;SportActive;online_site;1;9664.94;0.0;9664.94;4639.17;350.0;0.0;returned
ORD-0001775;2025-05-25;CUST_00771;;user_771_198@example.com;UrbanStyle;online_site;1;6707.74;335.39;6372.35;2676.39;350.0;1152.33;completed
ORD-0002416;2025-05-25;CUST_01045;+79991072627;user_1045_842@example.com;UrbanStyle;online_app;2;17333.67;1733.37;15600.3;6552.13;250.0;1258.76;completed
ORD-0002571;2025-05-25;CUST_01109;+79994051595;user_1109_502@example.com;UrbanStyle;online_site;2;18685.74;2802.86;15882.88;6670.81;350.0;1739.95;completed
ORD-0002635;2025-05-25;CUST_01137;+79992186553;;UrbanStyle;offline_pos;3;29243.15;1462.16;27780.99;11668.02;0.0;1416.91;completed
ORD-0003046;2025-05-25;CUST_01314;+79991732568;;UrbanStyle;online_app;3;31191.15;6238.23;24952.92;10480.23;250.0;0.0;completed
ORD-0003255;2025-05-25;CUST_01403;+79997606405;;UrbanStyle;online_site;3;26280.78;0.0;26280.78;11037.93;350.0;1682.66;completed
ORD-0003328;2025-05-25;CUST_01435;;user_1435_274@example.com;UrbanStyle;online_site;2;15645.09;1564.51;14080.58;5913.84;350.0;1246.85;completed
ORD-0000246;2025-05-26;CUST_00110;+79994093109;user_110_152@example.com;UrbanStyle;online_site;3;27373.22;2737.32;24635.9;10347.08;350.0;1086.7;completed
ORD-0001369;2025-05-26;CUST_00590;;user_590_594@example.com;SportActive;online_site;2;18645.0;1864.5;16780.5;8054.64;350.0;0.0;completed
ORD-0001501;2025-05-26;CUST_00654;+79996331563;user_654_597@example.com;UrbanStyle;offline_pos;3;30944.63;3094.46;27850.17;11697.07;0.0;1055.36;completed
ORD-0001561;2025-05-26;CUST_00678;+79998909005;;SportActive;online_app;3;38302.82;0.0;38302.82;18385.35;250.0;1105.13;completed
ORD-0001941;2025-05-26;CUST_00848;;user_848_566@example.com;SportActive;online_site;3;37773.88;7554.78;30219.1;14505.17;350.0;1428.18;completed
ORD-0002754;2025-05-26;CUST_01195;+79993348331;user_1195_831@example.com;UrbanStyle;online_app;1;7559.43;377.97;7181.46;3016.21;250.0;1362.08;completed
ORD-0003015;2025-05-26;CUST_01305;;user_1305_171@example.com;UrbanStyle;online_site;3;23321.8;3498.27;19823.53;8325.88;350.0;1004.91;completed
ORD-0000064;2025-05-27;CUST_00035;+79991247595;user_35_195@example.com;SportActive;online_site;4;51039.13;7655.87;43383.26;20823.96;350.0;0.0;completed
ORD-0000151;2025-05-27;CUST_00068;;user_68_576@example.com;UrbanStyle;online_app;2;17021.3;1702.13;15319.17;6434.05;250.0;1707.88;completed
ORD-0000584;2025-05-27;CUST_00249;+79996568772;user_249_379@example.com;UrbanStyle;online_site;3;19790.99;2968.65;16822.34;7065.38;350.0;1078.83;cancelled
ORD-0000604;2025-05-27;CUST_00261;;user_261_225@example.com;UrbanStyle;online_site;1;7109.56;1066.43;6043.13;2538.11;350.0;1343.38;completed
ORD-0001436;2025-05-27;CUST_00618;+79991214253;user_618_635@example.com;UrbanStyle;online_site;3;29881.12;2988.11;26893.01;11295.06;350.0;1147.56;completed
ORD-0002722;2025-05-27;CUST_01179;+79997248445;;SportActive;offline_pos;3;38088.89;0.0;38088.89;18282.67;0.0;963.55;completed
ORD-0000440;2025-05-28;CUST_00189;+79999512969;user_189_317@example.com;UrbanStyle;online_site;2;14998.81;749.94;14248.87;5984.53;350.0;1411.55;completed
ORD-0002150;2025-05-28;CUST_00934;+79994366669;user_934_724@example.com;UrbanStyle;online_site;4;38966.4;0.0;38966.4;16365.89;350.0;0.0;completed
ORD-0000669;2025-05-29;CUST_00291;+79996020319;user_291_707@example.com;UrbanStyle;online_app;4;40421.36;0.0;40421.36;16976.97;250.0;0.0;returned
ORD-0001398;2025-05-29;CUST_00603;+79998937865;user_603_833@example.com;SportActive;online_app;1;10180.12;1527.02;8653.1;4153.49;250.0;0.0;completed
ORD-0001518;2025-05-29;CUST_00659;+79992282825;;SportActive;online_site;3;32696.89;3269.69;29427.2;14125.06;350.0;0.0;completed
ORD-0002384;2025-05-29;CUST_01028;;user_1028_626@example.com;UrbanStyle;online_app;1;6715.4;1007.31;5708.09;2397.4;250.0;911.48;completed
ORD-0002984;2025-05-29;CUST_01291;+79996523752;user_1291_356@example.com;UrbanStyle;online_site;2;13176.85;0.0;13176.85;5534.28;350.0;0.0;completed
ORD-0003213;2025-05-29;CUST_01391;+79998650209;;SportActive;online_app;4;37971.21;5695.68;32275.53;15492.25;250.0;1507.01;returned
ORD-0000245;2025-05-30;CUST_00109;+79999235577;;UrbanStyle;online_site;4;39479.38;1973.97;37505.41;15752.27;350.0;933.06;completed
ORD-0001042;2025-05-30;CUST_00466;+79995069884;user_466_575@example.com;UrbanStyle;online_app;4;41882.0;4188.2;37693.8;15831.4;250.0;964.82;completed
ORD-0001064;2025-05-30;CUST_00473;+79997592651;user_473_817@example.com;SportActive;online_site;2;17897.57;0.0;17897.57;8590.83;350.0;1433.99;completed
ORD-0001403;2025-05-30;CUST_00605;;user_605_146@example.com;SportActive;online_site;3;37406.2;7481.24;29924.96;14363.98;350.0;1193.62;completed
ORD-0002203;2025-05-30;CUST_00953;+79997926878;;UrbanStyle;online_site;2;17190.26;3438.05;13752.21;5775.93;350.0;0.0;completed
ORD-0002267;2025-05-30;CUST_00981;;user_981_265@example.com;SportActive;online_site;1;8462.61;1269.39;7193.22;3452.75;350.0;0.0;returned
ORD-0003324;2025-05-30;CUST_01433;+79993072044;;UrbanStyle;offline_pos;1;9893.1;1483.96;8409.14;3531.84;0.0;0.0;completed
ORD-0000031;2025-05-31;CUST_00019;+79995418934;user_19_612@example.com;UrbanStyle;online_site;1;8526.83;1279.02;7247.81;3044.08;350.0;1182.35;completed
ORD-0001197;2025-05-31;CUST_00521;+79992622400;user_521_187@example.com;UrbanStyle;online_site;3;25024.44;5004.89;20019.55;8408.21;350.0;0.0;completed
ORD-0001275;2025-05-31;CUST_00550;;user_550_674@example.com;SportActive;online_app;1;12733.71;1910.06;10823.65;5195.35;250.0;0.0;completed
ORD-0001421;2025-05-31;CUST_00613;+79997924719;;SportActive;online_site;2;19011.77;950.59;18061.18;8669.37;350.0;943.97;completed
ORD-0001818;2025-05-31;CUST_00790;+79999095563;user_790_277@example.com;UrbanStyle;online_app;2;16568.43;0.0;16568.43;6958.74;250.0;0.0;completed
ORD-0003204;2025-05-31;CUST_01386;+79997433891;user_1386_884@example.com;UrbanStyle;online_app;1;7154.06;357.7;6796.36;2854.47;250.0;0.0;completed
ORD-0003304;2025-05-31;CUST_01421;+79991001435;user_1421_354@example.com;UrbanStyle;online_site;1;8239.25;0.0;8239.25;3460.48;350.0;0.0;returned
ORD-0000120;2025-06-01;CUST_00055;+79997817881;user_55_735@example.com;SportActive;online_site;1;8964.63;1792.93;7171.7;3442.42;350.0;0.0;completed
ORD-0000362;2025-06-01;CUST_00158;+79994368777;user_158_235@example.com;SportActive;online_app;1;9989.72;499.49;9490.23;4555.31;250.0;985.13;completed
ORD-0000376;2025-06-01;CUST_00160;+79992932227;user_160_579@example.com;SportActive;online_app;3;28538.57;2853.86;25684.71;12328.66;250.0;1714.26;completed
ORD-0000588;2025-06-01;CUST_00253;+79998149041;user_253_270@example.com;SportActive;online_site;4;25559.37;3833.91;21725.46;10428.22;350.0;960.98;completed
ORD-0001210;2025-06-01;CUST_00526;+79998103052;;SportActive;online_app;4;27280.94;4092.14;23188.8;11130.62;250.0;0.0;completed
ORD-0002733;2025-06-01;CUST_01185;+79996105693;;SportActive;offline_pos;1;8137.13;0.0;8137.13;3905.82;0.0;1539.7;completed
ORD-0000157;2025-06-02;CUST_00071;+79996119535;;SportActive;online_app;1;8341.33;834.13;7507.2;3603.46;250.0;0.0;completed
ORD-0000326;2025-06-02;CUST_00144;+79994816586;user_144_864@example.com;UrbanStyle;online_site;3;15848.42;792.42;15056.0;6323.52;350.0;0.0;completed
ORD-0000674;2025-06-02;CUST_00293;+79991447065;user_293_711@example.com;UrbanStyle;online_site;2;14106.41;2115.96;11990.45;5035.99;350.0;0.0;completed
ORD-0000784;2025-06-02;CUST_00335;+79998115687;user_335_644@example.com;UrbanStyle;online_site;3;23644.67;1182.23;22462.44;9434.22;350.0;1527.41;completed
ORD-0001057;2025-06-02;CUST_00470;+79995694689;;UrbanStyle;online_site;4;27373.26;4105.99;23267.27;9772.25;350.0;0.0;completed
ORD-0001084;2025-06-02;CUST_00480;+79993345338;user_480_224@example.com;UrbanStyle;online_site;3;22378.8;1118.94;21259.86;8929.14;350.0;0.0;completed
ORD-0001277;2025-06-02;CUST_00551;+79996641903;user_551_383@example.com;SportActive;online_app;1;8680.73;0.0;8680.73;4166.75;250.0;1085.43;completed
ORD-0001319;2025-06-02;CUST_00570;+79999728991;user_570_710@example.com;UrbanStyle;online_app;1;7846.46;784.65;7061.81;2965.96;250.0;1424.97;completed
ORD-0001641;2025-06-02;CUST_00713;+79991111126;user_713_882@example.com;SportActive;online_site;3;19069.33;1906.93;17162.4;8237.95;350.0;0.0;completed
ORD-0001874;2025-06-02;CUST_00816;;user_816_794@example.com;SportActive;online_app;4;36268.61;0.0;36268.61;17408.93;250.0;0.0;completed
ORD-0002044;2025-06-03;CUST_00895;+79996109503;user_895_545@example.com;SportActive;online_site;4;36073.97;0.0;36073.97;17315.51;350.0;929.71;completed
ORD-0002488;2025-06-03;CUST_01079;+79994356734;user_1079_524@example.com;UrbanStyle;online_app;2;14084.64;2112.7;11971.94;5028.21;250.0;1688.36;completed
ORD-0000548;2025-06-04;CUST_00238;+79992423423;;SportActive;online_site;2;18485.03;0.0;18485.03;8872.81;350.0;1232.57;completed
ORD-0001556;2025-06-04;CUST_00674;+79994535025;user_674_704@example.com;UrbanStyle;online_site;3;19999.69;1999.97;17999.72;7559.88;350.0;0.0;completed
ORD-0001926;2025-06-04;CUST_00839;;user_839_443@example.com;UrbanStyle;online_site;2;10868.23;1086.82;9781.41;4108.19;350.0;0.0;completed
ORD-0002119;2025-06-04;CUST_00921;+79999934217;;SportActive;offline_pos;3;18973.81;0.0;18973.81;9107.43;0.0;1797.11;completed
ORD-0002321;2025-06-04;CUST_01005;+79993678648;;SportActive;online_app;4;29206.06;4380.91;24825.15;11916.07;250.0;1271.32;completed
ORD-0002601;2025-06-04;CUST_01121;+79993218589;user_1121_672@example.com;UrbanStyle;online_app;1;6667.76;1333.55;5334.21;2240.37;250.0;1090.13;completed
ORD-0003271;2025-06-04;CUST_01408;+79999647567;;SportActive;online_app;3;21091.26;3163.69;17927.57;8605.23;250.0;0.0;completed
ORD-0000292;2025-06-05;CUST_00133;+79999537455;user_133_822@example.com;UrbanStyle;offline_pos;1;7357.64;735.76;6621.88;2781.19;0.0;0.0;completed
ORD-0000815;2025-06-05;CUST_00349;+79994188068;;SportActive;online_app;1;7018.77;701.88;6316.89;3032.11;250.0;1780.19;completed
ORD-0001212;2025-06-05;CUST_00527;+79995326615;user_527_427@example.com;UrbanStyle;online_site;1;5049.44;504.94;4544.5;1908.69;350.0;0.0;completed
ORD-0001396;2025-06-05;CUST_00602;+79998653898;;UrbanStyle;offline_pos;1;6075.78;1215.16;4860.62;2041.46;0.0;1377.45;completed
ORD-0001603;2025-06-05;CUST_00698;+79999693169;user_698_392@example.com;UrbanStyle;online_site;4;22802.43;4560.49;18241.94;7661.61;350.0;0.0;cancelled
ORD-0002848;2025-06-05;CUST_01239;+79999284734;;SportActive;offline_pos;3;28753.41;5750.68;23002.73;11041.31;0.0;1175.87;completed
ORD-0002924;2025-06-05;CUST_01266;+79998841710;user_1266_714@example.com;SportActive;online_app;4;28704.2;1435.21;27268.99;13089.12;250.0;0.0;completed
ORD-0003011;2025-06-05;CUST_01303;+79993977736;;UrbanStyle;online_site;4;24024.59;1201.23;22823.36;9585.81;350.0;1545.8;completed
ORD-0003429;2025-06-05;CUST_01488;+79995659980;user_1488_236@example.com;UrbanStyle;online_app;2;10049.7;0.0;10049.7;4220.87;250.0;0.0;completed
ORD-0000029;2025-06-06;CUST_00017;+79998852574;user_17_641@example.com;UrbanStyle;online_app;3;18964.79;948.24;18016.55;7566.95;250.0;0.0;completed
ORD-0000130;2025-06-06;CUST_00059;;user_59_124@example.com;SportActive;online_app;3;20208.3;2020.83;18187.47;8729.99;250.0;1429.97;completed
ORD-0000345;2025-06-06;CUST_00150;;user_150_701@example.com;UrbanStyle;online_site;3;22568.4;3385.26;19183.14;8056.92;350.0;0.0;completed
ORD-0001265;2025-06-06;CUST_00548;;user_548_533@example.com;SportActive;online_app;4;35209.63;3520.96;31688.67;15210.56;250.0;1620.93;completed
ORD-0001503;2025-06-06;CUST_00655;+79997115185;;SportActive;online_app;4;25828.66;5165.73;20662.93;9918.21;250.0;1775.28;completed
ORD-0001510;2025-06-06;CUST_00656;+79993888162;;UrbanStyle;online_site;3;19175.79;1917.58;17258.21;7248.45;350.0;0.0;cancelled
ORD-0001837;2025-06-06;CUST_00795;;user_795_502@example.com;SportActive;online_app;1;6577.41;328.87;6248.54;2999.3;250.0;0.0;completed
ORD-0001857;2025-06-06;CUST_00805;+79994506598;;SportActive;offline_pos;4;35169.82;3516.98;31652.84;15193.36;0.0;1274.88;completed
ORD-0002774;2025-06-06;CUST_01205;+79999200596;;UrbanStyle;online_site;4;24257.31;2425.73;21831.58;9169.26;350.0;1622.09;completed
ORD-0002885;2025-06-06;CUST_01254;;user_1254_901@example.com;UrbanStyle;online_app;2;10632.48;2126.5;8505.98;3572.51;250.0;0.0;completed
ORD-0003326;2025-06-06;CUST_01434;+79992602904;user_1434_641@example.com;UrbanStyle;offline_pos;3;23146.56;3471.98;19674.58;8263.32;0.0;1503.11;cancelled
ORD-0003338;2025-06-06;CUST_01441;+79992512308;user_1441_749@example.com;UrbanStyle;online_site;4;27740.16;1387.01;26353.15;11068.32;350.0;1586.93;cancelled
ORD-0002071;2025-06-07;CUST_00902;+79998327199;;UrbanStyle;offline_pos;2;13803.33;690.17;13113.16;5507.53;0.0;0.0;completed
ORD-0002310;2025-06-07;CUST_01001;+79999981123;;UrbanStyle;online_site;2;15771.2;788.56;14982.64;6292.71;350.0;0.0;completed
ORD-0002617;2025-06-07;CUST_01129;+79993074573;user_1129_457@example.com;SportActive;online_site;4;31831.14;4774.67;27056.47;12987.11;350.0;0.0;completed
ORD-0000361;2025-06-08;CUST_00157;+79997121355;;SportActive;online_site;4;36955.88;5543.38;31412.5;15078.0;350.0;1496.92;completed
ORD-0000750;2025-06-08;CUST_00320;+79993679603;user_320_515@example.com;SportActive;online_app;2;19198.91;1919.89;17279.02;8293.93;250.0;0.0;returned
ORD-0000930;2025-06-08;CUST_00413;;user_413_768@example.com;UrbanStyle;online_site;1;7289.75;1457.95;5831.8;2449.36;350.0;0.0;completed
ORD-0001587;2025-06-08;CUST_00692;+79997679508;user_692_853@example.com;UrbanStyle;online_site;2;9997.9;1499.68;8498.22;3569.25;350.0;0.0;completed
ORD-0001703;2025-06-08;CUST_00737;+79998434998;user_737_741@example.com;UrbanStyle;online_site;2;10028.37;1002.84;9025.53;3790.72;350.0;1725.5;completed
ORD-0001990;2025-06-08;CUST_00872;+79992460891;;UrbanStyle;online_app;4;25257.84;1262.89;23994.95;10077.88;250.0;0.0;completed
ORD-0002448;2025-06-08;CUST_01060;+79992283746;user_1060_776@example.com;SportActive;online_app;1;7891.38;394.57;7496.81;3598.47;250.0;0.0;completed
ORD-0002503;2025-06-08;CUST_01086;+79998317096;;SportActive;offline_pos;1;6329.96;0.0;6329.96;3038.38;0.0;1571.68;completed
ORD-0003022;2025-06-08;CUST_01308;;user_1308_262@example.com;SportActive;online_app;4;31011.26;0.0;31011.26;14885.4;250.0;1577.83;completed
ORD-0003104;2025-06-08;CUST_01338;+79995086019;user_1338_734@example.com;UrbanStyle;online_app;3;17654.58;1765.46;15889.12;6673.43;250.0;1575.12;completed
ORD-0001740;2025-06-09;CUST_00757;+79991707762;;SportActive;online_site;2;15435.02;771.75;14663.27;7038.37;350.0;1630.64;returned
ORD-0000911;2025-06-10;CUST_00402;+79998751982;user_402_337@example.com;SportActive;online_app;1;7424.16;742.42;6681.74;3207.24;250.0;0.0;completed
ORD-0000924;2025-06-10;CUST_00409;;user_409_287@example.com;UrbanStyle;online_app;3;21974.6;3296.19;18678.41;7844.93;250.0;937.76;completed
ORD-0001373;2025-06-10;CUST_00591;+79991483456;user_591_983@example.com;SportActive;online_site;3;20733.64;3110.05;17623.59;8459.32;350.0;0.0;completed
ORD-0001375;2025-06-10;CUST_00593;;user_593_637@example.com;SportActive;offline_pos;1;7375.57;1106.34;6269.23;3009.23;0.0;1354.67;completed
ORD-0001762;2025-06-10;CUST_00768;+79999488562;;SportActive;offline_pos;3;20693.15;0.0;20693.15;9932.71;0.0;0.0;completed
ORD-0001882;2025-06-10;CUST_00819;+79999787997;user_819_238@example.com;UrbanStyle;online_site;1;7316.7;365.84;6950.86;2919.36;350.0;0.0;completed
ORD-0002422;2025-06-10;CUST_01048;+79998864304;;UrbanStyle;online_site;2;14064.92;0.0;14064.92;5907.27;350.0;1524.05;cancelled
ORD-0002941;2025-06-10;CUST_01272;+79995766421;;UrbanStyle;online_app;4;24764.98;1238.25;23526.73;9881.23;250.0;0.0;completed
ORD-0003311;2025-06-10;CUST_01423;+79996907545;user_1423_720@example.com;UrbanStyle;online_app;4;24717.01;1235.85;23481.16;9862.09;250.0;1504.07;cancelled
ORD-0000410;2025-06-11;CUST_00176;+79995452128;;UrbanStyle;online_site;3;21146.58;4229.32;16917.26;7105.25;350.0;0.0;completed
ORD-0000580;2025-06-11;CUST_00248;+79998942330;user_248_359@example.com;UrbanStyle;online_app;1;7974.57;398.73;7575.84;3181.85;250.0;900.52;completed
ORD-0000922;2025-06-11;CUST_00408;;user_408_729@example.com;UrbanStyle;online_site;1;6285.88;942.88;5343.0;2244.06;350.0;0.0;completed
ORD-0001242;2025-06-11;CUST_00539;;user_539_899@example.com;SportActive;online_site;3;20449.7;0.0;20449.7;9815.86;350.0;0.0;completed
ORD-0002060;2025-06-11;CUST_00897;+79991891328;user_897_100@example.com;SportActive;online_app;4;27136.6;1356.83;25779.77;12374.29;250.0;0.0;completed
ORD-0002466;2025-06-11;CUST_01071;+79998087921;;UrbanStyle;online_site;1;7551.46;1510.29;6041.17;2537.29;350.0;0.0;completed
ORD-0002624;2025-06-11;CUST_01130;+79995576682;user_1130_676@example.com;SportActive;offline_pos;3;25477.73;3821.66;21656.07;10394.91;0.0;0.0;completed
ORD-0002974;2025-06-11;CUST_01285;+79997326402;user_1285_685@example.com;UrbanStyle;online_site;3;23921.96;4784.39;19137.57;8037.78;350.0;0.0;completed
ORD-0003248;2025-06-11;CUST_01399;;user_1399_968@example.com;SportActive;online_app;3;22180.46;4436.09;17744.37;8517.3;250.0;0.0;completed
ORD-0003320;2025-06-11;CUST_01430;+79991434695;user_1430_718@example.com;UrbanStyle;online_app;2;13906.28;0.0;13906.28;5840.64;250.0;1582.6;completed
ORD-0000617;2025-06-12;CUST_00268;+79999679860;user_268_452@example.com;UrbanStyle;offline_pos;2;12460.35;0.0;12460.35;5233.35;0.0;1468.38;completed
ORD-0000769;2025-06-12;CUST_00326;+79992950183;user_326_796@example.com;UrbanStyle;online_app;4;28633.97;1431.7;27202.27;11424.95;250.0;0.0;completed
ORD-0002317;2025-06-12;CUST_01003;+79997202069;user_1003_288@example.com;UrbanStyle;online_app;3;18340.8;0.0;18340.8;7703.14;250.0;1167.32;completed
ORD-0002641;2025-06-12;CUST_01138;+79997692721;;UrbanStyle;online_site;3;21302.85;1065.14;20237.71;8499.84;350.0;0.0;completed
ORD-0002831;2025-06-12;CUST_01231;+79995384902;user_1231_870@example.com;SportActive;online_site;4;31991.65;4798.75;27192.9;13052.59;350.0;963.96;completed
ORD-0003129;2025-06-12;CUST_01353;+79991215323;;SportActive;online_app;2;12516.04;0.0;12516.04;6007.7;250.0;0.0;completed
ORD-0000607;2025-06-13;CUST_00263;+79995871470;;SportActive;offline_pos;3;25629.53;5125.91;20503.62;9841.74;0.0;1653.16;returned
ORD-0000908;2025-06-13;CUST_00400;+79995389804;;SportActive;offline_pos;3;23691.31;4738.26;18953.05;9097.46;0.0;1089.24;completed
ORD-0000983;2025-06-13;CUST_00439;+79992147756;user_439_643@example.com;UrbanStyle;online_app;2;12836.28;2567.26;10269.02;4312.99;250.0;0.0;completed
ORD-0001109;2025-06-13;CUST_00490;+79995713268;;UrbanStyle;online_app;1;7135.92;1427.18;5708.74;2397.67;250.0;1038.29;completed
ORD-0001830;2025-06-13;CUST_00793;+79991191837;;SportActive;online_site;3;24302.63;4860.53;19442.1;9332.21;350.0;0.0;completed
ORD-0002035;2025-06-13;CUST_00891;+79992824432;user_891_801@example.com;SportActive;online_site;4;30832.14;6166.43;24665.71;11839.54;350.0;0.0;completed
ORD-0002796;2025-06-13;CUST_01219;;user_1219_364@example.com;UrbanStyle;online_site;1;6562.44;984.37;5578.07;2342.79;350.0;1389.7;cancelled
ORD-0000269;2025-06-14;CUST_00119;+79993783722;;SportActive;online_site;1;7972.17;797.22;7174.95;3443.98;350.0;0.0;completed
ORD-0000817;2025-06-14;CUST_00351;+79999953163;user_351_764@example.com;UrbanStyle;online_app;1;5010.52;250.53;4759.99;1999.2;250.0;1478.62;completed
ORD-0001420;2025-06-14;CUST_00612;+79995164755;user_612_380@example.com;UrbanStyle;online_app;4;26626.33;3993.95;22632.38;9505.6;250.0;1539.1;completed
ORD-0001475;2025-06-14;CUST_00637;+79993808418;user_637_891@example.com;UrbanStyle;offline_pos;4;25128.88;2512.89;22615.99;9498.72;0.0;1662.85;completed
ORD-0002794;2025-06-14;CUST_01217;+79996147152;;UrbanStyle;offline_pos;2;10531.16;526.56;10004.6;4201.93;0.0;0.0;completed
ORD-0002809;2025-06-14;CUST_01223;+79992703045;user_1223_352@example.com;SportActive;online_site;1;7771.66;1165.75;6605.91;3170.84;350.0;0.0;completed
ORD-0000273;2025-06-15;CUST_00122;+79994840714;;SportActive;online_site;1;9491.54;1423.73;8067.81;3872.55;350.0;1768.64;completed
ORD-0001998;2025-06-15;CUST_00874;+79995641409;;UrbanStyle;online_app;4;25060.18;5012.04;20048.14;8420.22;250.0;0.0;completed
ORD-0002247;2025-06-15;CUST_00974;+79993851044;user_974_691@example.com;SportActive;online_site;2;17045.81;0.0;17045.81;8181.99;350.0;0.0;completed
ORD-0002277;2025-06-15;CUST_00983;+79998789590;user_983_820@example.com;SportActive;online_app;1;7303.25;1460.65;5842.6;2804.45;250.0;0.0;completed
ORD-0002446;2025-06-15;CUST_01059;+79994004727;;UrbanStyle;online_app;1;5587.07;558.71;5028.36;2111.91;250.0;0.0;completed
ORD-0003398;2025-06-15;CUST_01474;+79993186206;user_1474_439@example.com;UrbanStyle;online_app;1;6789.3;1018.39;5770.91;2423.78;250.0;0.0;completed
ORD-0000918;2025-06-16;CUST_00406;+79999212178;;UrbanStyle;online_app;2;15423.55;1542.36;13881.19;5830.1;250.0;1735.7;completed
ORD-0001907;2025-06-16;CUST_00829;+79998173194;user_829_514@example.com;SportActive;online_site;4;38445.44;1922.27;36523.17;17531.12;350.0;1396.59;completed
ORD-0002020;2025-06-16;CUST_00884;+79998974787;;UrbanStyle;online_app;1;5020.27;251.01;4769.26;2003.09;250.0;1560.96;completed
ORD-0002224;2025-06-16;CUST_00962;;user_962_197@example.com;SportActive;online_site;3;30305.22;0.0;30305.22;14546.51;350.0;0.0;completed
ORD-0003230;2025-06-16;CUST_01395;+79998727632;;UrbanStyle;offline_pos;4;21295.07;3194.26;18100.81;7602.34;0.0;0.0;completed
ORD-0000013;2025-06-17;CUST_00009;+79993728882;;UrbanStyle;offline_pos;4;31586.55;0.0;31586.55;13266.35;0.0;0.0;returned
ORD-0000233;2025-06-17;CUST_00100;+79995334434;user_100_448@example.com;UrbanStyle;online_site;3;19477.12;0.0;19477.12;8180.39;350.0;0.0;completed
ORD-0000700;2025-06-17;CUST_00303;+79997370211;user_303_504@example.com;SportActive;online_app;3;28781.14;5756.23;23024.91;11051.96;250.0;0.0;completed
ORD-0001985;2025-06-17;CUST_00870;;user_870_941@example.com;SportActive;offline_pos;3;20150.61;2015.06;18135.55;8705.06;0.0;1542.28;completed
ORD-0002339;2025-06-17;CUST_01011;+79994283564;user_1011_123@example.com;UrbanStyle;online_app;1;5564.07;1112.81;4451.26;1869.53;250.0;0.0;completed
ORD-0003070;2025-06-17;CUST_01320;+79998740286;user_1320_169@example.com;UrbanStyle;online_app;1;5496.86;824.53;4672.33;1962.38;250.0;1118.12;completed
ORD-0000439;2025-06-18;CUST_00188;+79998095702;user_188_988@example.com;SportActive;online_site;4;36355.14;5453.27;30901.87;14832.9;350.0;1757.14;completed
ORD-0000507;2025-06-18;CUST_00221;+79999831414;user_221_195@example.com;SportActive;offline_pos;1;7413.92;1112.09;6301.83;3024.88;0.0;1555.87;completed
ORD-0000527;2025-06-18;CUST_00230;+79993321942;user_230_993@example.com;UrbanStyle;online_app;1;6483.73;648.37;5835.36;2450.85;250.0;0.0;cancelled
ORD-0001340;2025-06-18;CUST_00580;;user_580_140@example.com;SportActive;online_site;2;17926.5;3585.3;14341.2;6883.78;350.0;0.0;completed
ORD-0000147;2025-06-19;CUST_00064;+79994305700;user_64_472@example.com;UrbanStyle;online_site;2;12533.51;1880.03;10653.48;4474.46;350.0;0.0;completed
ORD-0000148;2025-06-19;CUST_00065;+79993090865;user_65_837@example.com;SportActive;offline_pos;3;22806.66;2280.67;20525.99;9852.48;0.0;1292.87;returned
ORD-0000565;2025-06-19;CUST_00243;+79995255545;user_243_865@example.com;UrbanStyle;online_app;4;25270.14;1263.51;24006.63;10082.78;250.0;0.0;completed
ORD-0000735;2025-06-19;CUST_00315;;user_315_835@example.com;UrbanStyle;online_site;2;9972.21;1495.83;8476.38;3560.08;350.0;1627.87;completed
ORD-0000894;2025-06-19;CUST_00395;;user_395_622@example.com;SportActive;online_app;2;13989.93;0.0;13989.93;6715.17;250.0;0.0;completed
ORD-0001446;2025-06-19;CUST_00624;+79998433377;user_624_949@example.com;SportActive;online_site;3;26782.59;5356.52;21426.07;10284.51;350.0;0.0;completed
ORD-0001452;2025-06-19;CUST_00628;+79991670091;user_628_257@example.com;UrbanStyle;online_site;1;5851.64;877.75;4973.89;2089.03;350.0;1618.85;completed
ORD-0001460;2025-06-19;CUST_00632;;user_632_586@example.com;SportActive;online_site;1;6274.65;313.73;5960.92;2861.24;350.0;1427.98;completed
ORD-0001940;2025-06-19;CUST_00847;+79997995376;;SportActive;online_app;4;38989.74;0.0;38989.74;18715.08;250.0;1578.3;completed
ORD-0002718;2025-06-19;CUST_01176;+79995901010;;SportActive;online_app;4;28501.72;2850.17;25651.55;12312.74;250.0;0.0;completed
ORD-0002964;2025-06-19;CUST_01280;+79999203901;user_1280_314@example.com;SportActive;online_site;3;20290.01;3043.5;17246.51;8278.32;350.0;0.0;cancelled
ORD-0000126;2025-06-20;CUST_00057;;user_57_373@example.com;UrbanStyle;online_site;4;21243.56;3186.53;18057.03;7583.95;350.0;909.92;completed
ORD-0000469;2025-06-20;CUST_00206;+79992913049;;UrbanStyle;offline_pos;4;19908.19;0.0;19908.19;8361.44;0.0;1186.56;completed
ORD-0000811;2025-06-20;CUST_00348;+79994640933;;UrbanStyle;offline_pos;2;10686.88;0.0;10686.88;4488.49;0.0;0.0;completed
ORD-0003322;2025-06-20;CUST_01432;+79994787716;;UrbanStyle;offline_pos;3;17251.33;0.0;17251.33;7245.56;0.0;1232.98;completed
ORD-0003381;2025-06-20;CUST_01465;+79998200092;;UrbanStyle;online_site;3;19174.57;2876.19;16298.38;6845.32;350.0;0.0;completed
ORD-0000630;2025-06-21;CUST_00270;+79996102363;user_270_268@example.com;UrbanStyle;online_site;1;6485.18;1297.04;5188.14;2179.02;350.0;0.0;completed
ORD-0000987;2025-06-21;CUST_00441;+79993209208;;SportActive;online_site;1;6489.22;648.92;5840.3;2803.34;350.0;0.0;completed
ORD-0001402;2025-06-21;CUST_00604;;user_604_102@example.com;UrbanStyle;online_app;1;6342.53;951.38;5391.15;2264.28;250.0;0.0;completed
ORD-0001944;2025-06-21;CUST_00849;+79994607988;;SportActive;offline_pos;1;9426.19;942.62;8483.57;4072.11;0.0;0.0;completed
ORD-0002243;2025-06-21;CUST_00972;;user_972_161@example.com;UrbanStyle;online_app;4;26744.73;1337.24;25407.49;10671.15;250.0;1753.24;completed
ORD-0002287;2025-06-21;CUST_00986;+79997106747;;SportActive;online_app;3;26667.42;1333.37;25334.05;12160.34;250.0;972.54;completed
ORD-0002305;2025-06-21;CUST_00997;+79996635087;user_997_521@example.com;UrbanStyle;online_site;4;20885.96;1044.3;19841.66;8333.5;350.0;0.0;completed
ORD-0002359;2025-06-21;CUST_01018;;user_1018_874@example.com;UrbanStyle;online_site;2;10757.72;1075.77;9681.95;4066.42;350.0;1722.0;completed
ORD-0003089;2025-06-21;CUST_01333;+79999381494;user_1333_204@example.com;SportActive;online_app;2;15682.89;0.0;15682.89;7527.79;250.0;0.0;completed
ORD-0003412;2025-06-21;CUST_01478;;user_1478_842@example.com;UrbanStyle;online_app;1;5489.95;549.0;4940.95;2075.2;250.0;0.0;completed
ORD-0000472;2025-06-22;CUST_00208;+79992264218;user_208_281@example.com;SportActive;online_site;4;32151.26;4822.69;27328.57;13117.71;350.0;0.0;completed
ORD-0001222;2025-06-22;CUST_00531;+79995799841;;SportActive;online_site;3;27522.02;1376.1;26145.92;12550.04;350.0;0.0;completed
ORD-0001839;2025-06-22;CUST_00797;;user_797_150@example.com;UrbanStyle;online_app;2;10589.63;529.48;10060.15;4225.26;250.0;1622.23;completed
ORD-0002368;2025-06-22;CUST_01022;+79998927925;user_1022_227@example.com;SportActive;offline_pos;4;26114.07;5222.81;20891.26;10027.8;0.0;0.0;completed
ORD-0002478;2025-06-22;CUST_01074;+79996696526;;SportActive;offline_pos;4;30956.62;6191.32;24765.3;11887.34;0.0;1259.12;cancelled
ORD-0000046;2025-06-23;CUST_00027;;user_27_702@example.com;SportActive;online_site;4;39624.98;1981.25;37643.73;18068.99;350.0;1470.86;completed
ORD-0000262;2025-06-23;CUST_00117;+79994916201;;SportActive;offline_pos;4;35558.85;0.0;35558.85;17068.25;0.0;0.0;completed
ORD-0000320;2025-06-23;CUST_00142;+79992347467;user_142_972@example.com;UrbanStyle;online_app;3;18254.45;1825.45;16429.0;6900.18;250.0;1200.35;completed
ORD-0001285;2025-06-23;CUST_00552;+79996012883;user_552_292@example.com;UrbanStyle;online_site;4;26570.85;3985.63;22585.22;9485.79;350.0;0.0;completed
ORD-0001595;2025-06-23;CUST_00694;+79991873301;user_694_264@example.com;UrbanStyle;online_app;2;11588.79;2317.76;9271.03;3893.83;250.0;1395.13;completed
ORD-0001964;2025-06-23;CUST_00860;+79998960796;user_860_916@example.com;UrbanStyle;online_site;3;20600.27;0.0;20600.27;8652.11;350.0;996.38;completed
ORD-0002693;2025-06-23;CUST_01165;+79998859576;user_1165_234@example.com;SportActive;offline_pos;4;38969.95;7793.99;31175.96;14964.46;0.0;1070.6;completed
ORD-0002753;2025-06-23;CUST_01194;+79999947098;user_1194_964@example.com;UrbanStyle;online_site;4;29302.57;5860.51;23442.06;9845.67;350.0;1792.69;completed
ORD-0003040;2025-06-23;CUST_01313;+79998249042;;UrbanStyle;online_site;2;12349.75;0.0;12349.75;5186.89;350.0;0.0;completed
ORD-0000456;2025-06-24;CUST_00197;+79998212753;;UrbanStyle;offline_pos;3;21766.85;3265.03;18501.82;7770.76;0.0;0.0;completed
ORD-0001743;2025-06-24;CUST_00758;+79994334029;user_758_469@example.com;SportActive;online_site;1;9828.89;491.44;9337.45;4481.98;350.0;0.0;completed
ORD-0002876;2025-06-24;CUST_01252;+79999718700;user_1252_913@example.com;UrbanStyle;online_app;4;27839.65;1391.98;26447.67;11108.02;250.0;1160.37;completed
ORD-0000909;2025-06-25;CUST_00401;+79993757404;user_401_858@example.com;UrbanStyle;online_app;4;28461.52;5692.3;22769.22;9563.07;250.0;996.44;completed
ORD-0001290;2025-06-25;CUST_00554;;user_554_528@example.com;UrbanStyle;online_site;1;4971.55;0.0;4971.55;2088.05;350.0;0.0;completed
ORD-0003149;2025-06-25;CUST_01362;+79996070402;user_1362_612@example.com;SportActive;online_site;2;13429.79;1342.98;12086.81;5801.67;350.0;0.0;completed
ORD-0000298;2025-06-26;CUST_00137;;user_137_566@example.com;SportActive;online_site;3;18999.11;1899.91;17099.2;8207.62;350.0;1407.19;completed
ORD-0000566;2025-06-26;CUST_00244;+79992739191;user_244_890@example.com;UrbanStyle;online_site;4;30264.74;4539.71;25725.03;10804.51;350.0;920.72;completed
ORD-0001551;2025-06-26;CUST_00671;+79991110690;user_671_613@example.com;SportActive;online_app;2;14272.22;1427.22;12845.0;6165.6;250.0;1623.87;completed
ORD-0001707;2025-06-26;CUST_00738;;user_738_981@example.com;SportActive;online_site;3;19582.28;979.11;18603.17;8929.52;350.0;0.0;completed
ORD-0002518;2025-06-26;CUST_01094;+79991938272;user_1094_602@example.com;UrbanStyle;online_app;2;14753.83;1475.38;13278.45;5576.95;250.0;0.0;completed
ORD-0002572;2025-06-26;CUST_01109;+79994051595;user_1109_502@example.com;SportActive;offline_pos;1;8438.97;0.0;8438.97;4050.71;0.0;0.0;completed
ORD-0002998;2025-06-26;CUST_01297;+79998007639;user_1297_314@example.com;SportActive;offline_pos;2;18187.78;1818.78;16369.0;7857.12;0.0;0.0;completed
ORD-0003153;2025-06-26;CUST_01364;+79994515255;user_1364_866@example.com;UrbanStyle;online_site;3;21759.08;2175.91;19583.17;8224.93;350.0;1038.48;completed
ORD-0003376;2025-06-26;CUST_01462;+79994967894;user_1462_153@example.com;SportActive;online_site;4;31776.97;0.0;31776.97;15252.95;350.0;1723.78;completed
ORD-0000773;2025-06-27;CUST_00329;+79992225232;user_329_146@example.com;UrbanStyle;online_site;3;16510.93;3302.19;13208.74;5547.67;350.0;0.0;completed
ORD-0001151;2025-06-27;CUST_00506;+79992488575;;SportActive;online_site;3;25838.83;3875.82;21963.01;10542.24;350.0;1685.02;completed
ORD-0002218;2025-06-27;CUST_00960;+79993928445;user_960_725@example.com;SportActive;online_app;4;33922.58;6784.52;27138.06;13026.27;250.0;0.0;completed
ORD-0002813;2025-06-27;CUST_01225;;user_1225_650@example.com;UrbanStyle;online_site;4;24369.88;4873.98;19495.9;8188.28;350.0;0.0;completed
ORD-0000592;2025-06-28;CUST_00254;+79998297090;;UrbanStyle;offline_pos;4;28793.41;2879.34;25914.07;10883.91;0.0;0.0;completed
ORD-0000941;2025-06-28;CUST_00419;+79992969410;;SportActive;offline_pos;4;38730.46;0.0;38730.46;18590.62;0.0;1782.95;completed
ORD-0001519;2025-06-28;CUST_00659;+79992282825;;SportActive;online_site;4;29588.84;5917.77;23671.07;11362.11;350.0;0.0;completed
ORD-0001844;2025-06-28;CUST_00801;+79991406123;user_801_888@example.com;UrbanStyle;online_site;2;11872.5;0.0;11872.5;4986.45;350.0;1466.42;completed
ORD-0001382;2025-06-29;CUST_00595;+79999085438;user_595_454@example.com;SportActive;online_app;1;9415.86;1412.38;8003.48;3841.67;250.0;0.0;completed
ORD-0002409;2025-06-29;CUST_01042;+79993460174;;SportActive;online_site;2;14581.03;2187.15;12393.88;5949.06;350.0;1570.17;completed
ORD-0002540;2025-06-29;CUST_01099;+79997593035;user_1099_361@example.com;UrbanStyle;online_app;2;11578.6;1736.79;9841.81;4133.56;250.0;0.0;completed
ORD-0003390;2025-06-29;CUST_01471;+79991797863;;UrbanStyle;online_app;4;28933.95;1446.7;27487.25;11544.65;250.0;1469.46;completed
ORD-0000355;2025-06-30;CUST_00155;+79995204819;;UrbanStyle;online_site;1;7154.57;715.46;6439.11;2704.43;350.0;1698.23;completed
ORD-0001608;2025-06-30;CUST_00701;;user_701_630@example.com;UrbanStyle;online_site;3;18508.62;925.43;17583.19;7384.94;350.0;1432.94;completed
ORD-0002092;2025-06-30;CUST_00911;+79995852112;user_911_271@example.com;UrbanStyle;online_app;3;16588.0;2488.2;14099.8;5921.92;250.0;1041.55;completed
ORD-0002292;2025-06-30;CUST_00990;+79998095573;user_990_383@example.com;SportActive;online_site;2;14420.6;721.03;13699.57;6575.79;350.0;1364.34;cancelled
ORD-0002481;2025-06-30;CUST_01076;+79993216888;;SportActive;offline_pos;2;13139.68;656.98;12482.7;5991.7;0.0;0.0;completed
ORD-0000890;2025-07-01;CUST_00394;+79997704473;user_394_870@example.com;UrbanStyle;online_site;4;21739.26;1086.96;20652.3;8673.97;350.0;1006.57;completed
ORD-0001955;2025-07-01;CUST_00854;+79999328158;user_854_632@example.com;SportActive;online_site;4;31792.54;6358.51;25434.03;12208.33;350.0;1284.09;completed
ORD-0001972;2025-07-01;CUST_00864;+79996355946;;SportActive;online_site;1;8107.09;810.71;7296.38;3502.26;350.0;1193.53;completed
ORD-0002418;2025-07-01;CUST_01047;+79999627700;user_1047_333@example.com;UrbanStyle;online_app;4;26433.37;3965.01;22468.36;9436.71;250.0;1166.21;completed
ORD-0001798;2025-07-02;CUST_00780;+79998696054;user_780_819@example.com;SportActive;online_app;1;7481.1;1122.16;6358.94;3052.29;250.0;0.0;completed
ORD-0002334;2025-07-02;CUST_01010;+79992536154;;SportActive;offline_pos;2;18211.67;1821.17;16390.5;7867.44;0.0;1690.25;completed
ORD-0002383;2025-07-02;CUST_01027;+79998038277;user_1027_751@example.com;SportActive;online_site;4;36014.71;7202.94;28811.77;13829.65;350.0;1105.16;completed
ORD-0003086;2025-07-02;CUST_01331;+79996305630;;UrbanStyle;online_app;2;14845.31;1484.53;13360.78;5611.53;250.0;1795.83;completed
ORD-0003436;2025-07-02;CUST_01492;+79993965125;user_1492_362@example.com;SportActive;offline_pos;3;21940.68;3291.1;18649.58;8951.8;0.0;1193.98;completed
ORD-0001050;2025-07-03;CUST_00468;+79991160974;user_468_443@example.com;UrbanStyle;online_app;4;23820.87;1191.04;22629.83;9504.53;250.0;0.0;cancelled
ORD-0001070;2025-07-03;CUST_00476;+79996172545;;UrbanStyle;online_app;2;11922.49;1192.25;10730.24;4506.7;250.0;1465.2;completed
ORD-0001757;2025-07-03;CUST_00765;+79991662507;user_765_596@example.com;SportActive;online_app;2;16917.21;845.86;16071.35;7714.25;250.0;1431.21;completed
ORD-0002061;2025-07-03;CUST_00898;;user_898_131@example.com;UrbanStyle;online_app;1;7608.92;760.89;6848.03;2876.17;250.0;1300.89;completed
ORD-0002120;2025-07-03;CUST_00921;;user_921_339@example.com;UrbanStyle;online_app;2;13387.58;2008.14;11379.44;4779.36;250.0;0.0;completed
ORD-0002559;2025-07-03;CUST_01103;+79999494883;user_1103_167@example.com;UrbanStyle;online_site;4;19870.92;3974.18;15896.74;6676.63;350.0;0.0;completed
ORD-0002925;2025-07-03;CUST_01266;+79998841710;user_1266_714@example.com;UrbanStyle;online_site;1;7259.97;0.0;7259.97;3049.19;350.0;0.0;completed
ORD-0003357;2025-07-03;CUST_01452;;user_1452_209@example.com;UrbanStyle;online_app;4;29812.79;5962.56;23850.23;10017.1;250.0;0.0;completed
ORD-0000174;2025-07-04;CUST_00075;+79999910914;user_75_672@example.com;UrbanStyle;online_site;1;6814.43;1362.89;5451.54;2289.65;350.0;0.0;completed
ORD-0001357;2025-07-04;CUST_00585;;user_585_197@example.com;SportActive;online_site;1;8090.75;809.08;7281.67;3495.2;350.0;1482.31;cancelled
ORD-0002677;2025-07-04;CUST_01154;+79997626953;user_1154_923@example.com;UrbanStyle;online_site;1;4988.29;249.41;4738.88;1990.33;350.0;1672.3;completed
ORD-0003118;2025-07-04;CUST_01349;+79998405061;;UrbanStyle;online_app;1;5655.32;1131.06;4524.26;1900.19;250.0;1165.81;returned
ORD-0000222;2025-07-05;CUST_00096;+79993566765;user_96_545@example.com;UrbanStyle;online_site;2;10894.17;1634.13;9260.04;3889.22;350.0;908.84;completed
ORD-0000508;2025-07-05;CUST_00222;;user_222_319@example.com;UrbanStyle;online_app;3;15524.87;2328.73;13196.14;5542.38;250.0;1488.26;completed
ORD-0001924;2025-07-05;CUST_00838;;user_838_844@example.com;SportActive;online_app;1;6782.59;1356.52;5426.07;2604.51;250.0;1671.92;completed
ORD-0002529;2025-07-05;CUST_01096;+79996170258;user_1096_121@example.com;SportActive;online_app;1;7717.63;1543.53;6174.1;2963.57;250.0;1744.75;completed
ORD-0000170;2025-07-06;CUST_00074;+79999689889;;UrbanStyle;online_site;3;19179.72;1917.97;17261.75;7249.93;350.0;0.0;completed
ORD-0000327;2025-07-06;CUST_00144;+79994816586;user_144_864@example.com;UrbanStyle;online_app;2;15276.65;3055.33;12221.32;5132.95;250.0;0.0;completed
ORD-0000952;2025-07-06;CUST_00425;+79997949543;user_425_484@example.com;UrbanStyle;online_site;3;21347.17;3202.08;18145.09;7620.94;350.0;0.0;completed
ORD-0001834;2025-07-06;CUST_00794;+79993509536;;UrbanStyle;offline_pos;1;6647.05;1329.41;5317.64;2233.41;0.0;0.0;completed
ORD-0001875;2025-07-06;CUST_00816;;user_816_794@example.com;SportActive;online_app;1;7729.08;772.91;6956.17;3338.96;250.0;0.0;completed
ORD-0002204;2025-07-06;CUST_00953;+79997844188;;UrbanStyle;online_site;4;20979.14;1048.96;19930.18;8370.68;350.0;0.0;completed
ORD-0002385;2025-07-06;CUST_01028;+79992288937;user_1028_626@example.com;SportActive;online_app;4;39760.76;1988.04;37772.72;18130.91;250.0;0.0;returned
ORD-0002790;2025-07-06;CUST_01214;+79998452933;user_1214_186@example.com;SportActive;online_site;2;13085.73;1308.57;11777.16;5653.04;350.0;0.0;completed
ORD-0003202;2025-07-06;CUST_01385;+79992500416;;UrbanStyle;offline_pos;2;10737.44;1610.62;9126.82;3833.26;0.0;0.0;completed
ORD-0003214;2025-07-06;CUST_01391;+79994132328;;SportActive;online_app;1;6620.75;662.08;5958.67;2860.16;250.0;0.0;completed
ORD-0003237;2025-07-06;CUST_01396;+79995754542;user_1396_249@example.com;SportActive;online_app;1;7081.2;708.12;6373.08;3059.08;250.0;0.0;completed
ORD-0000369;2025-07-07;CUST_00159;+79993760597;;SportActive;offline_pos;4;27113.92;4067.09;23046.83;11062.48;0.0;1640.2;completed
ORD-0000939;2025-07-07;CUST_00417;+79998404902;user_417_659@example.com;UrbanStyle;online_app;2;10873.67;1087.37;9786.3;4110.25;250.0;1545.37;completed
ORD-0001313;2025-07-07;CUST_00565;;user_565_601@example.com;SportActive;online_site;1;9487.9;948.79;8539.11;4098.77;350.0;0.0;completed
ORD-0001495;2025-07-07;CUST_00651;+79991912484;user_651_971@example.com;SportActive;online_app;4;36590.59;7318.12;29272.47;14050.79;250.0;0.0;completed
ORD-0001511;2025-07-07;CUST_00656;+79997961284;;UrbanStyle;online_site;2;11677.98;0.0;11677.98;4904.75;350.0;0.0;completed
ORD-0002268;2025-07-07;CUST_00981;;user_981_265@example.com;SportActive;online_app;2;12556.08;0.0;12556.08;6026.92;250.0;0.0;completed
ORD-0002288;2025-07-07;CUST_00987;+79997147725;;UrbanStyle;online_app;3;22235.65;4447.13;17788.52;7471.18;250.0;1648.96;completed
ORD-0002937;2025-07-07;CUST_01271;;user_1271_746@example.com;UrbanStyle;online_site;2;15922.05;796.1;15125.95;6352.9;350.0;0.0;completed
ORD-0003329;2025-07-07;CUST_01435;;user_1435_274@example.com;UrbanStyle;online_site;1;5581.65;558.16;5023.49;2109.87;350.0;0.0;completed
ORD-0001135;2025-07-08;CUST_00501;;user_501_764@example.com;UrbanStyle;online_site;1;6648.15;1329.63;5318.52;2233.78;350.0;0.0;completed
ORD-0002578;2025-07-08;CUST_01112;+79991236808;user_1112_835@example.com;UrbanStyle;online_app;1;6715.89;1343.18;5372.71;2256.54;250.0;1195.51;completed
ORD-0002625;2025-07-08;CUST_01130;;user_1130_676@example.com;SportActive;online_site;2;15200.99;3040.2;12160.79;5837.18;350.0;0.0;completed
ORD-0002979;2025-07-08;CUST_01288;+79997415119;user_1288_125@example.com;UrbanStyle;online_app;4;27034.01;1351.7;25682.31;10786.57;250.0;1459.05;completed
ORD-0003298;2025-07-08;CUST_01419;;user_1419_768@example.com;UrbanStyle;online_app;4;25623.82;2562.38;23061.44;9685.8;250.0;0.0;completed
ORD-0003405;2025-07-08;CUST_01477;;user_1477_297@example.com;SportActive;online_app;3;26297.77;1314.89;24982.88;11991.78;250.0;0.0;completed
ORD-0000386;2025-07-09;CUST_00167;;user_167_701@example.com;SportActive;online_app;4;28077.48;4211.62;23865.86;11455.61;250.0;1215.53;completed
ORD-0000450;2025-07-09;CUST_00195;+79992425342;;UrbanStyle;offline_pos;1;5358.66;803.8;4554.86;1913.04;0.0;1325.53;completed
ORD-0000597;2025-07-09;CUST_00258;;user_258_642@example.com;UrbanStyle;online_site;3;22287.33;1114.37;21172.96;8892.64;350.0;1103.58;cancelled
ORD-0000823;2025-07-09;CUST_00353;+79994712363;;UrbanStyle;online_site;1;6978.79;1046.82;5931.97;2491.43;350.0;1485.56;completed
ORD-0002233;2025-07-09;CUST_00964;+79998959326;user_964_609@example.com;UrbanStyle;online_app;3;20591.18;1029.56;19561.62;8215.88;250.0;0.0;completed
ORD-0002347;2025-07-09;CUST_01014;+79996786800;;UrbanStyle;online_site;1;6849.25;1369.85;5479.4;2301.35;350.0;1613.87;completed
ORD-0002537;2025-07-09;CUST_01097;+79991917249;;SportActive;offline_pos;3;28386.11;1419.31;26966.8;12944.06;0.0;0.0;completed
ORD-0002647;2025-07-09;CUST_01139;+79993585950;user_1139_223@example.com;UrbanStyle;offline_pos;4;27251.21;5450.24;21800.97;9156.41;0.0;0.0;completed
ORD-0000363;2025-07-10;CUST_00158;+79994368777;user_158_235@example.com;SportActive;online_site;4;31723.44;0.0;31723.44;15227.25;350.0;0.0;completed
ORD-0000492;2025-07-10;CUST_00217;+79996676858;user_217_795@example.com;UrbanStyle;online_app;1;7667.06;0.0;7667.06;3220.17;250.0;1550.5;completed
ORD-0000530;2025-07-10;CUST_00231;+79999655523;;SportActive;online_app;1;8003.0;800.3;7202.7;3457.3;250.0;1117.24;completed
ORD-0000692;2025-07-10;CUST_00301;+79995993143;;UrbanStyle;online_site;1;7611.46;761.15;6850.31;2877.13;350.0;0.0;completed
ORD-0000970;2025-07-10;CUST_00434;+79991868846;user_434_505@example.com;SportActive;online_app;2;15067.22;0.0;15067.22;7232.27;250.0;1096.17;completed
ORD-0001087;2025-07-10;CUST_00481;;user_481_481@example.com;SportActive;online_site;4;36295.91;0.0;36295.91;17422.04;350.0;0.0;completed
ORD-0001502;2025-07-10;CUST_00654;+79996331563;user_654_597@example.com;UrbanStyle;online_app;4;20553.04;4110.61;16442.43;6905.82;250.0;0.0;completed
ORD-0001807;2025-07-10;CUST_00783;+79996426605;user_783_723@example.com;UrbanStyle;online_site;1;5780.42;1156.08;4624.34;1942.22;350.0;1602.78;completed
ORD-0002107;2025-07-10;CUST_00917;+79991555166;;SportActive;offline_pos;3;26030.8;5206.16;20824.64;9995.83;0.0;0.0;completed
ORD-0002308;2025-07-10;CUST_01000;+79991793880;user_1000_251@example.com;UrbanStyle;online_site;4;25303.12;1265.16;24037.96;10095.94;350.0;1648.05;completed
ORD-0002485;2025-07-10;CUST_01077;+79996651204;user_1077_379@example.com;UrbanStyle;online_site;2;11659.36;582.97;11076.39;4652.08;350.0;0.0;completed
ORD-0002913;2025-07-10;CUST_01263;;user_1263_451@example.com;UrbanStyle;online_site;1;5017.21;1003.44;4013.77;1685.78;350.0;0.0;completed
ORD-0003249;2025-07-10;CUST_01399;+79994533501;user_1399_968@example.com;SportActive;offline_pos;4;34415.97;6883.19;27532.78;13215.73;0.0;0.0;completed
ORD-0003317;2025-07-10;CUST_01429;+79999580328;user_1429_719@example.com;UrbanStyle;online_site;2;15228.05;761.4;14466.65;6075.99;350.0;1279.53;completed
ORD-0003339;2025-07-10;CUST_01441;+79992512308;user_1441_749@example.com;UrbanStyle;offline_pos;2;15278.77;2291.82;12986.95;5454.52;0.0;0.0;completed
ORD-0000099;2025-07-11;CUST_00046;;user_46_548@example.com;SportActive;online_site;4;31595.03;0.0;31595.03;15165.61;350.0;0.0;completed
ORD-0001058;2025-07-11;CUST_00470;+79995694689;;UrbanStyle;online_app;4;22510.84;1125.54;21385.3;8981.83;250.0;0.0;returned
ORD-0001472;2025-07-11;CUST_00636;+79999167227;user_636_144@example.com;UrbanStyle;online_app;2;11458.7;0.0;11458.7;4812.65;250.0;1088.27;completed
ORD-0001696;2025-07-11;CUST_00736;;user_736_186@example.com;SportActive;online_app;2;18494.79;924.74;17570.05;8433.62;250.0;0.0;completed
ORD-0001982;2025-07-11;CUST_00868;;user_868_554@example.com;UrbanStyle;online_site;3;20637.5;0.0;20637.5;8667.75;350.0;1599.03;completed
ORD-0002773;2025-07-11;CUST_01204;+79993396950;;SportActive;offline_pos;1;7737.54;1547.51;6190.03;2971.21;0.0;1686.41;completed
ORD-0002985;2025-07-11;CUST_01291;+79996523752;user_1291_356@example.com;UrbanStyle;online_site;1;5152.88;1030.58;4122.3;1731.37;350.0;0.0;completed
ORD-0003131;2025-07-11;CUST_01354;+79997621123;user_1354_860@example.com;UrbanStyle;online_app;1;6181.65;309.08;5872.57;2466.48;250.0;1256.33;completed
ORD-0000797;2025-07-12;CUST_00344;+79995042775;;UrbanStyle;offline_pos;2;11055.87;0.0;11055.87;4643.47;0.0;1013.67;completed
ORD-0001266;2025-07-12;CUST_00548;+79995620085;user_548_533@example.com;SportActive;online_site;4;36988.63;7397.73;29590.9;14203.63;350.0;0.0;completed
ORD-0001325;2025-07-12;CUST_00574;+79999971338;user_574_738@example.com;UrbanStyle;online_app;3;22452.88;3367.93;19084.95;8015.68;250.0;1676.71;completed
ORD-0001808;2025-07-12;CUST_00784;+79995262908;user_784_468@example.com;SportActive;online_app;3;26004.19;5200.84;20803.35;9985.61;250.0;1539.89;completed
ORD-0001973;2025-07-12;CUST_00865;+79997535837;user_865_291@example.com;UrbanStyle;online_site;2;15956.14;2393.42;13562.72;5696.34;350.0;1383.34;completed
ORD-0002589;2025-07-12;CUST_01115;+79994176986;user_1115_528@example.com;UrbanStyle;online_site;1;6099.68;0.0;6099.68;2561.87;350.0;0.0;completed
ORD-0002842;2025-07-12;CUST_01236;+79993972698;user_1236_959@example.com;SportActive;online_site;3;22705.57;3405.84;19299.73;9263.87;350.0;1187.8;completed
ORD-0002896;2025-07-12;CUST_01257;+79991177948;user_1257_564@example.com;UrbanStyle;online_site;4;29118.23;5823.65;23294.58;9783.72;350.0;0.0;completed
ORD-0003071;2025-07-12;CUST_01320;+79998740286;user_1320_169@example.com;UrbanStyle;online_site;1;6641.0;0.0;6641.0;2789.22;350.0;0.0;completed
ORD-0003264;2025-07-12;CUST_01407;+79993822312;user_1407_157@example.com;UrbanStyle;online_app;3;17063.72;853.19;16210.53;6808.42;250.0;1110.57;completed
ORD-0001034;2025-07-13;CUST_00461;+79997425329;;UrbanStyle;offline_pos;2;15558.79;3111.76;12447.03;5227.75;0.0;0.0;cancelled
ORD-0001139;2025-07-13;CUST_00503;+79993136551;user_503_281@example.com;SportActive;online_site;4;38573.56;3857.36;34716.2;16663.78;350.0;1768.37;completed
ORD-0002459;2025-07-13;CUST_01067;+79995772070;user_1067_428@example.com;UrbanStyle;online_site;3;15202.99;0.0;15202.99;6385.26;350.0;1749.3;completed
ORD-0002510;2025-07-13;CUST_01090;+79993358208;;UrbanStyle;offline_pos;4;19982.29;2997.34;16984.95;7133.68;0.0;0.0;completed
ORD-0002642;2025-07-13;CUST_01138;+79997692721;;SportActive;online_site;3;21421.96;3213.29;18208.67;8740.16;350.0;0.0;cancelled
ORD-0002776;2025-07-13;CUST_01207;+79993228175;user_1207_880@example.com;UrbanStyle;online_site;3;17166.02;1716.6;15449.42;6488.76;350.0;1558.03;completed
ORD-0003334;2025-07-13;CUST_01438;+79997210098;;SportActive;offline_pos;4;39197.57;5879.64;33317.93;15992.61;0.0;1295.07;completed
ORD-0000017;2025-07-14;CUST_00011;;user_11_801@example.com;UrbanStyle;online_site;4;21609.01;1080.45;20528.56;8622.0;350.0;1322.79;completed
ORD-0000037;2025-07-14;CUST_00022;+79996159230;user_22_345@example.com;UrbanStyle;online_app;4;21107.62;1055.38;20052.24;8421.94;250.0;0.0;completed
ORD-0000065;2025-07-14;CUST_00035;+79991247595;user_35_195@example.com;SportActive;offline_pos;1;6688.52;668.85;6019.67;2889.44;0.0;0.0;completed
ORD-0000150;2025-07-14;CUST_00067;+79996049101;user_67_515@example.com;UrbanStyle;online_site;3;18058.79;902.94;17155.85;7205.46;350.0;1798.28;completed
ORD-0000825;2025-07-14;CUST_00355;+79996663388;;UrbanStyle;offline_pos;3;23915.63;1195.78;22719.85;9542.34;0.0;1436.69;completed
ORD-0000851;2025-07-14;CUST_00370;+79997682298;user_370_178@example.com;UrbanStyle;offline_pos;4;22020.24;4404.05;17616.19;7398.8;0.0;0.0;completed
ORD-0000864;2025-07-14;CUST_00381;+79995503118;user_381_604@example.com;SportActive;online_app;2;15060.46;2259.07;12801.39;6144.67;250.0;1218.64;completed
ORD-0001276;2025-07-14;CUST_00550;+79997278533;user_550_674@example.com;SportActive;offline_pos;1;9043.25;904.33;8138.92;3906.68;0.0;0.0;completed
ORD-0001332;2025-07-14;CUST_00576;;user_576_818@example.com;UrbanStyle;online_site;3;22194.94;0.0;22194.94;9321.87;350.0;1103.43;completed
ORD-0001911;2025-07-14;CUST_00830;+79999995261;;UrbanStyle;offline_pos;2;9933.49;993.35;8940.14;3754.86;0.0;1362.71;completed
ORD-0002037;2025-07-14;CUST_00892;+79992031500;user_892_192@example.com;UrbanStyle;online_app;4;30666.93;4600.04;26066.89;10948.09;250.0;1295.13;completed
ORD-0002225;2025-07-14;CUST_00962;;user_962_197@example.com;SportActive;online_app;2;19637.82;3927.56;15710.26;7540.92;250.0;0.0;completed
ORD-0000129;2025-07-15;CUST_00058;+79994731818;;SportActive;offline_pos;3;29486.83;0.0;29486.83;14153.68;0.0;1724.54;completed
ORD-0000293;2025-07-15;CUST_00133;+79999537455;user_133_822@example.com;UrbanStyle;online_app;1;6293.93;0.0;6293.93;2643.45;250.0;0.0;completed
ORD-0000307;2025-07-15;CUST_00139;+79993551903;user_139_607@example.com;SportActive;online_site;2;14370.15;718.51;13651.64;6552.79;350.0;1520.73;completed
ORD-0000339;2025-07-15;CUST_00148;+79993401116;;UrbanStyle;online_site;1;7346.59;1469.32;5877.27;2468.45;350.0;1213.67;returned
ORD-0000350;2025-07-15;CUST_00152;+79995953150;user_152_122@example.com;SportActive;online_site;3;25963.06;0.0;25963.06;12462.27;350.0;1604.94;completed
ORD-0000426;2025-07-15;CUST_00182;+79998612081;user_182_617@example.com;SportActive;online_site;3;19963.73;0.0;19963.73;9582.59;350.0;1255.42;completed
ORD-0000777;2025-07-15;CUST_00332;+79997333337;;UrbanStyle;offline_pos;2;15241.96;762.1;14479.86;6081.54;0.0;1208.99;completed
ORD-0001309;2025-07-15;CUST_00562;+79993529642;user_562_240@example.com;SportActive;online_app;3;25662.38;3849.36;21813.02;10470.25;250.0;1286.16;completed
ORD-0001443;2025-07-15;CUST_00623;+79996245463;user_623_665@example.com;UrbanStyle;offline_pos;2;13610.98;2722.2;10888.78;4573.29;0.0;1034.65;returned
ORD-0001628;2025-07-15;CUST_00709;+79996737688;;UrbanStyle;online_site;1;5175.07;258.75;4916.32;2064.85;350.0;0.0;returned
ORD-0001961;2025-07-15;CUST_00857;+79994562439;user_857_111@example.com;SportActive;online_site;4;31163.82;4674.57;26489.25;12714.84;350.0;0.0;completed
ORD-0002125;2025-07-15;CUST_00923;;user_923_199@example.com;SportActive;online_app;3;20509.55;2050.95;18458.6;8860.13;250.0;1468.65;returned
ORD-0002594;2025-07-15;CUST_01116;+79998566133;user_1116_354@example.com;UrbanStyle;online_site;3;21846.79;2184.68;19662.11;8258.09;350.0;0.0;completed
ORD-0002719;2025-07-15;CUST_01176;+79995901010;;SportActive;online_site;1;8145.37;1221.81;6923.56;3323.31;350.0;0.0;completed
ORD-0002797;2025-07-15;CUST_01219;;user_1219_364@example.com;UrbanStyle;online_site;4;20814.59;1040.73;19773.86;8305.02;350.0;0.0;completed
ORD-0003150;2025-07-15;CUST_01363;+79992491048;user_1363_211@example.com;UrbanStyle;online_site;3;17184.43;0.0;17184.43;7217.46;350.0;1143.89;completed
ORD-0000163;2025-07-16;CUST_00073;+79991093026;;SportActive;online_app;2;15921.27;0.0;15921.27;7642.21;250.0;1295.92;completed
ORD-0000234;2025-07-16;CUST_00100;+79995334434;user_100_448@example.com;UrbanStyle;online_app;3;17359.54;0.0;17359.54;7291.01;250.0;0.0;completed
ORD-0000984;2025-07-16;CUST_00439;+79992147756;user_439_643@example.com;UrbanStyle;online_site;4;30865.3;6173.06;24692.24;10370.74;350.0;0.0;completed
ORD-0000990;2025-07-16;CUST_00442;+79993345961;user_442_353@example.com;UrbanStyle;online_site;2;10135.82;506.79;9629.03;4044.19;350.0;1353.0;completed
ORD-0001583;2025-07-16;CUST_00690;+79997134489;;SportActive;offline_pos;1;6788.16;1018.22;5769.94;2769.57;0.0;0.0;completed
ORD-0002008;2025-07-16;CUST_00879;;user_879_283@example.com;SportActive;online_app;4;31488.24;4723.24;26765.0;12847.2;250.0;1520.14;returned
ORD-0002029;2025-07-16;CUST_00888;+79992951364;;SportActive;online_site;1;7409.05;740.91;6668.14;3200.71;350.0;1707.21;completed
ORD-0002115;2025-07-16;CUST_00919;+79993806547;user_919_315@example.com;UrbanStyle;online_site;1;6495.42;974.31;5521.11;2318.87;350.0;1088.56;completed
ORD-0003400;2025-07-16;CUST_01476;+79995519924;;UrbanStyle;online_site;1;7448.59;1117.29;6331.3;2659.15;350.0;1059.75;completed
ORD-0000675;2025-07-17;CUST_00293;;user_293_711@example.com;UrbanStyle;online_site;2;14200.57;710.03;13490.54;5666.03;350.0;0.0;completed
ORD-0000923;2025-07-17;CUST_00408;+79995990296;;SportActive;offline_pos;1;8993.39;449.67;8543.72;4100.99;0.0;0.0;completed
ORD-0001301;2025-07-17;CUST_00560;+79992976045;user_560_581@example.com;UrbanStyle;online_app;4;23421.86;0.0;23421.86;9837.18;250.0;0.0;completed
ORD-0001432;2025-07-17;CUST_00615;+79995875114;;SportActive;offline_pos;2;18660.19;1866.02;16794.17;8061.2;0.0;0.0;completed
ORD-0001659;2025-07-17;CUST_00718;+79992690268;user_718_433@example.com;UrbanStyle;online_site;2;11780.75;1178.08;10602.67;4453.12;350.0;0.0;completed
ORD-0002489;2025-07-17;CUST_01079;+79994356734;user_1079_524@example.com;UrbanStyle;online_site;1;7805.11;1170.77;6634.34;2786.42;350.0;0.0;completed
ORD-0003054;2025-07-17;CUST_01315;+79992119776;user_1315_814@example.com;SportActive;online_site;3;21857.33;3278.6;18578.73;8917.79;350.0;0.0;completed
ORD-0003430;2025-07-17;CUST_01488;+79995659980;;UrbanStyle;offline_pos;3;19612.04;0.0;19612.04;8237.06;0.0;0.0;completed
ORD-0000316;2025-07-18;CUST_00141;+79993589751;user_141_176@example.com;UrbanStyle;online_site;3;20728.39;4145.68;16582.71;6964.74;350.0;0.0;completed
ORD-0000411;2025-07-18;CUST_00176;+79995452128;;UrbanStyle;online_app;3;23506.54;4701.31;18805.23;7898.2;250.0;0.0;completed
ORD-0000925;2025-07-18;CUST_00410;+79997437584;;UrbanStyle;online_app;2;11696.69;584.83;11111.86;4666.98;250.0;1240.13;completed
ORD-0001668;2025-07-18;CUST_00722;+79994289394;user_722_249@example.com;UrbanStyle;online_site;2;11186.92;2237.38;8949.54;3758.81;350.0;0.0;completed
ORD-0001861;2025-07-18;CUST_00809;+79997043474;user_809_985@example.com;UrbanStyle;online_site;4;27169.36;1358.47;25810.89;10840.57;350.0;1412.86;completed
ORD-0001904;2025-07-18;CUST_00826;+79994242361;;UrbanStyle;online_site;3;14975.39;2995.08;11980.31;5031.73;350.0;961.02;completed
ORD-0002242;2025-07-18;CUST_00971;+79994257379;user_971_747@example.com;UrbanStyle;online_site;2;13440.25;2688.05;10752.2;4515.92;350.0;955.54;completed
ORD-0002604;2025-07-18;CUST_01122;+79998853160;user_1122_235@example.com;UrbanStyle;online_app;3;22676.71;2267.67;20409.04;8571.8;250.0;0.0;completed
ORD-0002636;2025-07-18;CUST_01137;+79992186553;;SportActive;online_site;3;30010.79;4501.62;25509.17;12244.4;350.0;0.0;completed
ORD-0002706;2025-07-18;CUST_01171;+79994759700;;UrbanStyle;online_site;4;31696.63;1584.83;30111.8;12646.96;350.0;0.0;completed
ORD-0000067;2025-07-19;CUST_00037;+79998633773;user_37_392@example.com;UrbanStyle;online_site;1;5951.28;297.56;5653.72;2374.56;350.0;975.1;completed
ORD-0000284;2025-07-19;CUST_00126;+79995835492;user_126_778@example.com;SportActive;online_site;1;8819.19;881.92;7937.27;3809.89;350.0;0.0;completed
ORD-0000534;2025-07-19;CUST_00234;+79994767135;;UrbanStyle;offline_pos;4;25765.16;0.0;25765.16;10821.37;0.0;0.0;completed
ORD-0001169;2025-07-19;CUST_00512;;user_512_446@example.com;UrbanStyle;online_site;4;27032.3;0.0;27032.3;11353.57;350.0;0.0;completed
ORD-0001223;2025-07-19;CUST_00531;+79995799841;;SportActive;online_site;4;38689.84;5803.48;32886.36;15785.45;350.0;0.0;completed
ORD-0001388;2025-07-19;CUST_00599;;user_599_686@example.com;UrbanStyle;online_app;4;28192.51;4228.88;23963.63;10064.72;250.0;0.0;cancelled
ORD-0001831;2025-07-19;CUST_00793;+79991191837;;SportActive;online_site;4;35086.22;5262.93;29823.29;14315.18;350.0;0.0;completed
ORD-0002467;2025-07-19;CUST_01071;+79998087921;;UrbanStyle;online_site;3;18148.11;1814.81;16333.3;6859.99;350.0;0.0;completed
ORD-0002475;2025-07-19;CUST_01073;+79999193298;;UrbanStyle;online_app;3;19026.47;2853.97;16172.5;6792.45;250.0;1444.34;completed
ORD-0002695;2025-07-19;CUST_01166;+79997044085;user_1166_915@example.com;SportActive;online_app;4;31210.57;6242.11;24968.46;11984.86;250.0;1167.57;returned
ORD-0002748;2025-07-19;CUST_01189;+79993114023;user_1189_632@example.com;SportActive;online_app;1;8912.08;891.21;8020.87;3850.02;250.0;1501.8;completed
ORD-0001352;2025-07-20;CUST_00584;+79993931009;;SportActive;online_site;2;16790.95;839.55;15951.4;7656.67;350.0;0.0;completed
ORD-0001683;2025-07-20;CUST_00727;+79996890320;user_727_988@example.com;SportActive;online_app;4;34472.4;1723.62;32748.78;15719.41;250.0;0.0;completed
ORD-0002683;2025-07-20;CUST_01159;+79997532816;;SportActive;online_site;2;13586.43;679.32;12907.11;6195.41;350.0;1412.65;cancelled
ORD-0000184;2025-07-21;CUST_00077;+79995348512;user_77_869@example.com;UrbanStyle;online_app;1;5410.09;0.0;5410.09;2272.24;250.0;0.0;completed
ORD-0000255;2025-07-21;CUST_00112;+79992429098;user_112_354@example.com;UrbanStyle;online_app;2;15332.25;1533.23;13799.02;5795.59;250.0;0.0;completed
ORD-0000919;2025-07-21;CUST_00406;+79999212178;;UrbanStyle;online_app;3;18720.81;3744.16;14976.65;6290.19;250.0;0.0;completed
ORD-0001008;2025-07-21;CUST_00451;+79996628815;;SportActive;offline_pos;2;15272.24;763.61;14508.63;6964.14;0.0;0.0;completed
ORD-0001405;2025-07-21;CUST_00607;+79994197381;user_607_833@example.com;UrbanStyle;online_site;1;7160.63;1074.09;6086.54;2556.35;350.0;1672.72;completed
ORD-0001866;2025-07-21;CUST_00813;+79996904121;;UrbanStyle;online_site;2;13303.95;1330.4;11973.55;5028.89;350.0;918.74;completed
ORD-0002064;2025-07-21;CUST_00899;+79997812097;user_899_490@example.com;UrbanStyle;online_site;1;5307.9;1061.58;4246.32;1783.45;350.0;1039.26;completed
ORD-0002662;2025-07-21;CUST_01149;;user_1149_821@example.com;UrbanStyle;online_app;3;16822.18;841.11;15981.07;6712.05;250.0;1235.56;completed
ORD-0000124;2025-07-22;CUST_00056;+79993970445;user_56_522@example.com;UrbanStyle;online_app;1;5510.59;275.53;5235.06;2198.73;250.0;0.0;completed
ORD-0000670;2025-07-22;CUST_00291;+79996020319;user_291_707@example.com;UrbanStyle;online_site;3;23477.24;3521.59;19955.65;8381.37;350.0;0.0;completed
ORD-0000715;2025-07-22;CUST_00308;+79993649811;;SportActive;offline_pos;3;26063.13;2606.31;23456.82;11259.27;0.0;0.0;completed
ORD-0000867;2025-07-22;CUST_00384;+79996528792;user_384_550@example.com;UrbanStyle;online_site;4;21517.9;2151.79;19366.11;8133.77;350.0;1422.0;completed
ORD-0000934;2025-07-22;CUST_00415;+79995843084;user_415_272@example.com;SportActive;online_site;3;27120.96;2712.1;24408.86;11716.25;350.0;0.0;completed
ORD-0001015;2025-07-22;CUST_00452;+79992109227;user_452_417@example.com;SportActive;online_site;4;33755.18;1687.76;32067.42;15392.36;350.0;0.0;completed
ORD-0001161;2025-07-22;CUST_00511;+79992756994;user_511_175@example.com;UrbanStyle;online_app;2;12082.14;604.11;11478.03;4820.77;250.0;0.0;completed
ORD-0001478;2025-07-22;CUST_00638;+79994576485;;SportActive;offline_pos;3;21551.35;0.0;21551.35;10344.65;0.0;0.0;completed
ORD-0001914;2025-07-22;CUST_00832;+79997499457;;UrbanStyle;online_app;2;15876.7;3175.34;12701.36;5334.57;250.0;1781.29;completed
ORD-0002762;2025-07-22;CUST_01199;;user_1199_550@example.com;SportActive;online_site;1;10040.42;1004.04;9036.38;4337.46;350.0;1138.3;completed
ORD-0002853;2025-07-22;CUST_01241;;user_1241_612@example.com;UrbanStyle;online_site;2;14982.15;1498.22;13483.93;5663.25;350.0;1275.37;completed
ORD-0003366;2025-07-22;CUST_01458;+79991530269;user_1458_264@example.com;SportActive;online_site;3;22393.55;2239.36;20154.19;9674.01;350.0;941.58;completed
ORD-0000107;2025-07-23;CUST_00050;+79991852264;user_50_194@example.com;SportActive;online_site;3;22066.05;0.0;22066.05;10591.7;350.0;0.0;completed
ORD-0000270;2025-07-23;CUST_00119;+79993783722;;SportActive;online_site;2;13829.07;2765.81;11063.26;5310.36;350.0;0.0;completed
ORD-0000726;2025-07-23;CUST_00312;+79995856449;;SportActive;online_app;4;26324.82;5264.96;21059.86;10108.73;250.0;1165.99;completed
ORD-0001529;2025-07-23;CUST_00663;+79995007754;;SportActive;online_site;1;7679.11;1535.82;6143.29;2948.78;350.0;1730.99;completed
ORD-0001809;2025-07-23;CUST_00785;+79995086710;;UrbanStyle;online_site;2;12636.56;0.0;12636.56;5307.36;350.0;943.62;completed
ORD-0002130;2025-07-23;CUST_00925;+79995056679;user_925_851@example.com;SportActive;online_site;4;31018.35;3101.84;27916.51;13399.92;350.0;0.0;completed
ORD-0000094;2025-07-24;CUST_00045;+79997756052;;UrbanStyle;online_site;2;13548.25;2709.65;10838.6;4552.21;350.0;0.0;completed
ORD-0000585;2025-07-24;CUST_00250;+79997486822;user_250_447@example.com;SportActive;online_app;2;17520.27;1752.03;15768.24;7568.76;250.0;1256.72;completed
ORD-0001085;2025-07-24;CUST_00480;+79993345338;user_480_224@example.com;UrbanStyle;offline_pos;1;5332.28;533.23;4799.05;2015.6;0.0;0.0;completed
ORD-0001198;2025-07-24;CUST_00521;+79992622400;user_521_187@example.com;SportActive;online_app;4;33888.57;0.0;33888.57;16266.51;250.0;0.0;completed
ORD-0001364;2025-07-24;CUST_00588;+79997471232;;SportActive;offline_pos;2;18037.09;2705.56;15331.53;7359.13;0.0;1214.07;completed
ORD-0001520;2025-07-24;CUST_00659;+79992282825;;SportActive;online_app;2;16927.96;0.0;16927.96;8125.42;250.0;0.0;completed
ORD-0001840;2025-07-24;CUST_00798;+79993187332;user_798_880@example.com;UrbanStyle;online_site;3;17300.14;0.0;17300.14;7266.06;350.0;1578.88;returned
ORD-0003063;2025-07-24;CUST_01319;+79991180143;user_1319_356@example.com;UrbanStyle;online_site;1;5207.34;1041.47;4165.87;1749.67;350.0;1490.59;completed
ORD-0003083;2025-07-24;CUST_01328;+79992620732;;SportActive;online_site;3;24645.36;3696.8;20948.56;10055.31;350.0;0.0;returned
ORD-0003184;2025-07-24;CUST_01380;+79996844074;user_1380_538@example.com;SportActive;online_app;2;12528.55;0.0;12528.55;6013.7;250.0;1369.08;cancelled
ORD-0000656;2025-07-25;CUST_00286;+79995686347;;UrbanStyle;offline_pos;2;12511.49;0.0;12511.49;5254.83;0.0;1325.91;completed
ORD-0000660;2025-07-25;CUST_00289;+79993299088;;SportActive;online_site;1;7171.57;717.16;6454.41;3098.12;350.0;1126.89;completed
ORD-0000881;2025-07-25;CUST_00392;;user_392_656@example.com;UrbanStyle;online_site;1;5641.08;1128.22;4512.86;1895.4;350.0;1384.04;completed
ORD-0001278;2025-07-25;CUST_00551;;user_551_383@example.com;SportActive;online_site;4;39302.48;7860.5;31441.98;15092.15;350.0;0.0;completed
ORD-0002024;2025-07-25;CUST_00887;+79995088457;;UrbanStyle;offline_pos;2;14577.73;2915.55;11662.18;4898.12;0.0;1431.54;completed
ORD-0002791;2025-07-25;CUST_01215;+79991390292;user_1215_448@example.com;UrbanStyle;online_app;1;5734.91;573.49;5161.42;2167.8;250.0;1758.38;completed
ORD-0001321;2025-07-26;CUST_00572;+79991089412;;SportActive;online_site;2;19926.06;0.0;19926.06;9564.51;350.0;1567.29;completed
ORD-0001999;2025-07-26;CUST_00874;+79995641409;;UrbanStyle;offline_pos;2;10346.58;517.33;9829.25;4128.28;0.0;0.0;completed
ORD-0002380;2025-07-26;CUST_01026;+79996363359;;UrbanStyle;online_site;1;7968.75;1195.31;6773.44;2844.84;350.0;0.0;completed
ORD-0002423;2025-07-26;CUST_01048;+79998056596;;SportActive;online_app;3;28019.09;0.0;28019.09;13449.16;250.0;0.0;completed
ORD-0002435;2025-07-26;CUST_01055;;user_1055_842@example.com;UrbanStyle;online_app;4;26109.11;5221.82;20887.29;8772.66;250.0;1226.76;completed
ORD-0002990;2025-07-26;CUST_01294;+79991199493;user_1294_583@example.com;SportActive;offline_pos;2;17793.56;0.0;17793.56;8540.91;0.0;928.27;completed
ORD-0003325;2025-07-26;CUST_01433;+79993072044;;UrbanStyle;online_app;1;6801.58;1360.32;5441.26;2285.33;250.0;0.0;completed
ORD-0000742;2025-07-27;CUST_00317;+79992455218;user_317_510@example.com;SportActive;offline_pos;2;12855.83;1285.58;11570.25;5553.72;0.0;1098.46;completed
ORD-0000812;2025-07-27;CUST_00348;+79994640933;user_348_590@example.com;SportActive;online_site;1;8366.38;418.32;7948.06;3815.07;350.0;0.0;cancelled
ORD-0000841;2025-07-27;CUST_00364;+79994789255;;UrbanStyle;offline_pos;2;10033.08;2006.62;8026.46;3371.11;0.0;1291.59;completed
ORD-0001422;2025-07-27;CUST_00613;+79997924719;;SportActive;offline_pos;2;17162.32;858.12;16304.2;7826.02;0.0;0.0;completed
ORD-0001559;2025-07-27;CUST_00677;+79991312392;user_677_999@example.com;SportActive;online_site;3;25061.63;0.0;25061.63;12029.58;350.0;1729.42;completed
ORD-0001900;2025-07-27;CUST_00824;+79991437625;;UrbanStyle;online_app;1;5207.88;0.0;5207.88;2187.31;250.0;0.0;completed
ORD-0002442;2025-07-27;CUST_01057;+79993472527;user_1057_886@example.com;UrbanStyle;online_site;3;18105.97;3621.19;14484.78;6083.61;350.0;1637.47;completed
ORD-0002608;2025-07-27;CUST_01124;+79995746702;user_1124_997@example.com;UrbanStyle;online_site;2;13749.29;2749.86;10999.43;4619.76;350.0;0.0;completed
ORD-0000263;2025-07-28;CUST_00117;+79994916201;user_117_370@example.com;SportActive;online_app;4;37447.31;0.0;37447.31;17974.71;250.0;0.0;completed
ORD-0000290;2025-07-28;CUST_00132;;user_132_216@example.com;UrbanStyle;online_app;4;31982.96;1599.15;30383.81;12761.2;250.0;1775.52;completed
ORD-0000553;2025-07-28;CUST_00239;;user_239_711@example.com;UrbanStyle;online_app;2;14624.34;731.22;13893.12;5835.11;250.0;0.0;completed
ORD-0001071;2025-07-28;CUST_00476;+79996172545;;UrbanStyle;online_site;2;15711.56;1571.16;14140.4;5938.97;350.0;0.0;completed
ORD-0001991;2025-07-28;CUST_00872;+79992460891;;UrbanStyle;online_app;3;21333.68;4266.74;17066.94;7168.11;250.0;0.0;completed
ORD-0002802;2025-07-28;CUST_01222;+79999610685;;SportActive;offline_pos;4;32618.68;3261.87;29356.81;14091.27;0.0;1364.11;completed
ORD-0002950;2025-07-28;CUST_01274;+79993302564;;UrbanStyle;online_app;4;21903.09;3285.46;18617.63;7819.4;250.0;0.0;completed
ORD-0002781;2025-07-29;CUST_01209;+79996687440;user_1209_653@example.com;SportActive;online_app;4;36237.66;3623.77;32613.89;15654.67;250.0;1733.81;completed
ORD-0003161;2025-07-29;CUST_01369;+79992831995;user_1369_989@example.com;UrbanStyle;offline_pos;4;21026.94;3154.04;17872.9;7506.62;0.0;1091.69;completed
ORD-0000745;2025-07-30;CUST_00319;+79991191859;user_319_367@example.com;SportActive;offline_pos;1;9227.7;922.77;8304.93;3986.37;0.0;0.0;cancelled
ORD-0001229;2025-07-30;CUST_00532;+79998936405;user_532_138@example.com;UrbanStyle;online_site;1;7743.0;1548.6;6194.4;2601.65;350.0;1372.97;completed
ORD-0001562;2025-07-30;CUST_00679;+79994051509;user_679_738@example.com;SportActive;online_site;3;28246.13;1412.31;26833.82;12880.23;350.0;1524.6;completed
ORD-0002053;2025-07-30;CUST_00896;+79999563491;user_896_513@example.com;UrbanStyle;online_app;4;23584.91;0.0;23584.91;9905.66;250.0;0.0;completed
ORD-0002248;2025-07-30;CUST_00974;+79993851044;user_974_691@example.com;SportActive;online_site;2;13340.18;1334.02;12006.16;5762.96;350.0;0.0;completed
ORD-0002760;2025-07-30;CUST_01197;+79993597713;;SportActive;online_site;2;13425.85;1342.59;12083.26;5799.96;350.0;1132.05;completed
ORD-0003198;2025-07-30;CUST_01383;;user_1383_408@example.com;UrbanStyle;online_app;3;19358.69;1935.87;17422.82;7317.58;250.0;0.0;completed
ORD-0000631;2025-07-31;CUST_00270;+79996102363;user_270_268@example.com;UrbanStyle;online_app;3;22128.11;2212.81;19915.3;8364.43;250.0;0.0;completed
ORD-0000681;2025-07-31;CUST_00297;+79998912226;user_297_993@example.com;SportActive;online_app;1;7897.97;394.9;7503.07;3601.47;250.0;1025.74;completed
ORD-0000863;2025-07-31;CUST_00380;+79995072543;;UrbanStyle;online_site;4;21149.29;3172.39;17976.9;7550.3;350.0;939.62;completed
ORD-0001199;2025-07-31;CUST_00522;+79992023137;user_522_960@example.com;UrbanStyle;online_app;1;6698.85;334.94;6363.91;2672.84;250.0;1355.09;completed
ORD-0001642;2025-07-31;CUST_00713;+79991111126;;SportActive;offline_pos;1;8976.15;448.81;8527.34;4093.12;0.0;0.0;completed
ORD-0001894;2025-07-31;CUST_00822;;user_822_255@example.com;SportActive;online_site;4;36870.55;1843.53;35027.02;16812.97;350.0;953.46;completed
ORD-0002036;2025-07-31;CUST_00891;+79992824432;user_891_801@example.com;SportActive;offline_pos;4;25982.44;5196.49;20785.95;9977.26;0.0;0.0;completed
ORD-0002045;2025-07-31;CUST_00895;+79996109503;user_895_545@example.com;SportActive;offline_pos;3;24909.01;2490.9;22418.11;10760.69;0.0;0.0;completed
ORD-0003130;2025-07-31;CUST_01353;+79991215323;;SportActive;online_app;2;15234.05;761.7;14472.35;6946.73;250.0;0.0;completed
ORD-0000086;2025-08-01;CUST_00042;+79992375453;;UrbanStyle;offline_pos;4;22549.01;2254.9;20294.11;8523.53;0.0;0.0;completed
ORD-0000387;2025-08-01;CUST_00168;+79997847048;;UrbanStyle;offline_pos;1;5525.98;552.6;4973.38;2088.82;0.0;1717.95;completed
ORD-0000736;2025-08-01;CUST_00315;+79995316188;;UrbanStyle;offline_pos;3;23901.64;0.0;23901.64;10038.69;0.0;0.0;completed
ORD-0000757;2025-08-01;CUST_00322;+79997268384;;SportActive;offline_pos;4;35835.74;5375.36;30460.38;14620.98;0.0;0.0;completed
ORD-0000931;2025-08-01;CUST_00414;+79993806047;user_414_184@example.com;UrbanStyle;online_site;1;6362.01;954.3;5407.71;2271.24;350.0;1161.71;completed
ORD-0001370;2025-08-01;CUST_00590;;user_590_594@example.com;SportActive;online_app;3;23938.3;0.0;23938.3;11490.38;250.0;0.0;completed
ORD-0001835;2025-08-01;CUST_00794;+79993509536;;UrbanStyle;online_app;3;18584.12;929.21;17654.91;7415.06;250.0;0.0;completed
ORD-0001945;2025-08-01;CUST_00849;;user_849_477@example.com;SportActive;online_site;3;28798.05;5759.61;23038.44;11058.45;350.0;0.0;completed
ORD-0002074;2025-08-01;CUST_00903;+79998142130;user_903_738@example.com;UrbanStyle;online_app;2;11548.55;2309.71;9238.84;3880.31;250.0;1482.55;completed
ORD-0002685;2025-08-01;CUST_01160;+79995878387;user_1160_137@example.com;UrbanStyle;online_site;1;6227.86;311.39;5916.47;2484.92;350.0;1733.7;completed
ORD-0001174;2025-08-02;CUST_00514;+79997866576;;UrbanStyle;offline_pos;3;21806.09;1090.3;20715.79;8700.63;0.0;0.0;completed
ORD-0002066;2025-08-02;CUST_00901;+79993106365;user_901_237@example.com;UrbanStyle;online_site;3;19780.31;1978.03;17802.28;7476.96;350.0;1723.04;completed
ORD-0002373;2025-08-02;CUST_01023;+79995106228;user_1023_129@example.com;UrbanStyle;online_site;2;10819.76;540.99;10278.77;4317.08;350.0;1760.82;completed
ORD-0002519;2025-08-02;CUST_01094;+79991938272;user_1094_602@example.com;SportActive;online_app;3;27320.85;5464.17;21856.68;10491.21;250.0;0.0;completed
ORD-0003155;2025-08-02;CUST_01366;+79993862767;user_1366_280@example.com;SportActive;online_site;3;30285.04;4542.76;25742.28;12356.29;350.0;1559.49;completed
ORD-0000198;2025-08-03;CUST_00083;+79994700025;user_83_599@example.com;UrbanStyle;online_site;4;27553.18;1377.66;26175.52;10993.72;350.0;1473.94;completed
ORD-0000509;2025-08-03;CUST_00222;;user_222_319@example.com;UrbanStyle;online_site;2;10623.01;0.0;10623.01;4461.66;350.0;0.0;completed
ORD-0001453;2025-08-03;CUST_00628;+79991670091;user_628_257@example.com;SportActive;online_site;1;8086.21;808.62;7277.59;3493.24;350.0;0.0;completed
ORD-0001588;2025-08-03;CUST_00692;;user_692_853@example.com;UrbanStyle;online_app;2;15146.54;1514.65;13631.89;5725.39;250.0;0.0;cancelled
ORD-0001786;2025-08-03;CUST_00777;;user_777_179@example.com;UrbanStyle;online_app;4;22227.48;3334.12;18893.36;7935.21;250.0;0.0;completed
ORD-0003336;2025-08-03;CUST_01439;+79996939158;;SportActive;online_app;3;21833.26;4366.65;17466.61;8383.97;250.0;1074.49;returned
ORD-0000473;2025-08-04;CUST_00208;+79992264218;user_208_281@example.com;SportActive;online_site;2;18604.59;2790.69;15813.9;7590.67;350.0;0.0;completed
ORD-0001461;2025-08-04;CUST_00632;;user_632_586@example.com;UrbanStyle;online_app;2;10023.91;1002.39;9021.52;3789.04;250.0;0.0;completed
ORD-0001734;2025-08-04;CUST_00752;;user_752_574@example.com;SportActive;online_app;3;23187.76;4637.55;18550.21;8904.1;250.0;1731.71;completed
ORD-0000451;2025-08-05;CUST_00195;+79992425342;;UrbanStyle;offline_pos;4;26983.41;1349.17;25634.24;10766.38;0.0;0.0;completed
ORD-0000971;2025-08-05;CUST_00434;+79991868846;;UrbanStyle;offline_pos;2;15430.36;771.52;14658.84;6156.71;0.0;0.0;completed
ORD-0000976;2025-08-05;CUST_00437;+79994841091;user_437_492@example.com;UrbanStyle;offline_pos;4;23752.48;4750.5;19001.98;7980.83;0.0;1674.63;returned
ORD-0001727;2025-08-05;CUST_00747;+79995561139;user_747_391@example.com;SportActive;online_app;4;33092.16;1654.61;31437.55;15090.02;250.0;1075.29;completed
ORD-0001919;2025-08-05;CUST_00834;+79999673311;user_834_245@example.com;SportActive;online_site;3;19755.57;0.0;19755.57;9482.67;350.0;1166.15;completed
ORD-0002687;2025-08-05;CUST_01162;+79995493758;user_1162_763@example.com;UrbanStyle;online_app;4;26115.25;5223.05;20892.2;8774.72;250.0;1203.69;completed
ORD-0003224;2025-08-05;CUST_01394;+79993119085;user_1394_632@example.com;SportActive;online_site;2;18774.61;938.73;17835.88;8561.22;350.0;918.29;completed
ORD-0003340;2025-08-05;CUST_01441;+79992512308;user_1441_749@example.com;UrbanStyle;online_site;2;11049.62;0.0;11049.62;4640.84;350.0;0.0;completed
ORD-0000238;2025-08-06;CUST_00104;+79996902401;;UrbanStyle;offline_pos;2;15472.85;3094.57;12378.28;5198.88;0.0;1549.92;completed
ORD-0000798;2025-08-06;CUST_00344;;user_344_969@example.com;UrbanStyle;online_app;1;7673.93;1534.79;6139.14;2578.44;250.0;0.0;completed
ORD-0001043;2025-08-06;CUST_00466;+79995069884;user_466_575@example.com;UrbanStyle;online_site;1;6719.12;1007.87;5711.25;2398.72;350.0;0.0;completed
ORD-0001897;2025-08-06;CUST_00823;;user_823_731@example.com;UrbanStyle;online_site;2;15220.88;761.04;14459.84;6073.13;350.0;0.0;completed
ORD-0002660;2025-08-06;CUST_01147;+79995251016;user_1147_463@example.com;UrbanStyle;online_site;4;27651.18;1382.56;26268.62;11032.82;350.0;1226.8;completed
ORD-0003138;2025-08-06;CUST_01358;+79991578940;;UrbanStyle;online_app;1;6802.24;680.22;6122.02;2571.25;250.0;1640.59;completed
ORD-0000422;2025-08-07;CUST_00180;+79998441741;user_180_175@example.com;SportActive;online_app;4;35528.57;3552.86;31975.71;15348.34;250.0;1084.39;completed
ORD-0001376;2025-08-07;CUST_00593;;user_593_637@example.com;SportActive;online_app;4;26211.08;3931.66;22279.42;10694.12;250.0;0.0;completed
ORD-0002348;2025-08-07;CUST_01014;+79996786800;;UrbanStyle;offline_pos;2;14707.13;0.0;14707.13;6176.99;0.0;0.0;completed
ORD-0003047;2025-08-07;CUST_01314;+79991732568;;UrbanStyle;offline_pos;3;15625.47;2343.82;13281.65;5578.29;0.0;0.0;cancelled
ORD-0000346;2025-08-08;CUST_00150;;user_150_701@example.com;UrbanStyle;online_app;4;30577.88;0.0;30577.88;12842.71;250.0;0.0;completed
ORD-0000442;2025-08-08;CUST_00191;+79991440466;user_191_723@example.com;SportActive;online_site;4;25720.8;1286.04;24434.76;11728.68;350.0;1203.91;completed
ORD-0001243;2025-08-08;CUST_00539;;user_539_899@example.com;SportActive;online_app;2;14987.51;749.38;14238.13;6834.3;250.0;0.0;completed
ORD-0001383;2025-08-08;CUST_00595;+79999085438;user_595_454@example.com;SportActive;online_site;4;31320.67;4698.1;26622.57;12778.83;350.0;0.0;completed
ORD-0001569;2025-08-08;CUST_00685;;user_685_458@example.com;UrbanStyle;online_app;2;13805.23;1380.52;12424.71;5218.38;250.0;1632.83;completed
ORD-0002428;2025-08-08;CUST_01051;+79998980532;;SportActive;online_app;3;25883.29;5176.66;20706.63;9939.18;250.0;1160.13;completed
ORD-0002522;2025-08-08;CUST_01095;+79995133011;user_1095_384@example.com;SportActive;online_app;4;26048.24;2604.82;23443.42;11252.84;250.0;0.0;returned
ORD-0002694;2025-08-08;CUST_01165;+79998859576;user_1165_234@example.com;SportActive;online_site;2;18857.96;0.0;18857.96;9051.82;350.0;0.0;completed
ORD-0002724;2025-08-08;CUST_01181;;user_1181_972@example.com;UrbanStyle;online_site;4;21760.38;1088.02;20672.36;8682.39;350.0;948.45;completed
ORD-0002955;2025-08-08;CUST_01278;+79991775026;;SportActive;online_app;4;39569.61;3956.96;35612.65;17094.07;250.0;1085.03;returned
ORD-0003166;2025-08-08;CUST_01374;+79996755884;user_1374_422@example.com;SportActive;online_site;1;7754.09;0.0;7754.09;3721.96;350.0;1188.25;completed
ORD-0000158;2025-08-09;CUST_00071;+79994633007;;SportActive;offline_pos;1;7559.98;1512.0;6047.98;2903.03;0.0;0.0;completed
ORD-0000490;2025-08-09;CUST_00215;+79996761929;user_215_831@example.com;UrbanStyle;online_app;2;13501.52;1350.15;12151.37;5103.58;250.0;0.0;completed
ORD-0000587;2025-08-09;CUST_00252;+79995928582;user_252_428@example.com;UrbanStyle;online_site;1;5852.1;0.0;5852.1;2457.88;350.0;1215.5;completed
ORD-0000655;2025-08-09;CUST_00285;;user_285_474@example.com;SportActive;online_site;2;12942.34;0.0;12942.34;6212.32;350.0;1573.49;completed
ORD-0001447;2025-08-09;CUST_00624;+79998433377;user_624_949@example.com;UrbanStyle;online_site;2;10222.67;511.13;9711.54;4078.85;350.0;0.0;completed
ORD-0001596;2025-08-09;CUST_00694;+79991873301;;UrbanStyle;offline_pos;1;5973.1;298.66;5674.44;2383.26;0.0;0.0;completed
ORD-0001729;2025-08-09;CUST_00748;+79994060284;;UrbanStyle;offline_pos;1;6729.07;672.91;6056.16;2543.59;0.0;0.0;completed
ORD-0001843;2025-08-09;CUST_00800;+79992503148;user_800_215@example.com;SportActive;online_site;2;13597.44;1359.74;12237.7;5874.1;350.0;1599.48;completed
ORD-0002322;2025-08-09;CUST_01005;+79991791859;;SportActive;online_site;2;19159.15;957.96;18201.19;8736.57;350.0;0.0;completed
ORD-0002406;2025-08-09;CUST_01039;+79992023580;;SportActive;online_app;2;15871.84;793.59;15078.25;7237.56;250.0;1257.48;completed
ORD-0003090;2025-08-09;CUST_01333;;user_1333_204@example.com;SportActive;online_app;3;19750.88;987.54;18763.34;9006.4;250.0;0.0;completed
ORD-0003151;2025-08-09;CUST_01363;+79992491048;user_1363_211@example.com;SportActive;online_site;4;25631.21;1281.56;24349.65;11687.83;350.0;0.0;completed
ORD-0003294;2025-08-09;CUST_01418;+79994018851;;UrbanStyle;offline_pos;3;16898.45;3379.69;13518.76;5677.88;0.0;0.0;completed
ORD-0003394;2025-08-09;CUST_01473;+79997099881;user_1473_442@example.com;UrbanStyle;online_site;4;22830.33;4566.07;18264.26;7670.99;350.0;1330.03;completed
ORD-0000826;2025-08-10;CUST_00355;+79996663388;;UrbanStyle;online_app;3;24032.18;2403.22;21628.96;9084.16;250.0;0.0;completed
ORD-0000988;2025-08-10;CUST_00441;+79991218871;;SportActive;online_app;2;12745.34;637.27;12108.07;5811.87;250.0;0.0;completed
ORD-0001496;2025-08-10;CUST_00651;+79991912484;user_651_971@example.com;SportActive;offline_pos;1;8527.24;1705.45;6821.79;3274.46;0.0;0.0;completed
ORD-0001799;2025-08-10;CUST_00780;+79998696054;user_780_819@example.com;SportActive;offline_pos;4;39000.63;3900.06;35100.57;16848.27;0.0;0.0;completed
ORD-0002127;2025-08-10;CUST_00924;+79995573311;user_924_443@example.com;UrbanStyle;online_app;1;7490.48;0.0;7490.48;3146.0;250.0;1730.72;completed
ORD-0002606;2025-08-10;CUST_01123;+79998442822;;UrbanStyle;online_app;3;17345.2;3469.04;13876.16;5827.99;250.0;1051.89;completed
ORD-0003122;2025-08-10;CUST_01350;+79999086630;user_1350_120@example.com;UrbanStyle;online_app;1;5827.6;874.14;4953.46;2080.45;250.0;1489.82;completed
ORD-0003305;2025-08-10;CUST_01421;+79991001435;;UrbanStyle;offline_pos;3;14974.18;1497.42;13476.76;5660.24;0.0;0.0;completed
ORD-0000846;2025-08-11;CUST_00367;+79992599906;user_367_640@example.com;SportActive;online_site;3;25538.32;5107.66;20430.66;9806.72;350.0;1591.45;completed
ORD-0001140;2025-08-11;CUST_00503;+79993136551;;UrbanStyle;offline_pos;4;23339.99;4668.0;18671.99;7842.24;0.0;0.0;completed
ORD-0001717;2025-08-11;CUST_00741;+79996195254;user_741_455@example.com;SportActive;online_app;4;31592.45;4738.87;26853.58;12889.72;250.0;1444.28;completed
ORD-0002030;2025-08-11;CUST_00889;+79994962012;user_889_277@example.com;SportActive;offline_pos;2;19036.4;3807.28;15229.12;7309.98;0.0;983.46;completed
ORD-0000274;2025-08-12;CUST_00122;+79994840714;;SportActive;online_app;2;17872.26;0.0;17872.26;8578.68;250.0;0.0;completed
ORD-0000468;2025-08-12;CUST_00205;+79997639863;;UrbanStyle;offline_pos;2;10279.23;0.0;10279.23;4317.28;0.0;1344.53;completed
ORD-0001444;2025-08-12;CUST_00623;+79996245463;user_623_665@example.com;UrbanStyle;online_app;2;14617.34;0.0;14617.34;6139.28;250.0;0.0;completed
ORD-0001512;2025-08-12;CUST_00657;;user_657_998@example.com;UrbanStyle;online_site;2;15386.71;1538.67;13848.04;5816.18;350.0;1134.01;completed
ORD-0001748;2025-08-12;CUST_00760;;user_760_109@example.com;SportActive;online_site;1;9141.55;457.08;8684.47;4168.55;350.0;0.0;completed
ORD-0001908;2025-08-12;CUST_00829;+79998173194;user_829_514@example.com;SportActive;online_app;3;24015.1;2401.51;21613.59;10374.52;250.0;0.0;completed
ORD-0002116;2025-08-12;CUST_00919;+79993806547;user_919_315@example.com;UrbanStyle;online_site;3;18789.19;939.46;17849.73;7496.89;350.0;0.0;completed
ORD-0002479;2025-08-12;CUST_01075;+79992263679;user_1075_960@example.com;SportActive;online_app;4;38578.09;7715.62;30862.47;14813.99;250.0;1725.74;completed
ORD-0002777;2025-08-12;CUST_01207;+79993228175;user_1207_880@example.com;SportActive;online_site;2;13565.0;1356.5;12208.5;5860.08;350.0;0.0;completed
ORD-0002909;2025-08-12;CUST_01262;+79997001942;user_1262_418@example.com;UrbanStyle;online_site;4;21164.6;0.0;21164.6;8889.13;350.0;1181.35;completed
ORD-0003272;2025-08-12;CUST_01408;+79999647567;;SportActive;offline_pos;3;29249.4;2924.94;26324.46;12635.74;0.0;0.0;completed
ORD-0003420;2025-08-12;CUST_01481;;user_1481_615@example.com;SportActive;online_site;3;25413.27;3811.99;21601.28;10368.61;350.0;1052.15;completed
ORD-0000608;2025-08-13;CUST_00263;+79995871470;user_263_407@example.com;SportActive;online_app;1;8165.54;408.28;7757.26;3723.48;250.0;0.0;completed
ORD-0001485;2025-08-13;CUST_00645;+79991517059;user_645_585@example.com;UrbanStyle;online_app;1;5953.49;595.35;5358.14;2250.42;250.0;1521.04;completed
ORD-0003401;2025-08-13;CUST_01476;+79991904717;;SportActive;online_app;4;32753.87;1637.69;31116.18;14935.77;250.0;0.0;returned
ORD-0001708;2025-08-14;CUST_00738;;user_738_981@example.com;SportActive;online_app;2;16182.26;2427.34;13754.92;6602.36;250.0;0.0;completed
ORD-0002072;2025-08-14;CUST_00902;+79998327199;user_902_239@example.com;UrbanStyle;online_app;4;21795.17;3269.28;18525.89;7780.87;250.0;0.0;completed
ORD-0002226;2025-08-14;CUST_00962;;user_962_197@example.com;SportActive;online_app;4;30597.16;3059.72;27537.44;13217.97;250.0;0.0;completed
ORD-0000111;2025-08-15;CUST_00052;+79991162230;user_52_214@example.com;UrbanStyle;online_site;4;26987.53;0.0;26987.53;11334.76;350.0;1161.72;cancelled
ORD-0000181;2025-08-15;CUST_00076;+79999468772;;UrbanStyle;offline_pos;4;30927.62;3092.76;27834.86;11690.64;0.0;1014.71;completed
ORD-0001932;2025-08-15;CUST_00844;;user_844_350@example.com;SportActive;online_site;1;7521.96;1504.39;6017.57;2888.43;350.0;1696.13;completed
ORD-0002154;2025-08-15;CUST_00936;+79992223386;;UrbanStyle;online_site;2;11320.59;2264.12;9056.47;3803.72;350.0;1172.73;completed
ORD-0002332;2025-08-15;CUST_01008;+79999035971;;SportActive;online_app;1;9362.92;0.0;9362.92;4494.2;250.0;1610.54;completed
ORD-0002353;2025-08-15;CUST_01016;+79998110724;user_1016_846@example.com;SportActive;online_app;2;12934.73;1940.21;10994.52;5277.37;250.0;1682.68;cancelled
ORD-0002449;2025-08-15;CUST_01060;+79992283746;user_1060_776@example.com;UrbanStyle;online_app;4;28389.59;2838.96;25550.63;10731.26;250.0;0.0;completed
ORD-0002784;2025-08-15;CUST_01210;;user_1210_824@example.com;UrbanStyle;online_site;2;13583.16;679.16;12904.0;5419.68;350.0;1254.72;completed
ORD-0002891;2025-08-15;CUST_01255;;user_1255_542@example.com;UrbanStyle;online_app;3;23206.47;0.0;23206.47;9746.72;250.0;1376.44;completed
ORD-0003258;2025-08-15;CUST_01405;+79993429724;user_1405_314@example.com;UrbanStyle;online_site;3;22697.69;3404.65;19293.04;8103.08;350.0;1139.47;completed
ORD-0000152;2025-08-16;CUST_00068;+79996406444;user_68_576@example.com;UrbanStyle;offline_pos;3;22868.84;1143.44;21725.4;9124.67;0.0;0.0;completed
ORD-0000388;2025-08-16;CUST_00169;+79997084862;;UrbanStyle;online_site;2;10456.52;2091.3;8365.22;3513.39;350.0;1723.23;completed
ORD-0000567;2025-08-16;CUST_00244;+79992739191;user_244_890@example.com;UrbanStyle;online_app;3;17803.27;2670.49;15132.78;6355.77;250.0;0.0;completed
ORD-0001187;2025-08-16;CUST_00518;+79997668395;;UrbanStyle;online_site;4;22299.67;3344.95;18954.72;7960.98;350.0;0.0;completed
ORD-0002626;2025-08-16;CUST_01130;+79995576682;user_1130_676@example.com;SportActive;online_site;2;12812.58;0.0;12812.58;6150.04;350.0;0.0;completed
ORD-0002886;2025-08-16;CUST_01254;+79992090992;user_1254_901@example.com;UrbanStyle;online_site;2;13622.73;681.14;12941.59;5435.47;350.0;0.0;completed
ORD-0002908;2025-08-16;CUST_01261;+79991739385;;UrbanStyle;online_site;2;14948.62;747.43;14201.19;5964.5;350.0;1745.11;completed
ORD-0002942;2025-08-16;CUST_01272;+79995766421;;UrbanStyle;offline_pos;3;23109.51;3466.43;19643.08;8250.09;0.0;0.0;completed
ORD-0002975;2025-08-16;CUST_01285;;user_1285_685@example.com;UrbanStyle;online_site;3;20756.43;3113.46;17642.97;7410.05;350.0;0.0;completed
ORD-0000788;2025-08-17;CUST_00338;+79991816653;user_338_350@example.com;SportActive;offline_pos;4;37271.97;5590.8;31681.17;15206.96;0.0;1385.02;completed
ORD-0001392;2025-08-17;CUST_00600;+79991298116;user_600_205@example.com;UrbanStyle;online_app;2;12743.04;1911.46;10831.58;4549.26;250.0;1563.78;completed
ORD-0002151;2025-08-17;CUST_00934;+79994366669;user_934_724@example.com;UrbanStyle;offline_pos;4;23628.0;2362.8;21265.2;8931.38;0.0;0.0;completed
ORD-0002761;2025-08-17;CUST_01198;+79993307012;;UrbanStyle;offline_pos;1;6110.72;916.61;5194.11;2181.53;0.0;992.21;completed
ORD-0003034;2025-08-17;CUST_01310;;user_1310_926@example.com;SportActive;online_app;1;6981.77;1047.27;5934.5;2848.56;250.0;1450.0;completed
ORD-0003178;2025-08-17;CUST_01377;+79995169769;user_1377_477@example.com;UrbanStyle;online_site;1;7518.41;375.92;7142.49;2999.85;350.0;0.0;completed
ORD-0000891;2025-08-18;CUST_00394;+79997704473;user_394_870@example.com;UrbanStyle;online_app;4;28330.28;4249.54;24080.74;10113.91;250.0;0.0;completed
ORD-0001450;2025-08-18;CUST_00626;+79994136946;user_626_277@example.com;SportActive;online_app;3;28811.15;0.0;28811.15;13829.35;250.0;982.69;completed
ORD-0001763;2025-08-18;CUST_00768;+79999488562;user_768_488@example.com;UrbanStyle;online_site;4;27228.39;0.0;27228.39;11435.92;350.0;0.0;completed
ORD-0002335;2025-08-18;CUST_01010;+79995858036;;SportActive;offline_pos;1;8475.03;0.0;8475.03;4068.01;0.0;0.0;completed
ORD-0002618;2025-08-18;CUST_01129;+79993074573;user_1129_457@example.com;UrbanStyle;online_site;1;6704.97;1340.99;5363.98;2252.87;350.0;0.0;completed
ORD-0002755;2025-08-18;CUST_01195;+79993348331;user_1195_831@example.com;UrbanStyle;online_app;2;11492.43;2298.49;9193.94;3861.45;250.0;0.0;completed
ORD-0002869;2025-08-18;CUST_01248;+79996615431;;UrbanStyle;offline_pos;4;30336.23;3033.62;27302.61;11467.1;0.0;1438.24;returned
ORD-0000693;2025-08-19;CUST_00301;+79995993143;;SportActive;offline_pos;3;26005.88;2600.59;23405.29;11234.54;0.0;0.0;completed
ORD-0001482;2025-08-19;CUST_00642;+79991283383;user_642_498@example.com;SportActive;online_site;2;14207.67;2841.53;11366.14;5455.75;350.0;1680.72;completed
ORD-0001504;2025-08-19;CUST_00655;+79997115185;;SportActive;online_site;2;17900.7;1790.07;16110.63;7733.1;350.0;0.0;completed
ORD-0001664;2025-08-19;CUST_00721;+79994834713;;UrbanStyle;online_site;3;23631.22;4726.24;18904.98;7940.09;350.0;1024.95;completed
ORD-0001974;2025-08-19;CUST_00865;+79997535837;user_865_291@example.com;UrbanStyle;online_site;2;14362.58;2872.52;11490.06;4825.83;350.0;0.0;completed
ORD-0002187;2025-08-19;CUST_00947;+79996692259;;UrbanStyle;online_site;1;5166.9;775.03;4391.87;1844.59;350.0;1507.87;completed
ORD-0002452;2025-08-19;CUST_01063;+79998711752;user_1063_136@example.com;UrbanStyle;online_site;2;13499.3;2024.89;11474.41;4819.25;350.0;1073.72;completed
ORD-0002637;2025-08-19;CUST_01137;+79992186553;;UrbanStyle;online_app;1;7120.59;356.03;6764.56;2841.12;250.0;0.0;cancelled
ORD-0002826;2025-08-19;CUST_01230;;user_1230_315@example.com;SportActive;online_site;4;29720.5;2972.05;26748.45;12839.26;350.0;0.0;completed
ORD-0003072;2025-08-19;CUST_01320;;user_1320_169@example.com;SportActive;online_app;4;37847.07;5677.06;32170.01;15441.6;250.0;0.0;completed
ORD-0003119;2025-08-19;CUST_01349;+79998405061;;UrbanStyle;online_app;3;20380.78;1019.04;19361.74;8131.93;250.0;0.0;completed
ORD-0000171;2025-08-20;CUST_00074;+79999689889;;UrbanStyle;online_site;1;5267.99;263.4;5004.59;2101.93;350.0;0.0;completed
ORD-0000479;2025-08-20;CUST_00212;;user_212_393@example.com;UrbanStyle;offline_pos;3;20056.35;3008.45;17047.9;7160.12;0.0;956.81;completed
ORD-0001065;2025-08-20;CUST_00474;+79994400953;;UrbanStyle;online_app;3;15744.02;787.2;14956.82;6281.86;250.0;993.25;cancelled
ORD-0001441;2025-08-20;CUST_00621;+79997583389;;UrbanStyle;offline_pos;3;17125.22;0.0;17125.22;7192.59;0.0;1729.64;returned
ORD-0002293;2025-08-20;CUST_00991;+79993058722;user_991_581@example.com;SportActive;online_app;4;34338.99;5150.85;29188.14;14010.31;250.0;1546.89;completed
ORD-0002486;2025-08-20;CUST_01077;;user_1077_379@example.com;UrbanStyle;online_app;1;7666.85;1533.37;6133.48;2576.06;250.0;0.0;completed
ORD-0002854;2025-08-20;CUST_01241;;user_1241_612@example.com;SportActive;online_site;2;17150.66;1715.07;15435.59;7409.08;350.0;0.0;cancelled
ORD-0000202;2025-08-21;CUST_00087;+79997360682;user_87_384@example.com;SportActive;online_site;4;25875.31;2587.53;23287.78;11178.13;350.0;1135.44;completed
ORD-0000397;2025-08-21;CUST_00171;+79993874628;;SportActive;online_app;1;8413.04;1682.61;6730.43;3230.61;250.0;1485.25;completed
ORD-0000956;2025-08-21;CUST_00427;;user_427_989@example.com;SportActive;online_app;2;13774.2;0.0;13774.2;6611.62;250.0;1265.51;completed
ORD-0002468;2025-08-21;CUST_01071;+79998087921;;UrbanStyle;offline_pos;1;6542.0;981.3;5560.7;2335.49;0.0;0.0;completed
ORD-0002492;2025-08-21;CUST_01080;+79991312111;user_1080_742@example.com;SportActive;online_site;3;27767.09;2776.71;24990.38;11995.38;350.0;1680.16;completed
ORD-0002581;2025-08-21;CUST_01113;+79994766215;user_1113_830@example.com;UrbanStyle;online_site;3;15067.88;2260.18;12807.7;5379.23;350.0;1436.09;completed
ORD-0002666;2025-08-21;CUST_01150;+79995447210;user_1150_449@example.com;SportActive;online_app;3;26190.69;5238.14;20952.55;10057.22;250.0;1019.34;completed
ORD-0000356;2025-08-22;CUST_00155;+79995204819;;SportActive;online_app;4;35340.99;7068.2;28272.79;13570.94;250.0;0.0;completed
ORD-0000751;2025-08-22;CUST_00320;+79993679603;user_320_515@example.com;SportActive;online_site;4;29218.6;0.0;29218.6;14024.93;350.0;0.0;completed
ORD-0001883;2025-08-22;CUST_00819;+79999787997;user_819_238@example.com;UrbanStyle;online_site;2;9889.47;988.95;8900.52;3738.22;350.0;0.0;completed
ORD-0002427;2025-08-22;CUST_01050;;user_1050_331@example.com;SportActive;online_site;3;22814.61;3422.19;19392.42;9308.36;350.0;1117.81;completed
ORD-0003037;2025-08-22;CUST_01312;+79995990361;user_1312_500@example.com;SportActive;offline_pos;1;7669.85;1533.97;6135.88;2945.22;0.0;1309.3;returned
ORD-0003172;2025-08-22;CUST_01376;+79993329735;user_1376_126@example.com;SportActive;online_site;4;38284.07;7656.81;30627.26;14701.08;350.0;1246.36;completed
ORD-0003231;2025-08-22;CUST_01395;+79998727632;;UrbanStyle;offline_pos;2;11902.6;1785.39;10117.21;4249.23;0.0;0.0;completed
ORD-0003315;2025-08-22;CUST_01427;;user_1427_535@example.com;SportActive;offline_pos;1;7100.11;0.0;7100.11;3408.05;0.0;1106.84;completed
ORD-0000247;2025-08-23;CUST_00110;+79994093109;user_110_152@example.com;UrbanStyle;online_app;2;11474.47;1721.17;9753.3;4096.39;250.0;0.0;completed
ORD-0000574;2025-08-23;CUST_00247;+79994120898;;SportActive;offline_pos;2;15653.73;782.69;14871.04;7138.1;0.0;1368.46;completed
ORD-0000618;2025-08-23;CUST_00268;+79999679860;user_268_452@example.com;UrbanStyle;online_site;2;11183.31;1118.33;10064.98;4227.29;350.0;0.0;completed
ORD-0000650;2025-08-23;CUST_00283;+79996920597;;UrbanStyle;online_app;2;14909.21;2981.84;11927.37;5009.5;250.0;1007.98;completed
ORD-0001218;2025-08-23;CUST_00529;+79999767135;;SportActive;online_app;4;38710.06;5806.51;32903.55;15793.7;250.0;1346.05;completed
ORD-0001876;2025-08-23;CUST_00816;;user_816_794@example.com;SportActive;online_app;3;25831.99;3874.8;21957.19;10539.45;250.0;0.0;completed
ORD-0002325;2025-08-23;CUST_01006;+79999512910;;UrbanStyle;online_site;3;18559.27;0.0;18559.27;7794.89;350.0;1016.37;completed
ORD-0002424;2025-08-23;CUST_01048;+79999791397;;UrbanStyle;online_site;4;27638.02;0.0;27638.02;11607.97;350.0;0.0;completed
ORD-0002595;2025-08-23;CUST_01117;;user_1117_992@example.com;UrbanStyle;online_app;2;10370.65;0.0;10370.65;4355.67;250.0;1233.5;completed
ORD-0002712;2025-08-23;CUST_01174;+79992776570;user_1174_900@example.com;UrbanStyle;online_site;4;28650.95;2865.1;25785.85;10830.06;350.0;906.15;completed
ORD-0000341;2025-08-24;CUST_00149;+79998805654;;SportActive;online_site;1;7961.19;398.06;7563.13;3630.3;350.0;1242.37;completed
ORD-0000785;2025-08-24;CUST_00336;;user_336_132@example.com;SportActive;online_app;3;20768.04;3115.21;17652.83;8473.36;250.0;1454.15;completed
ORD-0001213;2025-08-24;CUST_00527;+79995326615;user_527_427@example.com;SportActive;online_site;2;16718.55;2507.78;14210.77;6821.17;350.0;0.0;completed
ORD-0001267;2025-08-24;CUST_00548;+79995620085;user_548_533@example.com;SportActive;online_site;2;14853.37;1485.34;13368.03;6416.65;350.0;0.0;completed
ORD-0001271;2025-08-24;CUST_00549;+79999734854;user_549_944@example.com;SportActive;online_site;3;25839.05;5167.81;20671.24;9922.2;350.0;1281.5;completed
ORD-0001697;2025-08-24;CUST_00736;;user_736_186@example.com;SportActive;offline_pos;3;22396.13;3359.42;19036.71;9137.62;0.0;0.0;completed
ORD-0001738;2025-08-24;CUST_00756;+79994497162;;UrbanStyle;online_app;4;29515.4;2951.54;26563.86;11156.82;250.0;977.41;cancelled
ORD-0001845;2025-08-24;CUST_00801;+79991406123;user_801_888@example.com;UrbanStyle;offline_pos;1;7468.36;373.42;7094.94;2979.87;0.0;0.0;completed
ORD-0002172;2025-08-24;CUST_00943;+79994407796;user_943_280@example.com;UrbanStyle;offline_pos;3;23799.32;3569.9;20229.42;8496.36;0.0;963.19;completed
ORD-0002684;2025-08-24;CUST_01159;+79995633780;;SportActive;online_site;4;30895.53;0.0;30895.53;14829.85;350.0;0.0;completed
ORD-0002798;2025-08-24;CUST_01219;;user_1219_364@example.com;UrbanStyle;offline_pos;3;16487.14;3297.43;13189.71;5539.68;0.0;0.0;completed
ORD-0000014;2025-08-25;CUST_00009;+79993728882;user_9_479@example.com;UrbanStyle;offline_pos;2;11699.76;584.99;11114.77;4668.2;0.0;0.0;completed
ORD-0000060;2025-08-25;CUST_00034;+79998434500;user_34_927@example.com;SportActive;online_site;3;20875.9;1043.8;19832.1;9519.41;350.0;1167.23;completed
ORD-0000328;2025-08-25;CUST_00144;+79994816586;user_144_864@example.com;UrbanStyle;online_site;3;19976.2;1997.62;17978.58;7551.0;350.0;0.0;completed
ORD-0001841;2025-08-25;CUST_00798;+79993187332;user_798_880@example.com;UrbanStyle;online_app;3;18261.68;1826.17;16435.51;6902.91;250.0;0.0;completed
ORD-0002590;2025-08-25;CUST_01115;+79994176986;user_1115_528@example.com;UrbanStyle;online_app;2;14852.54;1485.25;13367.29;5614.26;250.0;0.0;completed
ORD-0002643;2025-08-25;CUST_01138;+79997692721;;SportActive;online_site;3;23847.17;0.0;23847.17;11446.64;350.0;0.0;completed
ORD-0002938;2025-08-25;CUST_01271;;user_1271_746@example.com;UrbanStyle;online_app;1;5444.53;544.45;4900.08;2058.03;250.0;0.0;cancelled
ORD-0000474;2025-08-26;CUST_00209;+79998531380;user_209_797@example.com;SportActive;online_site;2;13640.59;682.03;12958.56;6220.11;350.0;1095.29;cancelled
ORD-0000813;2025-08-26;CUST_00348;+79994640933;user_348_590@example.com;UrbanStyle;online_app;4;26165.01;5233.0;20932.01;8791.44;250.0;0.0;completed
ORD-0002062;2025-08-26;CUST_00898;;user_898_131@example.com;SportActive;online_site;3;24540.46;0.0;24540.46;11779.42;350.0;0.0;completed
ORD-0003124;2025-08-26;CUST_01352;+79999067229;;UrbanStyle;offline_pos;2;15507.31;2326.1;13181.21;5536.11;0.0;1339.4;completed
ORD-0000321;2025-08-27;CUST_00142;+79992347467;user_142_972@example.com;UrbanStyle;online_site;4;19830.06;2974.51;16855.55;7079.33;350.0;0.0;returned
ORD-0000549;2025-08-27;CUST_00238;+79999980691;;SportActive;offline_pos;3;29438.33;4415.75;25022.58;12010.84;0.0;0.0;completed
ORD-0001358;2025-08-27;CUST_00585;+79992944497;user_585_197@example.com;SportActive;online_site;2;14377.3;718.87;13658.43;6556.05;350.0;0.0;completed
ORD-0002244;2025-08-27;CUST_00973;+79996764248;;UrbanStyle;online_site;3;23609.16;0.0;23609.16;9915.85;350.0;1260.37;completed
ORD-0000121;2025-08-28;CUST_00055;+79997817881;user_55_735@example.com;UrbanStyle;online_site;1;7427.34;1485.47;5941.87;2495.59;350.0;0.0;completed
ORD-0001530;2025-08-28;CUST_00663;+79995007754;;SportActive;online_app;2;19368.7;1936.87;17431.83;8367.28;250.0;0.0;completed
ORD-0001709;2025-08-28;CUST_00739;+79995570355;user_739_661@example.com;UrbanStyle;online_site;3;18353.02;2752.95;15600.07;6552.03;350.0;998.99;completed
ORD-0001760;2025-08-28;CUST_00767;+79993690116;user_767_170@example.com;UrbanStyle;online_app;4;26690.55;4003.58;22686.97;9528.53;250.0;1214.62;completed
ORD-0001819;2025-08-28;CUST_00790;+79999095563;user_790_277@example.com;UrbanStyle;online_app;2;13490.24;2023.54;11466.7;4816.01;250.0;0.0;completed
ORD-0002311;2025-08-28;CUST_01001;+79999981123;;UrbanStyle;online_app;3;17882.11;1788.21;16093.9;6759.44;250.0;0.0;completed
ORD-0002530;2025-08-28;CUST_01096;;user_1096_121@example.com;SportActive;online_site;4;26769.11;1338.46;25430.65;12206.71;350.0;0.0;completed
ORD-0002734;2025-08-28;CUST_01185;+79996105693;user_1185_838@example.com;SportActive;offline_pos;4;31526.43;4728.96;26797.47;12862.79;0.0;0.0;completed
ORD-0003200;2025-08-28;CUST_01384;+79992940765;user_1384_593@example.com;SportActive;online_site;3;28516.07;4277.41;24238.66;11634.56;350.0;1363.46;completed
ORD-0000068;2025-08-29;CUST_00037;+79998633773;user_37_392@example.com;UrbanStyle;online_app;3;21378.62;2137.86;19240.76;8081.12;250.0;0.0;completed
ORD-0000299;2025-08-29;CUST_00137;+79997328534;user_137_566@example.com;SportActive;online_site;4;36037.77;3603.78;32433.99;15568.32;350.0;0.0;completed
ORD-0001385;2025-08-29;CUST_00597;+79992256030;;UrbanStyle;offline_pos;4;29040.16;5808.03;23232.13;9757.49;0.0;1273.24;completed
ORD-0001736;2025-08-29;CUST_00754;+79995195637;;UrbanStyle;offline_pos;3;16174.67;3234.93;12939.74;5434.69;0.0;1027.79;completed
ORD-0002259;2025-08-29;CUST_00978;;user_978_643@example.com;UrbanStyle;online_site;4;20680.47;4136.09;16544.38;6948.64;350.0;1747.36;cancelled
ORD-0002458;2025-08-29;CUST_01066;;user_1066_157@example.com;UrbanStyle;online_app;2;11161.53;558.08;10603.45;4453.45;250.0;966.8;completed
ORD-0002482;2025-08-29;CUST_01076;;user_1076_511@example.com;UrbanStyle;online_site;4;30024.61;0.0;30024.61;12610.34;350.0;0.0;completed
ORD-0002490;2025-08-29;CUST_01079;+79994356734;user_1079_524@example.com;UrbanStyle;online_site;1;6490.69;0.0;6490.69;2726.09;350.0;0.0;completed
ORD-0002926;2025-08-29;CUST_01266;+79998841710;user_1266_714@example.com;UrbanStyle;offline_pos;1;7674.89;1534.98;6139.91;2578.76;0.0;0.0;cancelled
ORD-0000295;2025-08-30;CUST_00134;;user_134_295@example.com;SportActive;online_site;3;27552.53;5510.51;22042.02;10580.17;350.0;1578.22;completed
ORD-0001000;2025-08-30;CUST_00448;;user_448_701@example.com;UrbanStyle;online_site;2;12558.96;0.0;12558.96;5274.76;350.0;979.61;completed
ORD-0001110;2025-08-30;CUST_00490;+79995713268;;UrbanStyle;offline_pos;1;5261.04;1052.21;4208.83;1767.71;0.0;0.0;completed
ORD-0001915;2025-08-30;CUST_00832;+79997499457;;UrbanStyle;online_site;2;13202.38;0.0;13202.38;5545.0;350.0;0.0;completed
ORD-0002126;2025-08-30;CUST_00923;+79991688161;user_923_199@example.com;UrbanStyle;online_site;3;15180.8;2277.12;12903.68;5419.55;350.0;0.0;completed
ORD-0001251;2025-08-31;CUST_00543;;user_543_957@example.com;SportActive;online_site;4;34301.16;1715.06;32586.1;15641.33;350.0;949.84;completed
ORD-0001423;2025-08-31;CUST_00613;+79997924719;;UrbanStyle;online_site;1;5834.12;0.0;5834.12;2450.33;350.0;0.0;completed
ORD-0001669;2025-08-31;CUST_00723;+79999381860;;UrbanStyle;online_site;2;14256.43;1425.64;12830.79;5388.93;350.0;1287.26;completed
ORD-0002123;2025-08-31;CUST_00922;+79998293631;user_922_112@example.com;UrbanStyle;online_app;1;6458.18;645.82;5812.36;2441.19;250.0;995.72;completed
ORD-0002327;2025-08-31;CUST_01007;+79993467651;user_1007_918@example.com;UrbanStyle;online_app;3;23718.62;2371.86;21346.76;8965.64;250.0;1411.51;completed
ORD-0002436;2025-08-31;CUST_01055;;user_1055_842@example.com;UrbanStyle;online_site;1;6790.86;1018.63;5772.23;2424.34;350.0;0.0;completed
ORD-0002680;2025-08-31;CUST_01157;+79993557220;;SportActive;offline_pos;3;28003.97;0.0;28003.97;13441.91;0.0;990.67;completed
ORD-0002696;2025-08-31;CUST_01166;+79997044085;user_1166_915@example.com;UrbanStyle;offline_pos;2;13968.31;2095.25;11873.06;4986.69;0.0;0.0;completed
ORD-0002914;2025-08-31;CUST_01263;;user_1263_451@example.com;UrbanStyle;online_app;3;16551.18;2482.68;14068.5;5908.77;250.0;0.0;completed
ORD-0003358;2025-08-31;CUST_01452;+79996937335;user_1452_209@example.com;UrbanStyle;online_site;2;12831.9;1283.19;11548.71;4850.46;350.0;0.0;completed
ORD-0000370;2025-09-01;CUST_00159;+79993760597;user_159_363@example.com;SportActive;online_site;2;18947.88;1894.79;17053.09;8185.48;350.0;0.0;returned
ORD-0000452;2025-09-01;CUST_00195;+79992425342;user_195_153@example.com;UrbanStyle;offline_pos;3;31539.0;3153.9;28385.1;11921.74;0.0;0.0;returned
ORD-0000720;2025-09-01;CUST_00309;+79995819172;;UrbanStyle;online_app;4;38399.59;1919.98;36479.61;15321.44;250.0;1459.06;completed
ORD-0000845;2025-09-01;CUST_00366;+79996542047;;UrbanStyle;online_site;1;9567.58;0.0;9567.58;4018.38;350.0;945.52;completed
ORD-0000935;2025-09-01;CUST_00415;+79995843084;user_415_272@example.com;SportActive;online_app;1;9834.67;1966.93;7867.74;3776.52;250.0;0.0;completed
ORD-0001634;2025-09-01;CUST_00710;+79995514342;;UrbanStyle;online_app;2;19920.37;996.02;18924.35;7948.23;250.0;1303.43;completed
ORD-0002487;2025-09-01;CUST_01078;;user_1078_767@example.com;SportActive;online_site;3;38572.39;0.0;38572.39;18514.75;350.0;1152.93;cancelled
ORD-0003041;2025-09-01;CUST_01313;+79998249042;;UrbanStyle;offline_pos;2;20790.31;3118.55;17671.76;7422.14;0.0;0.0;completed
ORD-0003179;2025-09-01;CUST_01378;+79991052497;user_1378_753@example.com;SportActive;online_site;1;11628.82;2325.76;9303.06;4465.47;350.0;1794.23;completed
ORD-0003190;2025-09-01;CUST_01381;+79992685367;user_1381_851@example.com;UrbanStyle;offline_pos;2;17108.98;855.45;16253.53;6826.48;0.0;1535.09;completed
ORD-0003327;2025-09-01;CUST_01434;+79992602904;user_1434_641@example.com;UrbanStyle;online_app;3;29796.71;2979.67;26817.04;11263.16;250.0;0.0;cancelled
ORD-0000192;2025-09-02;CUST_00082;;user_82_871@example.com;UrbanStyle;online_app;3;29294.38;1464.72;27829.66;11688.46;250.0;1554.63;completed
ORD-0001650;2025-09-02;CUST_00716;+79996826541;;UrbanStyle;offline_pos;4;30071.94;1503.6;28568.34;11998.7;0.0;1639.82;completed
ORD-0001903;2025-09-02;CUST_00825;;user_825_580@example.com;SportActive;online_site;4;44024.98;2201.25;41823.73;20075.39;350.0;1537.35;cancelled
ORD-0002291;2025-09-02;CUST_00989;+79994519758;user_989_871@example.com;SportActive;online_app;2;20663.48;0.0;20663.48;9918.47;250.0;1522.13;completed
ORD-0002541;2025-09-02;CUST_01099;;user_1099_361@example.com;UrbanStyle;online_app;1;9647.03;482.35;9164.68;3849.17;250.0;0.0;completed
ORD-0002658;2025-09-02;CUST_01145;+79996040020;user_1145_961@example.com;UrbanStyle;online_site;1;10523.86;526.19;9997.67;4199.02;350.0;1034.37;completed
ORD-0003333;2025-09-02;CUST_01437;+79999616197;user_1437_830@example.com;UrbanStyle;online_site;1;9479.04;473.95;9005.09;3782.14;350.0;1036.3;completed
ORD-0000871;2025-09-03;CUST_00386;+79996354241;;SportActive;offline_pos;2;26635.43;1331.77;25303.66;12145.76;0.0;1543.26;completed
ORD-0001103;2025-09-03;CUST_00487;;user_487_240@example.com;SportActive;online_site;1;8926.52;1785.3;7141.22;3427.79;350.0;1020.44;completed
ORD-0001156;2025-09-03;CUST_00510;+79994784650;user_510_266@example.com;UrbanStyle;online_site;1;10280.23;0.0;10280.23;4317.7;350.0;1736.37;completed
ORD-0002386;2025-09-03;CUST_01028;+79992288937;user_1028_626@example.com;UrbanStyle;online_app;3;26318.14;0.0;26318.14;11053.62;250.0;0.0;completed
ORD-0002398;2025-09-03;CUST_01035;+79993332267;user_1035_936@example.com;SportActive;online_site;2;26394.69;0.0;26394.69;12669.45;350.0;1646.2;completed
ORD-0002573;2025-09-03;CUST_01109;+79994051595;user_1109_502@example.com;SportActive;online_site;3;31418.27;4712.74;26705.53;12818.65;350.0;0.0;completed
ORD-0003406;2025-09-03;CUST_01477;+79994194945;user_1477_297@example.com;UrbanStyle;online_app;2;13096.41;1309.64;11786.77;4950.44;250.0;0.0;completed
ORD-0000108;2025-09-04;CUST_00050;+79991852264;user_50_194@example.com;SportActive;online_site;2;19512.37;1951.24;17561.13;8429.34;350.0;0.0;returned
ORD-0000535;2025-09-04;CUST_00234;+79994767135;;UrbanStyle;online_site;3;30049.08;6009.82;24039.26;10096.49;350.0;0.0;completed
ORD-0001560;2025-09-04;CUST_00677;+79991312392;user_677_999@example.com;SportActive;online_site;2;25599.99;0.0;25599.99;12288.0;350.0;0.0;completed
ORD-0001643;2025-09-04;CUST_00714;+79995609255;;SportActive;offline_pos;2;25866.24;0.0;25866.24;12415.8;0.0;1612.39;completed
ORD-0001983;2025-09-04;CUST_00868;+79992553639;user_868_554@example.com;UrbanStyle;online_app;3;24911.73;2491.17;22420.56;9416.64;250.0;0.0;cancelled
ORD-0000317;2025-09-05;CUST_00141;+79993589751;user_141_176@example.com;UrbanStyle;online_app;3;23400.19;4680.04;18720.15;7862.46;250.0;0.0;completed
ORD-0000682;2025-09-05;CUST_00297;;user_297_993@example.com;SportActive;online_app;1;11980.92;1198.09;10782.83;5175.76;250.0;0.0;completed
ORD-0001171;2025-09-05;CUST_00513;;user_513_721@example.com;UrbanStyle;online_app;3;25346.23;5069.25;20276.98;8516.33;250.0;915.27;completed
ORD-0001620;2025-09-05;CUST_00706;+79998698199;user_706_797@example.com;UrbanStyle;online_site;3;23185.05;2318.51;20866.54;8763.95;350.0;1699.34;completed
ORD-0002067;2025-09-05;CUST_00901;+79993106365;user_901_237@example.com;UrbanStyle;online_site;4;27353.33;5470.67;21882.66;9190.72;350.0;0.0;completed
ORD-0002340;2025-09-05;CUST_01011;+79994283564;;UrbanStyle;offline_pos;4;27416.74;4112.51;23304.23;9787.78;0.0;0.0;completed
ORD-0002605;2025-09-05;CUST_01122;+79998853160;user_1122_235@example.com;UrbanStyle;online_app;4;32605.06;4890.76;27714.3;11640.01;250.0;0.0;completed
ORD-0003023;2025-09-05;CUST_01308;+79998965487;user_1308_262@example.com;SportActive;online_site;1;12488.88;1248.89;11239.99;5395.2;350.0;0.0;completed
ORD-0000581;2025-09-06;CUST_00248;+79998942330;user_248_359@example.com;UrbanStyle;online_site;4;40442.88;6066.43;34376.45;14438.11;350.0;0.0;completed
ORD-0001909;2025-09-06;CUST_00829;;user_829_514@example.com;SportActive;online_site;2;25792.32;1289.62;24502.7;11761.3;350.0;0.0;completed
ORD-0002101;2025-09-06;CUST_00914;;user_914_971@example.com;SportActive;online_app;2;16494.9;0.0;16494.9;7917.55;250.0;1312.38;completed
ORD-0002269;2025-09-06;CUST_00981;;user_981_265@example.com;SportActive;online_site;2;23609.13;4721.83;18887.3;9065.9;350.0;0.0;completed
ORD-0002323;2025-09-06;CUST_01005;+79999368459;;SportActive;online_site;1;12644.12;1896.62;10747.5;5158.8;350.0;0.0;completed
ORD-0002369;2025-09-06;CUST_01022;+79998927925;user_1022_227@example.com;SportActive;online_site;3;35505.14;3550.51;31954.63;15338.22;350.0;0.0;completed
ORD-0002681;2025-09-06;CUST_01158;+79995070650;user_1158_306@example.com;UrbanStyle;online_site;1;9112.29;1366.84;7745.45;3253.09;350.0;1157.66;completed
ORD-0000175;2025-09-07;CUST_00075;+79999910914;;UrbanStyle;offline_pos;2;15670.56;1567.06;14103.5;5923.47;0.0;0.0;completed
ORD-0000256;2025-09-07;CUST_00112;;user_112_354@example.com;UrbanStyle;online_site;2;14252.37;2850.47;11401.9;4788.8;350.0;0.0;completed
ORD-0001141;2025-09-07;CUST_00503;+79993136551;user_503_281@example.com;SportActive;online_site;3;30113.0;0.0;30113.0;14454.24;350.0;0.0;completed
ORD-0001842;2025-09-07;CUST_00799;+79999795418;user_799_352@example.com;UrbanStyle;offline_pos;2;18525.67;3705.13;14820.54;6224.63;0.0;1393.34;completed
ORD-0002093;2025-09-07;CUST_00911;;user_911_271@example.com;UrbanStyle;online_site;2;15654.06;0.0;15654.06;6574.71;350.0;0.0;completed
ORD-0002213;2025-09-07;CUST_00958;+79994160272;;SportActive;offline_pos;4;53083.5;10616.7;42466.8;20384.06;0.0;1101.15;completed
ORD-0002457;2025-09-07;CUST_01065;+79999230125;user_1065_775@example.com;UrbanStyle;online_app;2;17854.25;892.71;16961.54;7123.85;250.0;1536.42;completed
ORD-0003382;2025-09-07;CUST_01465;+79998200092;;UrbanStyle;online_site;3;23043.75;1152.19;21891.56;9194.46;350.0;0.0;completed
ORD-0001224;2025-09-08;CUST_00531;+79995799841;;SportActive;online_site;3;26050.99;1302.55;24748.44;11879.25;350.0;0.0;completed
ORD-0001341;2025-09-08;CUST_00580;;user_580_140@example.com;UrbanStyle;online_site;2;18361.24;3672.25;14688.99;6169.38;350.0;0.0;completed
ORD-0002046;2025-09-08;CUST_00895;+79996109503;user_895_545@example.com;SportActive;online_app;1;9511.62;951.16;8560.46;4109.02;250.0;0.0;completed
ORD-0002443;2025-09-08;CUST_01058;+79993258353;user_1058_130@example.com;UrbanStyle;online_site;1;7108.55;0.0;7108.55;2985.59;350.0;1360.35;completed
ORD-0003199;2025-09-08;CUST_01383;;user_1383_408@example.com;SportActive;online_site;2;22310.24;2231.02;20079.22;9638.03;350.0;0.0;completed
ORD-0000127;2025-09-09;CUST_00057;+79995163555;;SportActive;offline_pos;4;38476.53;1923.83;36552.7;17545.3;0.0;0.0;completed
ORD-0000281;2025-09-09;CUST_00125;;user_125_441@example.com;UrbanStyle;online_app;2;18072.15;3614.43;14457.72;6072.24;250.0;1288.38;completed
ORD-0001181;2025-09-09;CUST_00516;+79998174037;user_516_189@example.com;UrbanStyle;online_app;2;17552.23;2632.83;14919.4;6266.15;250.0;1732.15;completed
ORD-0001782;2025-09-09;CUST_00775;+79998852729;;SportActive;offline_pos;4;50030.1;7504.51;42525.59;20412.28;0.0;1715.5;completed
ORD-0001787;2025-09-09;CUST_00777;;user_777_179@example.com;SportActive;online_site;3;37368.25;3736.83;33631.42;16143.08;350.0;0.0;completed
ORD-0002419;2025-09-09;CUST_01047;+79999627700;user_1047_333@example.com;UrbanStyle;online_app;1;7993.57;1598.71;6394.86;2685.84;250.0;0.0;completed
ORD-0002550;2025-09-09;CUST_01102;+79996582152;user_1102_834@example.com;UrbanStyle;online_app;3;29471.35;0.0;29471.35;12377.97;250.0;948.04;returned
ORD-0000125;2025-09-10;CUST_00056;+79993970445;user_56_522@example.com;UrbanStyle;online_site;4;31969.27;3196.93;28772.34;12084.38;350.0;0.0;completed
ORD-0000385;2025-09-10;CUST_00166;+79994818006;;UrbanStyle;online_site;3;29599.58;0.0;29599.58;12431.82;350.0;1722.75;completed
ORD-0000774;2025-09-10;CUST_00329;+79992225232;user_329_146@example.com;SportActive;offline_pos;2;22942.59;1147.13;21795.46;10461.82;0.0;0.0;completed
ORD-0001128;2025-09-10;CUST_00496;+79991636925;;UrbanStyle;online_site;3;29561.05;1478.05;28083.0;11794.86;350.0;905.65;completed
ORD-0001170;2025-09-10;CUST_00512;+79992562037;user_512_446@example.com;UrbanStyle;online_site;3;30330.53;4549.58;25780.95;10828.0;350.0;0.0;completed
ORD-0001175;2025-09-10;CUST_00514;;user_514_813@example.com;UrbanStyle;online_site;4;38109.38;5716.41;32392.97;13605.05;350.0;0.0;completed
ORD-0001744;2025-09-10;CUST_00758;+79994334029;user_758_469@example.com;SportActive;online_site;2;21871.34;0.0;21871.34;10498.24;350.0;0.0;completed
ORD-0002318;2025-09-10;CUST_01003;+79997202069;user_1003_288@example.com;UrbanStyle;offline_pos;4;34116.24;1705.81;32410.43;13612.38;0.0;0.0;completed
ORD-0002849;2025-09-10;CUST_01240;+79994507886;user_1240_107@example.com;SportActive;online_site;3;37461.34;5619.2;31842.14;15284.23;350.0;1769.49;completed
ORD-0003060;2025-09-10;CUST_01316;+79993033912;user_1316_477@example.com;UrbanStyle;online_site;2;18125.28;2718.79;15406.49;6470.73;350.0;1154.75;completed
ORD-0000528;2025-09-11;CUST_00230;+79993321942;user_230_993@example.com;UrbanStyle;online_site;1;8217.23;1643.45;6573.78;2760.99;350.0;0.0;completed
ORD-0000661;2025-09-11;CUST_00289;+79993299088;;SportActive;offline_pos;1;9877.81;1975.56;7902.25;3793.08;0.0;0.0;completed
ORD-0001758;2025-09-11;CUST_00765;;user_765_596@example.com;SportActive;online_site;4;34445.72;0.0;34445.72;16533.95;350.0;0.0;completed
ORD-0002614;2025-09-11;CUST_01128;;user_1128_826@example.com;UrbanStyle;online_app;1;6719.83;671.98;6047.85;2540.1;250.0;1203.59;completed
ORD-0002657;2025-09-11;CUST_01144;+79992408784;user_1144_397@example.com;UrbanStyle;online_site;4;30971.02;0.0;30971.02;13007.83;350.0;1767.73;completed
ORD-0002688;2025-09-11;CUST_01163;+79998521651;;UrbanStyle;offline_pos;1;7278.96;363.95;6915.01;2904.3;0.0;1291.28;completed
ORD-0002868;2025-09-11;CUST_01247;+79994767293;user_1247_148@example.com;UrbanStyle;online_app;3;25130.13;0.0;25130.13;10554.65;250.0;1754.04;completed
ORD-0002956;2025-09-11;CUST_01278;+79991775026;;SportActive;online_app;4;47895.82;9579.16;38316.66;18392.0;250.0;0.0;completed
ORD-0003341;2025-09-11;CUST_01441;+79992512308;user_1441_749@example.com;UrbanStyle;online_site;1;7139.92;1070.99;6068.93;2548.95;350.0;0.0;completed
ORD-0003445;2025-09-11;CUST_01496;+79993954644;;UrbanStyle;online_app;3;28500.21;0.0;28500.21;11970.09;250.0;1788.97;completed
ORD-0000586;2025-09-12;CUST_00251;+79995474830;user_251_920@example.com;UrbanStyle;online_site;4;32037.97;1601.9;30436.07;12783.15;350.0;1316.97;completed
ORD-0000827;2025-09-12;CUST_00355;+79996663388;;UrbanStyle;online_app;2;18814.85;3762.97;15051.88;6321.79;250.0;0.0;completed
ORD-0000932;2025-09-12;CUST_00414;;user_414_184@example.com;UrbanStyle;online_site;1;6892.32;1378.46;5513.86;2315.82;350.0;0.0;completed
ORD-0002843;2025-09-12;CUST_01236;;user_1236_959@example.com;SportActive;online_app;1;9616.96;1442.54;8174.42;3923.72;250.0;0.0;completed
ORD-0002965;2025-09-12;CUST_01280;+79999203901;user_1280_314@example.com;SportActive;online_app;4;34188.46;3418.85;30769.61;14769.41;250.0;0.0;completed
ORD-0000994;2025-09-13;CUST_00446;+79991202450;;SportActive;online_app;1;9551.31;1910.26;7641.05;3667.7;250.0;1639.06;returned
ORD-0001326;2025-09-13;CUST_00574;+79999971338;user_574_738@example.com;UrbanStyle;online_site;3;19785.13;0.0;19785.13;8309.75;350.0;0.0;completed
ORD-0001473;2025-09-13;CUST_00636;+79999167227;user_636_144@example.com;UrbanStyle;online_site;3;28420.31;2842.03;25578.28;10742.88;350.0;0.0;completed
ORD-0002076;2025-09-13;CUST_00905;+79999417612;;UrbanStyle;online_app;2;15339.87;766.99;14572.88;6120.61;250.0;1264.97;completed
ORD-0002278;2025-09-13;CUST_00983;;user_983_820@example.com;SportActive;online_app;1;11653.43;1748.01;9905.42;4754.6;250.0;0.0;completed
ORD-0002720;2025-09-13;CUST_01177;+79997102492;;SportActive;online_site;4;50087.2;7513.08;42574.12;20435.58;350.0;1681.54;completed
ORD-0003105;2025-09-13;CUST_01339;+79994429016;;SportActive;offline_pos;4;35921.4;7184.28;28737.12;13793.82;0.0;1216.8;completed
ORD-0000701;2025-09-14;CUST_00303;+79997370211;user_303_504@example.com;SportActive;online_site;1;10087.91;2017.58;8070.33;3873.76;350.0;0.0;completed
ORD-0000852;2025-09-14;CUST_00370;+79997682298;user_370_178@example.com;UrbanStyle;offline_pos;4;39113.97;0.0;39113.97;16427.87;0.0;0.0;completed
ORD-0000898;2025-09-14;CUST_00397;+79999099554;;UrbanStyle;offline_pos;2;14002.67;2800.53;11202.14;4704.9;0.0;1525.24;completed
ORD-0001152;2025-09-14;CUST_00506;+79992488575;;SportActive;online_site;1;11321.07;1132.11;10188.96;4890.7;350.0;0.0;completed
ORD-0001764;2025-09-14;CUST_00768;+79999488562;;SportActive;offline_pos;4;45898.24;0.0;45898.24;22031.16;0.0;0.0;completed
ORD-0001867;2025-09-14;CUST_00814;+79995323142;;SportActive;online_site;3;33959.97;5094.0;28865.97;13855.67;350.0;1659.18;completed
ORD-0001984;2025-09-14;CUST_00869;+79999111313;user_869_850@example.com;SportActive;offline_pos;4;45788.77;0.0;45788.77;21978.61;0.0;1129.04;completed
ORD-0002619;2025-09-14;CUST_01129;+79993074573;user_1129_457@example.com;UrbanStyle;online_site;2;14818.36;2963.67;11854.69;4978.97;350.0;0.0;completed
ORD-0003225;2025-09-14;CUST_01394;+79993119085;user_1394_632@example.com;UrbanStyle;online_site;4;36851.83;7370.37;29481.46;12382.21;350.0;0.0;returned
ORD-0000018;2025-09-15;CUST_00011;+79994684531;user_11_801@example.com;UrbanStyle;online_app;1;7665.0;383.25;7281.75;3058.34;250.0;0.0;returned
ORD-0000080;2025-09-15;CUST_00040;+79991954280;user_40_620@example.com;UrbanStyle;online_site;3;28685.62;4302.84;24382.78;10240.77;350.0;971.79;completed
ORD-0000839;2025-09-15;CUST_00362;;user_362_209@example.com;SportActive;online_site;1;13192.78;0.0;13192.78;6332.53;350.0;1317.11;completed
ORD-0001484;2025-09-15;CUST_00644;;user_644_408@example.com;SportActive;online_site;3;32205.15;0.0;32205.15;15458.47;350.0;1444.18;completed
ORD-0002661;2025-09-15;CUST_01148;;user_1148_573@example.com;UrbanStyle;online_app;4;41337.93;4133.79;37204.14;15625.74;250.0;1349.21;completed
ORD-0002814;2025-09-15;CUST_01225;+79995113127;;SportActive;offline_pos;1;12472.61;623.63;11848.98;5687.51;0.0;0.0;completed
ORD-0003299;2025-09-15;CUST_01419;;user_1419_768@example.com;UrbanStyle;online_site;3;23041.82;0.0;23041.82;9677.56;350.0;0.0;completed
ORD-0000006;2025-09-16;CUST_00003;+79998038374;user_3_325@example.com;SportActive;online_site;1;10047.53;0.0;10047.53;4822.81;350.0;1706.03;completed
ORD-0000657;2025-09-16;CUST_00287;+79992993318;user_287_231@example.com;SportActive;online_site;4;36918.94;3691.89;33227.05;15948.98;350.0;1655.52;completed
ORD-0002413;2025-09-16;CUST_01044;+79991234617;;UrbanStyle;online_app;3;28651.78;1432.59;27219.19;11432.06;250.0;991.81;completed
ORD-0002417;2025-09-16;CUST_01046;+79994105895;user_1046_550@example.com;SportActive;offline_pos;1;9580.58;479.03;9101.55;4368.74;0.0;1295.9;completed
ORD-0003330;2025-09-16;CUST_01435;+79991804690;user_1435_274@example.com;UrbanStyle;offline_pos;3;22829.26;1141.46;21687.8;9108.88;0.0;0.0;completed
ORD-0000512;2025-09-17;CUST_00224;+79999833734;user_224_138@example.com;SportActive;online_app;3;35514.74;5327.21;30187.53;14490.01;250.0;1082.43;completed
ORD-0001521;2025-09-17;CUST_00660;;user_660_887@example.com;UrbanStyle;online_site;3;22793.85;0.0;22793.85;9573.42;350.0;1621.29;completed
ORD-0001614;2025-09-17;CUST_00704;+79995142269;;UrbanStyle;online_app;3;28413.71;0.0;28413.71;11933.76;250.0;1585.28;returned
ORD-0002713;2025-09-17;CUST_01174;+79992776570;user_1174_900@example.com;SportActive;online_site;3;33307.51;6661.5;26646.01;12790.08;350.0;0.0;completed
ORD-0002943;2025-09-17;CUST_01272;+79995766421;;UrbanStyle;online_site;3;29000.7;0.0;29000.7;12180.29;350.0;0.0;completed
ORD-0002999;2025-09-17;CUST_01297;+79998007639;user_1297_314@example.com;UrbanStyle;offline_pos;2;13443.07;2688.61;10754.46;4516.87;0.0;0.0;completed
ORD-0000340;2025-09-18;CUST_00148;+79993401116;;UrbanStyle;online_app;2;16447.3;1644.73;14802.57;6217.08;250.0;0.0;completed
ORD-0000632;2025-09-18;CUST_00270;;user_270_268@example.com;UrbanStyle;online_site;1;10530.5;526.52;10003.98;4201.67;350.0;0.0;completed
ORD-0002801;2025-09-18;CUST_01221;+79992930745;user_1221_375@example.com;UrbanStyle;offline_pos;3;30943.56;4641.53;26302.03;11046.85;0.0;1202.6;completed
ORD-0003137;2025-09-18;CUST_01357;+79997177044;user_1357_813@example.com;UrbanStyle;online_site;3;28366.58;1418.33;26948.25;11318.26;350.0;1504.77;completed
ORD-0003152;2025-09-18;CUST_01363;+79992491048;user_1363_211@example.com;SportActive;online_site;4;48558.99;9711.8;38847.19;18646.65;350.0;0.0;completed
ORD-0003238;2025-09-18;CUST_01396;+79995754542;user_1396_249@example.com;SportActive;offline_pos;2;25456.67;2545.67;22911.0;10997.28;0.0;0.0;completed
ORD-0003281;2025-09-18;CUST_01413;+79999044647;user_1413_380@example.com;SportActive;online_app;1;11122.9;556.14;10566.76;5072.04;250.0;1353.39;completed
ORD-0003335;2025-09-18;CUST_01438;+79997210098;user_1438_824@example.com;SportActive;online_app;3;36320.61;7264.12;29056.49;13947.12;250.0;0.0;completed
ORD-0000154;2025-09-19;CUST_00069;+79993846949;user_69_774@example.com;UrbanStyle;online_site;2;15477.63;3095.53;12382.1;5200.48;350.0;1089.69;completed
ORD-0000737;2025-09-19;CUST_00315;;user_315_835@example.com;UrbanStyle;online_site;3;29856.49;2985.65;26870.84;11285.75;350.0;0.0;completed
ORD-0001024;2025-09-19;CUST_00459;+79993799805;user_459_476@example.com;UrbanStyle;online_app;1;8508.41;425.42;8082.99;3394.86;250.0;1717.59;completed
ORD-0001604;2025-09-19;CUST_00699;+79993843451;;SportActive;online_app;4;44899.87;2244.99;42654.88;20474.34;250.0;1454.32;completed
ORD-0001609;2025-09-19;CUST_00701;+79994360650;user_701_630@example.com;UrbanStyle;online_site;2;19082.91;954.15;18128.76;7614.08;350.0;0.0;completed
ORD-0001646;2025-09-19;CUST_00715;+79993151610;;UrbanStyle;offline_pos;2;15447.92;3089.58;12358.34;5190.5;0.0;1199.62;completed
ORD-0001685;2025-09-19;CUST_00729;+79992315459;user_729_490@example.com;UrbanStyle;online_app;1;9809.01;980.9;8828.11;3707.81;250.0;1047.3;completed
ORD-0001975;2025-09-19;CUST_00865;+79997535837;user_865_291@example.com;UrbanStyle;offline_pos;3;30043.76;3004.38;27039.38;11356.54;0.0;0.0;completed
ORD-0003389;2025-09-19;CUST_01470;+79992846415;;UrbanStyle;online_app;3;20760.19;1038.01;19722.18;8283.32;250.0;1328.22;completed
ORD-0000818;2025-09-20;CUST_00352;+79998876742;user_352_879@example.com;SportActive;online_site;2;16981.06;849.05;16132.01;7743.36;350.0;1720.49;completed
ORD-0001262;2025-09-20;CUST_00546;;user_546_885@example.com;SportActive;online_site;1;12332.17;1233.22;11098.95;5327.5;350.0;1350.54;completed
ORD-0001427;2025-09-20;CUST_00614;+79996266549;user_614_828@example.com;SportActive;online_app;2;19442.73;0.0;19442.73;9332.51;250.0;1196.56;completed
ORD-0001492;2025-09-20;CUST_00650;+79998181112;;SportActive;online_app;4;41415.08;4141.51;37273.57;17891.31;250.0;1412.26;cancelled
ORD-0001619;2025-09-20;CUST_00705;+79995196677;;UrbanStyle;offline_pos;1;9538.71;0.0;9538.71;4006.26;0.0;1688.55;completed
ORD-0001629;2025-09-20;CUST_00709;+79996737688;;UrbanStyle;online_site;4;41694.44;2084.72;39609.72;16636.08;350.0;0.0;completed
ORD-0002651;2025-09-20;CUST_01141;;user_1141_587@example.com;UrbanStyle;online_site;3;24684.3;1234.22;23450.08;9849.03;350.0;1305.15;completed
ORD-0002656;2025-09-20;CUST_01143;+79994761958;user_1143_763@example.com;SportActive;online_app;1;8633.71;1726.74;6906.97;3315.35;250.0;1317.73;completed
ORD-0000048;2025-09-21;CUST_00029;+79994594297;user_29_652@example.com;UrbanStyle;online_site;1;9340.98;1401.15;7939.83;3334.73;350.0;1272.65;completed
ORD-0000649;2025-09-21;CUST_00282;+79999344488;user_282_123@example.com;UrbanStyle;online_app;4;30143.74;6028.75;24114.99;10128.3;250.0;1347.91;completed
ORD-0001059;2025-09-21;CUST_00470;+79995694689;;UrbanStyle;online_app;3;20842.11;4168.42;16673.69;7002.95;250.0;0.0;completed
ORD-0002164;2025-09-21;CUST_00939;+79999021848;user_939_546@example.com;UrbanStyle;online_site;4;26253.1;2625.31;23627.79;9923.67;350.0;1496.36;completed
ORD-0002511;2025-09-21;CUST_01090;+79993358208;user_1090_341@example.com;UrbanStyle;online_site;4;41638.27;2081.91;39556.36;16613.67;350.0;0.0;completed
ORD-0002711;2025-09-21;CUST_01173;+79991845941;;SportActive;online_site;3;33499.25;0.0;33499.25;16079.64;350.0;1638.56;completed
ORD-0003361;2025-09-21;CUST_01454;+79999177419;user_1454_107@example.com;UrbanStyle;offline_pos;1;7648.68;382.43;7266.25;3051.82;0.0;1112.83;completed
ORD-0000676;2025-09-22;CUST_00293;+79991447065;user_293_711@example.com;UrbanStyle;online_site;2;20748.15;3112.22;17635.93;7407.09;350.0;0.0;completed
ORD-0001020;2025-09-22;CUST_00456;+79993801173;user_456_480@example.com;UrbanStyle;online_site;2;14584.21;0.0;14584.21;6125.37;350.0;1000.33;completed
ORD-0001162;2025-09-22;CUST_00511;+79992756994;user_511_175@example.com;SportActive;online_site;4;36888.5;3688.85;33199.65;15935.83;350.0;0.0;completed
ORD-0001547;2025-09-22;CUST_00670;+79994739628;user_670_628@example.com;UrbanStyle;online_app;2;17197.2;1719.72;15477.48;6500.54;250.0;1137.07;completed
ORD-0002073;2025-09-22;CUST_00902;+79998327199;user_902_239@example.com;UrbanStyle;online_site;3;22215.38;4443.08;17772.3;7464.37;350.0;0.0;completed
ORD-0003295;2025-09-22;CUST_01418;+79994018851;user_1418_105@example.com;UrbanStyle;online_site;1;8447.74;0.0;8447.74;3548.05;350.0;0.0;completed
ORD-0003402;2025-09-22;CUST_01476;+79993341165;;UrbanStyle;online_app;2;19325.37;966.27;18359.1;7710.82;250.0;0.0;completed
ORD-0000664;2025-09-23;CUST_00290;+79999648751;user_290_243@example.com;SportActive;online_site;3;32182.19;4827.33;27354.86;13130.33;350.0;1761.75;cancelled
ORD-0001365;2025-09-23;CUST_00588;+79997471232;user_588_806@example.com;UrbanStyle;online_app;4;34504.58;5175.69;29328.89;12318.13;250.0;0.0;completed
ORD-0001462;2025-09-23;CUST_00632;+79999900294;user_632_586@example.com;SportActive;online_app;4;47070.33;4707.03;42363.3;20334.38;250.0;0.0;completed
ORD-0002054;2025-09-23;CUST_00896;+79999563491;user_896_513@example.com;UrbanStyle;online_app;4;26072.95;2607.3;23465.65;9855.57;250.0;0.0;returned
ORD-0002336;2025-09-23;CUST_01010;+79993764314;;SportActive;offline_pos;3;31952.25;3195.23;28757.02;13803.37;0.0;0.0;completed
ORD-0002918;2025-09-23;CUST_01264;+79991961630;user_1264_343@example.com;SportActive;offline_pos;4;41869.68;0.0;41869.68;20097.45;0.0;1053.57;returned
ORD-0003310;2025-09-23;CUST_01422;;user_1422_555@example.com;UrbanStyle;online_site;2;14915.16;0.0;14915.16;6264.37;350.0;1604.11;completed
ORD-0000164;2025-09-24;CUST_00073;+79991093026;;SportActive;offline_pos;1;11170.3;0.0;11170.3;5361.74;0.0;0.0;completed
ORD-0001062;2025-09-24;CUST_00471;+79998691649;user_471_865@example.com;UrbanStyle;online_site;1;9716.31;971.63;8744.68;3672.77;350.0;1450.79;completed
ORD-0001920;2025-09-24;CUST_00834;+79999673311;user_834_245@example.com;UrbanStyle;online_site;3;21886.03;0.0;21886.03;9192.13;350.0;0.0;completed
ORD-0002108;2025-09-24;CUST_00917;;user_917_451@example.com;SportActive;online_app;4;36409.99;0.0;36409.99;17476.8;250.0;0.0;cancelled
ORD-0002121;2025-09-24;CUST_00921;;user_921_339@example.com;UrbanStyle;online_app;4;27582.7;1379.14;26203.56;11005.5;250.0;0.0;cancelled
ORD-0002131;2025-09-24;CUST_00926;;user_926_420@example.com;UrbanStyle;online_site;3;27959.1;1397.95;26561.15;11155.68;350.0;1125.96;completed
ORD-0003038;2025-09-24;CUST_01312;+79995990361;user_1312_500@example.com;SportActive;online_site;3;36830.55;7366.11;29464.44;14142.93;350.0;0.0;returned
ORD-0003215;2025-09-24;CUST_01391;+79999912808;;SportActive;online_site;2;22369.97;3355.5;19014.47;9126.95;350.0;0.0;completed
ORD-0003318;2025-09-24;CUST_01429;;user_1429_719@example.com;UrbanStyle;online_app;2;19391.39;3878.28;15513.11;6515.51;250.0;0.0;completed
ORD-0000087;2025-09-25;CUST_00043;+79996271130;;UrbanStyle;offline_pos;2;18646.59;0.0;18646.59;7831.57;0.0;1774.59;returned
ORD-0000778;2025-09-25;CUST_00332;+79997333337;user_332_484@example.com;UrbanStyle;online_app;3;19812.72;2971.91;16840.81;7073.14;250.0;0.0;completed
ORD-0002128;2025-09-25;CUST_00924;+79995573311;user_924_443@example.com;UrbanStyle;online_app;3;20346.42;3051.96;17294.46;7263.67;250.0;0.0;completed
ORD-0002403;2025-09-25;CUST_01036;+79996111753;user_1036_129@example.com;SportActive;online_site;1;12568.66;1256.87;11311.79;5429.66;350.0;1505.88;completed
ORD-0002785;2025-09-25;CUST_01210;+79993778554;user_1210_824@example.com;UrbanStyle;online_site;3;28159.12;2815.91;25343.21;10644.15;350.0;0.0;completed
ORD-0000679;2025-09-26;CUST_00295;+79997378535;user_295_251@example.com;SportActive;online_site;2;16941.52;847.08;16094.44;7725.33;350.0;1385.12;completed
ORD-0000731;2025-09-26;CUST_00314;+79999459284;user_314_579@example.com;UrbanStyle;online_app;2;17224.95;861.25;16363.7;6872.75;250.0;1193.2;completed
ORD-0000746;2025-09-26;CUST_00319;+79991191859;user_319_367@example.com;UrbanStyle;online_site;1;10307.54;1030.75;9276.79;3896.25;350.0;0.0;completed
ORD-0001023;2025-09-26;CUST_00458;;user_458_690@example.com;UrbanStyle;online_site;2;13974.31;0.0;13974.31;5869.21;350.0;1443.79;completed
ORD-0002453;2025-09-26;CUST_01063;+79998711752;;UrbanStyle;offline_pos;3;29379.76;4406.96;24972.8;10488.58;0.0;0.0;completed
ORD-0002476;2025-09-26;CUST_01073;+79999193298;;UrbanStyle;online_site;3;25537.31;5107.46;20429.85;8580.54;350.0;0.0;completed
ORD-0002927;2025-09-26;CUST_01266;;user_1266_714@example.com;UrbanStyle;online_site;4;36368.1;3636.81;32731.29;13747.14;350.0;0.0;completed
ORD-0003125;2025-09-26;CUST_01352;+79999067229;user_1352_173@example.com;UrbanStyle;online_site;2;17615.0;0.0;17615.0;7398.3;350.0;0.0;completed
ORD-0003388;2025-09-26;CUST_01469;+79994882711;user_1469_327@example.com;UrbanStyle;online_site;2;13800.71;2070.11;11730.6;4926.85;350.0;1576.86;completed
ORD-0000038;2025-09-27;CUST_00022;+79996159230;user_22_345@example.com;UrbanStyle;online_site;3;23673.29;4734.66;18938.63;7954.22;350.0;0.0;completed
ORD-0000413;2025-09-27;CUST_00177;+79999060167;;SportActive;online_site;1;12544.84;0.0;12544.84;6021.52;350.0;1497.16;completed
ORD-0000556;2025-09-27;CUST_00242;+79999516493;user_242_667@example.com;UrbanStyle;online_site;1;7525.93;1128.89;6397.04;2686.76;350.0;1631.8;completed
ORD-0000686;2025-09-27;CUST_00299;+79998711874;user_299_645@example.com;UrbanStyle;online_site;4;30666.74;6133.35;24533.39;10304.02;350.0;1719.23;returned
ORD-0001044;2025-09-27;CUST_00466;+79995069884;user_466_575@example.com;UrbanStyle;online_app;2;13489.11;0.0;13489.11;5665.43;250.0;0.0;completed
ORD-0001353;2025-09-27;CUST_00584;+79993931009;;UrbanStyle;online_app;4;28730.04;2873.0;25857.04;10859.96;250.0;0.0;completed
ORD-0002173;2025-09-27;CUST_00943;;user_943_280@example.com;UrbanStyle;online_app;2;13170.55;658.53;12512.02;5255.05;250.0;0.0;completed
ORD-0002289;2025-09-27;CUST_00987;+79997147725;;UrbanStyle;offline_pos;4;35582.3;7116.46;28465.84;11955.65;0.0;0.0;completed
ORD-0000294;2025-09-28;CUST_00133;;user_133_822@example.com;UrbanStyle;online_app;4;37645.15;7529.03;30116.12;12648.77;250.0;0.0;completed
ORD-0000575;2025-09-28;CUST_00247;+79993951849;;SportActive;online_app;3;33024.56;4953.68;28070.88;13474.02;250.0;0.0;completed
ORD-0000783;2025-09-28;CUST_00334;;user_334_954@example.com;UrbanStyle;offline_pos;4;37827.43;7565.49;30261.94;12710.01;0.0;987.64;completed
ORD-0001252;2025-09-28;CUST_00543;+79993743303;user_543_957@example.com;UrbanStyle;online_app;4;27408.32;0.0;27408.32;11511.49;250.0;0.0;completed
ORD-0001651;2025-09-28;CUST_00716;+79996826541;;UrbanStyle;online_site;3;30651.16;3065.12;27586.04;11586.14;350.0;0.0;completed
ORD-0002469;2025-09-28;CUST_01071;+79998087921;;UrbanStyle;offline_pos;3;22609.14;3391.37;19217.77;8071.46;0.0;0.0;completed
ORD-0002792;2025-09-28;CUST_01216;+79992923417;user_1216_201@example.com;UrbanStyle;online_app;3;22139.52;3320.93;18818.59;7903.81;250.0;961.45;completed
ORD-0000335;2025-09-29;CUST_00147;+79994020853;user_147_274@example.com;UrbanStyle;online_site;2;18284.86;0.0;18284.86;7679.64;350.0;1063.51;completed
ORD-0000711;2025-09-29;CUST_00307;+79992681042;;UrbanStyle;online_app;3;21132.23;0.0;21132.23;8875.54;250.0;968.63;completed
ORD-0001072;2025-09-29;CUST_00476;+79996172545;;SportActive;online_site;1;9341.96;1868.39;7473.57;3587.31;350.0;0.0;completed
ORD-0001116;2025-09-29;CUST_00491;+79994905100;user_491_263@example.com;UrbanStyle;online_app;1;6865.82;1373.16;5492.66;2306.92;250.0;1301.86;completed
ORD-0000671;2025-09-30;CUST_00292;+79998967375;user_292_935@example.com;UrbanStyle;offline_pos;3;21846.64;1092.33;20754.31;8716.81;0.0;1110.8;returned
ORD-0001660;2025-09-30;CUST_00718;+79992690268;user_718_433@example.com;UrbanStyle;online_site;4;30579.07;6115.81;24463.26;10274.57;350.0;0.0;completed
ORD-0001901;2025-09-30;CUST_00824;+79991437625;;UrbanStyle;online_app;3;24396.85;0.0;24396.85;10246.68;250.0;0.0;completed
ORD-0001912;2025-09-30;CUST_00830;;user_830_637@example.com;SportActive;online_app;2;26146.38;5229.28;20917.1;10040.21;250.0;0.0;completed
ORD-0002039;2025-09-30;CUST_00894;+79998502096;user_894_300@example.com;UrbanStyle;online_site;2;21030.39;0.0;21030.39;8832.76;350.0;1017.01;completed
ORD-0002296;2025-09-30;CUST_00992;+79997176462;;SportActive;offline_pos;1;8873.01;443.65;8429.36;4046.09;0.0;1304.56;completed
ORD-0002735;2025-09-30;CUST_01185;+79996105693;user_1185_838@example.com;SportActive;online_app;2;24495.8;4899.16;19596.64;9406.39;250.0;0.0;completed
ORD-0003321;2025-09-30;CUST_01431;;user_1431_167@example.com;UrbanStyle;online_site;4;41239.62;0.0;41239.62;17320.64;350.0;1138.55;completed
ORD-0000185;2025-10-01;CUST_00077;+79995348512;user_77_869@example.com;UrbanStyle;online_app;2;17132.92;3426.58;13706.34;5756.66;250.0;0.0;completed
ORD-0000248;2025-10-01;CUST_00110;+79994093109;user_110_152@example.com;UrbanStyle;online_app;4;35535.84;3553.58;31982.26;13432.55;250.0;0.0;completed
ORD-0000322;2025-10-01;CUST_00143;+79999186400;user_143_993@example.com;UrbanStyle;online_site;3;19737.41;986.87;18750.54;7875.23;350.0;1087.75;completed
ORD-0000521;2025-10-01;CUST_00228;;user_228_955@example.com;UrbanStyle;online_site;3;26184.24;3927.64;22256.6;9347.77;350.0;1370.81;completed
ORD-0001051;2025-10-01;CUST_00468;+79991160974;user_468_443@example.com;UrbanStyle;online_app;2;14894.55;744.73;14149.82;5942.92;250.0;0.0;returned
ORD-0001292;2025-10-01;CUST_00556;+79997014583;user_556_619@example.com;UrbanStyle;online_site;2;18425.44;3685.09;14740.35;6190.95;350.0;1676.25;completed
ORD-0001731;2025-10-01;CUST_00750;;user_750_388@example.com;UrbanStyle;online_site;1;6678.17;1001.73;5676.44;2384.1;350.0;1537.96;completed
ORD-0002673;2025-10-01;CUST_01152;;user_1152_113@example.com;UrbanStyle;online_site;1;6779.13;677.91;6101.22;2562.51;350.0;1345.46;cancelled
ORD-0003007;2025-10-01;CUST_01302;;user_1302_683@example.com;SportActive;online_app;2;20741.07;1037.05;19704.02;9457.93;250.0;1582.89;completed
ORD-0003091;2025-10-01;CUST_01333;+79999381494;user_1333_204@example.com;UrbanStyle;offline_pos;4;29013.23;1450.66;27562.57;11576.28;0.0;0.0;completed
ORD-0003265;2025-10-01;CUST_01407;+79993822312;user_1407_157@example.com;UrbanStyle;online_app;2;20740.47;4148.09;16592.38;6968.8;250.0;0.0;completed
ORD-0003367;2025-10-01;CUST_01458;+79991530269;user_1458_264@example.com;UrbanStyle;online_app;1;9918.61;991.86;8926.75;3749.23;250.0;0.0;completed
ORD-0003413;2025-10-01;CUST_01479;+79994216305;;UrbanStyle;offline_pos;1;7192.78;359.64;6833.14;2869.92;0.0;1640.5;completed
ORD-0000132;2025-10-02;CUST_00061;+79995382463;;UrbanStyle;online_site;4;38281.98;5742.3;32539.68;13666.67;350.0;1730.14;returned
ORD-0001142;2025-10-02;CUST_00503;+79993136551;user_503_281@example.com;SportActive;online_app;1;9890.64;989.06;8901.58;4272.76;250.0;0.0;completed
ORD-0001200;2025-10-02;CUST_00523;+79994953417;user_523_587@example.com;UrbanStyle;online_app;3;28694.24;2869.42;25824.82;10846.42;250.0;1000.7;completed
ORD-0001371;2025-10-02;CUST_00590;;user_590_594@example.com;SportActive;online_site;2;20684.72;4136.94;16547.78;7942.93;350.0;0.0;returned
ORD-0001389;2025-10-02;CUST_00599;;user_599_686@example.com;UrbanStyle;offline_pos;4;38398.85;7679.77;30719.08;12902.01;0.0;0.0;completed
ORD-0001751;2025-10-02;CUST_00763;+79994903632;;UrbanStyle;online_site;3;19799.51;2969.93;16829.58;7068.42;350.0;1691.19;completed
ORD-0001967;2025-10-02;CUST_00863;;user_863_439@example.com;UrbanStyle;online_site;2;20656.94;2065.69;18591.25;7808.32;350.0;1257.9;completed
ORD-0002009;2025-10-02;CUST_00879;;user_879_283@example.com;UrbanStyle;online_app;4;35114.86;3511.49;31603.37;13273.42;250.0;0.0;completed
ORD-0002068;2025-10-02;CUST_00901;+79993106365;user_901_237@example.com;UrbanStyle;online_app;4;30918.94;0.0;30918.94;12985.95;250.0;0.0;completed
ORD-0002193;2025-10-02;CUST_00949;;user_949_173@example.com;SportActive;online_site;4;50121.55;10024.31;40097.24;19246.68;350.0;1165.43;completed
ORD-0002349;2025-10-02;CUST_01014;+79996786800;;UrbanStyle;online_app;4;26452.01;3967.8;22484.21;9443.37;250.0;0.0;returned
ORD-0002803;2025-10-02;CUST_01222;+79991081973;;SportActive;online_app;3;33441.25;0.0;33441.25;16051.8;250.0;0.0;completed
ORD-0002892;2025-10-02;CUST_01255;;user_1255_542@example.com;UrbanStyle;online_app;4;38882.3;5832.35;33049.95;13880.98;250.0;0.0;completed
ORD-0002959;2025-10-02;CUST_01279;+79995146852;;SportActive;online_site;1;8724.67;436.23;8288.44;3978.45;350.0;1186.58;completed
ORD-0003017;2025-10-02;CUST_01307;;user_1307_986@example.com;UrbanStyle;online_site;2;18210.07;2731.51;15478.56;6501.0;350.0;1713.19;completed
ORD-0003064;2025-10-02;CUST_01319;+79991180143;;UrbanStyle;offline_pos;3;21523.76;4304.75;17219.01;7231.98;0.0;0.0;completed
ORD-0000799;2025-10-03;CUST_00344;+79995042775;user_344_969@example.com;UrbanStyle;online_site;3;19795.25;989.76;18805.49;7898.31;350.0;0.0;completed
ORD-0000926;2025-10-03;CUST_00411;+79993906397;user_411_668@example.com;SportActive;online_app;4;44239.62;8847.92;35391.7;16988.02;250.0;1707.94;completed
ORD-0001088;2025-10-03;CUST_00481;;user_481_481@example.com;SportActive;online_app;3;30964.02;6192.8;24771.22;11890.19;250.0;0.0;completed
ORD-0001774;2025-10-03;CUST_00770;+79999347489;;SportActive;online_app;3;36895.54;3689.55;33205.99;15938.88;250.0;1795.07;cancelled
ORD-0002855;2025-10-03;CUST_01241;;user_1241_612@example.com;UrbanStyle;online_app;3;22432.1;4486.42;17945.68;7537.19;250.0;0.0;completed
ORD-0003287;2025-10-03;CUST_01417;+79993081873;user_1417_871@example.com;SportActive;online_app;2;20548.8;1027.44;19521.36;9370.25;250.0;1303.78;completed
ORD-0000782;2025-10-04;CUST_00333;;user_333_221@example.com;UrbanStyle;online_site;4;27747.24;2774.72;24972.52;10488.46;350.0;1082.07;completed
ORD-0001178;2025-10-04;CUST_00515;+79994985398;user_515_198@example.com;UrbanStyle;offline_pos;4;41958.19;0.0;41958.19;17622.44;0.0;974.7;completed
ORD-0002007;2025-10-04;CUST_00878;+79998897632;;SportActive;online_app;1;13280.85;1992.13;11288.72;5418.59;250.0;1291.94;completed
ORD-0002230;2025-10-04;CUST_00963;+79994491484;user_963_383@example.com;UrbanStyle;online_site;2;16151.72;807.59;15344.13;6444.53;350.0;1033.75;completed
ORD-0002381;2025-10-04;CUST_01026;+79996363359;;UrbanStyle;online_site;1;10429.37;0.0;10429.37;4380.34;350.0;0.0;completed
ORD-0002451;2025-10-04;CUST_01062;+79991530135;user_1062_540@example.com;SportActive;online_site;4;47450.3;7117.55;40332.75;19359.72;350.0;901.14;completed
ORD-0002523;2025-10-04;CUST_01095;+79995133011;user_1095_384@example.com;SportActive;online_site;1;13119.66;2623.93;10495.73;5037.95;350.0;0.0;completed
ORD-0000694;2025-10-05;CUST_00301;+79995993143;;SportActive;online_app;2;21685.55;3252.83;18432.72;8847.71;250.0;0.0;completed
ORD-0000716;2025-10-05;CUST_00308;+79993649811;;UrbanStyle;offline_pos;1;6973.33;348.67;6624.66;2782.36;0.0;0.0;completed
ORD-0000775;2025-10-05;CUST_00330;+79992157949;;UrbanStyle;offline_pos;2;17437.73;3487.55;13950.18;5859.08;0.0;1741.08;completed
ORD-0000842;2025-10-05;CUST_00364;+79994789255;;UrbanStyle;online_app;4;26482.37;0.0;26482.37;11122.6;250.0;0.0;completed
ORD-0001759;2025-10-05;CUST_00766;+79994131076;;UrbanStyle;online_site;3;28931.51;0.0;28931.51;12151.23;350.0;1546.56;completed
ORD-0001878;2025-10-05;CUST_00818;;user_818_694@example.com;UrbanStyle;online_site;3;30483.88;6096.78;24387.1;10242.58;350.0;1291.17;completed
ORD-0002579;2025-10-05;CUST_01112;+79991236808;user_1112_835@example.com;UrbanStyle;online_site;1;9849.76;984.98;8864.78;3723.21;350.0;0.0;completed
ORD-0002897;2025-10-05;CUST_01257;;user_1257_564@example.com;UrbanStyle;online_app;3;26862.11;2686.21;24175.9;10153.88;250.0;0.0;completed
ORD-0000122;2025-10-06;CUST_00055;;user_55_735@example.com;UrbanStyle;online_app;1;7504.27;0.0;7504.27;3151.79;250.0;0.0;completed
ORD-0000329;2025-10-06;CUST_00144;+79994816586;user_144_864@example.com;UrbanStyle;online_site;3;31165.88;3116.59;28049.29;11780.7;350.0;0.0;completed
ORD-0000392;2025-10-06;CUST_00170;+79992015861;;UrbanStyle;offline_pos;4;32736.04;6547.21;26188.83;10999.31;0.0;1798.54;completed
ORD-0000493;2025-10-06;CUST_00217;;user_217_795@example.com;UrbanStyle;online_site;2;20638.5;1031.92;19606.58;8234.76;350.0;0.0;completed
ORD-0000848;2025-10-06;CUST_00369;+79996276177;;SportActive;online_app;4;51849.85;7777.48;44072.37;21154.74;250.0;1604.99;completed
ORD-0001108;2025-10-06;CUST_00489;;user_489_429@example.com;UrbanStyle;online_app;1;7218.17;360.91;6857.26;2880.05;250.0;984.93;completed
ORD-0002152;2025-10-06;CUST_00934;+79994366669;;UrbanStyle;offline_pos;1;6949.51;0.0;6949.51;2918.79;0.0;0.0;completed
ORD-0002227;2025-10-06;CUST_00962;;user_962_197@example.com;SportActive;online_app;1;10139.39;2027.88;8111.51;3893.52;250.0;0.0;completed
ORD-0002743;2025-10-06;CUST_01187;+79998417942;user_1187_814@example.com;UrbanStyle;online_app;2;16726.42;1672.64;15053.78;6322.59;250.0;1067.32;completed
ORD-0000347;2025-10-07;CUST_00150;+79995177495;;UrbanStyle;offline_pos;2;17587.21;879.36;16707.85;7017.3;0.0;0.0;completed
ORD-0000364;2025-10-07;CUST_00158;+79994368777;user_158_235@example.com;UrbanStyle;online_site;1;7307.13;730.71;6576.42;2762.1;350.0;0.0;completed
ORD-0000868;2025-10-07;CUST_00384;;user_384_550@example.com;UrbanStyle;online_app;2;15160.59;2274.09;12886.5;5412.33;250.0;0.0;completed
ORD-0001589;2025-10-07;CUST_00692;+79997679508;;UrbanStyle;offline_pos;2;13383.43;2007.51;11375.92;4777.89;0.0;0.0;completed
ORD-0001858;2025-10-07;CUST_00806;+79999103837;user_806_737@example.com;SportActive;online_site;1;12798.43;1919.76;10878.67;5221.76;350.0;935.04;completed
ORD-0002460;2025-10-07;CUST_01067;+79995772070;user_1067_428@example.com;UrbanStyle;online_site;4;31902.25;6380.45;25521.8;10719.16;350.0;0.0;completed
ORD-0002782;2025-10-07;CUST_01209;+79996687440;user_1209_653@example.com;UrbanStyle;online_site;1;7204.03;360.2;6843.83;2874.41;350.0;0.0;completed
ORD-0000351;2025-10-08;CUST_00152;+79995953150;;UrbanStyle;offline_pos;4;38390.66;7678.13;30712.53;12899.26;0.0;0.0;completed
ORD-0000412;2025-10-08;CUST_00176;+79995452128;;UrbanStyle;online_app;2;15971.26;798.56;15172.7;6372.53;250.0;0.0;completed
ORD-0000882;2025-10-08;CUST_00392;+79998017921;user_392_656@example.com;UrbanStyle;online_site;2;13812.57;2762.51;11050.06;4641.03;350.0;0.0;completed
ORD-0000962;2025-10-08;CUST_00430;+79999142618;user_430_907@example.com;UrbanStyle;online_app;2;18414.72;0.0;18414.72;7734.18;250.0;943.33;completed
ORD-0002560;2025-10-08;CUST_01104;+79991458871;user_1104_880@example.com;UrbanStyle;online_app;4;39731.61;3973.16;35758.45;15018.55;250.0;1007.19;cancelled
ORD-0002609;2025-10-08;CUST_01124;+79995746702;;UrbanStyle;offline_pos;4;36849.67;7369.93;29479.74;12381.49;0.0;0.0;returned
ORD-0000285;2025-10-09;CUST_00127;+79995803038;;UrbanStyle;online_site;4;28550.73;1427.54;27123.19;11391.74;350.0;1260.05;cancelled
ORD-0000300;2025-10-09;CUST_00137;+79997328534;;SportActive;offline_pos;2;16687.05;834.35;15852.7;7609.3;0.0;0.0;completed
ORD-0000989;2025-10-09;CUST_00441;+79993201179;;SportActive;online_app;2;23748.63;3562.29;20186.34;9689.44;250.0;0.0;completed
ORD-0001214;2025-10-09;CUST_00527;;user_527_427@example.com;UrbanStyle;online_app;3;28999.34;1449.97;27549.37;11570.74;250.0;0.0;completed
ORD-0001393;2025-10-09;CUST_00601;+79993646355;;SportActive;online_site;1;9257.02;1851.4;7405.62;3554.7;350.0;1382.01;completed
ORD-0001499;2025-10-09;CUST_00652;+79995876342;user_652_787@example.com;UrbanStyle;online_app;1;9183.41;0.0;9183.41;3857.03;250.0;1196.59;completed
ORD-0001570;2025-10-09;CUST_00685;+79997396087;user_685_458@example.com;UrbanStyle;online_site;3;20263.76;2026.38;18237.38;7659.7;350.0;0.0;completed
ORD-0002763;2025-10-09;CUST_01199;+79998103845;user_1199_550@example.com;SportActive;online_site;2;24069.69;2406.97;21662.72;10398.11;350.0;0.0;completed
ORD-0002957;2025-10-09;CUST_01278;+79991775026;;SportActive;offline_pos;2;24087.0;2408.7;21678.3;10405.58;0.0;0.0;completed
ORD-0003383;2025-10-09;CUST_01465;+79998200092;;UrbanStyle;offline_pos;2;19920.88;0.0;19920.88;8366.77;0.0;0.0;completed
ORD-0000010;2025-10-10;CUST_00007;;user_7_691@example.com;UrbanStyle;online_site;2;14477.71;2171.66;12306.05;5168.54;350.0;1217.35;completed
ORD-0000611;2025-10-10;CUST_00266;;user_266_167@example.com;UrbanStyle;online_site;2;14213.28;0.0;14213.28;5969.58;350.0;1154.23;completed
ORD-0000621;2025-10-10;CUST_00269;+79993164813;;UrbanStyle;online_site;2;20500.1;4100.02;16400.08;6888.03;350.0;1100.61;completed
ORD-0000636;2025-10-10;CUST_00272;+79999950276;user_272_195@example.com;SportActive;online_site;3;34574.02;5186.1;29387.92;14106.2;350.0;1574.76;cancelled
ORD-0000838;2025-10-10;CUST_00361;+79995609384;;UrbanStyle;offline_pos;4;34389.55;6877.91;27511.64;11554.89;0.0;911.82;completed
ORD-0001527;2025-10-10;CUST_00661;+79998920589;user_661_769@example.com;UrbanStyle;online_site;1;9493.37;949.34;8544.03;3588.49;350.0;1550.31;completed
ORD-0002075;2025-10-10;CUST_00904;+79994787304;user_904_290@example.com;UrbanStyle;online_app;1;9045.09;0.0;9045.09;3798.94;250.0;1410.86;cancelled
ORD-0002333;2025-10-10;CUST_01009;+79998771699;;SportActive;online_app;2;16663.64;3332.73;13330.91;6398.84;250.0;1027.35;completed
ORD-0002707;2025-10-10;CUST_01171;+79994759700;;UrbanStyle;online_site;4;31628.27;0.0;31628.27;13283.87;350.0;0.0;completed
ORD-0000103;2025-10-11;CUST_00049;+79994533779;user_49_834@example.com;UrbanStyle;offline_pos;4;27832.37;5566.47;22265.9;9351.68;0.0;1555.39;cancelled
ORD-0000824;2025-10-11;CUST_00354;+79998005797;user_354_402@example.com;UrbanStyle;online_site;3;21646.67;0.0;21646.67;9091.6;350.0;1156.01;completed
ORD-0000862;2025-10-11;CUST_00379;;user_379_432@example.com;SportActive;offline_pos;4;46423.96;0.0;46423.96;22283.5;0.0;1140.42;completed
ORD-0000991;2025-10-11;CUST_00443;;user_443_897@example.com;SportActive;online_site;1;9965.23;1993.05;7972.18;3826.65;350.0;1107.73;completed
ORD-0001333;2025-10-11;CUST_00576;+79994492198;;UrbanStyle;offline_pos;2;19134.81;956.74;18178.07;7634.79;0.0;0.0;completed
ORD-0001412;2025-10-11;CUST_00610;+79999102253;user_610_620@example.com;SportActive;online_site;3;25246.19;2524.62;22721.57;10906.35;350.0;1100.08;completed
ORD-0002270;2025-10-11;CUST_00981;;user_981_265@example.com;UrbanStyle;online_app;3;30523.19;6104.64;24418.55;10255.79;250.0;0.0;completed
ORD-0000095;2025-10-12;CUST_00045;+79994683937;;UrbanStyle;online_app;1;6715.87;0.0;6715.87;2820.67;250.0;0.0;completed
ORD-0000236;2025-10-12;CUST_00102;+79999234615;user_102_558@example.com;UrbanStyle;online_app;2;20076.17;1003.81;19072.36;8010.39;250.0;974.54;completed
ORD-0000752;2025-10-12;CUST_00320;+79993679603;;SportActive;offline_pos;1;12954.38;1943.16;11011.22;5285.39;0.0;0.0;completed
ORD-0002817;2025-10-12;CUST_01226;+79998795567;;SportActive;online_app;1;10082.98;504.15;9578.83;4597.84;250.0;1535.08;completed
ORD-0002991;2025-10-12;CUST_01294;+79991199493;user_1294_583@example.com;SportActive;offline_pos;4;52060.62;7809.09;44251.53;21240.73;0.0;0.0;completed
ORD-0003284;2025-10-12;CUST_01416;+79999893395;user_1416_600@example.com;UrbanStyle;online_app;2;20049.57;3007.44;17042.13;7157.69;250.0;1270.72;completed
ORD-0000389;2025-10-13;CUST_00169;+79997084862;;SportActive;online_app;4;34924.33;3492.43;31431.9;15087.31;250.0;0.0;completed
ORD-0000453;2025-10-13;CUST_00195;+79992425342;user_195_153@example.com;UrbanStyle;online_app;1;10533.64;526.68;10006.96;4202.92;250.0;0.0;completed
ORD-0001016;2025-10-13;CUST_00452;+79992109227;user_452_417@example.com;SportActive;offline_pos;1;8353.69;0.0;8353.69;4009.77;0.0;0.0;completed
ORD-0001225;2025-10-13;CUST_00531;+79995799841;;SportActive;online_app;1;13173.87;658.69;12515.18;6007.29;250.0;0.0;completed
ORD-0001359;2025-10-13;CUST_00585;+79992944497;;SportActive;offline_pos;2;20318.8;0.0;20318.8;9753.02;0.0;0.0;completed
ORD-0002094;2025-10-13;CUST_00911;+79995852112;user_911_271@example.com;UrbanStyle;online_site;4;26879.76;5375.95;21503.81;9031.6;350.0;0.0;completed
ORD-0002598;2025-10-13;CUST_01119;;user_1119_340@example.com;UrbanStyle;online_app;1;6635.74;663.57;5972.17;2508.31;250.0;1611.05;completed
ORD-0003055;2025-10-13;CUST_01315;+79992119776;user_1315_814@example.com;SportActive;online_site;3;32556.32;6511.26;26045.06;12501.63;350.0;0.0;completed
ORD-0003120;2025-10-13;CUST_01349;+79998405061;;UrbanStyle;online_app;1;9582.15;479.11;9103.04;3823.28;250.0;0.0;completed
ORD-0000153;2025-10-14;CUST_00068;;user_68_576@example.com;UrbanStyle;online_app;3;30473.93;6094.79;24379.14;10239.24;250.0;0.0;completed
ORD-0000463;2025-10-14;CUST_00201;+79992209226;user_201_506@example.com;UrbanStyle;online_site;1;7253.9;0.0;7253.9;3046.64;350.0;903.46;completed
ORD-0000936;2025-10-14;CUST_00415;;user_415_272@example.com;SportActive;online_app;1;13007.75;0.0;13007.75;6243.72;250.0;0.0;returned
ORD-0000957;2025-10-14;CUST_00427;+79991041491;;SportActive;offline_pos;1;11698.26;0.0;11698.26;5615.16;0.0;0.0;completed
ORD-0001009;2025-10-14;CUST_00451;+79999435412;;SportActive;online_site;4;52526.64;0.0;52526.64;25212.79;350.0;0.0;completed
ORD-0001176;2025-10-14;CUST_00514;+79997866576;user_514_813@example.com;UrbanStyle;online_site;4;40604.1;6090.61;34513.49;14495.67;350.0;0.0;cancelled
ORD-0001279;2025-10-14;CUST_00551;;user_551_383@example.com;SportActive;online_site;4;45074.26;0.0;45074.26;21635.64;350.0;0.0;completed
ORD-0001302;2025-10-14;CUST_00560;+79992976045;user_560_581@example.com;UrbanStyle;online_app;4;26809.42;5361.88;21447.54;9007.97;250.0;0.0;completed
ORD-0001406;2025-10-14;CUST_00607;+79994197381;user_607_833@example.com;UrbanStyle;online_site;2;19830.46;991.52;18838.94;7912.35;350.0;0.0;completed
ORD-0001497;2025-10-14;CUST_00651;+79991912484;user_651_971@example.com;SportActive;online_app;2;17864.96;2679.74;15185.22;7288.91;250.0;0.0;completed
ORD-0001644;2025-10-14;CUST_00714;+79995609255;;UrbanStyle;offline_pos;4;35043.52;0.0;35043.52;14718.28;0.0;0.0;completed
ORD-0002392;2025-10-14;CUST_01033;+79999818990;;UrbanStyle;offline_pos;4;31902.66;3190.27;28712.39;12059.2;0.0;1055.22;completed
ORD-0002663;2025-10-14;CUST_01149;;user_1149_821@example.com;UrbanStyle;online_site;1;9922.06;1984.41;7937.65;3333.81;350.0;0.0;completed
ORD-0002725;2025-10-14;CUST_01181;+79998696599;user_1181_972@example.com;UrbanStyle;online_app;1;6608.68;1321.74;5286.94;2220.51;250.0;0.0;completed
ORD-0002861;2025-10-14;CUST_01245;+79998165791;;SportActive;online_site;4;35409.11;3540.91;31868.2;15296.74;350.0;1328.23;completed
ORD-0002893;2025-10-14;CUST_01256;;user_1256_511@example.com;UrbanStyle;online_app;2;16963.71;1696.37;15267.34;6412.28;250.0;1546.06;completed
ORD-0000599;2025-10-15;CUST_00260;+79995173131;;UrbanStyle;offline_pos;4;40709.09;0.0;40709.09;17097.82;0.0;1527.64;completed
ORD-0000646;2025-10-15;CUST_00279;+79992742713;;UrbanStyle;online_site;1;8410.66;420.53;7990.13;3355.85;350.0;1052.43;completed
ORD-0001136;2025-10-15;CUST_00502;+79996986539;user_502_328@example.com;SportActive;online_app;3;30836.53;0.0;30836.53;14801.53;250.0;1758.25;completed
ORD-0001745;2025-10-15;CUST_00758;+79994334029;user_758_469@example.com;UrbanStyle;online_app;1;7916.96;1583.39;6333.57;2660.1;250.0;0.0;completed
ORD-0002025;2025-10-15;CUST_00887;+79995088457;;UrbanStyle;online_site;4;38414.42;5762.16;32652.26;13713.95;350.0;0.0;completed
ORD-0002352;2025-10-15;CUST_01015;;user_1015_554@example.com;SportActive;online_app;1;9816.72;1472.51;8344.21;4005.22;250.0;1778.9;completed
ORD-0003085;2025-10-15;CUST_01330;+79997628072;user_1330_538@example.com;SportActive;online_app;3;37877.47;3787.75;34089.72;16363.07;250.0;1550.22;completed
ORD-0000771;2025-10-16;CUST_00328;;user_328_926@example.com;UrbanStyle;online_app;3;20132.19;2013.22;18118.97;7609.97;250.0;1694.72;completed
ORD-0000876;2025-10-16;CUST_00388;+79994018677;user_388_798@example.com;SportActive;online_site;1;11001.86;0.0;11001.86;5280.89;350.0;1679.67;completed
ORD-0001123;2025-10-16;CUST_00495;;user_495_956@example.com;SportActive;online_site;2;18598.52;2789.78;15808.74;7588.2;350.0;1266.76;completed
ORD-0003167;2025-10-16;CUST_01374;;user_1374_422@example.com;UrbanStyle;online_site;3;19859.67;3971.93;15887.74;6672.85;350.0;0.0;completed
ORD-0003180;2025-10-16;CUST_01378;;user_1378_753@example.com;SportActive;online_site;3;35104.86;0.0;35104.86;16850.33;350.0;0.0;completed
ORD-0001377;2025-10-17;CUST_00594;+79996675742;user_594_631@example.com;UrbanStyle;online_site;4;38269.05;5740.36;32528.69;13662.05;350.0;1398.11;completed
ORD-0001534;2025-10-17;CUST_00665;;user_665_467@example.com;UrbanStyle;online_app;4;32836.69;3283.67;29553.02;12412.27;250.0;1182.49;completed
ORD-0002638;2025-10-17;CUST_01137;+79992186553;;SportActive;online_site;3;34256.73;3425.67;30831.06;14798.91;350.0;0.0;completed
ORD-0002870;2025-10-17;CUST_01248;+79996615431;user_1248_183@example.com;SportActive;online_site;2;20421.03;2042.1;18378.93;8821.89;350.0;0.0;completed
ORD-0002931;2025-10-17;CUST_01267;+79998024541;user_1267_436@example.com;UrbanStyle;online_app;1;8846.29;0.0;8846.29;3715.44;250.0;989.82;completed
ORD-0003133;2025-10-17;CUST_01356;+79995282525;user_1356_889@example.com;SportActive;online_site;1;10557.16;527.86;10029.3;4814.06;350.0;1135.46;completed
ORD-0000020;2025-10-18;CUST_00013;;user_13_505@example.com;SportActive;online_site;1;10872.69;543.63;10329.06;4957.95;350.0;1568.82;completed
ORD-0000727;2025-10-18;CUST_00313;+79996621073;;UrbanStyle;offline_pos;3;26390.08;2639.01;23751.07;9975.45;0.0;919.15;completed
ORD-0000853;2025-10-18;CUST_00371;+79996565503;user_371_493@example.com;SportActive;offline_pos;2;16669.65;2500.45;14169.2;6801.22;0.0;945.88;completed
ORD-0001104;2025-10-18;CUST_00487;;user_487_240@example.com;SportActive;online_site;4;37276.51;1863.83;35412.68;16998.09;350.0;0.0;completed
ORD-0001272;2025-10-18;CUST_00549;+79999734854;user_549_944@example.com;SportActive;online_site;4;33883.86;0.0;33883.86;16264.25;350.0;0.0;completed
ORD-0001670;2025-10-18;CUST_00723;+79999381860;;UrbanStyle;online_site;3;28031.42;0.0;28031.42;11773.2;350.0;0.0;completed
ORD-0002307;2025-10-18;CUST_00999;;user_999_275@example.com;SportActive;online_site;3;27462.1;1373.11;26088.99;12522.72;350.0;1376.27;completed
ORD-0002542;2025-10-18;CUST_01099;+79997593035;user_1099_361@example.com;UrbanStyle;online_site;4;31115.83;1555.79;29560.04;12415.22;350.0;0.0;completed
ORD-0000271;2025-10-19;CUST_00120;+79998863447;user_120_805@example.com;UrbanStyle;online_site;4;37196.12;1859.81;35336.31;14841.25;350.0;1726.9;completed
ORD-0000738;2025-10-19;CUST_00315;+79995316188;;UrbanStyle;offline_pos;2;13007.95;2601.59;10406.36;4370.67;0.0;0.0;completed
ORD-0001310;2025-10-19;CUST_00563;+79993402902;user_563_423@example.com;SportActive;online_app;4;42029.75;6304.46;35725.29;17148.14;250.0;1350.17;completed
ORD-0001543;2025-10-19;CUST_00669;+79997128662;user_669_701@example.com;SportActive;offline_pos;2;23716.94;0.0;23716.94;11384.13;0.0;1278.65;completed
ORD-0002659;2025-10-19;CUST_01146;+79998710198;;UrbanStyle;online_site;3;28404.27;5680.85;22723.42;9543.84;350.0;1057.24;returned
ORD-0003035;2025-10-19;CUST_01311;+79991655733;user_1311_854@example.com;UrbanStyle;online_app;2;18413.64;0.0;18413.64;7733.73;250.0;1494.14;completed
ORD-0003092;2025-10-19;CUST_01334;+79996441761;user_1334_746@example.com;SportActive;online_site;1;12521.98;2504.4;10017.58;4808.44;350.0;1047.77;completed
ORD-0003306;2025-10-19;CUST_01421;+79991001435;;UrbanStyle;offline_pos;3;19913.36;3982.67;15930.69;6690.89;0.0;0.0;completed
ORD-0000054;2025-10-20;CUST_00030;+79998935169;;SportActive;online_app;3;38123.96;3812.4;34311.56;16469.55;250.0;1176.66;completed
ORD-0000061;2025-10-20;CUST_00034;+79998434500;;SportActive;offline_pos;3;34736.09;3473.61;31262.48;15005.99;0.0;0.0;returned
ORD-0000357;2025-10-20;CUST_00155;+79995204819;;SportActive;online_site;2;22338.53;0.0;22338.53;10722.49;350.0;0.0;completed
ORD-0000525;2025-10-20;CUST_00229;+79995727345;user_229_896@example.com;UrbanStyle;online_site;1;6772.28;1015.84;5756.44;2417.7;350.0;1755.91;completed
ORD-0000555;2025-10-20;CUST_00241;+79992436363;user_241_636@example.com;SportActive;online_site;3;27414.82;4112.22;23302.6;11185.25;350.0;1237.5;completed
ORD-0001777;2025-10-20;CUST_00773;+79999219319;user_773_638@example.com;SportActive;online_app;1;8525.11;426.26;8098.85;3887.45;250.0;1201.57;completed
ORD-0001814;2025-10-20;CUST_00788;+79996966913;;UrbanStyle;online_site;1;6593.98;329.7;6264.28;2631.0;350.0;972.71;completed
ORD-0001950;2025-10-20;CUST_00852;+79992470854;user_852_595@example.com;SportActive;online_app;4;39661.82;0.0;39661.82;19037.67;250.0;1107.95;completed
ORD-0002576;2025-10-20;CUST_01110;+79994837070;;SportActive;offline_pos;3;37698.76;7539.75;30159.01;14476.32;0.0;1219.53;completed
ORD-0002620;2025-10-20;CUST_01129;+79993074573;user_1129_457@example.com;UrbanStyle;offline_pos;2;18765.28;3753.06;15012.22;6305.13;0.0;0.0;completed
ORD-0003048;2025-10-20;CUST_01314;+79991732568;;SportActive;online_app;4;43765.61;6564.84;37200.77;17856.37;250.0;0.0;completed
ORD-0000443;2025-10-21;CUST_00191;+79991440466;user_191_723@example.com;SportActive;online_site;1;11756.59;1763.49;9993.1;4796.69;350.0;0.0;completed
ORD-0000680;2025-10-21;CUST_00296;+79991317716;;UrbanStyle;online_site;1;7481.07;1496.21;5984.86;2513.64;350.0;975.21;completed
ORD-0001026;2025-10-21;CUST_00460;+79999536665;;UrbanStyle;offline_pos;3;21057.81;2105.78;18952.03;7959.85;0.0;1769.72;completed
ORD-0001146;2025-10-21;CUST_00504;+79991543292;user_504_286@example.com;SportActive;online_app;2;24861.05;4972.21;19888.84;9546.64;250.0;1498.47;completed
ORD-0001347;2025-10-21;CUST_00582;+79992511336;;SportActive;online_site;2;26256.83;1312.84;24943.99;11973.12;350.0;1581.8;completed
ORD-0001558;2025-10-21;CUST_00676;+79998827641;;SportActive;online_app;2;19473.88;2921.08;16552.8;7945.34;250.0;1661.9;completed
ORD-0001665;2025-10-21;CUST_00721;+79994834713;;SportActive;online_app;1;10040.81;502.04;9538.77;4578.61;250.0;0.0;completed
ORD-0002100;2025-10-21;CUST_00913;+79991292752;;UrbanStyle;offline_pos;4;27955.27;4193.29;23761.98;9980.03;0.0;1020.72;completed
ORD-0002682;2025-10-21;CUST_01158;+79995070650;user_1158_306@example.com;UrbanStyle;online_site;3;22959.21;1147.96;21811.25;9160.73;350.0;0.0;cancelled
ORD-0002904;2025-10-21;CUST_01260;;user_1260_463@example.com;UrbanStyle;online_site;1;8911.69;445.58;8466.11;3555.77;350.0;971.59;completed
ORD-0000276;2025-10-22;CUST_00123;+79995521644;;UrbanStyle;online_site;4;36679.71;3667.97;33011.74;13864.93;350.0;1140.35;completed
ORD-0000554;2025-10-22;CUST_00240;+79998201433;;SportActive;online_app;2;24579.81;4915.96;19663.85;9438.65;250.0;1368.1;completed
ORD-0000557;2025-10-22;CUST_00242;+79999516493;;SportActive;offline_pos;3;32458.45;4868.77;27589.68;13243.05;0.0;0.0;completed
ORD-0000875;2025-10-22;CUST_00387;+79995702656;user_387_936@example.com;SportActive;online_app;1;10608.99;1591.35;9017.64;4328.47;250.0;1706.92;completed
ORD-0001021;2025-10-22;CUST_00456;+79993801173;user_456_480@example.com;UrbanStyle;online_app;2;19611.08;3922.22;15688.86;6589.32;250.0;0.0;returned
ORD-0001366;2025-10-22;CUST_00588;+79997471232;user_588_806@example.com;SportActive;online_app;3;27368.43;0.0;27368.43;13136.85;250.0;0.0;completed
ORD-0001838;2025-10-22;CUST_00796;+79995861752;;SportActive;offline_pos;1;8783.37;439.17;8344.2;4005.22;0.0;1478.7;cancelled
ORD-0002564;2025-10-22;CUST_01106;+79999490111;;UrbanStyle;online_site;2;19433.87;2915.08;16518.79;6937.89;350.0;1623.23;completed
ORD-0002729;2025-10-22;CUST_01184;;user_1184_830@example.com;SportActive;online_site;2;23003.33;3450.5;19552.83;9385.36;350.0;1130.23;completed
ORD-0002976;2025-10-22;CUST_01285;+79997326402;user_1285_685@example.com;SportActive;online_app;3;36491.66;3649.17;32842.49;15764.4;250.0;0.0;completed
ORD-0003185;2025-10-22;CUST_01380;+79996844074;user_1380_538@example.com;SportActive;online_app;3;37711.24;7542.25;30168.99;14481.12;250.0;0.0;returned
ORD-0000828;2025-10-23;CUST_00355;+79996663388;;UrbanStyle;online_app;1;7429.76;1114.46;6315.3;2652.43;250.0;0.0;completed
ORD-0000977;2025-10-23;CUST_00437;+79994841091;user_437_492@example.com;UrbanStyle;online_site;2;16405.03;820.25;15584.78;6545.61;350.0;0.0;completed
ORD-0001684;2025-10-23;CUST_00728;+79993928275;;UrbanStyle;offline_pos;3;26448.39;2644.84;23803.55;9997.49;0.0;1705.97;completed
ORD-0001992;2025-10-23;CUST_00872;+79992460891;;UrbanStyle;online_site;3;28995.16;1449.76;27545.4;11569.07;350.0;0.0;completed
ORD-0002055;2025-10-23;CUST_00896;+79999563491;user_896_513@example.com;SportActive;online_site;2;26024.72;1301.24;24723.48;11867.27;350.0;0.0;completed
ORD-0002082;2025-10-23;CUST_00906;+79999107893;user_906_821@example.com;UrbanStyle;online_app;4;38797.15;0.0;38797.15;16294.8;250.0;1784.64;completed
ORD-0002493;2025-10-23;CUST_01080;+79991312111;;SportActive;offline_pos;4;49691.28;2484.56;47206.72;22659.23;0.0;0.0;completed
ORD-0002498;2025-10-23;CUST_01081;;user_1081_374@example.com;SportActive;online_site;2;23747.02;3562.05;20184.97;9688.79;350.0;1399.9;completed
ORD-0003117;2025-10-23;CUST_01348;+79995561067;user_1348_983@example.com;SportActive;online_site;2;19825.19;0.0;19825.19;9516.09;350.0;1665.93;completed
ORD-0000076;2025-10-24;CUST_00039;+79996261415;;UrbanStyle;online_site;1;8831.67;1324.75;7506.92;3152.91;350.0;1513.92;completed
ORD-0000112;2025-10-24;CUST_00052;+79991162230;user_52_214@example.com;UrbanStyle;online_app;4;41712.24;0.0;41712.24;17519.14;250.0;0.0;completed
ORD-0001045;2025-10-24;CUST_00466;;user_466_575@example.com;UrbanStyle;online_site;1;6788.93;1018.34;5770.59;2423.65;350.0;0.0;completed
ORD-0001244;2025-10-24;CUST_00539;+79993275826;user_539_899@example.com;SportActive;online_site;3;28957.02;2895.7;26061.32;12509.43;350.0;0.0;completed
ORD-0001268;2025-10-24;CUST_00548;+79995620085;user_548_533@example.com;SportActive;offline_pos;1;10907.2;1090.72;9816.48;4711.91;0.0;0.0;completed
ORD-0001597;2025-10-24;CUST_00694;+79991873301;user_694_264@example.com;UrbanStyle;online_site;3;25446.59;3816.99;21629.6;9084.43;350.0;0.0;completed
ORD-0002249;2025-10-24;CUST_00974;+79993851044;;UrbanStyle;offline_pos;1;10146.97;507.35;9639.62;4048.64;0.0;0.0;completed
ORD-0002410;2025-10-24;CUST_01043;+79999399251;;SportActive;online_site;1;8516.97;851.7;7665.27;3679.33;350.0;1656.51;completed
ORD-0002574;2025-10-24;CUST_01109;+79994051595;user_1109_502@example.com;SportActive;online_app;3;37377.05;3737.71;33639.34;16146.88;250.0;0.0;completed
ORD-0000637;2025-10-25;CUST_00273;+79996664316;user_273_962@example.com;SportActive;online_site;1;11238.54;1685.78;9552.76;4585.32;350.0;1344.91;completed
ORD-0000872;2025-10-25;CUST_00386;;user_386_398@example.com;SportActive;online_site;2;26455.38;0.0;26455.38;12698.58;350.0;0.0;completed
ORD-0001304;2025-10-25;CUST_00561;+79994263903;;UrbanStyle;online_site;4;36606.42;5490.96;31115.46;13068.49;350.0;1514.87;completed
ORD-0001788;2025-10-25;CUST_00777;;user_777_179@example.com;SportActive;online_site;4;33389.32;3338.93;30050.39;14424.19;350.0;0.0;completed
ORD-0001898;2025-10-25;CUST_00823;;user_823_731@example.com;UrbanStyle;online_app;1;10000.66;0.0;10000.66;4200.28;250.0;0.0;completed
ORD-0002038;2025-10-25;CUST_00893;+79991003092;user_893_875@example.com;UrbanStyle;online_site;4;28345.12;1417.26;26927.86;11309.7;350.0;1347.3;completed
ORD-0002077;2025-10-25;CUST_00905;+79999417612;;SportActive;online_app;2;20629.06;4125.81;16503.25;7921.56;250.0;0.0;completed
ORD-0002337;2025-10-25;CUST_01010;+79995242633;;SportActive;online_site;1;8898.51;444.93;8453.58;4057.72;350.0;0.0;completed
ORD-0003156;2025-10-25;CUST_01366;+79993862767;user_1366_280@example.com;UrbanStyle;online_app;2;20757.34;3113.6;17643.74;7410.37;250.0;0.0;completed
ORD-0003259;2025-10-25;CUST_01405;;user_1405_314@example.com;UrbanStyle;online_app;2;13834.51;0.0;13834.51;5810.49;250.0;0.0;completed
ORD-0000024;2025-10-26;CUST_00015;+79993320821;;UrbanStyle;online_app;3;20536.42;4107.28;16429.14;6900.24;250.0;1408.32;completed
ORD-0001291;2025-10-26;CUST_00555;+79994186247;user_555_451@example.com;SportActive;online_site;2;17434.57;0.0;17434.57;8368.59;350.0;1239.35;completed
ORD-0001621;2025-10-26;CUST_00706;;user_706_797@example.com;UrbanStyle;online_site;4;35188.96;0.0;35188.96;14779.36;350.0;0.0;completed
ORD-0001815;2025-10-26;CUST_00789;+79996038238;;UrbanStyle;offline_pos;4;29923.47;5984.69;23938.78;10054.29;0.0;1228.67;completed
ORD-0002551;2025-10-26;CUST_01102;+79996582152;user_1102_834@example.com;UrbanStyle;online_site;1;9270.88;1854.18;7416.7;3115.01;350.0;0.0;completed
ORD-0002627;2025-10-26;CUST_01131;+79994029442;;UrbanStyle;online_app;2;13326.21;0.0;13326.21;5597.01;250.0;909.76;completed
ORD-0003164;2025-10-26;CUST_01372;+79994541139;;SportActive;online_site;4;45927.17;2296.36;43630.81;20942.79;350.0;1417.1;completed
ORD-0000159;2025-10-27;CUST_00071;+79992832243;;SportActive;offline_pos;4;52325.71;5232.57;47093.14;22604.71;0.0;0.0;completed
ORD-0000665;2025-10-27;CUST_00290;+79999648751;user_290_243@example.com;UrbanStyle;online_site;2;16795.05;3359.01;13436.04;5643.14;350.0;0.0;completed
ORD-0002241;2025-10-27;CUST_00970;;user_970_321@example.com;SportActive;online_site;4;42789.42;8557.88;34231.54;16431.14;350.0;1445.14;completed
ORD-0002319;2025-10-27;CUST_01003;+79997202069;user_1003_288@example.com;UrbanStyle;online_site;3;26134.42;2613.44;23520.98;9878.81;350.0;0.0;completed
ORD-0002366;2025-10-27;CUST_01021;;user_1021_329@example.com;UrbanStyle;online_app;1;6950.56;695.06;6255.5;2627.31;250.0;1127.76;returned
ORD-0002887;2025-10-27;CUST_01254;+79992090992;user_1254_901@example.com;SportActive;online_app;3;24993.25;3748.99;21244.26;10197.24;250.0;0.0;completed
ORD-0000536;2025-10-28;CUST_00234;+79994767135;;UrbanStyle;offline_pos;1;6912.5;345.62;6566.88;2758.09;0.0;0.0;completed
ORD-0000758;2025-10-28;CUST_00322;+79997268384;user_322_525@example.com;SportActive;online_site;2;25216.04;0.0;25216.04;12103.7;350.0;0.0;completed
ORD-0001157;2025-10-28;CUST_00510;+79994784650;user_510_266@example.com;UrbanStyle;online_app;4;34038.12;5105.72;28932.4;12151.61;250.0;0.0;completed
ORD-0001390;2025-10-28;CUST_00599;;user_599_686@example.com;UrbanStyle;offline_pos;2;19229.74;3845.95;15383.79;6461.19;0.0;0.0;completed
ORD-0001690;2025-10-28;CUST_00733;+79993807132;user_733_288@example.com;SportActive;online_site;3;37803.25;1890.16;35913.09;17238.28;350.0;1636.58;returned
ORD-0002354;2025-10-28;CUST_01017;+79996087374;;UrbanStyle;online_site;4;32454.71;6490.94;25963.77;10904.78;350.0;1121.01;completed
ORD-0003024;2025-10-28;CUST_01308;+79998965487;user_1308_262@example.com;SportActive;online_site;2;18374.64;2756.2;15618.44;7496.85;350.0;0.0;completed
ORD-0003029;2025-10-28;CUST_01309;+79998700011;user_1309_382@example.com;UrbanStyle;online_site;2;13104.54;655.23;12449.31;5228.71;350.0;1651.32;completed
ORD-0003098;2025-10-28;CUST_01337;+79991355901;;UrbanStyle;offline_pos;2;17230.41;1723.04;15507.37;6513.1;0.0;1255.55;completed
ORD-0000258;2025-10-29;CUST_00114;;user_114_724@example.com;SportActive;online_site;2;20498.81;2049.88;18448.93;8855.49;350.0;1708.22;completed
ORD-0000568;2025-10-29;CUST_00244;+79992739191;user_244_890@example.com;UrbanStyle;online_app;1;8941.37;1341.21;7600.16;3192.07;250.0;0.0;completed
ORD-0000721;2025-10-29;CUST_00309;+79995819172;;UrbanStyle;offline_pos;3;30424.39;0.0;30424.39;12778.24;0.0;0.0;completed
ORD-0001408;2025-10-29;CUST_00609;+79999368955;;UrbanStyle;offline_pos;4;40624.84;0.0;40624.84;17062.43;0.0;1060.78;completed
ORD-0002324;2025-10-29;CUST_01005;+79996376568;;SportActive;online_site;1;8395.73;0.0;8395.73;4029.95;350.0;0.0;completed
ORD-0002799;2025-10-29;CUST_01219;;user_1219_364@example.com;UrbanStyle;online_app;2;13612.51;1361.25;12251.26;5145.53;250.0;0.0;completed
ORD-0002944;2025-10-29;CUST_01272;+79995766421;;SportActive;online_app;3;27322.18;4098.33;23223.85;11147.45;250.0;0.0;completed
ORD-0000249;2025-10-30;CUST_00110;+79994093109;user_110_152@example.com;UrbanStyle;online_site;1;7144.92;1071.74;6073.18;2550.74;350.0;0.0;completed
ORD-0000308;2025-10-30;CUST_00140;+79998387112;;UrbanStyle;online_app;3;26227.2;0.0;26227.2;11015.42;250.0;1568.8;completed
ORD-0001073;2025-10-30;CUST_00476;+79996172545;;UrbanStyle;online_site;4;28560.53;1428.03;27132.5;11395.65;350.0;0.0;cancelled
ORD-0001505;2025-10-30;CUST_00655;+79997115185;;SportActive;online_app;3;30618.01;3061.8;27556.21;13226.98;250.0;0.0;completed
ORD-0002103;2025-10-30;CUST_00916;+79997203657;user_916_927@example.com;UrbanStyle;online_site;4;26389.65;5277.93;21111.72;8866.92;350.0;937.83;completed
ORD-0002258;2025-10-30;CUST_00977;+79991085187;user_977_527@example.com;SportActive;online_site;2;25559.2;0.0;25559.2;12268.42;350.0;1536.7;completed
ORD-0002582;2025-10-30;CUST_01113;+79994766215;user_1113_830@example.com;UrbanStyle;online_app;3;29992.74;5998.55;23994.19;10077.56;250.0;0.0;completed
ORD-0002686;2025-10-30;CUST_01161;;user_1161_337@example.com;SportActive;online_site;2;17164.23;0.0;17164.23;8238.83;350.0;1566.19;cancelled
ORD-0002815;2025-10-30;CUST_01225;+79995113127;user_1225_650@example.com;SportActive;online_site;4;35215.1;3521.51;31693.59;15212.92;350.0;0.0;completed
ORD-0000214;2025-10-31;CUST_00093;+79992709620;user_93_813@example.com;SportActive;online_app;3;26810.48;0.0;26810.48;12869.03;250.0;985.85;completed
ORD-0000371;2025-10-31;CUST_00159;+79993760597;user_159_363@example.com;SportActive;online_site;2;18509.77;925.49;17584.28;8440.45;350.0;0.0;completed
ORD-0000414;2025-10-31;CUST_00178;;user_178_729@example.com;UrbanStyle;online_site;2;15380.29;2307.04;13073.25;5490.76;350.0;1263.81;completed
ORD-0000457;2025-10-31;CUST_00198;;user_198_325@example.com;UrbanStyle;online_app;4;29244.19;4386.63;24857.56;10440.18;250.0;1242.02;cancelled
ORD-0000702;2025-10-31;CUST_00303;+79997370211;user_303_504@example.com;SportActive;online_site;2;21173.25;0.0;21173.25;10163.16;350.0;0.0;completed
ORD-0000913;2025-10-31;CUST_00404;+79994603680;;UrbanStyle;online_site;2;17813.19;890.66;16922.53;7107.46;350.0;1369.32;completed
ORD-0000973;2025-10-31;CUST_00436;;user_436_108@example.com;SportActive;online_site;1;11128.0;1669.2;9458.8;4540.22;350.0;1655.04;returned
ORD-0001739;2025-10-31;CUST_00756;+79994497162;;UrbanStyle;offline_pos;1;8127.62;406.38;7721.24;3242.92;0.0;0.0;completed
ORD-0001800;2025-10-31;CUST_00780;;user_780_819@example.com;SportActive;online_site;4;35695.72;7139.14;28556.58;13707.16;350.0;0.0;returned
ORD-0002155;2025-10-31;CUST_00936;+79992223386;;UrbanStyle;offline_pos;2;14859.1;0.0;14859.1;6240.82;0.0;0.0;completed
ORD-0002184;2025-10-31;CUST_00946;;user_946_611@example.com;UrbanStyle;online_app;2;20201.39;3030.21;17171.18;7211.9;250.0;1255.74;cancelled
ORD-0002216;2025-10-31;CUST_00959;+79998986164;user_959_808@example.com;UrbanStyle;online_app;4;26987.8;5397.56;21590.24;9067.9;250.0;1076.18;completed
ORD-0002239;2025-10-31;CUST_00968;+79996464086;user_968_335@example.com;SportActive;online_app;1;10068.97;1006.9;9062.07;4349.79;250.0;1154.96;completed
ORD-0003008;2025-10-31;CUST_01302;+79996517042;user_1302_683@example.com;SportActive;offline_pos;1;12286.97;1228.7;11058.27;5307.97;0.0;0.0;completed
ORD-0003282;2025-10-31;CUST_01414;+79998275548;user_1414_405@example.com;UrbanStyle;offline_pos;4;38413.49;3841.35;34572.14;14520.3;0.0;1469.6;completed
ORD-0000081;2025-11-01;CUST_00041;;user_41_513@example.com;SportActive;online_app;1;12520.76;2504.15;10016.61;4807.97;250.0;992.47;completed
ORD-0000717;2025-11-01;CUST_00308;+79993649811;;UrbanStyle;offline_pos;1;8613.54;430.68;8182.86;3436.8;0.0;0.0;completed
ORD-0001179;2025-11-01;CUST_00515;+79994985398;user_515_198@example.com;UrbanStyle;online_app;1;9649.9;1929.98;7719.92;3242.37;250.0;0.0;completed
ORD-0001182;2025-11-01;CUST_00516;+79998174037;user_516_189@example.com;UrbanStyle;online_site;3;28573.76;5714.75;22859.01;9600.78;350.0;0.0;completed
ORD-0001448;2025-11-01;CUST_00624;+79998433377;user_624_949@example.com;UrbanStyle;offline_pos;1;9595.98;1439.4;8156.58;3425.76;0.0;0.0;completed
ORD-0001463;2025-11-01;CUST_00632;+79999900294;user_632_586@example.com;SportActive;offline_pos;1;8453.89;1690.78;6763.11;3246.29;0.0;0.0;completed
ORD-0002114;2025-11-01;CUST_00918;+79999320631;;SportActive;offline_pos;3;30047.72;0.0;30047.72;14422.91;0.0;1215.98;completed
ORD-0002136;2025-11-01;CUST_00929;;user_929_825@example.com;SportActive;online_app;3;35766.57;5364.99;30401.58;14592.76;250.0;1404.18;completed
ORD-0002454;2025-11-01;CUST_01063;+79998711752;user_1063_136@example.com;UrbanStyle;online_app;1;8928.31;1785.66;7142.65;2999.91;250.0;0.0;completed
ORD-0002470;2025-11-01;CUST_01071;+79998087921;;UrbanStyle;online_app;1;9768.05;1953.61;7814.44;3282.06;250.0;0.0;completed
ORD-0002644;2025-11-01;CUST_01138;+79997692721;;UrbanStyle;offline_pos;2;20008.69;4001.74;16006.95;6722.92;0.0;0.0;completed
ORD-0002804;2025-11-01;CUST_01222;+79995162555;;SportActive;offline_pos;4;41252.18;4125.22;37126.96;17820.94;0.0;0.0;completed
ORD-0003226;2025-11-01;CUST_01394;+79993119085;user_1394_632@example.com;SportActive;online_site;3;26255.58;5251.12;21004.46;10082.14;350.0;0.0;completed
ORD-0000406;2025-11-02;CUST_00174;;user_174_248@example.com;SportActive;online_site;2;16417.72;3283.54;13134.18;6304.41;350.0;911.32;completed
ORD-0000633;2025-11-02;CUST_00270;;user_270_268@example.com;UrbanStyle;online_app;3;19863.05;2979.46;16883.59;7091.11;250.0;0.0;completed
ORD-0000651;2025-11-02;CUST_00284;+79998895137;user_284_392@example.com;UrbanStyle;online_app;4;28160.63;1408.03;26752.6;11236.09;250.0;1148.89;completed
ORD-0000920;2025-11-02;CUST_00407;+79992916496;user_407_456@example.com;UrbanStyle;online_site;3;29640.7;0.0;29640.7;12449.09;350.0;931.38;completed
ORD-0001601;2025-11-02;CUST_00697;;user_697_279@example.com;SportActive;online_site;4;42924.01;8584.8;34339.21;16482.82;350.0;1035.66;completed
ORD-0001863;2025-11-02;CUST_00811;+79999399526;;SportActive;online_app;1;10140.05;507.0;9633.05;4623.86;250.0;1361.15;completed
ORD-0001916;2025-11-02;CUST_00832;+79997499457;;UrbanStyle;offline_pos;1;9475.13;473.76;9001.37;3780.58;0.0;0.0;completed
ORD-0003173;2025-11-02;CUST_01376;;user_1376_126@example.com;UrbanStyle;online_site;1;10533.67;1053.37;9480.3;3981.73;350.0;0.0;completed
ORD-0003377;2025-11-02;CUST_01463;+79995856444;user_1463_388@example.com;UrbanStyle;online_app;3;20626.22;0.0;20626.22;8663.01;250.0;1514.15;completed
ORD-0001428;2025-11-03;CUST_00614;+79996266549;user_614_828@example.com;UrbanStyle;online_site;1;8816.55;1322.48;7494.07;3147.51;350.0;0.0;completed
ORD-0002387;2025-11-03;CUST_01028;+79992288937;user_1028_626@example.com;UrbanStyle;online_site;2;19395.8;3879.16;15516.64;6516.99;350.0;0.0;completed
ORD-0003079;2025-11-03;CUST_01326;;user_1326_885@example.com;UrbanStyle;online_site;1;9372.98;1874.6;7498.38;3149.32;350.0;1228.77;completed
ORD-0000203;2025-11-04;CUST_00087;+79997360682;user_87_384@example.com;SportActive;online_site;1;9575.13;478.76;9096.37;4366.26;350.0;0.0;completed
ORD-0000218;2025-11-04;CUST_00094;+79991689025;user_94_455@example.com;UrbanStyle;online_app;1;10242.5;1536.38;8706.12;3656.57;250.0;1529.33;completed
ORD-0000683;2025-11-04;CUST_00297;;user_297_993@example.com;SportActive;online_site;1;12197.74;0.0;12197.74;5854.92;350.0;0.0;completed
ORD-0001111;2025-11-04;CUST_00490;+79995713268;;UrbanStyle;online_app;3;28641.56;0.0;28641.56;12029.46;250.0;0.0;returned
ORD-0001183;2025-11-04;CUST_00517;+79994472094;;UrbanStyle;online_site;3;21878.5;3281.78;18596.72;7810.62;350.0;917.98;completed
ORD-0001590;2025-11-04;CUST_00692;+79997679508;;UrbanStyle;offline_pos;2;15080.21;1508.02;13572.19;5700.32;0.0;0.0;completed
ORD-0001806;2025-11-04;CUST_00782;+79996287423;user_782_663@example.com;SportActive;online_site;3;34408.5;0.0;34408.5;16516.08;350.0;1053.09;completed
ORD-0002513;2025-11-04;CUST_01092;;user_1092_437@example.com;SportActive;online_site;4;38159.27;1907.96;36251.31;17400.63;350.0;1438.83;completed
ORD-0002652;2025-11-04;CUST_01141;+79997511061;user_1141_587@example.com;UrbanStyle;online_app;4;38799.08;0.0;38799.08;16295.61;250.0;0.0;completed
ORD-0002877;2025-11-04;CUST_01253;+79998490291;;SportActive;offline_pos;4;50341.25;10068.25;40273.0;19331.04;0.0;1156.54;completed
ORD-0003208;2025-11-04;CUST_01389;;user_1389_834@example.com;SportActive;online_app;4;50363.27;0.0;50363.27;24174.37;250.0;1699.59;completed
ORD-0000109;2025-11-05;CUST_00050;+79991852264;user_50_194@example.com;UrbanStyle;online_site;1;6716.1;671.61;6044.49;2538.69;350.0;0.0;cancelled
ORD-0000275;2025-11-05;CUST_00122;+79994840714;;SportActive;offline_pos;2;19237.75;0.0;19237.75;9234.12;0.0;0.0;completed
ORD-0000500;2025-11-05;CUST_00219;+79993372774;user_219_458@example.com;UrbanStyle;online_app;3;22737.57;2273.76;20463.81;8594.8;250.0;1359.79;completed
ORD-0001188;2025-11-05;CUST_00518;+79997668395;;SportActive;online_app;2;18542.1;927.11;17614.99;8455.2;250.0;0.0;completed
ORD-0001553;2025-11-05;CUST_00673;+79994864570;;UrbanStyle;online_site;3;29425.54;0.0;29425.54;12358.73;350.0;1288.81;completed
ORD-0002117;2025-11-05;CUST_00919;+79993806547;user_919_315@example.com;UrbanStyle;online_app;2;13807.8;2071.17;11736.63;4929.38;250.0;0.0;completed
ORD-0002294;2025-11-05;CUST_00991;+79993058722;;UrbanStyle;offline_pos;4;28211.68;1410.58;26801.1;11256.46;0.0;0.0;completed
ORD-0002342;2025-11-05;CUST_01013;+79997057663;user_1013_507@example.com;UrbanStyle;offline_pos;2;18021.81;3604.36;14417.45;6055.33;0.0;945.67;completed
ORD-0002506;2025-11-05;CUST_01089;+79997828441;;SportActive;online_app;3;27941.76;4191.26;23750.5;11400.24;250.0;1779.87;completed
ORD-0002697;2025-11-05;CUST_01166;+79997044085;user_1166_915@example.com;UrbanStyle;offline_pos;3;31158.46;6231.69;24926.77;10469.24;0.0;0.0;completed
ORD-0003165;2025-11-05;CUST_01373;+79995459984;user_1373_597@example.com;UrbanStyle;online_site;3;24600.98;2460.1;22140.88;9299.17;350.0;1245.56;completed
ORD-0000480;2025-11-06;CUST_00212;;user_212_393@example.com;UrbanStyle;offline_pos;3;27225.31;4083.8;23141.51;9719.43;0.0;0.0;completed
ORD-0002137;2025-11-06;CUST_00930;;user_930_763@example.com;UrbanStyle;online_site;1;7304.39;0.0;7304.39;3067.84;350.0;1364.1;completed
ORD-0002382;2025-11-06;CUST_01026;+79996363359;;UrbanStyle;online_site;4;35424.32;3542.43;31881.89;13390.39;350.0;0.0;completed
ORD-0003042;2025-11-06;CUST_01313;+79998249042;;UrbanStyle;online_app;1;10113.07;505.65;9607.42;4035.12;250.0;0.0;completed
ORD-0003440;2025-11-06;CUST_01494;+79994701708;user_1494_432@example.com;UrbanStyle;online_site;1;8074.62;1211.19;6863.43;2882.64;350.0;917.19;returned
ORD-0000044;2025-11-07;CUST_00025;+79994374754;;SportActive;online_app;4;40071.19;8014.24;32056.95;15387.34;250.0;1250.22;cancelled
ORD-0000139;2025-11-07;CUST_00063;+79994188992;;SportActive;online_site;1;11282.63;1128.26;10154.37;4874.1;350.0;920.29;completed
ORD-0000257;2025-11-07;CUST_00113;+79999767312;user_113_489@example.com;UrbanStyle;online_site;4;37355.17;5603.28;31751.89;13335.79;350.0;1501.59;completed
ORD-0000318;2025-11-07;CUST_00141;+79993589751;user_141_176@example.com;UrbanStyle;online_site;3;21405.98;3210.9;18195.08;7641.93;350.0;0.0;completed
ORD-0000353;2025-11-07;CUST_00154;+79995801541;;SportActive;offline_pos;4;42424.48;4242.45;38182.03;18327.37;0.0;1015.38;completed
ORD-0001337;2025-11-07;CUST_00578;+79992760168;user_578_623@example.com;SportActive;online_app;3;27060.82;0.0;27060.82;12989.19;250.0;1245.54;completed
ORD-0001613;2025-11-07;CUST_00703;+79997777264;user_703_688@example.com;UrbanStyle;online_app;2;17875.67;0.0;17875.67;7507.78;250.0;994.39;completed
ORD-0002109;2025-11-07;CUST_00917;;user_917_451@example.com;SportActive;online_site;1;11650.3;1165.03;10485.27;5032.93;350.0;0.0;completed
ORD-0002599;2025-11-07;CUST_01120;;user_1120_105@example.com;UrbanStyle;online_site;3;20090.94;4018.19;16072.75;6750.55;350.0;1537.35;completed
ORD-0000342;2025-11-08;CUST_00149;+79998805654;;SportActive;online_app;2;21593.71;4318.74;17274.97;8291.99;250.0;0.0;completed
ORD-0000622;2025-11-08;CUST_00269;+79993164813;;UrbanStyle;online_app;4;30312.2;6062.44;24249.76;10184.9;250.0;0.0;completed
ORD-0000712;2025-11-08;CUST_00307;+79992681042;;UrbanStyle;online_app;1;8690.62;434.53;8256.09;3467.56;250.0;0.0;completed
ORD-0001018;2025-11-08;CUST_00454;;user_454_773@example.com;SportActive;online_app;2;20837.69;4167.54;16670.15;8001.67;250.0;1617.76;completed
ORD-0001025;2025-11-08;CUST_00459;+79993799805;user_459_476@example.com;UrbanStyle;online_site;4;28860.17;0.0;28860.17;12121.27;350.0;0.0;completed
ORD-0001846;2025-11-08;CUST_00801;+79991406123;user_801_888@example.com;UrbanStyle;online_site;2;17643.02;1764.3;15878.72;6669.06;350.0;0.0;completed
ORD-0002844;2025-11-08;CUST_01236;+79993972698;user_1236_959@example.com;SportActive;online_app;3;25720.19;3858.03;21862.16;10493.84;250.0;0.0;completed
ORD-0001615;2025-11-09;CUST_00704;+79998034050;;UrbanStyle;offline_pos;4;36672.86;1833.64;34839.22;14632.47;0.0;0.0;completed
ORD-0001868;2025-11-09;CUST_00814;+79995323142;;SportActive;offline_pos;4;38609.27;1930.46;36678.81;17605.83;0.0;0.0;completed
ORD-0002199;2025-11-09;CUST_00952;+79992783941;user_952_216@example.com;UrbanStyle;online_site;1;10011.9;0.0;10011.9;4205.0;350.0;1684.08;completed
ORD-0002414;2025-11-09;CUST_01044;+79991234617;;UrbanStyle;offline_pos;1;6528.05;1305.61;5222.44;2193.42;0.0;0.0;completed
ORD-0003191;2025-11-09;CUST_01381;+79992685367;;UrbanStyle;offline_pos;2;13419.04;1341.9;12077.14;5072.4;0.0;0.0;completed
ORD-0000100;2025-11-10;CUST_00047;+79999874152;user_47_108@example.com;UrbanStyle;online_app;1;8483.75;424.19;8059.56;3385.02;250.0;1325.31;returned
ORD-0001052;2025-11-10;CUST_00468;;user_468_443@example.com;UrbanStyle;online_site;3;25426.66;3814.0;21612.66;9077.32;350.0;0.0;completed
ORD-0001066;2025-11-10;CUST_00474;+79994400953;;UrbanStyle;online_site;1;8445.65;844.57;7601.08;3192.45;350.0;0.0;completed
ORD-0001150;2025-11-10;CUST_00505;+79999324603;user_505_244@example.com;UrbanStyle;offline_pos;4;39300.63;3930.06;35370.57;14855.64;0.0;1048.35;completed
ORD-0002188;2025-11-10;CUST_00947;+79996692259;;SportActive;online_site;4;50488.33;0.0;50488.33;24234.4;350.0;0.0;completed
ORD-0002756;2025-11-10;CUST_01195;+79993348331;user_1195_831@example.com;UrbanStyle;online_site;2;13480.9;2696.18;10784.72;4529.58;350.0;0.0;completed
ORD-0002915;2025-11-10;CUST_01263;+79992874068;;UrbanStyle;offline_pos;1;8273.9;1654.78;6619.12;2780.03;0.0;0.0;completed
ORD-0003359;2025-11-10;CUST_01452;+79996937335;user_1452_209@example.com;UrbanStyle;online_site;2;17384.76;1738.48;15646.28;6571.44;350.0;0.0;cancelled
ORD-0000015;2025-11-11;CUST_00009;+79993728882;;UrbanStyle;offline_pos;2;13952.54;697.63;13254.91;5567.06;0.0;0.0;completed
ORD-0000176;2025-11-11;CUST_00075;+79999910914;user_75_672@example.com;UrbanStyle;online_site;4;31880.57;3188.06;28692.51;12050.85;350.0;0.0;completed
ORD-0000747;2025-11-11;CUST_00319;+79991191859;;SportActive;offline_pos;4;43966.05;0.0;43966.05;21103.7;0.0;0.0;completed
ORD-0001099;2025-11-11;CUST_00486;+79995951043;;UrbanStyle;offline_pos;4;34264.34;6852.87;27411.47;11512.82;0.0;1730.2;cancelled
ORD-0001531;2025-11-11;CUST_00664;;user_664_556@example.com;UrbanStyle;online_app;4;41077.58;2053.88;39023.7;16389.95;250.0;1020.17;completed
ORD-0001765;2025-11-11;CUST_00768;+79999488562;user_768_488@example.com;SportActive;offline_pos;4;35647.3;7129.46;28517.84;13688.56;0.0;0.0;completed
ORD-0002047;2025-11-11;CUST_00895;;user_895_545@example.com;SportActive;online_app;2;26387.87;3958.18;22429.69;10766.25;250.0;0.0;completed
ORD-0002260;2025-11-11;CUST_00978;+79998142021;user_978_643@example.com;UrbanStyle;online_site;2;13603.45;2040.52;11562.93;4856.43;350.0;0.0;completed
ORD-0002328;2025-11-11;CUST_01007;+79993467651;user_1007_918@example.com;UrbanStyle;online_site;2;18592.67;2788.9;15803.77;6637.58;350.0;0.0;completed
ORD-0002491;2025-11-11;CUST_01079;+79994356734;user_1079_524@example.com;SportActive;online_site;4;43446.02;8689.2;34756.82;16683.27;350.0;0.0;completed
ORD-0002499;2025-11-11;CUST_01082;;user_1082_634@example.com;UrbanStyle;online_app;2;13774.16;0.0;13774.16;5785.15;250.0;1332.69;completed
ORD-0001163;2025-11-12;CUST_00511;+79992756994;user_511_175@example.com;UrbanStyle;online_app;2;14586.29;2917.26;11669.03;4900.99;250.0;0.0;completed
ORD-0001342;2025-11-12;CUST_00580;;user_580_140@example.com;UrbanStyle;online_site;1;6755.1;337.76;6417.34;2695.28;350.0;0.0;completed
ORD-0001820;2025-11-12;CUST_00790;+79999095563;user_790_277@example.com;UrbanStyle;online_site;2;20637.14;2063.71;18573.43;7800.84;350.0;0.0;completed
ORD-0001851;2025-11-12;CUST_00802;;user_802_551@example.com;UrbanStyle;online_app;4;34258.61;0.0;34258.61;14388.62;250.0;1689.61;completed
ORD-0002019;2025-11-12;CUST_00883;+79994076154;user_883_816@example.com;SportActive;online_site;3;37688.48;5653.27;32035.21;15376.9;350.0;1180.35;completed
ORD-0002102;2025-11-12;CUST_00915;+79991238286;user_915_859@example.com;UrbanStyle;online_site;4;34140.84;3414.08;30726.76;12905.24;350.0;1500.88;completed
ORD-0003232;2025-11-12;CUST_01395;+79998727632;user_1395_423@example.com;UrbanStyle;online_app;2;16152.52;1615.25;14537.27;6105.65;250.0;0.0;completed
ORD-0000467;2025-11-13;CUST_00204;+79997070880;user_204_190@example.com;SportActive;online_app;3;27955.72;2795.57;25160.15;12076.87;250.0;1642.02;completed
ORD-0000516;2025-11-13;CUST_00225;;user_225_266@example.com;SportActive;online_site;3;26869.86;4030.48;22839.38;10962.9;350.0;1508.14;completed
ORD-0001230;2025-11-13;CUST_00533;+79991650662;user_533_505@example.com;UrbanStyle;online_site;1;10467.93;0.0;10467.93;4396.53;350.0;1414.7;completed
ORD-0001698;2025-11-13;CUST_00736;;user_736_186@example.com;UrbanStyle;online_site;2;19895.71;3979.14;15916.57;6684.96;350.0;0.0;completed
ORD-0001730;2025-11-13;CUST_00749;+79999254323;user_749_292@example.com;UrbanStyle;online_site;2;16423.33;0.0;16423.33;6897.8;350.0;1201.12;completed
ORD-0002214;2025-11-13;CUST_00958;+79995196218;;SportActive;offline_pos;3;36393.46;0.0;36393.46;17468.86;0.0;0.0;returned
ORD-0002787;2025-11-13;CUST_01212;+79999753576;user_1212_293@example.com;SportActive;online_site;2;21851.94;4370.39;17481.55;8391.14;350.0;1045.74;completed
ORD-0003266;2025-11-13;CUST_01407;+79993822312;;SportActive;offline_pos;1;11357.68;0.0;11357.68;5451.69;0.0;0.0;completed
ORD-0000382;2025-11-14;CUST_00164;+79994713925;user_164_763@example.com;UrbanStyle;online_site;4;39030.8;5854.62;33176.18;13934.0;350.0;1664.49;completed
ORD-0001205;2025-11-14;CUST_00525;;user_525_559@example.com;UrbanStyle;online_site;1;10327.2;1032.72;9294.48;3903.68;350.0;1073.7;completed
ORD-0001253;2025-11-14;CUST_00543;+79993743303;user_543_957@example.com;SportActive;offline_pos;4;34207.2;0.0;34207.2;16419.46;0.0;0.0;completed
ORD-0001770;2025-11-14;CUST_00769;+79995006173;user_769_428@example.com;SportActive;online_app;3;34669.3;5200.4;29468.9;14145.07;250.0;1466.98;completed
ORD-0001855;2025-11-14;CUST_00804;+79995826554;user_804_114@example.com;UrbanStyle;online_site;3;22771.8;2277.18;20494.62;8607.74;350.0;1584.7;completed
ORD-0002370;2025-11-14;CUST_01022;+79998927925;user_1022_227@example.com;SportActive;online_site;2;20292.69;2029.27;18263.42;8766.44;350.0;0.0;completed
ORD-0002425;2025-11-14;CUST_01048;+79992570688;;UrbanStyle;online_site;3;29601.47;5920.29;23681.18;9946.1;350.0;0.0;completed
ORD-0002898;2025-11-14;CUST_01258;+79991435739;user_1258_564@example.com;UrbanStyle;online_app;3;20516.25;3077.44;17438.81;7324.3;250.0;1459.42;completed
ORD-0000209;2025-11-15;CUST_00090;+79992919136;;UrbanStyle;online_site;3;30005.43;0.0;30005.43;12602.28;350.0;966.5;completed
ORD-0000398;2025-11-15;CUST_00171;+79992097443;;SportActive;online_site;3;33359.96;0.0;33359.96;16012.78;350.0;0.0;completed
ORD-0000513;2025-11-15;CUST_00224;+79999833734;user_224_138@example.com;SportActive;online_site;1;13303.67;0.0;13303.67;6385.76;350.0;0.0;completed
ORD-0000582;2025-11-15;CUST_00248;+79998942330;user_248_359@example.com;UrbanStyle;online_app;4;38214.01;7642.8;30571.21;12839.91;250.0;0.0;completed
ORD-0000814;2025-11-15;CUST_00348;+79994640933;user_348_590@example.com;UrbanStyle;online_site;3;27633.3;2763.33;24869.97;10445.39;350.0;0.0;completed
ORD-0001363;2025-11-15;CUST_00587;+79997251562;user_587_934@example.com;UrbanStyle;online_site;2;19390.32;0.0;19390.32;8143.93;350.0;911.19;completed
ORD-0001467;2025-11-15;CUST_00634;+79996384429;;UrbanStyle;online_site;2;17851.58;1785.16;16066.42;6747.9;350.0;1034.47;completed
ORD-0002001;2025-11-15;CUST_00876;+79996877363;;UrbanStyle;online_site;4;40864.1;2043.2;38820.9;16304.78;350.0;1062.78;completed
ORD-0002667;2025-11-15;CUST_01150;+79995447210;user_1150_449@example.com;SportActive;online_site;2;20741.14;1037.06;19704.08;9457.96;350.0;0.0;returned
ORD-0003073;2025-11-15;CUST_01320;+79998740286;user_1320_169@example.com;UrbanStyle;offline_pos;2;19201.32;960.07;18241.25;7661.32;0.0;0.0;returned
ORD-0003314;2025-11-15;CUST_01426;+79995373391;user_1426_490@example.com;SportActive;online_app;1;10751.31;0.0;10751.31;5160.63;250.0;1757.17;completed
ORD-0000519;2025-11-16;CUST_00226;+79998342941;;UrbanStyle;online_app;2;19700.57;2955.09;16745.48;7033.1;250.0;973.57;completed
ORD-0001752;2025-11-16;CUST_00763;+79994903632;;UrbanStyle;online_site;2;16454.05;2468.11;13985.94;5874.09;350.0;0.0;completed
ORD-0002040;2025-11-16;CUST_00894;+79998502096;user_894_300@example.com;UrbanStyle;online_site;2;15335.28;766.76;14568.52;6118.78;350.0;0.0;completed
ORD-0002124;2025-11-16;CUST_00922;+79998293631;user_922_112@example.com;UrbanStyle;online_site;2;17159.88;2573.98;14585.9;6126.08;350.0;0.0;completed
ORD-0002596;2025-11-16;CUST_01117;;user_1117_992@example.com;UrbanStyle;online_app;4;35474.9;1773.75;33701.15;14154.48;250.0;0.0;completed
ORD-0002827;2025-11-16;CUST_01230;;user_1230_315@example.com;SportActive;online_site;1;11919.69;2383.94;9535.75;4577.16;350.0;0.0;completed
ORD-0002933;2025-11-16;CUST_01269;;user_1269_926@example.com;SportActive;online_app;1;11112.25;0.0;11112.25;5333.88;250.0;1304.87;completed
ORD-0000390;2025-11-17;CUST_00169;+79997084862;;UrbanStyle;online_site;2;17452.4;1745.24;15707.16;6597.01;350.0;0.0;cancelled
ORD-0000866;2025-11-17;CUST_00383;+79998681643;user_383_209@example.com;UrbanStyle;online_site;3;30902.09;4635.31;26266.78;11032.05;350.0;923.06;completed
ORD-0001474;2025-11-17;CUST_00636;+79999167227;;UrbanStyle;offline_pos;1;7797.23;1169.58;6627.65;2783.61;0.0;0.0;completed
ORD-0002056;2025-11-17;CUST_00896;+79999563491;user_896_513@example.com;SportActive;online_site;3;25627.41;2562.74;23064.67;11071.04;350.0;0.0;completed
ORD-0002063;2025-11-17;CUST_00898;;user_898_131@example.com;SportActive;online_site;4;42975.2;6446.28;36528.92;17533.88;350.0;0.0;completed
ORD-0002437;2025-11-17;CUST_01055;;user_1055_842@example.com;UrbanStyle;offline_pos;3;27281.73;5456.35;21825.38;9166.66;0.0;0.0;completed
ORD-0002610;2025-11-17;CUST_01124;+79995746702;user_1124_997@example.com;UrbanStyle;online_app;2;14974.32;748.72;14225.6;5974.75;250.0;0.0;completed
ORD-0000348;2025-11-18;CUST_00150;;user_150_701@example.com;UrbanStyle;online_app;2;20039.05;2003.9;18035.15;7574.76;250.0;0.0;completed
ORD-0000662;2025-11-18;CUST_00289;+79993299088;;UrbanStyle;online_site;4;30081.48;3008.15;27073.33;11370.8;350.0;0.0;completed
ORD-0001710;2025-11-18;CUST_00739;+79995570355;user_739_661@example.com;UrbanStyle;online_site;1;7128.74;1069.31;6059.43;2544.96;350.0;0.0;completed
ORD-0001933;2025-11-18;CUST_00845;+79991820721;user_845_289@example.com;UrbanStyle;offline_pos;4;26258.95;3938.84;22320.11;9374.45;0.0;939.53;completed
ORD-0002326;2025-11-18;CUST_01006;+79999512910;;SportActive;online_site;4;40299.19;6044.88;34254.31;16442.07;350.0;0.0;completed
ORD-0000021;2025-11-19;CUST_00013;+79999375710;user_13_505@example.com;SportActive;online_site;1;12384.86;1857.73;10527.13;5053.02;350.0;0.0;completed
ORD-0000289;2025-11-19;CUST_00131;+79993657144;;UrbanStyle;online_app;4;41228.54;2061.43;39167.11;16450.19;250.0;1190.45;completed
ORD-0000475;2025-11-19;CUST_00209;+79998531380;user_209_797@example.com;SportActive;online_site;2;19511.1;3902.22;15608.88;7492.26;350.0;0.0;completed
ORD-0000529;2025-11-19;CUST_00230;+79993321942;user_230_993@example.com;UrbanStyle;online_app;4;26628.41;3994.26;22634.15;9506.34;250.0;0.0;completed
ORD-0000899;2025-11-19;CUST_00397;+79999099554;user_397_207@example.com;UrbanStyle;online_site;3;20074.63;3011.19;17063.44;7166.64;350.0;0.0;completed
ORD-0001336;2025-11-19;CUST_00577;;user_577_203@example.com;SportActive;offline_pos;2;26151.63;0.0;26151.63;12552.78;0.0;1028.38;completed
ORD-0001378;2025-11-19;CUST_00594;+79996675742;user_594_631@example.com;UrbanStyle;online_site;3;29450.81;5890.16;23560.65;9895.47;350.0;0.0;completed
ORD-0001674;2025-11-19;CUST_00724;;user_724_407@example.com;UrbanStyle;online_app;3;31016.95;3101.7;27915.25;11724.4;250.0;1076.23;completed
ORD-0001680;2025-11-19;CUST_00726;;user_726_366@example.com;UrbanStyle;online_site;3;27386.79;2738.68;24648.11;10352.21;350.0;1272.68;completed
ORD-0001884;2025-11-19;CUST_00819;+79999787997;user_819_238@example.com;UrbanStyle;online_site;4;33469.58;6693.92;26775.66;11245.78;350.0;0.0;completed
ORD-0002013;2025-11-19;CUST_00880;;user_880_419@example.com;UrbanStyle;online_site;1;9364.74;1872.95;7491.79;3146.55;350.0;1305.57;returned
ORD-0002083;2025-11-19;CUST_00906;+79999107893;user_906_821@example.com;UrbanStyle;online_site;2;19026.75;2854.01;16172.74;6792.55;350.0;0.0;completed
ORD-0002279;2025-11-19;CUST_00983;+79998789590;user_983_820@example.com;SportActive;online_site;2;19652.71;2947.91;16704.8;8018.3;350.0;0.0;completed
ORD-0002531;2025-11-19;CUST_01096;;user_1096_121@example.com;SportActive;online_site;3;32424.6;4863.69;27560.91;13229.24;350.0;0.0;completed
ORD-0002563;2025-11-19;CUST_01105;+79991051603;user_1105_510@example.com;UrbanStyle;online_site;1;10026.16;1002.62;9023.54;3789.89;350.0;1458.17;completed
ORD-0002723;2025-11-19;CUST_01180;+79999886057;;UrbanStyle;online_site;4;40481.15;2024.06;38457.09;16151.98;350.0;963.3;completed
ORD-0003065;2025-11-19;CUST_01319;+79991180143;user_1319_356@example.com;UrbanStyle;online_site;1;9460.34;473.02;8987.32;3774.67;350.0;0.0;completed
ORD-0003134;2025-11-19;CUST_01356;+79995282525;user_1356_889@example.com;SportActive;online_site;3;27009.76;5401.95;21607.81;10371.75;350.0;0.0;completed
ORD-0000047;2025-11-20;CUST_00028;+79993786712;;UrbanStyle;online_site;4;29512.23;1475.61;28036.62;11775.38;350.0;1757.14;completed
ORD-0000365;2025-11-20;CUST_00158;;user_158_235@example.com;SportActive;online_app;3;32894.15;6578.83;26315.32;12631.35;250.0;0.0;completed
ORD-0000478;2025-11-20;CUST_00211;+79991942411;user_211_460@example.com;UrbanStyle;online_app;3;27836.95;4175.54;23661.41;9937.79;250.0;1450.46;completed
ORD-0000619;2025-11-20;CUST_00268;+79999679860;user_268_452@example.com;UrbanStyle;online_site;2;16533.87;0.0;16533.87;6944.23;350.0;0.0;completed
ORD-0001089;2025-11-20;CUST_00481;;user_481_481@example.com;SportActive;online_site;2;21902.44;3285.37;18617.07;8936.19;350.0;0.0;completed
ORD-0001535;2025-11-20;CUST_00665;+79999111841;user_665_467@example.com;UrbanStyle;offline_pos;1;9924.66;496.23;9428.43;3959.94;0.0;0.0;completed
ORD-0001610;2025-11-20;CUST_00701;+79994360650;user_701_630@example.com;UrbanStyle;online_site;2;17857.51;2678.63;15178.88;6375.13;350.0;0.0;completed
ORD-0001879;2025-11-20;CUST_00818;+79991558555;;UrbanStyle;offline_pos;2;15684.81;784.24;14900.57;6258.24;0.0;0.0;completed
ORD-0002171;2025-11-20;CUST_00942;;user_942_647@example.com;SportActive;online_site;3;32736.84;4910.53;27826.31;13356.63;350.0;1508.64;completed
ORD-0002180;2025-11-20;CUST_00945;+79991598917;;UrbanStyle;online_site;1;6802.19;340.11;6462.08;2714.07;350.0;1098.71;completed
ORD-0002524;2025-11-20;CUST_01095;;user_1095_384@example.com;SportActive;online_app;2;22630.01;0.0;22630.01;10862.4;250.0;0.0;completed
ORD-0002960;2025-11-20;CUST_01279;+79995146852;;UrbanStyle;online_site;1;7260.69;1089.1;6171.59;2592.07;350.0;0.0;completed
ORD-0003434;2025-11-20;CUST_01490;+79992396638;user_1490_822@example.com;SportActive;offline_pos;1;11384.67;1707.7;9676.97;4644.95;0.0;1393.86;completed
ORD-0000155;2025-11-21;CUST_00070;+79994940441;;UrbanStyle;online_app;4;41486.98;0.0;41486.98;17424.53;250.0;1349.02;cancelled
ORD-0000301;2025-11-21;CUST_00137;+79997328534;user_137_566@example.com;SportActive;online_site;4;42577.97;2128.9;40449.07;19415.55;350.0;0.0;completed
ORD-0002312;2025-11-21;CUST_01001;+79999981123;;UrbanStyle;offline_pos;2;19056.9;952.85;18104.05;7603.7;0.0;0.0;completed
ORD-0002958;2025-11-21;CUST_01278;+79991775026;;SportActive;online_app;4;45053.29;0.0;45053.29;21625.58;250.0;0.0;completed
ORD-0003114;2025-11-21;CUST_01345;+79993106564;user_1345_193@example.com;UrbanStyle;online_app;1;7534.82;1506.96;6027.86;2531.7;250.0;1584.32;completed
ORD-0003386;2025-11-21;CUST_01467;+79999576736;;UrbanStyle;online_app;3;24379.04;1218.95;23160.09;9727.24;250.0;1366.67;completed
ORD-0000477;2025-11-22;CUST_00210;+79996303930;user_210_254@example.com;SportActive;online_app;2;18810.31;2821.55;15988.76;7674.6;250.0;1623.26;completed
ORD-0000558;2025-11-22;CUST_00242;+79999516493;user_242_667@example.com;UrbanStyle;online_app;1;8435.25;1265.29;7169.96;3011.38;250.0;0.0;completed
ORD-0000576;2025-11-22;CUST_00247;+79992703060;;UrbanStyle;online_app;3;29460.72;1473.04;27987.68;11754.83;250.0;0.0;completed
ORD-0000759;2025-11-22;CUST_00322;+79997268384;user_322_525@example.com;SportActive;online_site;2;18249.6;1824.96;16424.64;7883.83;350.0;0.0;completed
ORD-0001250;2025-11-22;CUST_00542;+79995059047;user_542_481@example.com;UrbanStyle;online_site;4;41246.86;2062.34;39184.52;16457.5;350.0;1607.67;completed
ORD-0002736;2025-11-22;CUST_01185;+79996105693;user_1185_838@example.com;SportActive;online_app;1;9623.39;1443.51;8179.88;3926.34;250.0;0.0;completed
ORD-0003056;2025-11-22;CUST_01315;+79992119776;user_1315_814@example.com;UrbanStyle;online_site;2;20861.85;1043.09;19818.76;8323.88;350.0;0.0;completed
ORD-0003078;2025-11-22;CUST_01325;;user_1325_499@example.com;SportActive;online_site;4;47543.11;4754.31;42788.8;20538.62;350.0;1510.13;completed
ORD-0000393;2025-11-23;CUST_00170;+79992015861;user_170_507@example.com;UrbanStyle;online_app;4;38135.38;3813.54;34321.84;14415.17;250.0;0.0;completed
ORD-0000522;2025-11-23;CUST_00228;+79998868776;user_228_955@example.com;UrbanStyle;online_app;1;7417.37;1112.61;6304.76;2648.0;250.0;0.0;completed
ORD-0000837;2025-11-23;CUST_00360;;user_360_775@example.com;UrbanStyle;online_app;1;9774.77;1466.22;8308.55;3489.59;250.0;1398.46;completed
ORD-0001424;2025-11-23;CUST_00613;+79997924719;;SportActive;online_site;1;13102.49;1310.25;11792.24;5660.28;350.0;0.0;completed
ORD-0001635;2025-11-23;CUST_00710;+79995514342;;SportActive;online_site;4;40322.65;4032.27;36290.38;17419.38;350.0;0.0;completed
ORD-0003407;2025-11-23;CUST_01477;+79994194945;;SportActive;offline_pos;3;34585.8;5187.87;29397.93;14111.01;0.0;0.0;returned
ORD-0000001;2025-11-24;CUST_00001;;user_1_350@example.com;UrbanStyle;online_site;3;21238.37;4247.67;16990.7;7136.09;350.0;912.15;completed
ORD-0001951;2025-11-24;CUST_00852;+79992470854;user_852_595@example.com;SportActive;online_site;3;33820.39;1691.02;32129.37;15422.1;350.0;0.0;completed
ORD-0002122;2025-11-24;CUST_00921;+79999934217;user_921_339@example.com;UrbanStyle;online_site;1;6621.5;0.0;6621.5;2781.03;350.0;0.0;completed
ORD-0002297;2025-11-24;CUST_00992;+79997176462;user_992_919@example.com;SportActive;online_site;2;24686.37;3702.96;20983.41;10072.04;350.0;0.0;returned
ORD-0002360;2025-11-24;CUST_01019;+79998753086;user_1019_827@example.com;UrbanStyle;offline_pos;3;23355.7;0.0;23355.7;9809.39;0.0;1090.42;completed
ORD-0003414;2025-11-24;CUST_01479;+79994216305;;UrbanStyle;offline_pos;2;17255.25;1725.53;15529.72;6522.48;0.0;0.0;completed
ORD-0000069;2025-11-25;CUST_00037;+79998633773;user_37_392@example.com;UrbanStyle;offline_pos;3;21607.94;2160.79;19447.15;8167.8;0.0;0.0;completed
ORD-0000537;2025-11-25;CUST_00234;+79994767135;;UrbanStyle;online_site;1;9377.91;937.79;8440.12;3544.85;350.0;0.0;completed
ORD-0000641;2025-11-25;CUST_00276;+79997813102;user_276_404@example.com;UrbanStyle;offline_pos;1;7972.79;0.0;7972.79;3348.57;0.0;1777.18;completed
ORD-0000958;2025-11-25;CUST_00427;+79991041491;user_427_989@example.com;SportActive;online_app;3;38005.82;0.0;38005.82;18242.79;250.0;0.0;cancelled
ORD-0001334;2025-11-25;CUST_00576;;user_576_818@example.com;UrbanStyle;online_site;4;28149.27;5629.85;22519.42;9458.16;350.0;0.0;cancelled
ORD-0001483;2025-11-25;CUST_00643;+79991763646;;UrbanStyle;online_site;1;6765.11;1353.02;5412.09;2273.08;350.0;1070.01;completed
ORD-0002919;2025-11-25;CUST_01264;+79991961630;user_1264_343@example.com;SportActive;online_site;3;39135.89;0.0;39135.89;18785.23;350.0;0.0;completed
ORD-0003132;2025-11-25;CUST_01355;+79991651407;;SportActive;online_site;4;41384.08;4138.41;37245.67;17877.92;350.0;1752.43;completed
ORD-0003431;2025-11-25;CUST_01489;+79994522752;user_1489_647@example.com;SportActive;online_site;2;19460.18;3892.04;15568.14;7472.71;350.0;1143.01;completed
ORD-0000201;2025-11-26;CUST_00086;+79994048907;user_86_151@example.com;SportActive;online_app;4;47248.79;7087.32;40161.47;19277.51;250.0;1656.11;completed
ORD-0000796;2025-11-26;CUST_00343;+79996347476;user_343_813@example.com;UrbanStyle;online_site;2;20468.83;2046.88;18421.95;7737.22;350.0;1088.24;completed
ORD-0000995;2025-11-26;CUST_00446;+79991202450;;SportActive;online_site;2;26023.58;3903.54;22120.04;10617.62;350.0;0.0;completed
ORD-0001143;2025-11-26;CUST_00503;+79993136551;user_503_281@example.com;SportActive;online_app;1;11035.83;1655.37;9380.46;4502.62;250.0;0.0;completed
ORD-0001522;2025-11-26;CUST_00660;+79997797028;user_660_887@example.com;UrbanStyle;online_app;3;25844.62;5168.92;20675.7;8683.79;250.0;0.0;completed
ORD-0002165;2025-11-26;CUST_00939;+79999021848;user_939_546@example.com;UrbanStyle;online_site;2;15035.62;751.78;14283.84;5999.21;350.0;0.0;completed
ORD-0002565;2025-11-26;CUST_01106;+79999431822;;UrbanStyle;online_app;3;31055.76;3105.58;27950.18;11739.08;250.0;0.0;completed
ORD-0002981;2025-11-26;CUST_01290;;user_1290_333@example.com;UrbanStyle;online_app;1;8277.98;0.0;8277.98;3476.75;250.0;1404.24;completed
ORD-0003157;2025-11-26;CUST_01366;+79993862767;user_1366_280@example.com;UrbanStyle;online_site;2;15881.18;3176.24;12704.94;5336.07;350.0;0.0;returned
ORD-0003353;2025-11-26;CUST_01451;+79998768806;user_1451_732@example.com;SportActive;online_app;4;45585.88;9117.18;36468.7;17504.98;250.0;1658.8;completed
ORD-0000082;2025-11-27;CUST_00041;;user_41_513@example.com;SportActive;offline_pos;2;18144.46;907.22;17237.24;8273.88;0.0;0.0;completed
ORD-0000088;2025-11-27;CUST_00044;+79992217071;;UrbanStyle;offline_pos;1;7883.08;1576.62;6306.46;2648.71;0.0;1585.44;completed
ORD-0000652;2025-11-27;CUST_00284;+79998895137;user_284_392@example.com;UrbanStyle;online_app;1;8179.26;817.93;7361.33;3091.76;250.0;0.0;completed
ORD-0000993;2025-11-27;CUST_00445;;user_445_345@example.com;UrbanStyle;offline_pos;1;8408.06;1261.21;7146.85;3001.68;0.0;1678.67;returned
ORD-0001092;2025-11-27;CUST_00483;+79996562484;;UrbanStyle;offline_pos;1;7028.09;0.0;7028.09;2951.8;0.0;1781.39;completed
ORD-0001305;2025-11-27;CUST_00561;+79994263903;;UrbanStyle;online_app;2;18903.86;2835.58;16068.28;6748.68;250.0;0.0;completed
ORD-0001754;2025-11-27;CUST_00764;+79998360481;user_764_850@example.com;UrbanStyle;online_app;1;7050.79;705.08;6345.71;2665.2;250.0;1460.24;completed
ORD-0002228;2025-11-27;CUST_00962;;user_962_197@example.com;SportActive;online_app;2;16982.09;2547.31;14434.78;6928.69;250.0;0.0;completed
ORD-0002399;2025-11-27;CUST_01035;+79993332267;user_1035_936@example.com;UrbanStyle;online_site;4;34453.04;0.0;34453.04;14470.28;350.0;0.0;completed
ORD-0002980;2025-11-27;CUST_01289;;user_1289_401@example.com;SportActive;online_site;4;42975.2;8595.04;34380.16;16502.48;350.0;1755.19;completed
ORD-0003450;2025-11-27;CUST_01499;+79999837877;;UrbanStyle;online_site;4;35647.86;3564.79;32083.07;13474.89;350.0;1228.93;completed
ORD-0000133;2025-11-28;CUST_00061;+79995382463;;UrbanStyle;online_site;1;10251.93;1025.19;9226.74;3875.23;350.0;0.0;completed
ORD-0000165;2025-11-28;CUST_00073;+79991093026;;SportActive;online_site;3;28590.44;4288.57;24301.87;11664.9;350.0;0.0;completed
ORD-0000495;2025-11-28;CUST_00218;+79997485471;user_218_390@example.com;UrbanStyle;online_app;1;9808.35;1471.25;8337.1;3501.58;250.0;1043.15;completed
ORD-0001442;2025-11-28;CUST_00622;+79995825775;;SportActive;online_site;2;25545.67;0.0;25545.67;12261.92;350.0;1545.14;completed
ORD-0001778;2025-11-28;CUST_00773;+79999219319;user_773_638@example.com;SportActive;online_app;1;9736.97;973.7;8763.27;4206.37;250.0;0.0;cancelled
ORD-0002104;2025-11-28;CUST_00916;+79997203657;user_916_927@example.com;UrbanStyle;offline_pos;4;37906.93;0.0;37906.93;15920.91;0.0;0.0;completed
ORD-0002156;2025-11-28;CUST_00936;+79992223386;;UrbanStyle;online_app;1;10060.51;0.0;10060.51;4225.41;250.0;0.0;completed
ORD-0001046;2025-11-29;CUST_00466;+79995069884;user_466_575@example.com;UrbanStyle;offline_pos;4;40721.48;8144.3;32577.18;13682.42;0.0;0.0;completed
ORD-0001367;2025-11-29;CUST_00589;+79993223175;;SportActive;online_app;1;10821.93;1623.29;9198.64;4415.35;250.0;917.8;returned
ORD-0001464;2025-11-29;CUST_00633;+79995953905;;UrbanStyle;offline_pos;3;22641.81;2264.18;20377.63;8558.6;0.0;1783.33;completed
ORD-0001862;2025-11-29;CUST_00810;;user_810_826@example.com;SportActive;online_site;2;22640.51;0.0;22640.51;10867.44;350.0;1652.2;completed
ORD-0001923;2025-11-29;CUST_00837;+79993072728;user_837_193@example.com;UrbanStyle;online_app;2;19088.16;1908.82;17179.34;7215.32;250.0;1192.98;completed
ORD-0002078;2025-11-29;CUST_00905;+79999417612;;UrbanStyle;online_site;1;10206.51;1020.65;9185.86;3858.06;350.0;0.0;completed
ORD-0002569;2025-11-29;CUST_01107;+79997883963;user_1107_911@example.com;SportActive;online_site;1;12316.64;1231.66;11084.98;5320.79;350.0;1624.58;completed
ORD-0002747;2025-11-29;CUST_01188;+79996058857;;UrbanStyle;online_app;3;19764.03;3952.81;15811.22;6640.71;250.0;1179.32;completed
ORD-0002838;2025-11-29;CUST_01235;+79998468826;user_1235_788@example.com;SportActive;online_app;2;22497.85;4499.57;17998.28;8639.17;250.0;1320.67;completed
ORD-0002850;2025-11-29;CUST_01240;+79994507886;user_1240_107@example.com;UrbanStyle;online_app;1;6867.48;0.0;6867.48;2884.34;250.0;0.0;completed
ORD-0002894;2025-11-29;CUST_01256;;user_1256_511@example.com;UrbanStyle;online_site;4;28873.58;1443.68;27429.9;11520.56;350.0;0.0;completed
ORD-0003307;2025-11-29;CUST_01421;+79991001435;user_1421_354@example.com;UrbanStyle;online_site;1;10265.34;1539.8;8725.54;3664.73;350.0;0.0;completed
ORD-0000193;2025-11-30;CUST_00082;;user_82_871@example.com;UrbanStyle;online_app;1;9371.41;937.14;8434.27;3542.39;250.0;0.0;completed
ORD-0000207;2025-11-30;CUST_00089;+79995172556;;UrbanStyle;online_site;1;6646.55;0.0;6646.55;2791.55;350.0;1579.61;completed
ORD-0000219;2025-11-30;CUST_00094;+79991689025;user_94_455@example.com;UrbanStyle;online_site;1;6658.69;998.8;5659.89;2377.15;350.0;0.0;completed
ORD-0000223;2025-11-30;CUST_00097;;user_97_576@example.com;UrbanStyle;online_site;1;8684.53;868.45;7816.08;3282.75;350.0;985.24;completed
ORD-0000666;2025-11-30;CUST_00290;+79999648751;user_290_243@example.com;SportActive;online_app;2;18639.32;0.0;18639.32;8946.87;250.0;0.0;cancelled
ORD-0000869;2025-11-30;CUST_00385;+79996379868;;SportActive;offline_pos;3;30676.02;1533.8;29142.22;13988.27;0.0;1791.54;completed
ORD-0001968;2025-11-30;CUST_00863;;user_863_439@example.com;SportActive;online_site;1;12459.85;1245.99;11213.86;5382.65;350.0;0.0;returned
ORD-0002514;2025-11-30;CUST_01092;;user_1092_437@example.com;SportActive;online_app;4;44483.36;0.0;44483.36;21352.01;250.0;0.0;completed
ORD-0002708;2025-11-30;CUST_01171;+79994759700;;UrbanStyle;online_app;2;17720.06;1772.01;15948.05;6698.18;250.0;0.0;completed
ORD-0003239;2025-11-30;CUST_01396;;user_1396_249@example.com;SportActive;online_site;1;12023.85;1803.58;10220.27;4905.73;350.0;0.0;completed
ORD-0000056;2025-12-01;CUST_00032;+79997754864;;SportActive;online_site;2;17264.73;2589.71;14675.02;7044.01;350.0;1645.69;completed
ORD-0001652;2025-12-01;CUST_00716;+79996826541;;UrbanStyle;online_site;2;13436.26;0.0;13436.26;5643.23;350.0;0.0;completed
ORD-0001801;2025-12-01;CUST_00780;+79998696054;user_780_819@example.com;SportActive;online_app;2;13684.93;2736.99;10947.94;5255.01;250.0;0.0;completed
ORD-0001910;2025-12-01;CUST_00829;+79998173194;user_829_514@example.com;SportActive;offline_pos;4;31372.2;4705.83;26666.37;12799.86;0.0;0.0;completed
ORD-0002194;2025-12-01;CUST_00950;;user_950_733@example.com;UrbanStyle;online_app;2;13765.5;1376.55;12388.95;5203.36;250.0;959.6;completed
ORD-0002583;2025-12-01;CUST_01113;+79994766215;user_1113_830@example.com;UrbanStyle;online_app;4;25177.2;2517.72;22659.48;9516.98;250.0;0.0;completed
ORD-0002821;2025-12-01;CUST_01227;+79999089743;;UrbanStyle;online_app;4;30451.92;4567.79;25884.13;10871.33;250.0;1634.73;cancelled
ORD-0002871;2025-12-01;CUST_01248;+79996615431;user_1248_183@example.com;SportActive;online_app;1;7216.98;360.85;6856.13;3290.94;250.0;0.0;completed
ORD-0003049;2025-12-01;CUST_01314;+79991732568;;UrbanStyle;offline_pos;1;7853.07;392.65;7460.42;3133.38;0.0;0.0;cancelled
ORD-0003186;2025-12-01;CUST_01380;+79996844074;user_1380_538@example.com;SportActive;online_site;1;7555.97;0.0;7555.97;3626.87;350.0;0.0;completed
ORD-0003212;2025-12-01;CUST_01390;+79998331010;user_1390_927@example.com;UrbanStyle;online_app;2;11883.8;2376.76;9507.04;3992.96;250.0;1103.38;completed
ORD-0003227;2025-12-01;CUST_01394;;user_1394_632@example.com;SportActive;online_site;1;8817.5;0.0;8817.5;4232.4;350.0;0.0;cancelled
ORD-0000309;2025-12-02;CUST_00140;+79998387112;;UrbanStyle;online_site;2;11285.35;2257.07;9028.28;3791.88;350.0;0.0;completed
ORD-0000323;2025-12-02;CUST_00143;+79999186400;user_143_993@example.com;UrbanStyle;online_site;4;23782.21;4756.44;19025.77;7990.82;350.0;0.0;completed
ORD-0001327;2025-12-02;CUST_00574;+79999971338;user_574_738@example.com;UrbanStyle;online_site;3;21799.64;0.0;21799.64;9155.85;350.0;0.0;completed
ORD-0001391;2025-12-02;CUST_00599;;user_599_686@example.com;UrbanStyle;online_app;2;12909.07;2581.81;10327.26;4337.45;250.0;0.0;completed
ORD-0001605;2025-12-02;CUST_00700;+79992702989;;UrbanStyle;online_app;4;30837.17;6167.43;24669.74;10361.29;250.0;1490.2;completed
ORD-0001622;2025-12-02;CUST_00706;;user_706_797@example.com;UrbanStyle;online_app;3;22111.48;0.0;22111.48;9286.82;250.0;0.0;completed
ORD-0002420;2025-12-02;CUST_01047;+79999627700;user_1047_333@example.com;UrbanStyle;online_site;3;16730.47;836.52;15893.95;6675.46;350.0;0.0;completed
ORD-0002714;2025-12-02;CUST_01174;+79992776570;user_1174_900@example.com;SportActive;online_app;4;26879.33;0.0;26879.33;12902.08;250.0;0.0;completed
ORD-0002856;2025-12-02;CUST_01241;;user_1241_612@example.com;UrbanStyle;online_app;3;15427.12;1542.71;13884.41;5831.45;250.0;0.0;completed
ORD-0003362;2025-12-02;CUST_01454;+79999177419;user_1454_107@example.com;UrbanStyle;online_app;1;5090.55;509.06;4581.49;1924.23;250.0;0.0;completed
ORD-0001293;2025-12-03;CUST_00557;+79992637507;;UrbanStyle;offline_pos;3;23268.18;3490.23;19777.95;8306.74;0.0;1133.62;completed
ORD-0001394;2025-12-03;CUST_00601;+79996483380;;SportActive;online_site;3;26724.62;5344.92;21379.7;10262.26;350.0;0.0;completed
ORD-0001794;2025-12-03;CUST_00779;+79994001408;user_779_671@example.com;SportActive;online_site;2;15585.75;1558.58;14027.17;6733.04;350.0;941.58;completed
ORD-0001902;2025-12-03;CUST_00824;+79991437625;;UrbanStyle;online_site;4;26072.35;0.0;26072.35;10950.39;350.0;0.0;completed
ORD-0002632;2025-12-03;CUST_01135;;user_1135_771@example.com;SportActive;online_app;4;36572.33;1828.62;34743.71;16676.98;250.0;1309.23;completed
ORD-0000204;2025-12-04;CUST_00087;+79997360682;user_87_384@example.com;SportActive;online_site;2;16639.54;0.0;16639.54;7986.98;350.0;0.0;completed
ORD-0000359;2025-12-04;CUST_00156;+79992630140;;SportActive;online_site;3;20889.84;4177.97;16711.87;8021.7;350.0;1265.09;completed
ORD-0000418;2025-12-04;CUST_00179;+79991522621;user_179_162@example.com;SportActive;online_app;2;16427.13;0.0;16427.13;7885.02;250.0;1719.6;completed
ORD-0000992;2025-12-04;CUST_00444;+79999548370;;UrbanStyle;online_site;2;10695.22;0.0;10695.22;4491.99;350.0;1515.41;completed
ORD-0002857;2025-12-04;CUST_01242;;user_1242_166@example.com;UrbanStyle;online_app;3;15276.37;1527.64;13748.73;5774.47;250.0;1232.17;completed
ORD-0003003;2025-12-04;CUST_01299;+79998032125;user_1299_535@example.com;SportActive;online_site;1;9149.9;1829.98;7319.92;3513.56;350.0;1148.67;completed
ORD-0003251;2025-12-04;CUST_01401;+79991361814;;UrbanStyle;online_site;2;12788.21;1278.82;11509.39;4833.94;350.0;1278.62;completed
ORD-0003260;2025-12-04;CUST_01405;+79993429724;user_1405_314@example.com;UrbanStyle;offline_pos;1;6565.06;0.0;6565.06;2757.33;0.0;0.0;completed
ORD-0003288;2025-12-04;CUST_01417;+79993081873;user_1417_871@example.com;SportActive;online_site;1;9105.87;1365.88;7739.99;3715.2;350.0;0.0;completed
ORD-0000011;2025-12-05;CUST_00008;+79992338687;user_8_975@example.com;UrbanStyle;online_site;3;16100.27;805.01;15295.26;6424.01;350.0;1244.87;completed
ORD-0000264;2025-12-05;CUST_00118;+79992925626;;UrbanStyle;online_app;4;24977.34;0.0;24977.34;10490.48;250.0;1172.66;completed
ORD-0000791;2025-12-05;CUST_00341;+79995616316;user_341_162@example.com;UrbanStyle;online_site;2;15638.65;0.0;15638.65;6568.23;350.0;1694.24;returned
ORD-0000978;2025-12-05;CUST_00437;;user_437_492@example.com;UrbanStyle;online_site;3;19098.75;2864.81;16233.94;6818.25;350.0;0.0;completed
ORD-0001331;2025-12-05;CUST_00575;;user_575_149@example.com;SportActive;online_site;3;29281.07;2928.11;26352.96;12649.42;350.0;1209.65;completed
ORD-0001917;2025-12-05;CUST_00832;+79997499457;;UrbanStyle;offline_pos;2;14224.59;711.23;13513.36;5675.61;0.0;0.0;completed
ORD-0002069;2025-12-05;CUST_00901;+79993106365;user_901_237@example.com;UrbanStyle;online_site;2;13478.94;673.95;12804.99;5378.1;350.0;0.0;completed
ORD-0002179;2025-12-05;CUST_00944;+79992791270;user_944_745@example.com;SportActive;online_app;3;27578.01;1378.9;26199.11;12575.57;250.0;1621.29;completed
ORD-0002580;2025-12-05;CUST_01112;+79991236808;user_1112_835@example.com;UrbanStyle;online_site;3;21647.34;4329.47;17317.87;7273.51;350.0;0.0;completed
ORD-0002953;2025-12-05;CUST_01276;+79998276581;user_1276_999@example.com;SportActive;online_site;2;12843.5;1926.52;10916.98;5240.15;350.0;1631.49;completed
ORD-0003018;2025-12-05;CUST_01307;+79997526217;user_1307_986@example.com;UrbanStyle;online_app;4;26595.06;5319.01;21276.05;8935.94;250.0;0.0;completed
ORD-0003391;2025-12-05;CUST_01472;+79998919821;;UrbanStyle;offline_pos;4;26373.78;5274.76;21099.02;8861.59;0.0;1652.05;completed
ORD-0000096;2025-12-06;CUST_00045;+79997787380;;UrbanStyle;online_site;4;24612.13;1230.61;23381.52;9820.24;350.0;0.0;completed
ORD-0000102;2025-12-06;CUST_00048;;user_48_370@example.com;UrbanStyle;online_app;3;20964.82;2096.48;18868.34;7924.7;250.0;1227.86;cancelled
ORD-0000250;2025-12-06;CUST_00110;+79994093109;user_110_152@example.com;SportActive;online_site;2;18322.43;2748.36;15574.07;7475.55;350.0;0.0;completed
ORD-0000503;2025-12-06;CUST_00220;+79992421349;user_220_417@example.com;UrbanStyle;online_site;3;22535.01;1126.75;21408.26;8991.47;350.0;1697.99;completed
ORD-0000732;2025-12-06;CUST_00314;+79999459284;user_314_579@example.com;UrbanStyle;offline_pos;1;7521.06;752.11;6768.95;2842.96;0.0;0.0;completed
ORD-0001630;2025-12-06;CUST_00709;+79996737688;;UrbanStyle;offline_pos;3;16445.57;2466.84;13978.73;5871.07;0.0;0.0;completed
ORD-0002764;2025-12-06;CUST_01199;+79998103845;user_1199_550@example.com;SportActive;online_site;1;9474.66;0.0;9474.66;4547.84;350.0;0.0;completed
ORD-0002832;2025-12-06;CUST_01232;+79998714152;user_1232_713@example.com;UrbanStyle;online_app;4;19847.27;1984.73;17862.54;7502.27;250.0;1275.92;completed
ORD-0003000;2025-12-06;CUST_01297;+79998007639;user_1297_314@example.com;UrbanStyle;offline_pos;3;16373.59;0.0;16373.59;6876.91;0.0;0.0;completed
ORD-0000101;2025-12-07;CUST_00047;+79999874152;user_47_108@example.com;SportActive;offline_pos;2;18345.39;0.0;18345.39;8805.79;0.0;0.0;completed
ORD-0000128;2025-12-07;CUST_00057;+79995163555;user_57_373@example.com;UrbanStyle;offline_pos;1;5478.76;273.94;5204.82;2186.02;0.0;0.0;completed
ORD-0000444;2025-12-07;CUST_00191;+79991440466;user_191_723@example.com;SportActive;online_app;2;17459.25;3491.85;13967.4;6704.35;250.0;0.0;completed
ORD-0001060;2025-12-07;CUST_00470;+79995694689;;UrbanStyle;online_site;1;7574.64;1514.93;6059.71;2545.08;350.0;0.0;completed
ORD-0001189;2025-12-07;CUST_00518;+79997668395;;UrbanStyle;online_app;4;20875.79;2087.58;18788.21;7891.05;250.0;0.0;completed
ORD-0001413;2025-12-07;CUST_00610;+79999102253;user_610_620@example.com;SportActive;online_site;4;37232.66;3723.27;33509.39;16084.51;350.0;0.0;completed
ORD-0002160;2025-12-07;CUST_00938;+79996533643;;SportActive;online_app;4;35269.71;3526.97;31742.74;15236.52;250.0;1531.17;completed
ORD-0002320;2025-12-07;CUST_01004;;user_1004_559@example.com;UrbanStyle;online_site;4;30765.92;1538.3;29227.62;12275.6;350.0;1509.65;completed
ORD-0002878;2025-12-07;CUST_01253;+79998490291;user_1253_692@example.com;UrbanStyle;online_app;3;15941.57;1594.16;14347.41;6025.91;250.0;0.0;completed
ORD-0003112;2025-12-07;CUST_01343;+79994731991;user_1343_722@example.com;SportActive;online_app;3;18976.19;948.81;18027.38;8653.14;250.0;1495.1;cancelled
ORD-0003171;2025-12-07;CUST_01375;+79996973179;;UrbanStyle;offline_pos;1;6069.08;0.0;6069.08;2549.01;0.0;1115.78;completed
ORD-0003205;2025-12-07;CUST_01387;+79993065243;user_1387_781@example.com;SportActive;online_app;1;7869.83;1573.97;6295.86;3022.01;250.0;1166.58;completed
ORD-0003371;2025-12-07;CUST_01459;+79999205196;;UrbanStyle;online_site;2;15850.37;1585.04;14265.33;5991.44;350.0;1695.26;completed
ORD-0000149;2025-12-08;CUST_00066;+79995960271;user_66_667@example.com;UrbanStyle;online_site;1;7999.52;0.0;7999.52;3359.8;350.0;1685.93;completed
ORD-0000779;2025-12-08;CUST_00332;;user_332_484@example.com;UrbanStyle;online_app;3;21822.34;2182.23;19640.11;8248.85;250.0;0.0;completed
ORD-0000914;2025-12-08;CUST_00404;+79994603680;;UrbanStyle;offline_pos;4;20131.53;1006.58;19124.95;8032.48;0.0;0.0;completed
ORD-0000963;2025-12-08;CUST_00430;+79999142618;user_430_907@example.com;UrbanStyle;online_app;1;5567.58;1113.52;4454.06;1870.71;250.0;0.0;completed
ORD-0001699;2025-12-08;CUST_00736;;user_736_186@example.com;UrbanStyle;offline_pos;1;7477.02;0.0;7477.02;3140.35;0.0;0.0;completed
ORD-0002132;2025-12-08;CUST_00926;+79994018500;user_926_420@example.com;UrbanStyle;online_site;4;20708.6;2070.86;18637.74;7827.85;350.0;0.0;returned
ORD-0002343;2025-12-08;CUST_01013;+79997057663;user_1013_507@example.com;UrbanStyle;online_app;3;16281.47;0.0;16281.47;6838.22;250.0;0.0;completed
ORD-0002905;2025-12-08;CUST_01260;;user_1260_463@example.com;UrbanStyle;online_app;4;22073.13;0.0;22073.13;9270.71;250.0;0.0;completed
ORD-0000049;2025-12-09;CUST_00029;;user_29_652@example.com;UrbanStyle;online_app;2;12713.24;1271.32;11441.92;4805.61;250.0;0.0;completed
ORD-0000045;2025-12-10;CUST_00026;+79999683481;user_26_562@example.com;UrbanStyle;online_site;3;14951.41;2242.71;12708.7;5337.65;350.0;1740.44;completed
ORD-0002000;2025-12-10;CUST_00875;+79999207948;;UrbanStyle;online_site;2;15084.92;3016.98;12067.94;5068.53;350.0;1678.63;completed
ORD-0003278;2025-12-10;CUST_01411;+79997410589;user_1411_381@example.com;SportActive;online_site;1;7488.21;1497.64;5990.57;2875.47;350.0;960.44;completed
ORD-0000843;2025-12-11;CUST_00364;+79994789255;;UrbanStyle;online_app;4;31146.32;4671.95;26474.37;11119.24;250.0;0.0;completed
ORD-0001303;2025-12-11;CUST_00560;+79992976045;user_560_581@example.com;UrbanStyle;online_site;2;15397.38;769.87;14627.51;6143.55;350.0;0.0;completed
ORD-0001591;2025-12-11;CUST_00692;+79997679508;user_692_853@example.com;UrbanStyle;online_site;1;7399.52;369.98;7029.54;2952.41;350.0;0.0;completed
ORD-0002095;2025-12-11;CUST_00911;+79995852112;user_911_271@example.com;UrbanStyle;online_app;2;15408.85;1540.89;13867.96;5824.54;250.0;0.0;completed
ORD-0002174;2025-12-11;CUST_00943;+79994407796;user_943_280@example.com;UrbanStyle;online_site;2;14995.8;749.79;14246.01;5983.32;350.0;0.0;completed
ORD-0002477;2025-12-11;CUST_01073;+79999193298;;SportActive;online_app;3;25501.93;0.0;25501.93;12240.93;250.0;0.0;completed
ORD-0003163;2025-12-11;CUST_01371;+79995464094;;SportActive;online_app;4;32123.7;1606.19;30517.51;14648.4;250.0;1739.63;completed
ORD-0000677;2025-12-12;CUST_00293;+79991447065;user_293_711@example.com;UrbanStyle;online_site;1;5545.98;554.6;4991.38;2096.38;350.0;0.0;completed
ORD-0001027;2025-12-12;CUST_00460;+79999536665;;UrbanStyle;online_site;4;22561.47;4512.29;18049.18;7580.66;350.0;0.0;completed
ORD-0001976;2025-12-12;CUST_00865;+79997535837;user_865_291@example.com;UrbanStyle;offline_pos;1;5319.98;532.0;4787.98;2010.95;0.0;0.0;completed
ORD-0002805;2025-12-12;CUST_01222;+79992751272;;SportActive;online_app;1;7353.89;367.69;6986.2;3353.38;250.0;0.0;cancelled
ORD-0000005;2025-12-13;CUST_00002;+79998078673;user_2_132@example.com;UrbanStyle;online_site;4;28241.56;0.0;28241.56;11861.46;350.0;1342.64;completed
ORD-0001010;2025-12-13;CUST_00451;+79999983971;;UrbanStyle;online_site;1;6708.17;1341.63;5366.54;2253.95;350.0;0.0;completed
ORD-0001354;2025-12-13;CUST_00584;+79993931009;;SportActive;offline_pos;1;9546.96;477.35;9069.61;4353.41;0.0;0.0;completed
ORD-0001661;2025-12-13;CUST_00718;+79992690268;user_718_433@example.com;SportActive;online_app;2;14626.12;1462.61;13163.51;6318.48;250.0;0.0;completed
ORD-0002185;2025-12-13;CUST_00946;+79996162867;user_946_611@example.com;SportActive;online_site;2;17313.19;1731.32;15581.87;7479.3;350.0;0.0;completed
ORD-0002341;2025-12-13;CUST_01012;+79999586369;;UrbanStyle;online_site;1;7665.8;383.29;7282.51;3058.65;350.0;1352.25;completed
ORD-0002703;2025-12-13;CUST_01170;+79999446974;user_1170_132@example.com;SportActive;online_app;4;34895.95;5234.39;29661.56;14237.55;250.0;1537.5;completed
ORD-0003093;2025-12-13;CUST_01334;+79996441761;user_1334_746@example.com;UrbanStyle;online_site;4;22534.53;1126.73;21407.8;8991.28;350.0;0.0;completed
ORD-0000612;2025-12-14;CUST_00266;;user_266_167@example.com;UrbanStyle;online_app;1;7810.98;1562.2;6248.78;2624.49;250.0;0.0;completed
ORD-0000819;2025-12-14;CUST_00352;+79998876742;user_352_879@example.com;SportActive;online_site;2;15563.01;778.15;14784.86;7096.73;350.0;0.0;completed
ORD-0002138;2025-12-14;CUST_00930;+79992441563;;UrbanStyle;offline_pos;2;10846.83;0.0;10846.83;4555.67;0.0;0.0;completed
ORD-0002744;2025-12-14;CUST_01187;+79998417942;user_1187_814@example.com;UrbanStyle;online_app;2;14040.53;1404.05;12636.48;5307.32;250.0;0.0;completed
ORD-0002860;2025-12-14;CUST_01244;;user_1244_794@example.com;UrbanStyle;online_site;2;14551.33;2182.7;12368.63;5194.82;350.0;1327.24;completed
ORD-0002945;2025-12-14;CUST_01272;+79995766421;;UrbanStyle;online_app;2;11083.87;1662.58;9421.29;3956.94;250.0;0.0;cancelled
ORD-0003252;2025-12-14;CUST_01402;+79997565976;;UrbanStyle;offline_pos;3;19448.68;0.0;19448.68;8168.45;0.0;1523.87;completed
ORD-0000177;2025-12-15;CUST_00075;+79999910914;user_75_672@example.com;UrbanStyle;online_app;4;29470.86;1473.54;27997.32;11758.87;250.0;0.0;completed
ORD-0000858;2025-12-15;CUST_00375;+79995955645;user_375_917@example.com;UrbanStyle;online_app;4;31770.61;3177.06;28593.55;12009.29;250.0;1293.9;cancelled
ORD-0001117;2025-12-15;CUST_00491;+79994905100;user_491_263@example.com;UrbanStyle;online_app;1;6952.09;1390.42;5561.67;2335.9;250.0;0.0;completed
ORD-0001847;2025-12-15;CUST_00801;+79991406123;user_801_888@example.com;UrbanStyle;online_app;3;16985.15;1698.52;15286.63;6420.38;250.0;0.0;completed
ORD-0002010;2025-12-15;CUST_00879;;user_879_283@example.com;SportActive;online_site;2;15479.69;1547.97;13931.72;6687.23;350.0;0.0;completed
ORD-0002543;2025-12-15;CUST_01099;+79997593035;user_1099_361@example.com;UrbanStyle;online_site;3;17410.33;0.0;17410.33;7312.34;350.0;0.0;completed
ORD-0002630;2025-12-15;CUST_01133;;user_1133_208@example.com;SportActive;online_site;2;14031.71;0.0;14031.71;6735.22;350.0;1713.9;completed
ORD-0002822;2025-12-15;CUST_01228;;user_1228_699@example.com;SportActive;online_site;3;29664.02;0.0;29664.02;14238.73;350.0;1648.41;completed
ORD-0003036;2025-12-15;CUST_01311;+79991655733;user_1311_854@example.com;UrbanStyle;online_site;3;18659.78;0.0;18659.78;7837.11;350.0;0.0;completed
ORD-0000494;2025-12-16;CUST_00217;+79996676858;user_217_795@example.com;UrbanStyle;online_site;1;6460.46;1292.09;5168.37;2170.72;350.0;0.0;returned
ORD-0001869;2025-12-16;CUST_00814;+79995323142;;SportActive;online_app;3;24046.64;4809.33;19237.31;9233.91;250.0;0.0;completed
ORD-0002329;2025-12-16;CUST_01007;+79993467651;user_1007_918@example.com;UrbanStyle;online_site;3;23133.75;4626.75;18507.0;7772.94;350.0;0.0;completed
ORD-0002507;2025-12-16;CUST_01089;+79997828441;;SportActive;online_site;2;14134.07;706.7;13427.37;6445.14;350.0;0.0;completed
ORD-0002986;2025-12-16;CUST_01292;+79993312992;;SportActive;online_app;3;30341.27;1517.06;28824.21;13835.62;250.0;1493.11;completed
ORD-0000571;2025-12-17;CUST_00246;+79994058117;user_246_930@example.com;UrbanStyle;online_app;4;20864.84;2086.48;18778.36;7886.91;250.0;1213.41;completed
ORD-0001164;2025-12-17;CUST_00511;+79992756994;user_511_175@example.com;UrbanStyle;online_site;2;12517.49;0.0;12517.49;5257.35;350.0;0.0;completed
ORD-0002389;2025-12-17;CUST_01030;+79997082121;user_1030_198@example.com;UrbanStyle;online_site;3;20722.19;3108.33;17613.86;7397.82;350.0;986.27;returned
ORD-0003344;2025-12-17;CUST_01444;;user_1444_515@example.com;SportActive;online_app;4;38109.18;1905.46;36203.72;17377.79;250.0;1544.15;completed
ORD-0000343;2025-12-18;CUST_00149;+79998805654;;UrbanStyle;online_site;3;21763.93;2176.39;19587.54;8226.77;350.0;0.0;completed
ORD-0000435;2025-12-18;CUST_00186;+79992432176;;SportActive;offline_pos;3;26707.35;4006.1;22701.25;10896.6;0.0;1304.7;completed
ORD-0000800;2025-12-18;CUST_00344;+79995042775;user_344_969@example.com;UrbanStyle;online_site;2;15436.58;2315.49;13121.09;5510.86;350.0;0.0;completed
ORD-0001320;2025-12-18;CUST_00571;+79999223833;user_571_467@example.com;SportActive;online_site;4;33926.57;0.0;33926.57;16284.75;350.0;1676.72;completed
ORD-0001480;2025-12-18;CUST_00640;+79996565260;user_640_138@example.com;UrbanStyle;online_app;4;23330.33;0.0;23330.33;9798.74;250.0;1067.44;completed
ORD-0001647;2025-12-18;CUST_00715;+79993151610;;UrbanStyle;online_site;3;19169.03;2875.35;16293.68;6843.35;350.0;0.0;completed
ORD-0001732;2025-12-18;CUST_00750;;user_750_388@example.com;UrbanStyle;online_site;2;14013.7;2102.05;11911.65;5002.89;350.0;0.0;completed
ORD-0001963;2025-12-18;CUST_00859;+79991488508;user_859_952@example.com;UrbanStyle;online_site;4;27577.45;1378.87;26198.58;11003.4;350.0;1346.2;returned
ORD-0002181;2025-12-18;CUST_00945;+79991598917;;UrbanStyle;online_app;4;25674.45;2567.45;23107.0;9704.94;250.0;0.0;completed
ORD-0002375;2025-12-18;CUST_01025;+79993006281;user_1025_482@example.com;UrbanStyle;online_site;1;7849.35;784.94;7064.41;2967.05;350.0;1653.96;completed
ORD-0002502;2025-12-18;CUST_01085;+79992905196;user_1085_253@example.com;UrbanStyle;online_app;2;14935.4;1493.54;13441.86;5645.58;250.0;1606.94;completed
ORD-0002597;2025-12-18;CUST_01118;+79998101643;user_1118_853@example.com;UrbanStyle;online_app;2;15254.35;2288.15;12966.2;5445.8;250.0;932.44;completed
ORD-0003449;2025-12-18;CUST_01498;+79992208776;;UrbanStyle;online_site;4;24724.71;0.0;24724.71;10384.38;350.0;1045.95;completed
ORD-0000854;2025-12-19;CUST_00372;;user_372_154@example.com;SportActive;online_site;1;8689.06;868.91;7820.15;3753.67;350.0;985.57;completed
ORD-0000883;2025-12-19;CUST_00392;;user_392_656@example.com;UrbanStyle;online_site;1;6774.34;1354.87;5419.47;2276.18;350.0;0.0;completed
ORD-0000895;2025-12-19;CUST_00396;+79997562142;user_396_574@example.com;SportActive;offline_pos;3;23908.86;3586.33;20322.53;9754.81;0.0;1613.28;completed
ORD-0001255;2025-12-19;CUST_00544;+79993981384;;UrbanStyle;online_site;2;15922.05;2388.31;13533.74;5684.17;350.0;1788.82;completed
ORD-0001344;2025-12-19;CUST_00581;+79991045936;user_581_113@example.com;SportActive;online_app;2;14496.63;2899.33;11597.3;5566.7;250.0;1776.44;completed
ORD-0001579;2025-12-19;CUST_00689;+79992788169;user_689_258@example.com;SportActive;online_site;4;31548.35;6309.67;25238.68;12114.57;350.0;1074.89;completed
ORD-0002862;2025-12-19;CUST_01245;+79998165791;;SportActive;offline_pos;1;6932.03;1039.8;5892.23;2828.27;0.0;0.0;completed
ORD-0003012;2025-12-19;CUST_01304;+79994338644;;UrbanStyle;online_app;3;23345.45;2334.55;21010.9;8824.58;250.0;1512.05;completed
ORD-0003099;2025-12-19;CUST_01337;+79991355901;;SportActive;online_site;1;9550.27;955.03;8595.24;4125.72;350.0;0.0;completed
ORD-0003274;2025-12-19;CUST_01410;+79997297691;;SportActive;online_app;2;15880.6;794.03;15086.57;7241.55;250.0;971.42;completed
ORD-0000349;2025-12-20;CUST_00151;;user_151_493@example.com;SportActive;online_site;2;18243.92;912.2;17331.72;8319.23;350.0;1228.56;completed
ORD-0000695;2025-12-20;CUST_00302;+79996851946;user_302_673@example.com;SportActive;online_site;1;6783.15;1017.47;5765.68;2767.53;350.0;1457.17;completed
ORD-0001177;2025-12-20;CUST_00514;+79997866576;user_514_813@example.com;UrbanStyle;online_app;3;23391.89;0.0;23391.89;9824.59;250.0;0.0;completed
ORD-0001749;2025-12-20;CUST_00761;+79997231035;user_761_889@example.com;UrbanStyle;online_site;1;7278.68;0.0;7278.68;3057.05;350.0;1264.98;completed
ORD-0002086;2025-12-20;CUST_00907;;user_907_639@example.com;SportActive;online_site;1;9014.58;901.46;8113.12;3894.3;350.0;1058.43;completed
ORD-0002899;2025-12-20;CUST_01258;;user_1258_564@example.com;UrbanStyle;online_site;2;14174.12;708.71;13465.41;5655.47;350.0;0.0;completed
ORD-0002928;2025-12-20;CUST_01266;+79998841710;user_1266_714@example.com;SportActive;online_app;4;29158.23;2915.82;26242.41;12596.36;250.0;0.0;completed
ORD-0003216;2025-12-20;CUST_01391;+79991265323;;SportActive;online_app;3;24095.89;4819.18;19276.71;9252.82;250.0;0.0;completed
ORD-0000039;2025-12-21;CUST_00022;;user_22_345@example.com;SportActive;online_site;4;27195.11;1359.76;25835.35;12400.97;350.0;0.0;completed
ORD-0000336;2025-12-21;CUST_00147;+79994020853;user_147_274@example.com;UrbanStyle;online_app;4;30744.05;4611.61;26132.44;10975.62;250.0;0.0;completed
ORD-0000728;2025-12-21;CUST_00313;+79996621073;user_313_391@example.com;UrbanStyle;online_app;2;15379.08;0.0;15379.08;6459.21;250.0;0.0;completed
ORD-0000847;2025-12-21;CUST_00368;+79991781180;user_368_176@example.com;SportActive;online_site;1;7465.41;373.27;7092.14;3404.23;350.0;938.07;completed
ORD-0001226;2025-12-21;CUST_00531;+79995799841;;SportActive;online_site;1;7720.92;386.05;7334.87;3520.74;350.0;0.0;completed
ORD-0001379;2025-12-21;CUST_00594;+79996675742;;SportActive;offline_pos;1;6275.21;1255.04;5020.17;2409.68;0.0;0.0;completed
ORD-0001417;2025-12-21;CUST_00611;+79993153888;user_611_206@example.com;UrbanStyle;offline_pos;2;10712.94;0.0;10712.94;4499.43;0.0;1756.18;completed
ORD-0001548;2025-12-21;CUST_00670;;user_670_628@example.com;UrbanStyle;online_site;1;5892.71;883.91;5008.8;2103.7;350.0;0.0;completed
ORD-0002674;2025-12-21;CUST_01153;+79999165848;user_1153_410@example.com;SportActive;online_app;2;15428.37;1542.84;13885.53;6665.05;250.0;1305.64;completed
ORD-0003319;2025-12-21;CUST_01429;+79999580328;user_1429_719@example.com;UrbanStyle;online_app;4;23219.21;0.0;23219.21;9752.07;250.0;0.0;completed
ORD-0003368;2025-12-21;CUST_01458;+79991530269;user_1458_264@example.com;SportActive;online_site;4;40472.86;4047.29;36425.57;17484.27;350.0;0.0;completed
ORD-0000319;2025-12-22;CUST_00141;+79993589751;user_141_176@example.com;UrbanStyle;online_site;4;27830.61;4174.59;23656.02;9935.53;350.0;0.0;completed
ORD-0001105;2025-12-22;CUST_00487;;user_487_240@example.com;UrbanStyle;online_app;4;22777.89;1138.89;21639.0;9088.38;250.0;0.0;completed
ORD-0001147;2025-12-22;CUST_00504;+79991543292;user_504_286@example.com;SportActive;online_app;4;39167.82;0.0;39167.82;18800.55;250.0;0.0;completed
ORD-0002970;2025-12-22;CUST_01283;+79998948342;;UrbanStyle;offline_pos;4;28924.62;1446.23;27478.39;11540.92;0.0;1377.67;completed
ORD-0003126;2025-12-22;CUST_01352;+79999067229;;UrbanStyle;offline_pos;2;14264.41;1426.44;12837.97;5391.95;0.0;0.0;completed
ORD-0003422;2025-12-22;CUST_01483;+79999305156;user_1483_801@example.com;UrbanStyle;offline_pos;1;6999.78;1399.96;5599.82;2351.92;0.0;924.69;completed
ORD-0000544;2025-12-23;CUST_00236;+79998870361;;SportActive;offline_pos;1;8092.6;0.0;8092.6;3884.45;0.0;1409.54;completed
ORD-0001523;2025-12-23;CUST_00660;+79997797028;;UrbanStyle;offline_pos;2;10475.08;1571.26;8903.82;3739.6;0.0;0.0;completed
ORD-0001536;2025-12-23;CUST_00665;+79999111841;user_665_467@example.com;UrbanStyle;online_site;1;6662.29;666.23;5996.06;2518.35;350.0;0.0;completed
ORD-0002261;2025-12-23;CUST_00979;+79995035113;user_979_185@example.com;UrbanStyle;online_app;1;5385.67;1077.13;4308.54;1809.59;250.0;1371.33;completed
ORD-0002355;2025-12-23;CUST_01017;+79996087374;;UrbanStyle;online_app;1;7231.51;723.15;6508.36;2733.51;250.0;0.0;completed
ORD-0000306;2025-12-24;CUST_00138;+79997891662;user_138_144@example.com;UrbanStyle;offline_pos;3;19944.8;3988.96;15955.84;6701.45;0.0;1661.95;completed
ORD-0001681;2025-12-24;CUST_00726;;user_726_366@example.com;UrbanStyle;online_app;1;5029.28;251.46;4777.82;2006.68;250.0;0.0;completed
ORD-0001714;2025-12-24;CUST_00740;+79998659527;;SportActive;offline_pos;2;15384.66;1538.47;13846.19;6646.17;0.0;1220.88;completed
ORD-0001859;2025-12-24;CUST_00807;;user_807_144@example.com;UrbanStyle;online_site;1;6510.21;325.51;6184.7;2597.57;350.0;1246.99;returned
ORD-0002018;2025-12-24;CUST_00882;+79998808058;;UrbanStyle;offline_pos;3;19870.25;3974.05;15896.2;6676.4;0.0;1644.8;completed
ORD-0002284;2025-12-24;CUST_00985;+79994475340;user_985_906@example.com;SportActive;online_site;3;25083.59;1254.18;23829.41;11438.12;350.0;1640.37;completed
ORD-0002494;2025-12-24;CUST_01080;+79991312111;user_1080_742@example.com;SportActive;online_site;3;20060.28;3009.04;17051.24;8184.6;350.0;0.0;completed
ORD-0000210;2025-12-25;CUST_00091;+79992921542;user_91_896@example.com;UrbanStyle;online_site;4;22159.41;4431.88;17727.53;7445.56;350.0;1673.37;completed
ORD-0000384;2025-12-25;CUST_00165;+79993345069;user_165_146@example.com;SportActive;online_app;3;27351.14;2735.11;24616.03;11815.69;250.0;1602.87;completed
ORD-0000501;2025-12-25;CUST_00219;;user_219_458@example.com;UrbanStyle;online_site;3;18456.76;1845.68;16611.08;6976.65;350.0;0.0;completed
ORD-0000609;2025-12-25;CUST_00264;;user_264_329@example.com;UrbanStyle;online_site;4;29766.84;2976.68;26790.16;11251.87;350.0;1756.53;completed
ORD-0001074;2025-12-25;CUST_00476;+79996172545;;SportActive;online_site;2;17574.42;0.0;17574.42;8435.72;350.0;0.0;completed
ORD-0002730;2025-12-25;CUST_01184;;user_1184_830@example.com;SportActive;online_site;1;9623.72;0.0;9623.72;4619.39;350.0;0.0;completed
ORD-0002818;2025-12-25;CUST_01226;+79998795567;;SportActive;online_site;1;9641.92;964.19;8677.73;4165.31;350.0;0.0;completed
ORD-0003250;2025-12-25;CUST_01400;+79994003461;user_1400_977@example.com;UrbanStyle;online_app;4;19876.9;993.85;18883.05;7930.88;250.0;1416.49;completed
ORD-0000016;2025-12-26;CUST_00010;;user_10_646@example.com;SportActive;online_site;1;8813.4;0.0;8813.4;4230.43;350.0;1329.14;completed
ORD-0000113;2025-12-26;CUST_00052;+79991162230;user_52_214@example.com;UrbanStyle;online_site;3;22270.57;1113.53;21157.04;8885.96;350.0;0.0;completed
ORD-0000277;2025-12-26;CUST_00123;+79995521644;;UrbanStyle;online_site;1;6827.66;1365.53;5462.13;2294.09;350.0;0.0;completed
ORD-0000427;2025-12-26;CUST_00183;;user_183_998@example.com;SportActive;online_app;1;8058.59;0.0;8058.59;3868.12;250.0;1000.27;cancelled
ORD-0000887;2025-12-26;CUST_00393;+79992425760;user_393_211@example.com;SportActive;online_site;3;27670.14;1383.51;26286.63;12617.58;350.0;1073.06;completed
ORD-0000974;2025-12-26;CUST_00436;+79991155809;user_436_108@example.com;SportActive;online_app;2;19369.04;0.0;19369.04;9297.14;250.0;0.0;returned
ORD-0001215;2025-12-26;CUST_00527;+79995326615;user_527_427@example.com;SportActive;online_site;4;39860.44;7972.09;31888.35;15306.41;350.0;0.0;cancelled
ORD-0001624;2025-12-26;CUST_00708;;user_708_628@example.com;UrbanStyle;online_app;1;5833.3;0.0;5833.3;2449.99;250.0;1019.27;completed
ORD-0001711;2025-12-26;CUST_00739;+79995570355;user_739_661@example.com;UrbanStyle;online_app;2;12867.05;0.0;12867.05;5404.16;250.0;0.0;completed
ORD-0001824;2025-12-26;CUST_00791;;user_791_138@example.com;SportActive;online_app;1;7691.04;769.1;6921.94;3322.53;250.0;1360.22;completed
ORD-0002110;2025-12-26;CUST_00917;+79991555166;user_917_451@example.com;SportActive;online_site;4;32963.62;0.0;32963.62;15822.54;350.0;0.0;completed
ORD-0002350;2025-12-26;CUST_01014;+79996786800;;UrbanStyle;online_site;4;25364.21;1268.21;24096.0;10120.32;350.0;0.0;completed
ORD-0002561;2025-12-26;CUST_01104;+79991458871;user_1104_880@example.com;UrbanStyle;online_app;2;14581.35;1458.14;13123.21;5511.75;250.0;0.0;completed
ORD-0002577;2025-12-26;CUST_01111;+79998195804;;SportActive;offline_pos;4;35609.04;7121.81;28487.23;13673.87;0.0;1605.1;completed
ORD-0002664;2025-12-26;CUST_01149;;user_1149_821@example.com;UrbanStyle;online_site;2;12235.91;1835.39;10400.52;4368.22;350.0;0.0;completed
ORD-0002872;2025-12-26;CUST_01248;;user_1248_183@example.com;SportActive;online_app;4;31128.43;6225.69;24902.74;11953.32;250.0;0.0;completed
ORD-0003240;2025-12-26;CUST_01397;;user_1397_614@example.com;SportActive;online_site;4;29103.9;4365.59;24738.31;11874.39;350.0;1574.25;completed
ORD-0000104;2025-12-27;CUST_00049;;user_49_834@example.com;UrbanStyle;online_app;4;20141.67;4028.33;16113.34;6767.6;250.0;0.0;completed
ORD-0000754;2025-12-27;CUST_00321;+79995949909;user_321_476@example.com;UrbanStyle;online_site;4;21879.5;4375.9;17503.6;7351.51;350.0;1206.12;completed
ORD-0000945;2025-12-27;CUST_00422;+79999630451;user_422_795@example.com;SportActive;online_app;2;19203.94;2880.59;16323.35;7835.21;250.0;1210.15;completed
ORD-0001131;2025-12-27;CUST_00499;+79999829762;;UrbanStyle;offline_pos;4;24414.35;3662.15;20752.2;8715.92;0.0;1380.48;completed
ORD-0001132;2025-12-27;CUST_00500;+79992695038;user_500_444@example.com;UrbanStyle;online_site;2;11782.2;2356.44;9425.76;3958.82;350.0;1433.86;completed
ORD-0001675;2025-12-27;CUST_00724;+79999164132;user_724_407@example.com;UrbanStyle;online_app;4;31729.58;4759.44;26970.14;11327.46;250.0;0.0;completed
ORD-0002002;2025-12-27;CUST_00877;+79993873517;user_877_172@example.com;UrbanStyle;online_site;3;15610.35;2341.55;13268.8;5572.9;350.0;1729.23;completed
ORD-0002280;2025-12-27;CUST_00983;+79998789590;user_983_820@example.com;UrbanStyle;online_site;3;22236.31;0.0;22236.31;9339.25;350.0;0.0;completed
ORD-0002426;2025-12-27;CUST_01049;+79992379891;user_1049_435@example.com;UrbanStyle;online_app;1;7689.66;0.0;7689.66;3229.66;250.0;1108.0;completed
ORD-0003121;2025-12-27;CUST_01349;+79998405061;;UrbanStyle;online_site;3;16249.76;3249.95;12999.81;5459.92;350.0;0.0;completed
ORD-0000077;2025-12-28;CUST_00039;+79996261415;;UrbanStyle;offline_pos;3;18721.71;0.0;18721.71;7863.12;0.0;0.0;completed
ORD-0000684;2025-12-28;CUST_00298;+79992360014;;UrbanStyle;online_app;1;7064.07;1059.61;6004.46;2521.87;250.0;1757.78;completed
ORD-0001328;2025-12-28;CUST_00574;+79999971338;user_574_738@example.com;UrbanStyle;offline_pos;2;13554.26;677.71;12876.55;5408.15;0.0;0.0;completed
ORD-0002715;2025-12-28;CUST_01174;+79992776570;;SportActive;offline_pos;3;25151.32;2515.13;22636.19;10865.37;0.0;0.0;completed
ORD-0003139;2025-12-28;CUST_01359;+79993481086;user_1359_367@example.com;SportActive;online_app;1;9269.3;0.0;9269.3;4449.26;250.0;1496.99;completed
ORD-0003241;2025-12-28;CUST_01398;+79994618930;user_1398_606@example.com;UrbanStyle;online_site;2;13932.41;696.62;13235.79;5559.03;350.0;996.59;completed
ORD-0000194;2025-12-29;CUST_00082;;user_82_871@example.com;UrbanStyle;offline_pos;3;16583.57;3316.71;13266.86;5572.08;0.0;0.0;completed
ORD-0000458;2025-12-29;CUST_00198;+79991761976;user_198_325@example.com;UrbanStyle;online_site;4;24788.86;2478.89;22309.97;9370.19;350.0;0.0;completed
ORD-0001019;2025-12-29;CUST_00455;+79991424716;;SportActive;online_site;4;37339.54;1866.98;35472.56;17026.83;350.0;1100.31;completed
ORD-0001671;2025-12-29;CUST_00723;+79999381860;;UrbanStyle;online_app;4;26915.18;5383.04;21532.14;9043.5;250.0;0.0;completed
ORD-0002316;2025-12-29;CUST_01002;+79993575047;user_1002_265@example.com;UrbanStyle;online_app;1;6050.53;1210.11;4840.42;2032.98;250.0;1279.19;completed
ORD-0002575;2025-12-29;CUST_01109;+79994051595;;SportActive;offline_pos;1;8318.88;1247.83;7071.05;3394.1;0.0;0.0;completed
ORD-0002992;2025-12-29;CUST_01294;+79991199493;;SportActive;offline_pos;3;22769.32;2276.93;20492.39;9836.35;0.0;0.0;completed
ORD-0003426;2025-12-29;CUST_01487;+79994756912;;UrbanStyle;offline_pos;4;22392.58;1119.63;21272.95;8934.64;0.0;981.55;completed
ORD-0000466;2025-12-30;CUST_00203;+79997795314;user_203_121@example.com;SportActive;online_site;2;17916.74;0.0;17916.74;8600.04;350.0;1069.38;completed
ORD-0000873;2025-12-30;CUST_00386;+79996354241;user_386_398@example.com;SportActive;online_site;1;9776.49;977.65;8798.84;4223.44;350.0;0.0;completed
ORD-0001360;2025-12-30;CUST_00585;+79992944497;;SportActive;offline_pos;4;35196.4;3519.64;31676.76;15204.84;0.0;0.0;completed
ORD-0001409;2025-12-30;CUST_00609;+79999368955;;UrbanStyle;offline_pos;2;13940.86;1394.09;12546.77;5269.64;0.0;0.0;completed
ORD-0001433;2025-12-30;CUST_00616;+79999453929;user_616_655@example.com;SportActive;online_site;2;16220.04;3244.01;12976.03;6228.49;350.0;1184.17;completed
ORD-0001449;2025-12-30;CUST_00625;+79994296204;user_625_894@example.com;SportActive;online_app;1;8555.68;0.0;8555.68;4106.73;250.0;1781.14;completed
ORD-0002295;2025-12-30;CUST_00991;+79993058722;user_991_581@example.com;SportActive;online_site;4;25367.71;3805.16;21562.55;10350.02;350.0;0.0;completed
ORD-0002415;2025-12-30;CUST_01044;+79991234617;;UrbanStyle;offline_pos;4;19897.59;994.88;18902.71;7939.14;0.0;0.0;completed
ORD-0002471;2025-12-30;CUST_01071;+79998087921;;UrbanStyle;online_site;3;15096.37;2264.46;12831.91;5389.4;350.0;0.0;cancelled
ORD-0000583;2025-12-31;CUST_00248;+79998942330;user_248_359@example.com;UrbanStyle;online_app;2;10333.35;1033.34;9300.01;3906.0;250.0;0.0;completed
ORD-0000600;2025-12-31;CUST_00260;;user_260_820@example.com;UrbanStyle;online_site;1;5688.7;1137.74;4550.96;1911.4;350.0;0.0;completed
ORD-0000623;2025-12-31;CUST_00269;+79993164813;;UrbanStyle;online_site;4;20349.88;0.0;20349.88;8546.95;350.0;0.0;completed
ORD-0001816;2025-12-31;CUST_00789;+79996038238;user_789_194@example.com;UrbanStyle;online_app;1;7301.16;1460.23;5840.93;2453.19;250.0;0.0;completed
ORD-0001865;2025-12-31;CUST_00812;+79991625496;;SportActive;online_site;4;37018.8;3701.88;33316.92;15992.12;350.0;1630.74;completed
ORD-0001993;2025-12-31;CUST_00872;+79992460891;;UrbanStyle;online_app;1;5780.12;0.0;5780.12;2427.65;250.0;0.0;completed
ORD-0002031;2025-12-31;CUST_00890;;user_890_433@example.com;UrbanStyle;online_site;3;22393.28;2239.33;20153.95;8464.66;350.0;1622.47;completed
ORD-0003066;2025-12-31;CUST_01319;+79991180143;user_1319_356@example.com;UrbanStyle;online_app;4;31952.62;4792.89;27159.73;11407.09;250.0;0.0;completed
ORD-0003144;2025-12-31;CUST_01361;+79992348021;user_1361_630@example.com;SportActive;online_site;1;6356.83;1271.37;5085.46;2441.02;350.0;1673.11;completed
ORD-0003193;2025-12-31;CUST_01382;;user_1382_685@example.com;SportActive;online_site;4;30683.94;3068.39;27615.55;13255.46;350.0;1345.89;completed
ORD-0003267;2025-12-31;CUST_01407;+79993822312;user_1407_157@example.com;UrbanStyle;online_site;4;22784.19;2278.42;20505.77;8612.42;350.0;0.0;returned
ORD-0000002;2026-01-01;CUST_00001;;user_1_350@example.com;UrbanStyle;offline_pos;1;5564.67;834.7;4729.97;1986.59;0.0;0.0;completed
ORD-0000540;2026-01-01;CUST_00235;+79993308538;user_235_139@example.com;SportActive;online_app;2;16998.72;0.0;16998.72;8159.39;250.0;1403.7;completed
ORD-0001201;2026-01-01;CUST_00524;;user_524_629@example.com;SportActive;online_app;1;7998.43;399.92;7598.51;3647.28;250.0;919.15;completed
ORD-0002200;2026-01-01;CUST_00952;+79992783941;user_952_216@example.com;SportActive;online_app;4;36252.84;3625.28;32627.56;15661.23;250.0;0.0;cancelled
ORD-0002600;2026-01-01;CUST_01120;+79991763562;;UrbanStyle;offline_pos;4;27014.83;1350.74;25664.09;10778.92;0.0;0.0;completed
ORD-0003074;2026-01-01;CUST_01321;+79995683223;;SportActive;offline_pos;4;29131.73;2913.17;26218.56;12584.91;0.0;1353.13;completed
ORD-0003374;2026-01-01;CUST_01460;;user_1460_899@example.com;SportActive;online_app;1;7794.07;1558.81;6235.26;2992.92;250.0;1675.68;completed
ORD-0000070;2026-01-02;CUST_00037;+79998633773;user_37_392@example.com;UrbanStyle;online_app;2;15769.48;2365.42;13404.06;5629.71;250.0;0.0;completed
ORD-0000358;2026-01-02;CUST_00155;+79995204819;;SportActive;online_app;1;6788.81;0.0;6788.81;3258.63;250.0;0.0;completed
ORD-0000538;2026-01-02;CUST_00234;+79994767135;;UrbanStyle;online_site;4;20586.69;0.0;20586.69;8646.41;350.0;0.0;completed
ORD-0001498;2026-01-02;CUST_00651;+79991912484;user_651_971@example.com;SportActive;online_site;3;29132.91;0.0;29132.91;13983.8;350.0;0.0;completed
ORD-0001821;2026-01-02;CUST_00790;+79999095563;user_790_277@example.com;UrbanStyle;online_site;4;28990.88;0.0;28990.88;12176.17;350.0;0.0;completed
ORD-0002166;2026-01-02;CUST_00939;+79999021848;;UrbanStyle;offline_pos;2;12116.07;605.8;11510.27;4834.31;0.0;0.0;completed
ORD-0002271;2026-01-02;CUST_00981;;user_981_265@example.com;SportActive;online_app;3;26174.44;5234.89;20939.55;10050.98;250.0;0.0;completed
ORD-0002888;2026-01-02;CUST_01254;+79992090992;;UrbanStyle;offline_pos;2;13950.75;1395.08;12555.67;5273.38;0.0;0.0;completed
ORD-0003441;2026-01-02;CUST_01494;+79994701708;user_1494_432@example.com;UrbanStyle;online_site;3;19628.6;0.0;19628.6;8244.01;350.0;0.0;completed
ORD-0000559;2026-01-03;CUST_00242;+79999516493;user_242_667@example.com;SportActive;online_app;1;9531.75;953.18;8578.57;4117.71;250.0;0.0;completed
ORD-0000645;2026-01-03;CUST_00278;+79996794356;user_278_508@example.com;UrbanStyle;online_site;4;29757.33;4463.6;25293.73;10623.37;350.0;1387.77;completed
ORD-0001404;2026-01-03;CUST_00606;+79995266266;user_606_725@example.com;UrbanStyle;online_app;3;23632.43;1181.62;22450.81;9429.34;250.0;1477.43;completed
ORD-0001532;2026-01-03;CUST_00664;+79993355029;user_664_556@example.com;UrbanStyle;online_site;1;7967.9;398.39;7569.51;3179.19;350.0;0.0;completed
ORD-0002026;2026-01-03;CUST_00887;+79995088457;;UrbanStyle;online_site;3;17826.58;3565.32;14261.26;5989.73;350.0;0.0;completed
ORD-0002219;2026-01-03;CUST_00961;+79996053293;user_961_456@example.com;UrbanStyle;online_site;1;7756.93;387.85;7369.08;3095.01;350.0;1090.12;completed
ORD-0002229;2026-01-03;CUST_00962;+79997508376;;SportActive;offline_pos;1;9660.23;483.01;9177.22;4405.07;0.0;0.0;completed
ORD-0002783;2026-01-03;CUST_01209;+79996687440;user_1209_653@example.com;UrbanStyle;online_site;2;12593.6;0.0;12593.6;5289.31;350.0;0.0;completed
ORD-0003043;2026-01-03;CUST_01313;+79998249042;;UrbanStyle;online_site;3;21677.53;2167.75;19509.78;8194.11;350.0;0.0;completed
ORD-0000302;2026-01-04;CUST_00137;+79997328534;user_137_566@example.com;SportActive;online_app;4;38411.07;5761.66;32649.41;15671.72;250.0;0.0;completed
ORD-0000366;2026-01-04;CUST_00158;+79994368777;user_158_235@example.com;UrbanStyle;online_app;2;15087.0;754.35;14332.65;6019.71;250.0;0.0;completed
ORD-0000520;2026-01-04;CUST_00227;+79995780297;user_227_870@example.com;SportActive;online_app;1;7224.12;1444.82;5779.3;2774.06;250.0;1498.17;completed
ORD-0000616;2026-01-04;CUST_00267;+79997869154;;UrbanStyle;offline_pos;4;30572.68;3057.27;27515.41;11556.47;0.0;1033.35;completed
ORD-0000830;2026-01-04;CUST_00357;+79991985360;;UrbanStyle;online_site;1;6244.34;624.43;5619.91;2360.36;350.0;1452.83;completed
ORD-0001036;2026-01-04;CUST_00463;;user_463_222@example.com;UrbanStyle;online_site;2;14950.0;2990.0;11960.0;5023.2;350.0;1793.61;completed
ORD-0001598;2026-01-04;CUST_00694;+79991873301;user_694_264@example.com;UrbanStyle;offline_pos;4;24903.64;0.0;24903.64;10459.53;0.0;0.0;completed
ORD-0001890;2026-01-04;CUST_00821;+79999318064;;SportActive;offline_pos;3;25862.13;2586.21;23275.92;11172.44;0.0;1485.06;completed
ORD-0001934;2026-01-04;CUST_00845;+79991820721;;UrbanStyle;offline_pos;4;29432.22;2943.22;26489.0;11125.38;0.0;0.0;completed
ORD-0002948;2026-01-04;CUST_01273;+79995126595;user_1273_282@example.com;UrbanStyle;online_app;3;16483.84;1648.38;14835.46;6230.89;250.0;1240.71;completed
ORD-0003181;2026-01-04;CUST_01378;+79991052497;user_1378_753@example.com;SportActive;online_site;2;19060.98;1906.1;17154.88;8234.34;350.0;0.0;completed
ORD-0000372;2026-01-05;CUST_00159;+79993760597;user_159_363@example.com;UrbanStyle;online_app;4;22627.44;3394.12;19233.32;8077.99;250.0;0.0;completed
ORD-0001666;2026-01-05;CUST_00721;+79994834713;;SportActive;online_site;1;7775.26;388.76;7386.5;3545.52;350.0;0.0;completed
ORD-0001766;2026-01-05;CUST_00768;+79999488562;user_768_488@example.com;SportActive;online_app;1;8947.93;894.79;8053.14;3865.51;250.0;0.0;completed
ORD-0000760;2026-01-06;CUST_00322;+79997268384;user_322_525@example.com;SportActive;online_app;1;9259.53;1851.91;7407.62;3555.66;250.0;0.0;completed
ORD-0000805;2026-01-06;CUST_00347;+79997327828;;SportActive;online_site;4;37382.7;7476.54;29906.16;14354.96;350.0;967.83;completed
ORD-0000829;2026-01-06;CUST_00356;+79993822492;user_356_850@example.com;SportActive;online_app;4;29710.21;1485.51;28224.7;13547.86;250.0;1090.81;cancelled
ORD-0001280;2026-01-06;CUST_00551;;user_551_383@example.com;SportActive;online_site;1;9266.97;1390.05;7876.92;3780.92;350.0;0.0;completed
ORD-0001348;2026-01-06;CUST_00583;;user_583_336@example.com;UrbanStyle;online_site;3;23712.32;2371.23;21341.09;8963.26;350.0;951.6;completed
ORD-0001563;2026-01-06;CUST_00680;+79992154992;user_680_335@example.com;UrbanStyle;online_app;2;13189.89;1318.99;11870.9;4985.78;250.0;1497.99;completed
ORD-0001645;2026-01-06;CUST_00714;+79995609255;user_714_602@example.com;UrbanStyle;online_site;1;7568.97;0.0;7568.97;3178.97;350.0;0.0;completed
ORD-0001969;2026-01-06;CUST_00863;;user_863_439@example.com;SportActive;online_site;3;19496.68;3899.34;15597.34;7486.72;350.0;0.0;completed
ORD-0003192;2026-01-06;CUST_01381;+79992685367;user_1381_851@example.com;UrbanStyle;online_app;1;7555.84;1133.38;6422.46;2697.43;250.0;0.0;cancelled
ORD-0003289;2026-01-06;CUST_01417;+79993081873;user_1417_871@example.com;SportActive;online_site;4;27492.32;2749.23;24743.09;11876.68;350.0;0.0;completed
ORD-0000476;2026-01-07;CUST_00209;+79998531380;user_209_797@example.com;SportActive;online_app;2;16260.4;0.0;16260.4;7804.99;250.0;0.0;completed
ORD-0000703;2026-01-07;CUST_00303;+79997370211;;UrbanStyle;offline_pos;2;15539.3;776.97;14762.33;6200.18;0.0;0.0;completed
ORD-0001295;2026-01-07;CUST_00558;+79994071377;;SportActive;offline_pos;1;9760.22;1464.03;8296.19;3982.17;0.0;1196.56;completed
ORD-0001500;2026-01-07;CUST_00653;+79996991787;user_653_231@example.com;SportActive;online_site;2;17800.59;2670.09;15130.5;7262.64;350.0;1567.18;completed
ORD-0001606;2026-01-07;CUST_00700;+79993194438;;UrbanStyle;online_app;4;20487.79;1024.39;19463.4;8174.63;250.0;0.0;completed
ORD-0002371;2026-01-07;CUST_01022;+79998927925;user_1022_227@example.com;SportActive;online_site;1;7004.79;700.48;6304.31;3026.07;350.0;0.0;completed
ORD-0002689;2026-01-07;CUST_01164;+79994894044;user_1164_619@example.com;UrbanStyle;offline_pos;1;5954.98;893.25;5061.73;2125.93;0.0;1526.98;completed
ORD-0003106;2026-01-07;CUST_01340;;user_1340_237@example.com;SportActive;online_app;4;36318.76;5447.81;30870.95;14818.06;250.0;1572.71;completed
ORD-0003206;2026-01-07;CUST_01388;+79996583476;user_1388_992@example.com;UrbanStyle;online_app;3;19032.88;1903.29;17129.59;7194.43;250.0;1500.25;completed
ORD-0003378;2026-01-07;CUST_01463;+79995856444;user_1463_388@example.com;UrbanStyle;offline_pos;3;19225.12;0.0;19225.12;8074.55;0.0;0.0;completed
ORD-0003432;2026-01-07;CUST_01489;+79994522752;user_1489_647@example.com;UrbanStyle;online_app;4;31431.06;1571.55;29859.51;12540.99;250.0;0.0;completed
ORD-0000140;2026-01-08;CUST_00063;+79994188992;;UrbanStyle;online_site;1;7633.67;381.68;7251.99;3045.84;350.0;0.0;completed
ORD-0000753;2026-01-08;CUST_00320;;user_320_515@example.com;SportActive;online_site;1;9480.27;0.0;9480.27;4550.53;350.0;0.0;completed
ORD-0000877;2026-01-08;CUST_00389;+79998356053;user_389_916@example.com;UrbanStyle;online_site;1;7370.72;737.07;6633.65;2786.13;350.0;1460.29;completed
ORD-0001306;2026-01-08;CUST_00561;+79994263903;;UrbanStyle;online_site;4;28677.14;4301.57;24375.57;10237.74;350.0;0.0;completed
ORD-0001616;2026-01-08;CUST_00704;+79995451032;;UrbanStyle;online_site;1;7188.84;0.0;7188.84;3019.31;350.0;0.0;completed
ORD-0001733;2026-01-08;CUST_00751;+79996345967;;UrbanStyle;offline_pos;3;19521.65;976.08;18545.57;7789.14;0.0;1222.34;completed
ORD-0002139;2026-01-08;CUST_00930;;user_930_763@example.com;UrbanStyle;online_app;4;19776.84;1977.68;17799.16;7475.65;250.0;0.0;completed
ORD-0002411;2026-01-08;CUST_01043;+79999399251;;SportActive;online_app;2;13976.21;2096.43;11879.78;5702.29;250.0;0.0;completed
ORD-0003285;2026-01-08;CUST_01416;+79999893395;user_1416_600@example.com;UrbanStyle;online_site;1;7382.1;0.0;7382.1;3100.48;350.0;0.0;completed
ORD-0000391;2026-01-09;CUST_00169;+79997084862;;UrbanStyle;offline_pos;2;12599.2;629.96;11969.24;5027.08;0.0;0.0;completed
ORD-0000430;2026-01-09;CUST_00185;;user_185_781@example.com;UrbanStyle;online_site;1;6148.18;307.41;5840.77;2453.12;350.0;1752.14;completed
ORD-0000653;2026-01-09;CUST_00284;+79998895137;;UrbanStyle;offline_pos;4;24437.25;4887.45;19549.8;8210.92;0.0;0.0;completed
ORD-0001153;2026-01-09;CUST_00507;+79995449526;user_507_314@example.com;UrbanStyle;online_site;4;30884.47;3088.45;27796.02;11674.33;350.0;1387.07;completed
ORD-0001234;2026-01-09;CUST_00537;+79994153037;user_537_552@example.com;UrbanStyle;online_site;2;9892.22;0.0;9892.22;4154.73;350.0;916.36;completed
ORD-0001631;2026-01-09;CUST_00709;+79996737688;;SportActive;online_site;1;9870.85;1480.63;8390.22;4027.31;350.0;0.0;completed
ORD-0002393;2026-01-09;CUST_01033;+79999818990;user_1033_966@example.com;UrbanStyle;online_app;3;23805.26;1190.26;22615.0;9498.3;250.0;0.0;completed
ORD-0002552;2026-01-09;CUST_01102;+79996582152;user_1102_834@example.com;UrbanStyle;online_app;4;25635.84;3845.38;21790.46;9151.99;250.0;0.0;completed
ORD-0002698;2026-01-09;CUST_01166;+79997044085;user_1166_915@example.com;UrbanStyle;online_app;1;7695.38;0.0;7695.38;3232.06;250.0;0.0;completed
ORD-0003168;2026-01-09;CUST_01374;+79996755884;;SportActive;offline_pos;1;9408.52;1411.28;7997.24;3838.68;0.0;0.0;completed
ORD-0003187;2026-01-09;CUST_01380;+79996844074;;SportActive;offline_pos;2;15122.53;3024.51;12098.02;5807.05;0.0;0.0;completed
ORD-0003446;2026-01-09;CUST_01497;+79996203625;user_1497_266@example.com;SportActive;online_app;1;7665.89;766.59;6899.3;3311.66;250.0;1441.5;completed
ORD-0000790;2026-01-10;CUST_00340;+79996379867;user_340_342@example.com;UrbanStyle;online_site;3;16466.64;823.33;15643.31;6570.19;350.0;1174.09;completed
ORD-0000960;2026-01-10;CUST_00428;+79997009980;user_428_970@example.com;UrbanStyle;online_site;3;18896.93;3779.39;15117.54;6349.37;350.0;1205.81;completed
ORD-0001269;2026-01-10;CUST_00548;+79995620085;;SportActive;offline_pos;1;7584.8;0.0;7584.8;3640.7;0.0;0.0;completed
ORD-0001465;2026-01-10;CUST_00633;;user_633_556@example.com;SportActive;online_app;3;26799.38;2679.94;24119.44;11577.33;250.0;0.0;completed
ORD-0001755;2026-01-10;CUST_00764;+79998360481;user_764_850@example.com;UrbanStyle;offline_pos;4;23420.36;4684.07;18736.29;7869.24;0.0;0.0;completed
ORD-0001870;2026-01-10;CUST_00814;+79995323142;;SportActive;online_site;4;28235.11;2823.51;25411.6;12197.57;350.0;0.0;completed
ORD-0002041;2026-01-10;CUST_00894;+79998502096;user_894_300@example.com;UrbanStyle;online_site;2;11437.53;1715.63;9721.9;4083.2;350.0;0.0;cancelled
ORD-0002262;2026-01-10;CUST_00980;+79997013049;;SportActive;online_site;3;19668.26;2950.24;16718.02;8024.65;350.0;1612.62;returned
ORD-0002633;2026-01-10;CUST_01136;+79993169632;user_1136_316@example.com;SportActive;online_site;4;33494.81;0.0;33494.81;16077.51;350.0;1283.64;cancelled
ORD-0002751;2026-01-10;CUST_01192;;user_1192_742@example.com;SportActive;online_app;1;6679.85;0.0;6679.85;3206.33;250.0;1781.7;completed
ORD-0002757;2026-01-10;CUST_01195;+79993348331;user_1195_831@example.com;UrbanStyle;online_site;3;21205.01;2120.5;19084.51;8015.49;350.0;0.0;completed
ORD-0002767;2026-01-10;CUST_01200;+79993421727;user_1200_617@example.com;UrbanStyle;online_app;1;6588.29;658.83;5929.46;2490.37;250.0;1666.36;completed
ORD-0000523;2026-01-11;CUST_00228;+79998868776;user_228_955@example.com;UrbanStyle;offline_pos;1;6468.94;0.0;6468.94;2716.95;0.0;0.0;completed
ORD-0001254;2026-01-11;CUST_00543;;user_543_957@example.com;SportActive;online_app;4;31708.82;3170.88;28537.94;13698.21;250.0;0.0;completed
ORD-0001395;2026-01-11;CUST_00601;+79998022049;;SportActive;online_app;4;25345.3;3801.79;21543.51;10340.88;250.0;0.0;completed
ORD-0002105;2026-01-11;CUST_00916;+79997203657;user_916_927@example.com;UrbanStyle;online_app;1;6600.91;330.05;6270.86;2633.76;250.0;0.0;cancelled
ORD-0002133;2026-01-11;CUST_00926;+79994018500;user_926_420@example.com;UrbanStyle;offline_pos;1;7087.2;1063.08;6024.12;2530.13;0.0;0.0;completed
ORD-0002916;2026-01-11;CUST_01263;;user_1263_451@example.com;UrbanStyle;online_site;1;5253.42;0.0;5253.42;2206.44;350.0;0.0;completed
ORD-0003135;2026-01-11;CUST_01356;+79995282525;user_1356_889@example.com;SportActive;online_site;4;25578.72;5115.74;20462.98;9822.23;350.0;0.0;completed
ORD-0000793;2026-01-12;CUST_00342;;user_342_669@example.com;UrbanStyle;online_site;3;19270.9;3854.18;15416.72;6475.02;350.0;1083.68;completed
ORD-0000940;2026-01-12;CUST_00418;+79995994727;user_418_995@example.com;SportActive;online_site;3;18769.0;0.0;18769.0;9009.12;350.0;953.03;completed
ORD-0001137;2026-01-12;CUST_00502;+79996986539;user_502_328@example.com;SportActive;online_site;3;28498.5;5699.7;22798.8;10943.42;350.0;0.0;completed
ORD-0001245;2026-01-12;CUST_00539;;user_539_899@example.com;SportActive;online_app;2;14543.9;0.0;14543.9;6981.07;250.0;0.0;completed
ORD-0001856;2026-01-12;CUST_00804;+79995826554;user_804_114@example.com;UrbanStyle;online_site;3;14887.83;2977.57;11910.26;5002.31;350.0;0.0;completed
ORD-0002570;2026-01-12;CUST_01108;+79992970903;;UrbanStyle;online_site;2;15229.91;3045.98;12183.93;5117.25;350.0;1221.55;completed
ORD-0002648;2026-01-12;CUST_01140;+79993202624;;SportActive;offline_pos;4;25363.15;5072.63;20290.52;9739.45;0.0;1542.05;completed
ORD-0002745;2026-01-12;CUST_01187;+79998417942;user_1187_814@example.com;UrbanStyle;offline_pos;4;25392.0;5078.4;20313.6;8531.71;0.0;0.0;completed
ORD-0003261;2026-01-12;CUST_01406;+79992710400;user_1406_794@example.com;SportActive;online_site;3;27461.71;2746.17;24715.54;11863.46;350.0;1388.64;completed
ORD-0000265;2026-01-13;CUST_00118;+79992925626;;UrbanStyle;offline_pos;3;22054.05;2205.41;19848.64;8336.43;0.0;0.0;completed
ORD-0000481;2026-01-13;CUST_00212;;user_212_393@example.com;UrbanStyle;online_site;2;15841.8;3168.36;12673.44;5322.84;350.0;0.0;completed
ORD-0000942;2026-01-13;CUST_00420;;user_420_269@example.com;SportActive;online_app;3;21353.32;3203.0;18150.32;8712.15;250.0;947.92;completed
ORD-0001053;2026-01-13;CUST_00469;+79999888812;;SportActive;online_app;4;25035.31;0.0;25035.31;12016.95;250.0;901.07;completed
ORD-0001120;2026-01-13;CUST_00494;+79991473227;user_494_820@example.com;UrbanStyle;online_site;2;13275.22;0.0;13275.22;5575.59;350.0;1741.79;completed
ORD-0001124;2026-01-13;CUST_00495;;user_495_956@example.com;SportActive;online_site;4;27686.18;4152.93;23533.25;11295.96;350.0;0.0;completed
ORD-0002048;2026-01-13;CUST_00895;+79996109503;user_895_545@example.com;SportActive;online_site;4;33608.1;5041.21;28566.89;13712.11;350.0;0.0;completed
ORD-0002084;2026-01-13;CUST_00906;+79999107893;user_906_821@example.com;UrbanStyle;online_site;2;13616.58;0.0;13616.58;5718.96;350.0;0.0;completed
ORD-0002205;2026-01-13;CUST_00954;+79993304005;user_954_429@example.com;SportActive;online_site;2;13501.31;2700.26;10801.05;5184.5;350.0;1741.9;completed
ORD-0002621;2026-01-13;CUST_01129;+79993074573;user_1129_457@example.com;UrbanStyle;online_site;2;15154.74;3030.95;12123.79;5091.99;350.0;0.0;completed
ORD-0002873;2026-01-13;CUST_01249;+79992248902;user_1249_355@example.com;UrbanStyle;online_site;4;31143.5;3114.35;28029.15;11772.24;350.0;1501.79;completed
ORD-0003221;2026-01-13;CUST_01393;+79996503422;;UrbanStyle;online_app;2;14228.82;0.0;14228.82;5976.1;250.0;1003.29;completed
ORD-0000166;2026-01-14;CUST_00073;+79991093026;;UrbanStyle;online_site;2;14106.43;2115.96;11990.47;5036.0;350.0;0.0;completed
ORD-0000224;2026-01-14;CUST_00097;;user_97_576@example.com;UrbanStyle;online_site;2;11575.54;1736.33;9839.21;4132.47;350.0;0.0;completed
ORD-0000436;2026-01-14;CUST_00187;+79992006313;;UrbanStyle;offline_pos;4;31114.92;1555.75;29559.17;12414.85;0.0;1308.8;completed
ORD-0002376;2026-01-14;CUST_01025;+79993006281;user_1025_482@example.com;UrbanStyle;online_app;1;6194.72;619.47;5575.25;2341.61;250.0;0.0;cancelled
ORD-0002668;2026-01-14;CUST_01150;+79995447210;;SportActive;offline_pos;1;6675.0;1335.0;5340.0;2563.2;0.0;0.0;completed
ORD-0002920;2026-01-14;CUST_01264;;user_1264_343@example.com;SportActive;online_app;3;19016.97;1901.7;17115.27;8215.33;250.0;0.0;completed
ORD-0002988;2026-01-14;CUST_01293;+79996024342;user_1293_388@example.com;SportActive;online_app;1;8197.43;819.74;7377.69;3541.29;250.0;1162.69;returned
ORD-0003025;2026-01-14;CUST_01308;+79998965487;user_1308_262@example.com;SportActive;online_app;4;30750.46;6150.09;24600.37;11808.18;250.0;0.0;completed
ORD-0003346;2026-01-14;CUST_01446;+79999860239;user_1446_800@example.com;UrbanStyle;offline_pos;1;7850.79;392.54;7458.25;3132.46;0.0;1203.62;completed
ORD-0000337;2026-01-15;CUST_00147;;user_147_274@example.com;UrbanStyle;online_site;3;18776.47;1877.65;16898.82;7097.5;350.0;0.0;completed
ORD-0000718;2026-01-15;CUST_00308;+79993649811;;UrbanStyle;online_site;1;6132.65;919.9;5212.75;2189.36;350.0;0.0;returned
ORD-0001236;2026-01-15;CUST_00538;+79997273172;user_538_940@example.com;UrbanStyle;online_app;1;5314.57;0.0;5314.57;2232.12;250.0;1265.57;cancelled
ORD-0001779;2026-01-15;CUST_00773;+79999219319;user_773_638@example.com;SportActive;online_site;2;19355.96;967.8;18388.16;8826.32;350.0;0.0;completed
ORD-0001848;2026-01-15;CUST_00801;+79991406123;user_801_888@example.com;UrbanStyle;online_site;4;27143.03;5428.61;21714.42;9120.06;350.0;0.0;completed
ORD-0002090;2026-01-15;CUST_00909;+79996242875;user_909_727@example.com;UrbanStyle;online_site;1;7693.85;384.69;7309.16;3069.85;350.0;917.72;completed
ORD-0002344;2026-01-15;CUST_01013;+79997057663;;UrbanStyle;offline_pos;2;10312.89;515.64;9797.25;4114.85;0.0;0.0;completed
ORD-0002987;2026-01-15;CUST_01292;+79993312992;;SportActive;online_app;4;26252.75;3937.91;22314.84;10711.12;250.0;0.0;returned
ORD-0003030;2026-01-15;CUST_01309;+79998700011;user_1309_382@example.com;UrbanStyle;online_app;3;19502.9;2925.43;16577.47;6962.54;250.0;0.0;completed
ORD-0003375;2026-01-15;CUST_01461;+79992841010;;SportActive;offline_pos;3;20594.6;2059.46;18535.14;8896.87;0.0;1004.41;completed
ORD-0001425;2026-01-16;CUST_00613;+79997924719;;SportActive;offline_pos;1;7080.05;0.0;7080.05;3398.42;0.0;0.0;cancelled
ORD-0001783;2026-01-16;CUST_00776;+79997191944;user_776_913@example.com;SportActive;online_app;2;16779.72;1677.97;15101.75;7248.84;250.0;1213.71;completed
ORD-0001966;2026-01-16;CUST_00862;;user_862_678@example.com;SportActive;offline_pos;2;16803.68;0.0;16803.68;8065.77;0.0;1506.22;completed
ORD-0003253;2026-01-16;CUST_01402;+79997565976;user_1402_500@example.com;UrbanStyle;online_site;3;15404.69;3080.94;12323.75;5175.97;350.0;0.0;completed
ORD-0003399;2026-01-16;CUST_01475;+79997234284;user_1475_343@example.com;SportActive;online_app;2;15506.55;3101.31;12405.24;5954.52;250.0;944.66;completed
ORD-0000354;2026-01-17;CUST_00154;;user_154_894@example.com;SportActive;online_app;4;36593.04;7318.61;29274.43;14051.73;250.0;0.0;completed
ORD-0001112;2026-01-17;CUST_00490;+79995713268;;SportActive;online_site;2;18944.57;3788.91;15155.66;7274.72;350.0;0.0;completed
ORD-0001544;2026-01-17;CUST_00669;+79997128662;user_669_701@example.com;SportActive;offline_pos;2;20227.08;1011.35;19215.73;9223.55;0.0;0.0;completed
ORD-0002438;2026-01-17;CUST_01055;;user_1055_842@example.com;UrbanStyle;online_app;3;18696.05;3739.21;14956.84;6281.87;250.0;0.0;completed
ORD-0003220;2026-01-17;CUST_01392;+79993137710;user_1392_973@example.com;UrbanStyle;online_app;4;22418.33;3362.75;19055.58;8003.34;250.0;1571.66;returned
ORD-0003345;2026-01-17;CUST_01445;+79993929121;;SportActive;offline_pos;2;14886.22;2232.93;12653.29;6073.58;0.0;1396.98;completed
ORD-0000707;2026-01-18;CUST_00305;+79995548852;;SportActive;offline_pos;4;36743.85;3674.39;33069.46;15873.34;0.0;1792.28;completed
ORD-0001067;2026-01-18;CUST_00474;+79994400953;;SportActive;online_site;2;19156.73;957.84;18198.89;8735.47;350.0;0.0;cancelled
ORD-0001335;2026-01-18;CUST_00576;;user_576_818@example.com;SportActive;online_app;1;7962.67;796.27;7166.4;3439.87;250.0;0.0;completed
ORD-0001486;2026-01-18;CUST_00646;+79995948917;user_646_749@example.com;UrbanStyle;online_site;1;5562.87;278.14;5284.73;2219.59;350.0;1011.89;cancelled
ORD-0001864;2026-01-18;CUST_00811;+79999399526;;SportActive;online_app;2;19882.2;1988.22;17893.98;8589.11;250.0;0.0;completed
ORD-0002273;2026-01-18;CUST_00982;;user_982_890@example.com;UrbanStyle;online_site;3;15866.72;793.34;15073.38;6330.82;350.0;1296.73;cancelled
ORD-0002356;2026-01-18;CUST_01017;+79996087374;;UrbanStyle;online_app;1;5787.05;0.0;5787.05;2430.56;250.0;0.0;completed
ORD-0003365;2026-01-18;CUST_01457;+79994329683;;UrbanStyle;offline_pos;4;20926.96;0.0;20926.96;8789.32;0.0;1713.73;completed
ORD-0000040;2026-01-19;CUST_00022;;user_22_345@example.com;UrbanStyle;online_app;3;22133.29;3319.99;18813.3;7901.59;250.0;0.0;completed
ORD-0000722;2026-01-19;CUST_00309;+79995819172;;UrbanStyle;online_site;2;12396.05;619.8;11776.25;4946.02;350.0;0.0;completed
ORD-0001506;2026-01-19;CUST_00655;+79997115185;;SportActive;online_app;2;19347.2;3869.44;15477.76;7429.32;250.0;0.0;completed
ORD-0002098;2026-01-19;CUST_00912;+79995369510;user_912_162@example.com;SportActive;online_app;3;25838.34;2583.83;23254.51;11162.16;250.0;1738.44;completed
ORD-0002516;2026-01-19;CUST_01093;+79994657573;user_1093_247@example.com;UrbanStyle;online_site;3;20176.3;4035.26;16141.04;6779.24;350.0;982.42;completed
ORD-0000227;2026-01-20;CUST_00099;+79997358385;;UrbanStyle;offline_pos;2;10765.08;1614.76;9150.32;3843.13;0.0;1687.15;completed
ORD-0000394;2026-01-20;CUST_00170;+79992015861;user_170_507@example.com;UrbanStyle;online_site;2;11856.96;1185.7;10671.26;4481.93;350.0;0.0;returned
ORD-0000946;2026-01-20;CUST_00423;+79995652716;user_423_987@example.com;SportActive;online_site;2;20077.98;1003.9;19074.08;9155.56;350.0;1624.3;completed
ORD-0001144;2026-01-20;CUST_00503;+79993136551;user_503_281@example.com;SportActive;online_app;1;6234.46;0.0;6234.46;2992.54;250.0;0.0;completed
ORD-0001980;2026-01-20;CUST_00866;+79991530633;user_866_378@example.com;UrbanStyle;online_app;2;15194.84;3038.97;12155.87;5105.47;250.0;1230.05;completed
ORD-0002189;2026-01-20;CUST_00947;+79996692259;;UrbanStyle;online_site;2;11164.36;0.0;11164.36;4689.03;350.0;0.0;completed
ORD-0002969;2026-01-20;CUST_01282;+79998789112;user_1282_283@example.com;UrbanStyle;online_site;2;13617.38;2723.48;10893.9;4575.44;350.0;993.04;cancelled
ORD-0000419;2026-01-21;CUST_00179;;user_179_162@example.com;SportActive;online_app;2;16322.19;3264.44;13057.75;6267.72;250.0;0.0;completed
ORD-0000620;2026-01-21;CUST_00268;;user_268_452@example.com;UrbanStyle;online_app;3;14985.94;2997.19;11988.75;5035.27;250.0;0.0;completed
ORD-0000634;2026-01-21;CUST_00270;;user_270_268@example.com;SportActive;online_site;4;36978.56;0.0;36978.56;17749.71;350.0;0.0;completed
ORD-0001343;2026-01-21;CUST_00580;+79993690622;user_580_140@example.com;UrbanStyle;online_site;2;10499.77;0.0;10499.77;4409.9;350.0;0.0;completed
ORD-0001429;2026-01-21;CUST_00614;+79996266549;user_614_828@example.com;SportActive;offline_pos;3;25224.4;5044.88;20179.52;9686.17;0.0;0.0;completed
ORD-0002737;2026-01-21;CUST_01185;+79996105693;user_1185_838@example.com;SportActive;online_app;4;39407.94;0.0;39407.94;18915.81;250.0;0.0;completed
ORD-0003300;2026-01-21;CUST_01420;;user_1420_618@example.com;UrbanStyle;online_site;3;15182.16;1518.22;13663.94;5738.85;350.0;1519.6;completed
ORD-0003444;2026-01-21;CUST_01495;+79998279693;user_1495_477@example.com;UrbanStyle;online_app;3;18490.87;924.54;17566.33;7377.86;250.0;1184.63;completed
ORD-0000383;2026-01-22;CUST_00164;+79994713925;;UrbanStyle;offline_pos;1;5941.93;594.19;5347.74;2246.05;0.0;0.0;completed
ORD-0000816;2026-01-22;CUST_00350;+79994431161;;UrbanStyle;offline_pos;3;15834.07;0.0;15834.07;6650.31;0.0;1212.2;completed
ORD-0000820;2026-01-22;CUST_00352;+79998876742;user_352_879@example.com;SportActive;online_site;4;31317.54;1565.88;29751.66;14280.8;350.0;0.0;returned
ORD-0000972;2026-01-22;CUST_00435;;user_435_101@example.com;UrbanStyle;online_site;2;13964.71;2792.94;11171.77;4692.14;350.0;1532.21;completed
ORD-0001584;2026-01-22;CUST_00691;+79999094465;user_691_283@example.com;UrbanStyle;online_app;3;16479.89;823.99;15655.9;6575.48;250.0;911.01;cancelled
ORD-0001611;2026-01-22;CUST_00701;+79994360650;;SportActive;offline_pos;1;10101.59;0.0;10101.59;4848.76;0.0;0.0;completed
ORD-0001722;2026-01-22;CUST_00744;+79998221506;;SportActive;online_app;1;9655.0;1931.0;7724.0;3707.52;250.0;1163.24;completed
ORD-0002250;2026-01-22;CUST_00974;+79993851044;user_974_691@example.com;SportActive;online_app;2;16000.89;0.0;16000.89;7680.43;250.0;0.0;completed
ORD-0000050;2026-01-23;CUST_00029;+79994594297;user_29_652@example.com;UrbanStyle;online_site;4;27591.22;5518.24;22072.98;9270.65;350.0;0.0;completed
ORD-0000324;2026-01-23;CUST_00143;+79999186400;user_143_993@example.com;UrbanStyle;online_site;1;5690.69;569.07;5121.62;2151.08;350.0;0.0;completed
ORD-0000761;2026-01-23;CUST_00323;+79994664338;user_323_880@example.com;UrbanStyle;online_app;2;10329.25;2065.85;8263.4;3470.63;250.0;1024.87;completed
ORD-0000888;2026-01-23;CUST_00393;+79992425760;user_393_211@example.com;SportActive;online_site;3;28031.5;4204.72;23826.78;11436.85;350.0;0.0;completed
ORD-0001789;2026-01-23;CUST_00777;+79996098672;user_777_179@example.com;SportActive;online_app;1;8526.76;0.0;8526.76;4092.84;250.0;0.0;completed
ORD-0002003;2026-01-23;CUST_00877;+79993873517;user_877_172@example.com;UrbanStyle;online_site;1;7070.43;353.52;6716.91;2821.1;350.0;0.0;completed
ORD-0002079;2026-01-23;CUST_00905;+79999417612;;UrbanStyle;online_app;2;12325.31;0.0;12325.31;5176.63;250.0;0.0;completed
ORD-0002210;2026-01-23;CUST_00956;+79993768343;user_956_549@example.com;UrbanStyle;offline_pos;1;7121.93;1424.39;5697.54;2392.97;0.0;1323.8;completed
ORD-0002394;2026-01-23;CUST_01034;+79992281784;user_1034_219@example.com;SportActive;offline_pos;4;25001.72;3750.26;21251.46;10200.7;0.0;1404.29;completed
ORD-0002546;2026-01-23;CUST_01100;+79993688166;;SportActive;online_app;3;19716.81;0.0;19716.81;9464.07;250.0;1549.54;completed
ORD-0002653;2026-01-23;CUST_01141;+79997511061;user_1141_587@example.com;UrbanStyle;offline_pos;1;7996.19;399.81;7596.38;3190.48;0.0;0.0;completed
ORD-0002752;2026-01-23;CUST_01193;+79995998957;;UrbanStyle;online_site;4;29350.49;2935.05;26415.44;11094.48;350.0;1493.65;completed
ORD-0003009;2026-01-23;CUST_01302;+79996517042;user_1302_683@example.com;SportActive;online_app;4;28687.66;4303.15;24384.51;11704.56;250.0;0.0;returned
ORD-0003408;2026-01-23;CUST_01477;+79994194945;user_1477_297@example.com;UrbanStyle;offline_pos;2;13974.57;1397.46;12577.11;5282.39;0.0;0.0;completed
ORD-0001719;2026-01-24;CUST_00743;+79998871835;user_743_647@example.com;UrbanStyle;online_app;1;5448.22;272.41;5175.81;2173.84;250.0;1687.31;completed
ORD-0001946;2026-01-24;CUST_00850;+79995912917;user_850_582@example.com;UrbanStyle;online_app;2;12149.68;2429.94;9719.74;4082.29;250.0;1497.19;completed
ORD-0002014;2026-01-24;CUST_00881;;user_881_681@example.com;UrbanStyle;online_app;4;32029.36;1601.47;30427.89;12779.71;250.0;1421.62;completed
ORD-0002235;2026-01-24;CUST_00966;+79991880075;;SportActive;online_site;4;40300.7;0.0;40300.7;19344.34;350.0;1721.92;completed
ORD-0002816;2026-01-24;CUST_01225;+79995113127;;SportActive;offline_pos;2;12501.86;2500.37;10001.49;4800.72;0.0;0.0;completed
ORD-0003417;2026-01-24;CUST_01480;;user_1480_474@example.com;UrbanStyle;online_app;4;27781.35;5556.27;22225.08;9334.53;250.0;905.87;completed
ORD-0000178;2026-01-25;CUST_00075;+79999910914;user_75_672@example.com;UrbanStyle;online_site;2;13619.24;1361.92;12257.32;5148.07;350.0;0.0;completed
ORD-0000243;2026-01-25;CUST_00107;+79992686548;user_107_952@example.com;UrbanStyle;online_app;4;28478.04;1423.9;27054.14;11362.74;250.0;1151.07;completed
ORD-0000330;2026-01-25;CUST_00145;+79998443690;user_145_270@example.com;SportActive;online_site;4;30571.14;1528.56;29042.58;13940.44;350.0;1509.9;completed
ORD-0000496;2026-01-25;CUST_00218;+79997485471;user_218_390@example.com;UrbanStyle;online_site;1;5102.04;255.1;4846.94;2035.71;350.0;0.0;completed
ORD-0001571;2026-01-25;CUST_00686;+79998138527;user_686_237@example.com;UrbanStyle;online_site;1;5279.76;791.96;4487.8;1884.88;350.0;1121.7;completed
ORD-0002778;2026-01-25;CUST_01208;+79996456223;user_1208_191@example.com;UrbanStyle;online_site;1;7121.82;712.18;6409.64;2692.05;350.0;1081.16;completed
ORD-0002858;2026-01-25;CUST_01242;;user_1242_166@example.com;UrbanStyle;online_site;1;7579.72;1515.94;6063.78;2546.79;350.0;0.0;completed
ORD-0003110;2026-01-25;CUST_01341;;user_1341_524@example.com;SportActive;online_site;3;19350.11;967.51;18382.6;8823.65;350.0;1720.06;completed
ORD-0000008;2026-01-26;CUST_00005;+79992622631;;UrbanStyle;online_app;3;22329.29;0.0;22329.29;9378.3;250.0;1609.97;completed
ORD-0000215;2026-01-26;CUST_00093;+79992709620;user_93_813@example.com;SportActive;online_site;4;33082.66;6616.53;26466.13;12703.74;350.0;0.0;completed
ORD-0000240;2026-01-26;CUST_00106;+79999123504;;UrbanStyle;online_app;1;5900.72;1180.14;4720.58;1982.64;250.0;1215.62;completed
ORD-0000259;2026-01-26;CUST_00115;+79992362099;;UrbanStyle;online_app;1;5624.48;1124.9;4499.58;1889.82;250.0;1060.34;completed
ORD-0000415;2026-01-26;CUST_00178;;user_178_729@example.com;UrbanStyle;online_site;4;23537.84;2353.78;21184.06;8897.31;350.0;0.0;completed
ORD-0000445;2026-01-26;CUST_00191;+79991440466;user_191_723@example.com;SportActive;online_app;2;18404.81;2760.72;15644.09;7509.16;250.0;0.0;completed
ORD-0000531;2026-01-26;CUST_00232;+79999612629;user_232_250@example.com;SportActive;online_app;4;28301.93;4245.29;24056.64;11547.19;250.0;985.46;completed
ORD-0001410;2026-01-26;CUST_00609;+79999368955;;UrbanStyle;offline_pos;2;12711.42;635.57;12075.85;5071.86;0.0;0.0;cancelled
ORD-0002215;2026-01-26;CUST_00958;+79991653906;;SportActive;offline_pos;1;9652.57;482.63;9169.94;4401.57;0.0;0.0;completed
ORD-0002863;2026-01-26;CUST_01245;+79998165791;;SportActive;online_app;2;17194.22;859.71;16334.51;7840.56;250.0;0.0;completed
ORD-0003100;2026-01-26;CUST_01337;+79991355901;;SportActive;online_app;2;16469.22;0.0;16469.22;7905.23;250.0;0.0;completed
ORD-0003369;2026-01-26;CUST_01458;+79991530269;user_1458_264@example.com;SportActive;online_site;3;19974.66;0.0;19974.66;9587.84;350.0;0.0;completed
ORD-0000195;2026-01-27;CUST_00082;;user_82_871@example.com;UrbanStyle;online_app;4;30530.62;1526.53;29004.09;12181.72;250.0;0.0;completed
ORD-0000404;2026-01-27;CUST_00173;+79994909069;user_173_436@example.com;SportActive;online_site;3;24534.78;1226.74;23308.04;11187.86;350.0;1134.46;completed
ORD-0001180;2026-01-27;CUST_00515;+79994985398;user_515_198@example.com;UrbanStyle;online_site;3;20159.25;0.0;20159.25;8466.89;350.0;0.0;completed
ORD-0002209;2026-01-27;CUST_00955;+79997742191;;UrbanStyle;online_app;1;5622.49;843.37;4779.12;2007.23;250.0;1148.72;completed
ORD-0002388;2026-01-27;CUST_01029;;user_1029_656@example.com;UrbanStyle;online_app;3;22780.61;3417.09;19363.52;8132.68;250.0;1416.4;completed
ORD-0003094;2026-01-27;CUST_01334;;user_1334_746@example.com;SportActive;online_site;3;28874.55;0.0;28874.55;13859.78;350.0;0.0;completed
ORD-0000186;2026-01-28;CUST_00078;+79995013879;user_78_381@example.com;UrbanStyle;online_site;4;23282.93;3492.44;19790.49;8312.01;350.0;1186.72;completed
ORD-0000640;2026-01-28;CUST_00275;+79991508113;;SportActive;offline_pos;4;29732.64;2973.26;26759.38;12844.5;0.0;1266.18;cancelled
ORD-0000786;2026-01-28;CUST_00337;;user_337_311@example.com;UrbanStyle;online_app;2;14559.2;0.0;14559.2;6114.86;250.0;1144.51;completed
ORD-0000915;2026-01-28;CUST_00404;+79994603680;;UrbanStyle;online_app;1;7137.34;1427.47;5709.87;2398.15;250.0;0.0;completed
ORD-0001003;2026-01-28;CUST_00450;+79992382909;;UrbanStyle;offline_pos;4;23016.32;1150.82;21865.5;9183.51;0.0;1403.74;completed
ORD-0001028;2026-01-28;CUST_00460;+79999536665;;SportActive;offline_pos;2;18554.68;927.73;17626.95;8460.94;0.0;0.0;completed
ORD-0001549;2026-01-28;CUST_00670;+79994739628;user_670_628@example.com;UrbanStyle;offline_pos;3;22700.83;1135.04;21565.79;9057.63;0.0;0.0;completed
ORD-0002439;2026-01-28;CUST_01056;+79997714837;user_1056_464@example.com;UrbanStyle;online_app;4;29246.2;0.0;29246.2;12283.4;250.0;1569.78;completed
ORD-0002548;2026-01-28;CUST_01101;+79995597569;user_1101_987@example.com;UrbanStyle;online_app;3;23383.42;3507.51;19875.91;8347.88;250.0;1153.02;completed
ORD-0003061;2026-01-28;CUST_01317;;user_1317_358@example.com;UrbanStyle;online_app;3;15789.18;0.0;15789.18;6631.46;250.0;1416.94;completed
ORD-0003442;2026-01-28;CUST_01494;+79994701708;user_1494_432@example.com;SportActive;online_site;4;28898.87;2889.89;26008.98;12484.31;350.0;0.0;completed
ORD-0000160;2026-01-29;CUST_00072;;user_72_744@example.com;UrbanStyle;online_app;2;15809.88;2371.48;13438.4;5644.13;250.0;1571.07;completed
ORD-0000642;2026-01-29;CUST_00276;+79997813102;user_276_404@example.com;UrbanStyle;online_site;1;5654.82;565.48;5089.34;2137.52;350.0;0.0;completed
ORD-0000723;2026-01-29;CUST_00310;;user_310_647@example.com;SportActive;online_site;4;35695.46;0.0;35695.46;17133.82;350.0;1445.11;returned
ORD-0000776;2026-01-29;CUST_00331;;user_331_846@example.com;SportActive;online_app;2;16616.38;1661.64;14954.74;7178.28;250.0;1550.18;completed
ORD-0000953;2026-01-29;CUST_00426;;user_426_384@example.com;SportActive;online_site;1;8545.89;1709.18;6836.71;3281.62;350.0;1743.23;completed
ORD-0001227;2026-01-29;CUST_00531;+79995799841;;SportActive;offline_pos;1;6896.99;1034.55;5862.44;2813.97;0.0;0.0;completed
ORD-0001737;2026-01-29;CUST_00755;+79998431651;user_755_353@example.com;SportActive;offline_pos;4;35363.65;3536.37;31827.28;15277.09;0.0;902.35;completed
ORD-0001928;2026-01-29;CUST_00841;+79994031576;user_841_220@example.com;SportActive;online_site;4;39800.72;0.0;39800.72;19104.35;350.0;1376.17;completed
ORD-0002313;2026-01-29;CUST_01001;+79999981123;;UrbanStyle;offline_pos;1;5903.83;295.19;5608.64;2355.63;0.0;0.0;completed
ORD-0002628;2026-01-29;CUST_01132;+79996513962;;UrbanStyle;online_app;2;14962.68;0.0;14962.68;6284.33;250.0;1154.26;completed
ORD-0002833;2026-01-29;CUST_01232;+79998714152;;UrbanStyle;offline_pos;3;18252.53;2737.88;15514.65;6516.15;0.0;0.0;completed
ORD-0003067;2026-01-29;CUST_01319;;user_1319_356@example.com;UrbanStyle;online_site;3;23121.73;0.0;23121.73;9711.13;350.0;0.0;completed
ORD-0003174;2026-01-29;CUST_01376;+79993329735;user_1376_126@example.com;UrbanStyle;online_app;4;26325.29;2632.53;23692.76;9950.96;250.0;0.0;completed
ORD-0000780;2026-01-30;CUST_00332;;user_332_484@example.com;SportActive;online_app;1;9840.01;0.0;9840.01;4723.2;250.0;0.0;completed
ORD-0000884;2026-01-30;CUST_00392;+79998017921;;UrbanStyle;offline_pos;1;5845.62;876.84;4968.78;2086.89;0.0;0.0;completed
ORD-0000900;2026-01-30;CUST_00397;+79999099554;user_397_207@example.com;UrbanStyle;online_app;2;15101.02;0.0;15101.02;6342.43;250.0;0.0;completed
ORD-0001888;2026-01-30;CUST_00820;;user_820_261@example.com;UrbanStyle;offline_pos;4;30662.52;0.0;30662.52;12878.26;0.0;1697.32;completed
ORD-0002566;2026-01-30;CUST_01106;+79994123755;;UrbanStyle;online_app;1;6363.86;636.39;5727.47;2405.54;250.0;0.0;completed
ORD-0002993;2026-01-30;CUST_01294;+79991199493;user_1294_583@example.com;SportActive;offline_pos;3;28113.21;2811.32;25301.89;12144.91;0.0;0.0;completed
ORD-0003096;2026-01-30;CUST_01335;;user_1335_971@example.com;SportActive;online_site;2;13615.04;1361.5;12253.54;5881.7;350.0;953.71;completed
ORD-0003209;2026-01-30;CUST_01389;;user_1389_834@example.com;SportActive;online_site;2;18315.5;0.0;18315.5;8791.44;350.0;0.0;returned
ORD-0000089;2026-01-31;CUST_00044;+79992217071;user_44_109@example.com;UrbanStyle;online_site;2;15115.21;0.0;15115.21;6348.39;350.0;0.0;completed
ORD-0000286;2026-01-31;CUST_00128;+79991019311;user_128_773@example.com;SportActive;online_app;1;7725.16;1158.77;6566.39;3151.87;250.0;1776.82;completed
ORD-0000687;2026-01-31;CUST_00300;+79995435261;user_300_724@example.com;UrbanStyle;online_app;4;20258.73;3038.81;17219.92;7232.37;250.0;1320.58;returned
ORD-0000937;2026-01-31;CUST_00416;+79992899365;;UrbanStyle;offline_pos;1;6358.27;317.91;6040.36;2536.95;0.0;1644.55;completed
ORD-0001048;2026-01-31;CUST_00467;+79995112546;user_467_254@example.com;UrbanStyle;online_app;2;10694.18;1604.13;9090.05;3817.82;250.0;1507.46;cancelled
ORD-0001206;2026-01-31;CUST_00525;;user_525_559@example.com;UrbanStyle;online_site;2;12033.1;601.66;11431.44;4801.2;350.0;0.0;completed
ORD-0001329;2026-01-31;CUST_00574;+79999971338;user_574_738@example.com;UrbanStyle;online_app;2;13706.63;1370.66;12335.97;5181.11;250.0;0.0;completed
ORD-0001811;2026-01-31;CUST_00787;+79995629792;user_787_666@example.com;UrbanStyle;online_site;2;14110.75;0.0;14110.75;5926.51;350.0;1693.34;completed
ORD-0002161;2026-01-31;CUST_00938;+79996533643;;SportActive;online_site;4;39221.26;5883.19;33338.07;16002.27;350.0;0.0;completed
ORD-0002665;2026-01-31;CUST_01149;;user_1149_821@example.com;UrbanStyle;offline_pos;2;12162.04;0.0;12162.04;5108.06;0.0;0.0;completed
ORD-0002727;2026-01-31;CUST_01183;+79991622329;;SportActive;online_app;1;7975.94;398.8;7577.14;3637.03;250.0;1366.02;completed
ORD-0002786;2026-01-31;CUST_01211;+79993076710;user_1211_759@example.com;UrbanStyle;online_site;1;5189.37;1037.87;4151.5;1743.63;350.0;1240.0;completed
ORD-0000517;2026-02-01;CUST_00225;+79997017462;;SportActive;offline_pos;4;31950.98;6390.2;25560.78;12269.17;0.0;0.0;completed
ORD-0001190;2026-02-01;CUST_00518;+79997668395;;SportActive;offline_pos;2;17019.46;3403.89;13615.57;6535.47;0.0;0.0;completed
ORD-0001414;2026-02-01;CUST_00610;+79999102253;;SportActive;offline_pos;2;13389.89;2677.98;10711.91;5141.72;0.0;0.0;completed
ORD-0001454;2026-02-01;CUST_00629;+79996052539;user_629_602@example.com;SportActive;online_app;2;19619.38;980.97;18638.41;8946.44;250.0;971.94;completed
ORD-0001513;2026-02-01;CUST_00658;+79993948933;user_658_761@example.com;UrbanStyle;online_site;4;19969.81;998.49;18971.32;7967.95;350.0;1652.85;completed
ORD-0001567;2026-02-01;CUST_00684;+79998057906;;SportActive;offline_pos;2;13505.05;675.25;12829.8;6158.3;0.0;1141.8;completed
ORD-0001607;2026-02-01;CUST_00700;+79999086174;;SportActive;online_site;1;8397.35;419.87;7977.48;3829.19;350.0;0.0;completed
ORD-0003308;2026-02-01;CUST_01421;+79991001435;user_1421_354@example.com;UrbanStyle;online_site;1;7781.47;389.07;7392.4;3104.81;350.0;0.0;completed
ORD-0000470;2026-02-02;CUST_00207;+79993477824;user_207_341@example.com;UrbanStyle;online_app;3;21555.22;2155.52;19399.7;8147.87;250.0;1305.71;completed
ORD-0000601;2026-02-02;CUST_00260;+79997810286;;UrbanStyle;offline_pos;4;21662.47;3249.37;18413.1;7733.5;0.0;0.0;completed
ORD-0000663;2026-02-02;CUST_00289;+79993299088;;SportActive;offline_pos;3;19818.81;2972.82;16845.99;8086.08;0.0;0.0;completed
ORD-0001712;2026-02-02;CUST_00739;+79995570355;;UrbanStyle;offline_pos;4;21153.36;4230.67;16922.69;7107.53;0.0;0.0;completed
ORD-0002146;2026-02-02;CUST_00933;;user_933_161@example.com;UrbanStyle;online_site;1;6013.47;902.02;5111.45;2146.81;350.0;1117.29;completed
ORD-0002157;2026-02-02;CUST_00937;+79993497360;;SportActive;offline_pos;4;36108.72;7221.74;28886.98;13865.75;0.0;1329.86;completed
ORD-0000022;2026-02-03;CUST_00013;+79999375710;user_13_505@example.com;SportActive;online_site;4;27961.9;0.0;27961.9;13421.71;350.0;0.0;completed
ORD-0000514;2026-02-03;CUST_00224;+79999833734;user_224_138@example.com;SportActive;online_app;1;7347.98;0.0;7347.98;3527.03;250.0;0.0;completed
ORD-0000596;2026-02-03;CUST_00257;+79991543335;;UrbanStyle;offline_pos;3;22698.63;2269.86;20428.77;8580.08;0.0;1419.34;completed
ORD-0001100;2026-02-03;CUST_00486;+79995951043;;UrbanStyle;online_site;4;29219.55;2921.95;26297.6;11044.99;350.0;0.0;returned
ORD-0002089;2026-02-03;CUST_00908;+79999780469;user_908_724@example.com;UrbanStyle;online_site;2;14765.56;1476.56;13289.0;5581.38;350.0;1057.07;completed
ORD-0002091;2026-02-03;CUST_00910;;user_910_580@example.com;UrbanStyle;online_app;2;10191.67;509.58;9682.09;4066.48;250.0;1280.79;completed
ORD-0002806;2026-02-03;CUST_01222;+79991771499;;SportActive;online_site;3;29290.38;1464.52;27825.86;13356.41;350.0;0.0;completed
ORD-0003004;2026-02-03;CUST_01300;+79991389899;;SportActive;offline_pos;3;20383.08;4076.62;16306.46;7827.1;0.0;905.31;completed
ORD-0003437;2026-02-03;CUST_01493;;user_1493_769@example.com;UrbanStyle;online_site;3;17231.03;1723.1;15507.93;6513.33;350.0;1713.77;completed
ORD-0000696;2026-02-04;CUST_00302;+79996851946;user_302_673@example.com;SportActive;online_app;3;23459.29;1172.96;22286.33;10697.44;250.0;0.0;cancelled
ORD-0001259;2026-02-04;CUST_00545;+79994776753;user_545_793@example.com;UrbanStyle;online_site;3;23451.56;3517.73;19933.83;8372.21;350.0;1757.43;completed
ORD-0001533;2026-02-04;CUST_00664;+79993355029;user_664_556@example.com;SportActive;online_site;4;25794.7;5158.94;20635.76;9905.16;350.0;0.0;completed
ORD-0002170;2026-02-04;CUST_00941;+79997021650;user_941_441@example.com;SportActive;online_site;1;9208.41;1841.68;7366.73;3536.03;350.0;1667.43;completed
ORD-0002455;2026-02-04;CUST_01064;+79999245659;user_1064_541@example.com;UrbanStyle;online_app;1;7648.01;764.8;6883.21;2890.95;250.0;1008.73;completed
ORD-0003433;2026-02-04;CUST_01489;+79994522752;;UrbanStyle;offline_pos;4;27469.76;0.0;27469.76;11537.3;0.0;0.0;completed
ORD-0000678;2026-02-05;CUST_00294;+79994817541;;UrbanStyle;offline_pos;2;15442.63;772.13;14670.5;6161.61;0.0;1563.3;completed
ORD-0001852;2026-02-05;CUST_00802;+79993446428;user_802_551@example.com;SportActive;online_app;2;13406.78;670.34;12736.44;6113.49;250.0;0.0;completed
ORD-0002195;2026-02-05;CUST_00950;;user_950_733@example.com;UrbanStyle;online_site;1;7894.72;0.0;7894.72;3315.78;350.0;0.0;cancelled
ORD-0002587;2026-02-05;CUST_01114;+79997410129;user_1114_233@example.com;UrbanStyle;online_app;3;23360.24;0.0;23360.24;9811.3;250.0;1292.74;completed
ORD-0000073;2026-02-06;CUST_00038;+79993597059;user_38_294@example.com;UrbanStyle;offline_pos;3;18509.32;0.0;18509.32;7773.91;0.0;1061.91;completed
ORD-0000857;2026-02-06;CUST_00374;+79996969521;user_374_666@example.com;SportActive;offline_pos;3;24948.69;1247.43;23701.26;11376.6;0.0;1582.05;completed
ORD-0000905;2026-02-06;CUST_00399;+79998988681;user_399_199@example.com;UrbanStyle;online_site;2;11886.87;2377.37;9509.5;3993.99;350.0;1352.74;completed
ORD-0000964;2026-02-06;CUST_00430;+79999142618;user_430_907@example.com;UrbanStyle;offline_pos;4;20323.25;4064.65;16258.6;6828.61;0.0;0.0;completed
ORD-0001592;2026-02-06;CUST_00692;+79997679508;user_692_853@example.com;UrbanStyle;offline_pos;3;15989.3;1598.93;14390.37;6043.96;0.0;0.0;completed
ORD-0002709;2026-02-06;CUST_01172;+79995487758;;SportActive;offline_pos;2;19536.04;976.8;18559.24;8908.44;0.0;1773.22;completed
ORD-0002961;2026-02-06;CUST_01279;+79995146852;;UrbanStyle;offline_pos;2;13825.03;0.0;13825.03;5806.51;0.0;0.0;completed
ORD-0003233;2026-02-06;CUST_01395;;user_1395_423@example.com;UrbanStyle;online_site;3;21385.81;4277.16;17108.65;7185.63;350.0;0.0;completed
ORD-0003372;2026-02-06;CUST_01459;+79999205196;;SportActive;online_app;1;8173.17;408.66;7764.51;3726.96;250.0;0.0;completed
ORD-0000083;2026-02-07;CUST_00041;;user_41_513@example.com;UrbanStyle;online_app;1;5741.79;0.0;5741.79;2411.55;250.0;0.0;completed
ORD-0000792;2026-02-07;CUST_00341;+79995616316;user_341_162@example.com;UrbanStyle;online_site;2;10329.22;516.46;9812.76;4121.36;350.0;0.0;completed
ORD-0001106;2026-02-07;CUST_00487;;user_487_240@example.com;UrbanStyle;online_app;2;10143.95;1521.59;8622.36;3621.39;250.0;0.0;returned
ORD-0001355;2026-02-07;CUST_00584;+79993931009;;SportActive;online_site;2;17091.43;0.0;17091.43;8203.89;350.0;0.0;completed
ORD-0002167;2026-02-07;CUST_00940;+79991803803;;UrbanStyle;online_site;1;7359.89;0.0;7359.89;3091.15;350.0;1500.5;completed
ORD-0002175;2026-02-07;CUST_00943;+79994407796;user_943_280@example.com;UrbanStyle;online_app;2;12495.49;624.77;11870.72;4985.7;250.0;0.0;completed
ORD-0002236;2026-02-07;CUST_00967;;user_967_172@example.com;SportActive;online_site;3;21798.0;2179.8;19618.2;9416.74;350.0;1407.24;completed
ORD-0002306;2026-02-07;CUST_00998;+79999894713;user_998_962@example.com;UrbanStyle;online_site;4;26218.49;2621.85;23596.64;9910.59;350.0;1014.1;completed
ORD-0002996;2026-02-07;CUST_01296;+79998741026;user_1296_448@example.com;SportActive;online_app;2;15397.06;0.0;15397.06;7390.59;250.0;1288.95;completed
ORD-0000764;2026-02-08;CUST_00324;;user_324_820@example.com;UrbanStyle;online_site;4;31801.37;6360.27;25441.1;10685.26;350.0;1545.08;completed
ORD-0001700;2026-02-08;CUST_00736;;user_736_186@example.com;SportActive;online_site;3;27731.25;5546.25;22185.0;10648.8;350.0;0.0;completed
ORD-0001953;2026-02-08;CUST_00853;+79996309796;user_853_365@example.com;UrbanStyle;offline_pos;4;25240.47;0.0;25240.47;10601.0;0.0;1655.13;completed
ORD-0002532;2026-02-08;CUST_01096;+79996170258;user_1096_121@example.com;SportActive;offline_pos;4;26541.44;2654.14;23887.3;11465.9;0.0;0.0;completed
ORD-0003057;2026-02-08;CUST_01315;+79992119776;user_1315_814@example.com;SportActive;offline_pos;1;8905.61;1781.12;7124.49;3419.76;0.0;0.0;completed
ORD-0003107;2026-02-08;CUST_01340;+79996514500;;SportActive;offline_pos;1;8713.67;1307.05;7406.62;3555.18;0.0;0.0;completed
ORD-0000205;2026-02-09;CUST_00087;+79997360682;;UrbanStyle;offline_pos;4;20874.62;2087.46;18787.16;7890.61;0.0;0.0;completed
ORD-0000378;2026-02-09;CUST_00162;+79993073474;user_162_565@example.com;UrbanStyle;offline_pos;4;26684.28;5336.86;21347.42;8965.92;0.0;1238.24;completed
ORD-0000739;2026-02-09;CUST_00316;+79994240708;user_316_279@example.com;UrbanStyle;online_site;4;25983.16;0.0;25983.16;10912.93;350.0;973.09;completed
ORD-0001270;2026-02-09;CUST_00548;+79995620085;;UrbanStyle;offline_pos;2;13933.96;1393.4;12540.56;5267.04;0.0;0.0;returned
ORD-0001576;2026-02-09;CUST_00688;;user_688_632@example.com;UrbanStyle;online_app;2;15787.64;0.0;15787.64;6630.81;250.0;1127.42;completed
ORD-0002032;2026-02-09;CUST_00890;+79998766314;user_890_433@example.com;UrbanStyle;online_app;4;24603.73;3690.56;20913.17;8783.53;250.0;0.0;completed
ORD-0002298;2026-02-09;CUST_00992;+79997176462;user_992_919@example.com;SportActive;online_site;3;23584.65;0.0;23584.65;11320.63;350.0;0.0;completed
ORD-0002765;2026-02-09;CUST_01199;+79998103845;user_1199_550@example.com;SportActive;online_app;3;21852.52;1092.63;20759.89;9964.75;250.0;0.0;completed
ORD-0002828;2026-02-09;CUST_01230;+79998247127;user_1230_315@example.com;UrbanStyle;online_app;2;10387.32;519.37;9867.95;4144.54;250.0;0.0;completed
ORD-0002932;2026-02-09;CUST_01268;+79991062026;user_1268_754@example.com;UrbanStyle;online_site;4;25499.32;3824.9;21674.42;9103.26;350.0;1711.91;completed
ORD-0002966;2026-02-09;CUST_01281;+79999533123;;UrbanStyle;offline_pos;3;19052.57;1905.26;17147.31;7201.87;0.0;1493.73;completed
ORD-0002972;2026-02-09;CUST_01284;+79994683039;;SportActive;offline_pos;4;30017.26;0.0;30017.26;14408.28;0.0;1617.48;returned
ORD-0003194;2026-02-09;CUST_01382;;user_1382_685@example.com;SportActive;online_site;1;7054.16;705.42;6348.74;3047.4;350.0;0.0;completed
ORD-0003425;2026-02-09;CUST_01486;+79999809266;user_1486_365@example.com;UrbanStyle;online_site;2;11216.05;0.0;11216.05;4710.74;350.0;1301.62;cancelled
ORD-0000399;2026-02-10;CUST_00171;+79997647905;;SportActive;online_app;2;17619.43;1761.94;15857.49;7611.6;250.0;0.0;completed
ORD-0001202;2026-02-10;CUST_00524;;user_524_629@example.com;SportActive;online_app;3;27759.58;0.0;27759.58;13324.6;250.0;0.0;completed
ORD-0001538;2026-02-10;CUST_00667;+79998627651;user_667_147@example.com;UrbanStyle;online_site;4;28173.55;1408.68;26764.87;11241.25;350.0;1003.06;completed
ORD-0001672;2026-02-10;CUST_00723;+79999381860;;UrbanStyle;online_site;2;10724.22;536.21;10188.01;4278.96;350.0;0.0;returned
ORD-0001767;2026-02-10;CUST_00768;+79999488562;user_768_488@example.com;SportActive;online_app;3;29227.59;4384.14;24843.45;11924.86;250.0;0.0;completed
ORD-0001771;2026-02-10;CUST_00769;+79995006173;user_769_428@example.com;SportActive;offline_pos;3;21504.34;0.0;21504.34;10322.08;0.0;0.0;completed
ORD-0002361;2026-02-10;CUST_01019;+79998753086;user_1019_827@example.com;UrbanStyle;offline_pos;2;14685.91;734.3;13951.61;5859.68;0.0;0.0;completed
ORD-0002450;2026-02-10;CUST_01061;+79999353359;user_1061_602@example.com;UrbanStyle;online_app;1;5070.93;507.09;4563.84;1916.81;250.0;1010.36;completed
ORD-0002495;2026-02-10;CUST_01080;+79991312111;user_1080_742@example.com;SportActive;online_site;3;22626.94;1131.35;21495.59;10317.88;350.0;0.0;completed
ORD-0002879;2026-02-10;CUST_01253;+79998490291;user_1253_692@example.com;UrbanStyle;online_app;3;15822.44;2373.37;13449.07;5648.61;250.0;0.0;completed
ORD-0003256;2026-02-10;CUST_01404;;user_1404_568@example.com;SportActive;online_site;2;17203.07;860.15;16342.92;7844.6;350.0;1617.64;completed
ORD-0000141;2026-02-11;CUST_00063;+79994188992;;UrbanStyle;online_site;3;18517.77;0.0;18517.77;7777.46;350.0;0.0;completed
ORD-0000658;2026-02-11;CUST_00288;;user_288_873@example.com;UrbanStyle;online_site;2;13864.24;2079.64;11784.6;4949.53;350.0;1096.99;completed
ORD-0000959;2026-02-11;CUST_00427;;user_427_989@example.com;SportActive;online_app;3;19992.96;999.65;18993.31;9116.79;250.0;0.0;completed
ORD-0001232;2026-02-11;CUST_00535;+79999248001;user_535_978@example.com;SportActive;online_site;4;39644.07;0.0;39644.07;19029.15;350.0;1353.75;completed
ORD-0001468;2026-02-11;CUST_00634;+79996384429;;SportActive;online_site;4;26525.71;3978.86;22546.85;10822.49;350.0;0.0;completed
ORD-0001481;2026-02-11;CUST_00641;+79994819259;;SportActive;online_app;4;30787.05;6157.41;24629.64;11822.23;250.0;1487.47;completed
ORD-0000117;2026-02-12;CUST_00054;+79997003042;;UrbanStyle;online_site;3;22106.18;4421.24;17684.94;7427.67;350.0;1360.99;completed
ORD-0000729;2026-02-12;CUST_00313;+79996621073;user_313_391@example.com;UrbanStyle;online_site;4;26724.35;0.0;26724.35;11224.23;350.0;0.0;completed
ORD-0000879;2026-02-12;CUST_00390;+79993335038;user_390_748@example.com;UrbanStyle;online_app;1;5950.62;1190.12;4760.5;1999.41;250.0;1135.1;completed
ORD-0000917;2026-02-12;CUST_00405;+79991499969;;SportActive;online_site;4;36065.61;0.0;36065.61;17311.49;350.0;910.08;returned
ORD-0001061;2026-02-12;CUST_00470;+79995694689;;UrbanStyle;online_site;4;22822.97;2282.3;20540.67;8627.08;350.0;0.0;completed
ORD-0001488;2026-02-12;CUST_00647;+79991187069;user_647_666@example.com;SportActive;online_app;2;14051.23;0.0;14051.23;6744.59;250.0;1272.75;completed
ORD-0001725;2026-02-12;CUST_00745;;user_745_521@example.com;SportActive;online_app;4;40281.4;0.0;40281.4;19335.07;250.0;1581.65;completed
ORD-0001885;2026-02-12;CUST_00819;+79999787997;user_819_238@example.com;UrbanStyle;online_site;1;7858.78;1178.82;6679.96;2805.58;350.0;0.0;completed
ORD-0002023;2026-02-12;CUST_00886;;user_886_172@example.com;SportActive;online_site;4;39067.7;7813.54;31254.16;15002.0;350.0;1173.12;completed
ORD-0002750;2026-02-12;CUST_01191;+79996099302;user_1191_843@example.com;UrbanStyle;online_site;4;21317.12;2131.71;19185.41;8057.87;350.0;1170.56;completed
ORD-0002946;2026-02-12;CUST_01272;+79995766421;;UrbanStyle;online_site;3;16703.86;1670.39;15033.47;6314.06;350.0;0.0;completed
ORD-0003115;2026-02-12;CUST_01346;+79992311382;;UrbanStyle;online_site;2;10847.09;542.35;10304.74;4327.99;350.0;1356.88;completed
ORD-0000167;2026-02-13;CUST_00073;+79991093026;;SportActive;online_site;3;30092.17;0.0;30092.17;14444.24;350.0;0.0;completed
ORD-0000407;2026-02-13;CUST_00175;+79991432519;user_175_234@example.com;UrbanStyle;online_app;1;7890.76;394.54;7496.22;3148.41;250.0;1472.83;completed
ORD-0000541;2026-02-13;CUST_00235;+79993308538;user_235_139@example.com;UrbanStyle;online_app;3;15375.69;0.0;15375.69;6457.79;250.0;0.0;completed
ORD-0000572;2026-02-13;CUST_00246;+79994058117;user_246_930@example.com;UrbanStyle;online_site;2;15103.45;2265.52;12837.93;5391.93;350.0;0.0;completed
ORD-0000733;2026-02-13;CUST_00314;+79999459284;;UrbanStyle;offline_pos;2;15451.38;3090.28;12361.1;5191.66;0.0;0.0;completed
ORD-0001068;2026-02-13;CUST_00474;+79994400953;;SportActive;online_app;4;39400.27;1970.01;37430.26;17966.52;250.0;0.0;completed
ORD-0001090;2026-02-13;CUST_00481;;user_481_481@example.com;SportActive;online_site;1;6932.63;693.26;6239.37;2994.9;350.0;0.0;completed
ORD-0001107;2026-02-13;CUST_00488;+79991327658;user_488_491@example.com;SportActive;online_site;3;19830.57;991.53;18839.04;9042.74;350.0;1551.47;completed
ORD-0001119;2026-02-13;CUST_00493;+79993914404;user_493_280@example.com;SportActive;offline_pos;3;20955.78;3143.37;17812.41;8549.96;0.0;1069.7;completed
ORD-0001507;2026-02-13;CUST_00655;+79997115185;;SportActive;offline_pos;2;15540.83;0.0;15540.83;7459.6;0.0;0.0;returned
ORD-0001822;2026-02-13;CUST_00790;+79999095563;user_790_277@example.com;UrbanStyle;online_app;3;21000.1;0.0;21000.1;8820.04;250.0;0.0;completed
ORD-0002622;2026-02-13;CUST_01129;+79993074573;user_1129_457@example.com;UrbanStyle;online_site;1;4944.83;0.0;4944.83;2076.83;350.0;0.0;completed
ORD-0002875;2026-02-13;CUST_01251;+79995201173;user_1251_353@example.com;UrbanStyle;offline_pos;4;31268.07;3126.81;28141.26;11819.33;0.0;1155.32;completed
ORD-0003242;2026-02-13;CUST_01398;+79994618930;;UrbanStyle;offline_pos;3;17188.11;3437.62;13750.49;5775.21;0.0;0.0;completed
ORD-0000114;2026-02-14;CUST_00052;;user_52_214@example.com;UrbanStyle;online_site;3;15612.85;3122.57;12490.28;5245.92;350.0;0.0;completed
ORD-0000373;2026-02-14;CUST_00159;;user_159_363@example.com;SportActive;online_app;3;28923.13;0.0;28923.13;13883.1;250.0;0.0;completed
ORD-0000577;2026-02-14;CUST_00247;+79999953284;;SportActive;online_site;2;14377.59;0.0;14377.59;6901.24;350.0;0.0;completed
ORD-0000801;2026-02-14;CUST_00344;+79995042775;user_344_969@example.com;UrbanStyle;online_site;4;21435.48;1071.77;20363.71;8552.76;350.0;0.0;completed
ORD-0001345;2026-02-14;CUST_00581;;user_581_113@example.com;SportActive;online_site;2;17980.85;1798.09;16182.76;7767.72;350.0;0.0;completed
ORD-0001753;2026-02-14;CUST_00763;+79994903632;;UrbanStyle;online_site;4;31980.45;3198.05;28782.4;12088.61;350.0;0.0;completed
ORD-0001802;2026-02-14;CUST_00780;+79998696054;user_780_819@example.com;SportActive;online_site;2;17756.51;2663.48;15093.03;7244.65;350.0;0.0;completed
ORD-0002085;2026-02-14;CUST_00906;+79999107893;;UrbanStyle;offline_pos;3;17608.99;2641.35;14967.64;6286.41;0.0;0.0;completed
ORD-0002263;2026-02-14;CUST_00980;+79997013049;;UrbanStyle;online_app;1;6552.6;0.0;6552.6;2752.09;250.0;0.0;completed
ORD-0002515;2026-02-14;CUST_01092;;user_1092_437@example.com;SportActive;online_site;3;30247.06;0.0;30247.06;14518.59;350.0;0.0;completed
ORD-0002900;2026-02-14;CUST_01258;+79991435739;user_1258_564@example.com;UrbanStyle;online_site;2;11534.01;1730.1;9803.91;4117.64;350.0;0.0;completed
ORD-0003158;2026-02-14;CUST_01366;;user_1366_280@example.com;UrbanStyle;online_app;3;16626.55;2493.98;14132.57;5935.68;250.0;0.0;cancelled
ORD-0003217;2026-02-14;CUST_01391;+79998500656;;SportActive;online_app;4;25800.13;3870.02;21930.11;10526.45;250.0;0.0;completed
ORD-0000504;2026-02-15;CUST_00220;+79992421349;user_220_417@example.com;UrbanStyle;online_app;3;16828.17;0.0;16828.17;7067.83;250.0;0.0;completed
ORD-0000613;2026-02-15;CUST_00266;;user_266_167@example.com;UrbanStyle;online_site;1;6064.5;909.67;5154.83;2165.03;350.0;0.0;completed
ORD-0001011;2026-02-15;CUST_00451;+79997695802;;SportActive;offline_pos;2;14980.92;1498.09;13482.83;6471.76;0.0;0.0;completed
ORD-0001466;2026-02-15;CUST_00633;;user_633_556@example.com;UrbanStyle;online_app;4;24056.08;2405.61;21650.47;9093.2;250.0;0.0;completed
ORD-0001880;2026-02-15;CUST_00818;;user_818_694@example.com;UrbanStyle;online_site;3;19582.43;0.0;19582.43;8224.62;350.0;0.0;completed
ORD-0002525;2026-02-15;CUST_01095;+79995133011;user_1095_384@example.com;SportActive;online_site;1;6598.04;0.0;6598.04;3167.06;350.0;0.0;completed
ORD-0002690;2026-02-15;CUST_01164;+79994894044;user_1164_619@example.com;UrbanStyle;online_app;4;26537.73;5307.55;21230.18;8916.68;250.0;0.0;returned
ORD-0002819;2026-02-15;CUST_01226;+79998795567;;SportActive;online_app;2;12704.14;1270.41;11433.73;5488.19;250.0;0.0;returned
ORD-0002906;2026-02-15;CUST_01260;;user_1260_463@example.com;UrbanStyle;offline_pos;1;6987.28;1048.09;5939.19;2494.46;0.0;0.0;completed
ORD-0003001;2026-02-15;CUST_01297;+79998007639;user_1297_314@example.com;UrbanStyle;online_site;1;5436.49;1087.3;4349.19;1826.66;350.0;0.0;completed
ORD-0003268;2026-02-15;CUST_01407;+79993822312;user_1407_157@example.com;SportActive;online_site;1;7215.48;360.77;6854.71;3290.26;350.0;0.0;completed
ORD-0000420;2026-02-16;CUST_00179;+79991522621;user_179_162@example.com;SportActive;online_site;3;18751.37;937.57;17813.8;8550.62;350.0;0.0;completed
ORD-0003447;2026-02-16;CUST_01497;+79996203625;user_1497_266@example.com;SportActive;online_site;1;9254.06;925.41;8328.65;3997.75;350.0;0.0;returned
ORD-0001246;2026-02-17;CUST_00539;;user_539_899@example.com;SportActive;online_site;2;16462.91;3292.58;13170.33;6321.76;350.0;0.0;completed
ORD-0001648;2026-02-17;CUST_00715;+79993151610;;UrbanStyle;online_app;2;10404.89;2080.98;8323.91;3496.04;250.0;0.0;completed
ORD-0002111;2026-02-17;CUST_00917;+79991555166;user_917_451@example.com;SportActive;online_app;3;19902.36;1990.24;17912.12;8597.82;250.0;0.0;completed
ORD-0002654;2026-02-17;CUST_01141;+79997511061;user_1141_587@example.com;UrbanStyle;online_site;1;7455.02;0.0;7455.02;3131.11;350.0;0.0;completed
ORD-0002839;2026-02-17;CUST_01235;;user_1235_788@example.com;UrbanStyle;online_site;4;21485.2;3222.78;18262.42;7670.22;350.0;0.0;completed
ORD-0003031;2026-02-17;CUST_01309;+79998700011;user_1309_382@example.com;UrbanStyle;online_site;1;7132.65;0.0;7132.65;2995.71;350.0;0.0;completed
ORD-0003275;2026-02-17;CUST_01410;+79997297691;;SportActive;online_site;1;9291.33;1858.27;7433.06;3567.87;350.0;0.0;returned
ORD-0003415;2026-02-17;CUST_01479;+79994216305;;SportActive;online_site;1;7200.11;0.0;7200.11;3456.05;350.0;0.0;completed
ORD-0000057;2026-02-18;CUST_00032;+79997754864;;SportActive;offline_pos;3;24740.38;3711.06;21029.32;10094.07;0.0;0.0;completed
ORD-0000134;2026-02-18;CUST_00061;+79995382463;;UrbanStyle;offline_pos;2;11088.56;1663.28;9425.28;3958.62;0.0;0.0;completed
ORD-0000806;2026-02-18;CUST_00347;+79997327828;;SportActive;online_site;2;18613.05;3722.61;14890.44;7147.41;350.0;0.0;completed
ORD-0001093;2026-02-18;CUST_00483;+79996562484;;UrbanStyle;online_site;4;29730.68;5946.14;23784.54;9989.51;350.0;0.0;returned
ORD-0003050;2026-02-18;CUST_01314;+79991732568;;UrbanStyle;online_app;4;21784.06;0.0;21784.06;9149.31;250.0;0.0;completed
ORD-0000870;2026-02-19;CUST_00385;+79996379868;;SportActive;online_site;1;6579.36;0.0;6579.36;3158.09;350.0;0.0;completed
ORD-0001281;2026-02-19;CUST_00551;+79996641903;user_551_383@example.com;UrbanStyle;online_app;4;22863.73;3429.56;19434.17;8162.35;250.0;0.0;completed
ORD-0001430;2026-02-19;CUST_00614;+79996266549;;SportActive;offline_pos;2;19314.11;0.0;19314.11;9270.77;0.0;0.0;completed
ORD-0001653;2026-02-19;CUST_00716;+79996826541;;UrbanStyle;online_site;2;13089.9;2617.98;10471.92;4398.21;350.0;0.0;completed
ORD-0001952;2026-02-19;CUST_00852;+79992470854;user_852_595@example.com;SportActive;online_app;1;9998.34;0.0;9998.34;4799.2;250.0;0.0;completed
ORD-0002015;2026-02-19;CUST_00881;+79998813071;user_881_681@example.com;UrbanStyle;online_site;2;10293.63;514.68;9778.95;4107.16;350.0;0.0;completed
ORD-0000228;2026-02-20;CUST_00099;+79997358385;user_99_444@example.com;SportActive;online_site;3;24542.88;0.0;24542.88;11780.58;350.0;0.0;completed
ORD-0001047;2026-02-20;CUST_00466;+79995069884;user_466_575@example.com;UrbanStyle;online_app;2;10338.14;1550.72;8787.42;3690.72;250.0;0.0;completed
ORD-0001237;2026-02-20;CUST_00538;+79997273172;user_538_940@example.com;UrbanStyle;online_app;2;10737.48;1610.62;9126.86;3833.28;250.0;0.0;completed
ORD-0001256;2026-02-20;CUST_00544;+79992478283;;UrbanStyle;offline_pos;3;17011.49;1701.15;15310.34;6430.34;0.0;0.0;completed
ORD-0001784;2026-02-20;CUST_00776;+79997191944;user_776_913@example.com;SportActive;online_app;1;8509.02;850.9;7658.12;3675.9;250.0;0.0;completed
ORD-0002201;2026-02-21;CUST_00952;+79992783941;user_952_216@example.com;UrbanStyle;online_site;3;15415.37;0.0;15415.37;6474.46;350.0;0.0;completed
ORD-0002584;2026-02-21;CUST_01113;+79994766215;;UrbanStyle;offline_pos;2;12164.36;0.0;12164.36;5109.03;0.0;0.0;completed
ORD-0002377;2026-02-22;CUST_01025;+79993006281;user_1025_482@example.com;SportActive;offline_pos;1;7168.93;1433.79;5735.14;2752.87;0.0;0.0;completed
ORD-0002421;2026-02-22;CUST_01047;+79999627700;user_1047_333@example.com;SportActive;online_app;2;14513.35;725.67;13787.68;6618.09;250.0;0.0;completed
ORD-0000996;2026-02-23;CUST_00446;+79991202450;;SportActive;online_app;4;38037.55;5705.63;32331.92;15519.32;250.0;0.0;completed
ORD-0002330;2026-02-23;CUST_01007;;user_1007_918@example.com;UrbanStyle;online_app;3;16148.36;0.0;16148.36;6782.31;250.0;0.0;completed
ORD-0002562;2026-02-23;CUST_01104;;user_1104_880@example.com;UrbanStyle;online_site;3;19613.76;1961.38;17652.38;7414.0;350.0;0.0;completed
ORD-0003140;2026-02-23;CUST_01359;+79993481086;user_1359_367@example.com;SportActive;online_site;1;9825.19;1965.04;7860.15;3772.87;350.0;0.0;completed
ORD-0000497;2026-02-24;CUST_00218;;user_218_390@example.com;UrbanStyle;online_site;2;12971.11;1297.11;11674.0;4903.08;350.0;0.0;completed
ORD-0000947;2026-02-24;CUST_00423;+79995652716;user_423_987@example.com;SportActive;online_app;1;7236.2;0.0;7236.2;3473.38;250.0;0.0;completed
ORD-0002096;2026-02-24;CUST_00911;+79995852112;user_911_271@example.com;UrbanStyle;online_site;3;22350.53;0.0;22350.53;9387.22;350.0;0.0;completed
ORD-0003347;2026-02-24;CUST_01446;+79999860239;user_1446_800@example.com;SportActive;online_site;4;38083.0;7616.6;30466.4;14623.87;350.0;0.0;completed
ORD-0003451;2026-02-24;CUST_01499;+79999837877;;UrbanStyle;online_app;3;15598.03;3119.61;12478.42;5240.94;250.0;0.0;completed
ORD-0000220;2026-02-25;CUST_00094;+79991689025;user_94_455@example.com;SportActive;online_site;4;40441.7;4044.17;36397.53;17470.81;350.0;0.0;completed
ORD-0000360;2026-02-25;CUST_00156;+79992630140;;SportActive;online_app;3;26355.06;5271.01;21084.05;10120.34;250.0;0.0;completed
ORD-0002182;2026-02-25;CUST_00945;+79991598917;;UrbanStyle;online_app;4;28387.72;1419.39;26968.33;11326.7;250.0;0.0;completed
ORD-0002400;2026-02-25;CUST_01035;+79993332267;user_1035_936@example.com;UrbanStyle;online_site;4;29040.53;5808.11;23232.42;9757.62;350.0;0.0;completed
ORD-0002851;2026-02-25;CUST_01240;;user_1240_107@example.com;UrbanStyle;online_app;3;22749.27;1137.46;21611.81;9076.96;250.0;0.0;completed
ORD-0003392;2026-02-25;CUST_01472;+79998919821;;UrbanStyle;online_site;2;15955.74;1595.57;14360.17;6031.27;350.0;0.0;completed
ORD-0000310;2026-02-26;CUST_00140;+79998387112;;UrbanStyle;online_app;3;22137.52;0.0;22137.52;9297.76;250.0;0.0;completed
ORD-0002779;2026-02-26;CUST_01208;+79996456223;user_1208_191@example.com;SportActive;online_site;2;18302.76;3660.55;14642.21;7028.26;350.0;0.0;completed
ORD-0002864;2026-02-26;CUST_01245;+79998165791;;SportActive;offline_pos;1;7040.97;704.1;6336.87;3041.7;0.0;0.0;completed
ORD-0000208;2026-02-27;CUST_00089;+79996057767;;UrbanStyle;online_app;1;5650.14;282.51;5367.63;2254.4;250.0;0.0;cancelled
ORD-0000216;2026-02-27;CUST_00093;+79992709620;user_93_813@example.com;SportActive;online_site;3;28445.07;0.0;28445.07;13653.63;350.0;0.0;completed
ORD-0000251;2026-02-27;CUST_00110;+79994093109;user_110_152@example.com;UrbanStyle;online_app;4;30061.09;3006.11;27054.98;11363.09;250.0;0.0;completed
ORD-0000416;2026-02-27;CUST_00178;;user_178_729@example.com;UrbanStyle;online_site;3;23083.01;4616.6;18466.41;7755.89;350.0;0.0;completed
ORD-0000821;2026-02-27;CUST_00352;;user_352_879@example.com;SportActive;online_site;2;12790.02;2558.0;10232.02;4911.37;350.0;0.0;completed
ORD-0001121;2026-02-27;CUST_00494;+79991473227;user_494_820@example.com;SportActive;offline_pos;1;6464.3;969.64;5494.66;2637.44;0.0;0.0;completed
ORD-0001625;2026-02-27;CUST_00708;+79996923972;user_708_628@example.com;UrbanStyle;offline_pos;1;7325.42;1465.08;5860.34;2461.34;0.0;0.0;completed
ORD-0002746;2026-02-27;CUST_01187;+79998417942;;UrbanStyle;offline_pos;1;7293.56;0.0;7293.56;3063.3;0.0;0.0;completed
ORD-0000874;2026-02-28;CUST_00386;+79996354241;user_386_398@example.com;SportActive;online_app;1;7902.63;0.0;7902.63;3793.26;250.0;0.0;completed
ORD-0001294;2026-02-28;CUST_00557;+79992637507;;UrbanStyle;offline_pos;1;5928.18;296.41;5631.77;2365.34;0.0;0.0;completed
ORD-0002314;2026-02-28;CUST_01001;+79999981123;;UrbanStyle;offline_pos;3;17509.4;2626.41;14882.99;6250.86;0.0;0.0;completed
ORD-0002553;2026-02-28;CUST_01102;+79996582152;;UrbanStyle;offline_pos;1;5753.82;287.69;5466.13;2295.77;0.0;0.0;completed
ORD-0000051;2026-03-01;CUST_00029;+79994594297;;UrbanStyle;offline_pos;1;9003.56;1350.53;7653.03;3214.27;0.0;0.0;completed
ORD-0000624;2026-03-01;CUST_00269;+79993164813;;UrbanStyle;offline_pos;1;8538.37;853.84;7684.53;3227.5;0.0;0.0;completed
ORD-0000794;2026-03-01;CUST_00342;+79998167236;user_342_669@example.com;UrbanStyle;online_site;4;32269.67;6453.93;25815.74;10842.61;350.0;0.0;completed
ORD-0001330;2026-03-01;CUST_00574;;user_574_738@example.com;UrbanStyle;online_site;2;15009.04;750.45;14258.59;5988.61;350.0;0.0;cancelled
ORD-0001580;2026-03-01;CUST_00689;+79992788169;user_689_258@example.com;UrbanStyle;online_site;4;41681.72;0.0;41681.72;17506.32;350.0;0.0;completed
ORD-0002011;2026-03-01;CUST_00879;;user_879_283@example.com;SportActive;online_site;1;10256.55;1025.65;9230.9;4430.83;350.0;0.0;completed
ORD-0002162;2026-03-01;CUST_00938;+79996533643;;SportActive;online_site;1;10648.17;532.41;10115.76;4855.56;350.0;0.0;completed
ORD-0002412;2026-03-01;CUST_01043;+79999399251;;SportActive;online_site;3;35318.71;1765.94;33552.77;16105.33;350.0;0.0;completed
ORD-0003026;2026-03-01;CUST_01308;+79998965487;user_1308_262@example.com;SportActive;online_app;1;12296.2;0.0;12296.2;5902.18;250.0;0.0;completed
ORD-0003136;2026-03-01;CUST_01356;+79995282525;;SportActive;offline_pos;1;8676.58;867.66;7808.92;3748.28;0.0;0.0;completed
ORD-0001296;2026-03-02;CUST_00558;+79994071377;user_558_796@example.com;SportActive;online_app;1;9949.5;994.95;8954.55;4298.18;250.0;0.0;completed
ORD-0000241;2026-03-03;CUST_00106;+79999123504;;UrbanStyle;online_app;1;7241.41;0.0;7241.41;3041.39;250.0;0.0;completed
ORD-0000395;2026-03-03;CUST_00170;+79992015861;user_170_507@example.com;UrbanStyle;offline_pos;2;13785.05;2757.01;11028.04;4631.78;0.0;0.0;completed
ORD-0000431;2026-03-03;CUST_00185;;user_185_781@example.com;UrbanStyle;online_site;1;10039.81;0.0;10039.81;4216.72;350.0;0.0;completed
ORD-0000560;2026-03-03;CUST_00242;+79999516493;user_242_667@example.com;UrbanStyle;offline_pos;2;13324.49;2664.9;10659.59;4477.03;0.0;0.0;returned
ORD-0000688;2026-03-03;CUST_00300;+79995435261;;SportActive;offline_pos;3;25963.59;5192.72;20770.87;9970.02;0.0;0.0;completed
ORD-0001514;2026-03-03;CUST_00658;+79993948933;user_658_761@example.com;SportActive;online_app;4;36776.71;7355.34;29421.37;14122.26;250.0;0.0;completed
ORD-0001568;2026-03-03;CUST_00684;+79998057906;user_684_479@example.com;UrbanStyle;online_app;2;20240.21;3036.03;17204.18;7225.76;250.0;0.0;completed
ORD-0001715;2026-03-03;CUST_00740;;user_740_746@example.com;SportActive;online_site;3;28396.3;1419.82;26976.48;12948.71;350.0;0.0;completed
ORD-0001853;2026-03-03;CUST_00802;;user_802_551@example.com;UrbanStyle;online_site;2;18251.51;1825.15;16426.36;6899.07;350.0;0.0;completed
ORD-0001935;2026-03-03;CUST_00845;+79991820721;user_845_289@example.com;UrbanStyle;offline_pos;3;20007.71;4001.54;16006.17;6722.59;0.0;0.0;cancelled
ORD-0002147;2026-03-03;CUST_00933;;user_933_161@example.com;SportActive;online_app;1;9049.44;452.47;8596.97;4126.55;250.0;0.0;completed
ORD-0002206;2026-03-03;CUST_00954;+79993304005;user_954_429@example.com;SportActive;online_app;2;19985.87;1998.59;17987.28;8633.89;250.0;0.0;completed
ORD-0003210;2026-03-03;CUST_01389;;user_1389_834@example.com;SportActive;online_app;2;24002.21;4800.44;19201.77;9216.85;250.0;0.0;completed
ORD-0000078;2026-03-04;CUST_00039;+79996261415;;UrbanStyle;online_site;1;9114.9;1822.98;7291.92;3062.61;350.0;0.0;completed
ORD-0000943;2026-03-04;CUST_00420;+79998183451;user_420_269@example.com;SportActive;online_site;3;35062.46;0.0;35062.46;16829.98;350.0;0.0;completed
ORD-0001216;2026-03-04;CUST_00527;;user_527_427@example.com;SportActive;online_app;1;10736.53;536.83;10199.7;4895.86;250.0;0.0;completed
ORD-0003013;2026-03-04;CUST_01304;+79994338644;;UrbanStyle;online_app;4;27784.44;2778.44;25006.0;10502.52;250.0;0.0;completed
ORD-0003019;2026-03-04;CUST_01307;+79997526217;user_1307_986@example.com;UrbanStyle;offline_pos;1;8822.34;441.12;8381.22;3520.11;0.0;0.0;returned
ORD-0000643;2026-03-05;CUST_00276;+79997813102;user_276_404@example.com;UrbanStyle;online_app;3;30545.77;3054.58;27491.19;11546.3;250.0;0.0;completed
ORD-0001418;2026-03-05;CUST_00611;;user_611_206@example.com;SportActive;online_app;4;41347.53;0.0;41347.53;19846.81;250.0;0.0;completed
ORD-0001994;2026-03-05;CUST_00872;+79992460891;;SportActive;offline_pos;4;50246.85;2512.34;47734.51;22912.56;0.0;0.0;completed
ORD-0002669;2026-03-05;CUST_01150;+79995447210;user_1150_449@example.com;SportActive;online_site;2;24606.6;1230.33;23376.27;11220.61;350.0;0.0;completed
ORD-0002728;2026-03-05;CUST_01183;+79991622329;;SportActive;online_app;2;18283.1;0.0;18283.1;8775.89;250.0;0.0;completed
ORD-0000179;2026-03-06;CUST_00075;;user_75_672@example.com;SportActive;online_app;4;45768.91;2288.45;43480.46;20870.62;250.0;0.0;completed
ORD-0001235;2026-03-06;CUST_00537;+79994153037;user_537_552@example.com;UrbanStyle;online_app;4;29888.18;0.0;29888.18;12553.04;250.0;0.0;completed
ORD-0001676;2026-03-06;CUST_00724;+79999164132;user_724_407@example.com;SportActive;online_app;1;8840.74;1768.15;7072.59;3394.84;250.0;0.0;completed
ORD-0001977;2026-03-06;CUST_00865;+79997535837;user_865_291@example.com;UrbanStyle;online_site;3;22429.78;0.0;22429.78;9420.51;350.0;0.0;completed
ORD-0002087;2026-03-06;CUST_00907;;user_907_639@example.com;SportActive;online_app;1;11965.38;1794.81;10170.57;4881.87;250.0;0.0;completed
ORD-0001970;2026-03-07;CUST_00863;;user_863_439@example.com;SportActive;online_app;2;19875.3;0.0;19875.3;9540.14;250.0;0.0;completed
ORD-0002395;2026-03-07;CUST_01034;+79992281784;user_1034_219@example.com;SportActive;online_site;2;17287.1;3457.42;13829.68;6638.25;350.0;0.0;completed
ORD-0002472;2026-03-07;CUST_01071;+79998087921;;UrbanStyle;offline_pos;2;18625.03;2793.75;15831.28;6649.14;0.0;0.0;completed
ORD-0000437;2026-03-08;CUST_00187;+79992006313;;UrbanStyle;offline_pos;3;30248.61;3024.86;27223.75;11433.98;0.0;0.0;completed
ORD-0000459;2026-03-08;CUST_00198;+79991761976;user_198_325@example.com;UrbanStyle;online_app;3;20515.29;3077.29;17438.0;7323.96;250.0;0.0;completed
ORD-0000482;2026-03-08;CUST_00212;;user_212_393@example.com;UrbanStyle;online_app;2;16969.78;2545.47;14424.31;6058.21;250.0;0.0;completed
ORD-0000719;2026-03-08;CUST_00308;+79993649811;;UrbanStyle;online_app;3;23836.26;3575.44;20260.82;8509.54;250.0;0.0;completed
ORD-0000896;2026-03-08;CUST_00396;+79997562142;;UrbanStyle;offline_pos;3;22288.59;3343.29;18945.3;7957.03;0.0;0.0;completed
ORD-0002357;2026-03-09;CUST_01017;+79996087374;;UrbanStyle;online_site;1;9746.27;1461.94;8284.33;3479.42;350.0;0.0;completed
ORD-0002675;2026-03-09;CUST_01153;+79999165848;user_1153_410@example.com;SportActive;online_site;4;43784.74;6567.71;37217.03;17864.17;350.0;0.0;completed
ORD-0002971;2026-03-09;CUST_01283;+79998948342;;UrbanStyle;offline_pos;1;9971.79;1495.77;8476.02;3559.93;0.0;0.0;completed
ORD-0003207;2026-03-09;CUST_01388;;user_1388_992@example.com;UrbanStyle;online_app;2;14513.52;725.68;13787.84;5790.89;250.0;0.0;completed
ORD-0000428;2026-03-10;CUST_00183;;user_183_998@example.com;UrbanStyle;online_site;4;37998.13;5699.72;32298.41;13565.33;350.0;0.0;completed
ORD-0000545;2026-03-10;CUST_00236;+79998870361;user_236_559@example.com;SportActive;online_site;3;30848.27;4627.24;26221.03;12586.09;350.0;0.0;returned
ORD-0000685;2026-03-10;CUST_00298;+79996248651;;UrbanStyle;online_app;4;36922.9;7384.58;29538.32;12406.09;250.0;0.0;completed
ORD-0001539;2026-03-10;CUST_00667;;user_667_147@example.com;UrbanStyle;online_site;1;7128.41;1425.68;5702.73;2395.15;350.0;0.0;completed
ORD-0001632;2026-03-10;CUST_00709;+79996737688;;UrbanStyle;offline_pos;4;35823.27;7164.65;28658.62;12036.62;0.0;0.0;completed
ORD-0001947;2026-03-10;CUST_00850;+79995912917;user_850_582@example.com;UrbanStyle;online_site;1;9588.05;0.0;9588.05;4026.98;350.0;0.0;completed
ORD-0002186;2026-03-10;CUST_00946;+79996162867;user_946_611@example.com;UrbanStyle;online_site;2;17888.36;1788.84;16099.52;6761.8;350.0;0.0;completed
ORD-0002731;2026-03-10;CUST_01184;;user_1184_830@example.com;UrbanStyle;online_app;1;7452.3;745.23;6707.07;2816.97;250.0;0.0;completed
ORD-0002994;2026-03-10;CUST_01294;+79991199493;user_1294_583@example.com;UrbanStyle;online_site;3;24027.22;1201.36;22825.86;9586.86;350.0;0.0;completed
ORD-0000161;2026-03-11;CUST_00072;;user_72_744@example.com;UrbanStyle;online_site;3;20542.48;1027.12;19515.36;8196.45;350.0;0.0;completed
ORD-0000730;2026-03-11;CUST_00313;+79996621073;user_313_391@example.com;UrbanStyle;online_app;1;8357.3;1253.59;7103.71;2983.56;250.0;0.0;completed
ORD-0000975;2026-03-11;CUST_00436;+79991155809;user_436_108@example.com;SportActive;online_app;1;9643.15;964.32;8678.83;4165.84;250.0;0.0;completed
ORD-0001004;2026-03-11;CUST_00450;+79992382909;;UrbanStyle;offline_pos;4;41829.26;2091.46;39737.8;16689.88;0.0;0.0;completed
ORD-0001585;2026-03-11;CUST_00691;+79999094465;;UrbanStyle;offline_pos;3;31404.83;3140.48;28264.35;11871.03;0.0;0.0;completed
ORD-0001825;2026-03-11;CUST_00791;+79996039762;user_791_138@example.com;SportActive;online_app;4;38169.6;0.0;38169.6;18321.41;250.0;0.0;completed
ORD-0002544;2026-03-11;CUST_01099;+79997593035;user_1099_361@example.com;UrbanStyle;online_site;2;18926.35;1892.63;17033.72;7154.16;350.0;0.0;completed
ORD-0002547;2026-03-11;CUST_01100;+79993688166;;SportActive;online_app;3;26189.16;1309.46;24879.7;11942.26;250.0;0.0;completed
ORD-0002929;2026-03-11;CUST_01266;+79998841710;user_1266_714@example.com;SportActive;offline_pos;2;22865.24;0.0;22865.24;10975.32;0.0;0.0;completed
ORD-0003058;2026-03-11;CUST_01315;+79992119776;user_1315_814@example.com;SportActive;offline_pos;4;35304.08;3530.41;31773.67;15251.36;0.0;0.0;completed
ORD-0003175;2026-03-11;CUST_01376;+79993329735;user_1376_126@example.com;SportActive;online_site;4;46243.91;4624.39;41619.52;19977.37;350.0;0.0;completed
ORD-0003286;2026-03-11;CUST_01416;;user_1416_600@example.com;UrbanStyle;online_site;2;17879.89;893.99;16985.9;7134.08;350.0;0.0;completed
ORD-0000041;2026-03-12;CUST_00022;+79996159230;user_22_345@example.com;UrbanStyle;offline_pos;3;22572.12;1128.61;21443.51;9006.27;0.0;0.0;returned
ORD-0000187;2026-03-12;CUST_00078;+79995013879;user_78_381@example.com;UrbanStyle;online_site;3;20712.25;2071.22;18641.03;7829.23;350.0;0.0;completed
ORD-0000889;2026-03-12;CUST_00393;+79992425760;user_393_211@example.com;SportActive;online_site;1;10232.01;1023.2;9208.81;4420.23;350.0;0.0;completed
ORD-0001812;2026-03-12;CUST_00787;+79995629792;user_787_666@example.com;UrbanStyle;online_app;1;7465.08;1493.02;5972.06;2508.27;250.0;0.0;completed
ORD-0002176;2026-03-12;CUST_00943;+79994407796;user_943_280@example.com;UrbanStyle;online_app;2;14197.15;2839.43;11357.72;4770.24;250.0;0.0;completed
ORD-0000539;2026-03-13;CUST_00234;+79994767135;;UrbanStyle;online_app;2;13983.21;699.16;13284.05;5579.3;250.0;0.0;returned
ORD-0002372;2026-03-13;CUST_01022;+79998927925;user_1022_227@example.com;SportActive;online_site;4;48952.55;0.0;48952.55;23497.22;350.0;0.0;cancelled
ORD-0000211;2026-03-14;CUST_00091;+79992921542;user_91_896@example.com;SportActive;online_site;2;17421.71;3484.34;13937.37;6689.94;350.0;0.0;completed
ORD-0000278;2026-03-14;CUST_00123;+79995521644;;UrbanStyle;online_site;1;7893.24;789.32;7103.92;2983.65;350.0;0.0;completed
ORD-0001780;2026-03-14;CUST_00773;+79999219319;user_773_638@example.com;SportActive;online_app;2;24093.62;4818.72;19274.9;9251.95;250.0;0.0;completed
ORD-0002168;2026-03-14;CUST_00940;+79998712035;;UrbanStyle;online_site;2;17565.02;1756.5;15808.52;6639.58;350.0;0.0;completed
ORD-0002220;2026-03-14;CUST_00961;+79996053293;user_961_456@example.com;UrbanStyle;online_site;4;34328.6;0.0;34328.6;14418.01;350.0;0.0;completed
ORD-0002629;2026-03-14;CUST_01132;+79996513962;;UrbanStyle;online_site;3;22533.6;0.0;22533.6;9464.11;350.0;0.0;completed
ORD-0003234;2026-03-14;CUST_01395;+79998727632;user_1395_423@example.com;UrbanStyle;online_app;2;20048.04;0.0;20048.04;8420.18;250.0;0.0;completed
ORD-0003243;2026-03-14;CUST_01398;+79994618930;user_1398_606@example.com;UrbanStyle;online_site;3;24292.72;3643.91;20648.81;8672.5;350.0;0.0;completed
ORD-0000802;2026-03-15;CUST_00344;+79995042775;user_344_969@example.com;UrbanStyle;online_app;4;32214.21;6442.84;25771.37;10823.98;250.0;0.0;completed
ORD-0000916;2026-03-15;CUST_00404;+79994603680;;UrbanStyle;offline_pos;2;14427.8;0.0;14427.8;6059.68;0.0;0.0;cancelled
ORD-0002699;2026-03-15;CUST_01166;+79997044085;user_1166_915@example.com;UrbanStyle;online_site;2;20208.59;1010.43;19198.16;8063.23;350.0;0.0;completed
ORD-0002768;2026-03-15;CUST_01200;;user_1200_617@example.com;UrbanStyle;online_site;2;15822.12;1582.21;14239.91;5980.76;350.0;0.0;completed
ORD-0003269;2026-03-15;CUST_01407;+79993822312;user_1407_157@example.com;UrbanStyle;offline_pos;4;28662.49;0.0;28662.49;12038.25;0.0;0.0;completed
ORD-0003370;2026-03-15;CUST_01458;+79991530269;user_1458_264@example.com;SportActive;offline_pos;4;42618.21;0.0;42618.21;20456.74;0.0;0.0;returned
ORD-0000524;2026-03-16;CUST_00228;+79998868776;user_228_955@example.com;UrbanStyle;online_site;1;10365.67;518.28;9847.39;4135.9;350.0;0.0;cancelled
ORD-0001165;2026-03-16;CUST_00511;+79992756994;user_511_175@example.com;UrbanStyle;online_site;1;7932.54;396.63;7535.91;3165.08;350.0;0.0;completed
ORD-0001361;2026-03-16;CUST_00585;+79992944497;;SportActive;offline_pos;4;50641.32;7596.2;43045.12;20661.66;0.0;0.0;completed
ORD-0002196;2026-03-16;CUST_00950;;user_950_733@example.com;UrbanStyle;online_app;2;14046.67;702.33;13344.34;5604.62;250.0;0.0;completed
ORD-0002649;2026-03-16;CUST_01140;+79993202624;user_1140_467@example.com;SportActive;online_app;3;38869.17;3886.92;34982.25;16791.48;250.0;0.0;completed
ORD-0002766;2026-03-16;CUST_01199;+79998103845;;SportActive;offline_pos;2;20895.53;2089.55;18805.98;9026.87;0.0;0.0;completed
ORD-0003418;2026-03-16;CUST_01480;+79996827390;user_1480_474@example.com;UrbanStyle;online_site;1;10259.47;2051.89;8207.58;3447.18;350.0;0.0;completed
ORD-0000105;2026-03-17;CUST_00049;;user_49_834@example.com;UrbanStyle;online_app;4;36379.42;3637.94;32741.48;13751.42;250.0;0.0;completed
ORD-0000502;2026-03-17;CUST_00219;+79993372774;user_219_458@example.com;UrbanStyle;online_app;4;29324.59;0.0;29324.59;12316.33;250.0;0.0;returned
ORD-0001037;2026-03-17;CUST_00463;+79997254683;;UrbanStyle;offline_pos;4;40048.02;2002.4;38045.62;15979.16;0.0;0.0;returned
ORD-0001075;2026-03-17;CUST_00476;+79996172545;;UrbanStyle;online_site;4;38698.25;7739.65;30958.6;13002.61;350.0;0.0;completed
ORD-0001148;2026-03-17;CUST_00504;+79991543292;user_504_286@example.com;UrbanStyle;online_site;2;16475.28;0.0;16475.28;6919.62;350.0;0.0;returned
ORD-0001508;2026-03-17;CUST_00655;+79997115185;;SportActive;online_site;4;35514.37;0.0;35514.37;17046.9;350.0;0.0;completed
ORD-0000704;2026-03-18;CUST_00303;+79997370211;user_303_504@example.com;SportActive;online_app;1;10222.94;511.15;9711.79;4661.66;250.0;0.0;completed
ORD-0001524;2026-03-18;CUST_00660;+79997797028;user_660_887@example.com;UrbanStyle;online_site;3;31147.2;0.0;31147.2;13081.82;350.0;0.0;completed
ORD-0001790;2026-03-18;CUST_00777;+79996098672;user_777_179@example.com;SportActive;online_site;2;25860.21;5172.04;20688.17;9930.32;350.0;0.0;completed
ORD-0002989;2026-03-18;CUST_01293;+79996024342;user_1293_388@example.com;SportActive;online_app;1;11607.97;0.0;11607.97;5571.83;250.0;0.0;completed
ORD-0003101;2026-03-18;CUST_01337;+79991355901;;SportActive;online_site;3;36636.93;5495.54;31141.39;14947.87;350.0;0.0;completed
ORD-0003262;2026-03-18;CUST_01406;+79992710400;user_1406_794@example.com;SportActive;online_site;4;42772.88;6415.93;36356.95;17451.34;350.0;0.0;completed
ORD-0000225;2026-03-19;CUST_00097;+79999111742;user_97_576@example.com;UrbanStyle;online_app;2;13629.49;681.47;12948.02;5438.17;250.0;0.0;completed
ORD-0000518;2026-03-19;CUST_00225;;user_225_266@example.com;UrbanStyle;online_site;2;17865.19;3573.04;14292.15;6002.7;350.0;0.0;completed
ORD-0002299;2026-03-19;CUST_00992;+79997176462;user_992_919@example.com;UrbanStyle;online_site;4;34848.63;1742.43;33106.2;13904.6;350.0;0.0;completed
ORD-0002351;2026-03-19;CUST_01014;+79996786800;;UrbanStyle;offline_pos;2;13956.08;0.0;13956.08;5861.55;0.0;0.0;completed
ORD-0002889;2026-03-19;CUST_01254;;user_1254_901@example.com;UrbanStyle;online_app;4;34218.92;3421.89;30797.03;12934.75;250.0;0.0;completed
ORD-0002947;2026-03-19;CUST_01272;+79995766421;;SportActive;online_site;3;29105.3;5821.06;23284.24;11176.44;350.0;0.0;completed
ORD-0003145;2026-03-19;CUST_01361;+79992348021;user_1361_630@example.com;SportActive;offline_pos;4;39517.68;5927.65;33590.03;16123.21;0.0;0.0;completed
ORD-0000614;2026-03-20;CUST_00266;;user_266_167@example.com;SportActive;online_site;4;46295.75;6944.36;39351.39;18888.67;350.0;0.0;completed
ORD-0000901;2026-03-20;CUST_00397;+79999099554;user_397_207@example.com;SportActive;online_site;4;46784.53;9356.91;37427.62;17965.26;350.0;0.0;completed
ORD-0002285;2026-03-20;CUST_00985;;user_985_906@example.com;SportActive;online_app;2;26325.95;2632.6;23693.35;11372.81;250.0;0.0;completed
ORD-0003010;2026-03-20;CUST_01302;+79996517042;user_1302_683@example.com;UrbanStyle;online_site;4;35545.34;1777.27;33768.07;14182.59;350.0;0.0;completed
ORD-0001138;2026-03-21;CUST_00502;+79996986539;user_502_328@example.com;SportActive;online_app;1;13310.86;1331.09;11979.77;5750.29;250.0;0.0;completed
ORD-0003044;2026-03-21;CUST_01313;+79998249042;;UrbanStyle;online_site;4;31578.0;3157.8;28420.2;11936.48;350.0;0.0;cancelled
ORD-0003127;2026-03-21;CUST_01352;+79999067229;user_1352_173@example.com;UrbanStyle;offline_pos;3;27716.92;4157.54;23559.38;9894.94;0.0;0.0;completed
ORD-0000142;2026-03-22;CUST_00063;+79994188992;;UrbanStyle;offline_pos;1;6631.12;994.67;5636.45;2367.31;0.0;0.0;completed
ORD-0000338;2026-03-22;CUST_00147;+79994020853;user_147_274@example.com;UrbanStyle;online_app;3;30386.41;6077.28;24309.13;10209.83;250.0;0.0;completed
ORD-0000878;2026-03-22;CUST_00389;+79998356053;user_389_916@example.com;UrbanStyle;online_app;2;18678.41;3735.68;14942.73;6275.95;250.0;0.0;completed
ORD-0003141;2026-03-22;CUST_01359;+79993481086;user_1359_367@example.com;SportActive;online_site;3;31200.71;3120.07;28080.64;13478.71;350.0;0.0;completed
ORD-0000003;2026-03-23;CUST_00001;;user_1_350@example.com;UrbanStyle;online_site;2;13453.99;1345.4;12108.59;5085.61;350.0;0.0;completed
ORD-0000331;2026-03-23;CUST_00145;+79998443690;;SportActive;offline_pos;4;41560.28;6234.04;35326.24;16956.6;0.0;0.0;completed
ORD-0001756;2026-03-23;CUST_00764;+79998360481;user_764_850@example.com;UrbanStyle;online_app;1;10231.23;1023.12;9208.11;3867.41;250.0;0.0;completed
ORD-0002140;2026-03-23;CUST_00930;;user_930_763@example.com;UrbanStyle;online_site;4;34556.72;0.0;34556.72;14513.82;350.0;0.0;cancelled
ORD-0003348;2026-03-23;CUST_01446;+79999860239;user_1446_800@example.com;SportActive;online_app;1;8390.5;1678.1;6712.4;3221.95;250.0;0.0;completed
ORD-0000367;2026-03-24;CUST_00158;+79994368777;user_158_235@example.com;SportActive;online_site;4;38878.18;7775.64;31102.54;14929.22;350.0;0.0;completed
ORD-0001094;2026-03-24;CUST_00483;+79996562484;;UrbanStyle;online_site;3;27953.08;1397.65;26555.43;11153.28;350.0;0.0;completed
ORD-0001849;2026-03-24;CUST_00801;+79991406123;user_801_888@example.com;UrbanStyle;online_app;4;37306.16;3730.62;33575.54;14101.73;250.0;0.0;completed
ORD-0000071;2026-03-25;CUST_00037;+79998633773;user_37_392@example.com;UrbanStyle;online_app;1;8967.14;1345.07;7622.07;3201.27;250.0;0.0;completed
ORD-0000090;2026-03-25;CUST_00044;+79992217071;user_44_109@example.com;UrbanStyle;online_site;2;19337.67;966.88;18370.79;7715.73;350.0;0.0;returned
ORD-0000266;2026-03-25;CUST_00118;+79992925626;;UrbanStyle;offline_pos;4;40142.61;0.0;40142.61;16859.9;0.0;0.0;completed
ORD-0000997;2026-03-25;CUST_00446;+79991202450;;SportActive;online_app;1;11122.93;1668.44;9454.49;4538.16;250.0;0.0;completed
ORD-0001803;2026-03-25;CUST_00780;+79998696054;user_780_819@example.com;SportActive;online_site;4;42790.14;6418.52;36371.62;17458.38;350.0;0.0;completed
ORD-0002272;2026-03-25;CUST_00981;;user_981_265@example.com;SportActive;online_site;3;26926.97;5385.39;21541.58;10339.96;350.0;0.0;completed
ORD-0002526;2026-03-25;CUST_01095;;user_1095_384@example.com;SportActive;online_app;3;27420.22;1371.01;26049.21;12503.62;250.0;0.0;completed
ORD-0003257;2026-03-25;CUST_01404;+79996101515;user_1404_568@example.com;SportActive;online_site;1;10119.64;505.98;9613.66;4614.56;350.0;0.0;completed
ORD-0000074;2026-03-26;CUST_00038;+79993597059;user_38_294@example.com;UrbanStyle;online_site;3;21267.67;2126.77;19140.9;8039.18;350.0;0.0;completed
ORD-0000196;2026-03-26;CUST_00082;;user_82_871@example.com;UrbanStyle;online_app;4;30592.24;1529.61;29062.63;12206.3;250.0;0.0;completed
ORD-0001307;2026-03-26;CUST_00561;+79994263903;;UrbanStyle;online_app;4;35608.98;1780.45;33828.53;14207.98;250.0;0.0;completed
ORD-0001411;2026-03-26;CUST_00609;+79999368955;;UrbanStyle;online_site;1;7515.32;1127.3;6388.02;2682.97;350.0;0.0;completed
ORD-0002264;2026-03-26;CUST_00980;+79997013049;;UrbanStyle;online_app;4;33895.86;0.0;33895.86;14236.26;250.0;0.0;completed
ORD-0002401;2026-03-26;CUST_01035;+79993332267;user_1035_936@example.com;UrbanStyle;offline_pos;1;8818.22;1763.64;7054.58;2962.92;0.0;0.0;completed
ORD-0001871;2026-03-27;CUST_00814;+79995323142;;SportActive;online_app;4;44875.38;8975.08;35900.3;17232.14;250.0;0.0;completed
ORD-0002027;2026-03-27;CUST_00887;+79995088457;;UrbanStyle;online_app;1;9096.15;1364.42;7731.73;3247.33;250.0;0.0;completed
ORD-0002042;2026-03-27;CUST_00894;+79998502096;user_894_300@example.com;UrbanStyle;offline_pos;4;35197.48;3519.75;31677.73;13304.65;0.0;0.0;completed
ORD-0001720;2026-03-28;CUST_00743;+79998871835;;UrbanStyle;offline_pos;4;39295.5;0.0;39295.5;16504.11;0.0;0.0;completed
ORD-0002901;2026-03-28;CUST_01258;+79991435739;user_1258_564@example.com;UrbanStyle;online_app;4;35790.1;1789.51;34000.59;14280.25;250.0;0.0;completed
ORD-0002158;2026-03-29;CUST_00937;+79993497360;user_937_768@example.com;SportActive;online_site;3;36336.49;1816.82;34519.67;16569.44;350.0;0.0;completed
ORD-0002251;2026-03-29;CUST_00974;+79993851044;user_974_691@example.com;SportActive;online_app;2;25529.31;1276.47;24252.84;11641.36;250.0;0.0;returned
ORD-0002456;2026-03-29;CUST_01064;+79999245659;user_1064_541@example.com;UrbanStyle;online_app;1;8538.02;1280.7;7257.32;3048.07;250.0;0.0;returned
ORD-0000242;2026-03-30;CUST_00106;+79999123504;;UrbanStyle;online_app;3;25110.5;1255.53;23854.97;10019.09;250.0;0.0;completed
ORD-0001207;2026-03-30;CUST_00525;+79992425937;;UrbanStyle;offline_pos;1;9441.9;944.19;8497.71;3569.04;0.0;0.0;completed
ORD-0002274;2026-03-30;CUST_00982;+79998780612;user_982_890@example.com;UrbanStyle;online_site;2;20055.74;3008.36;17047.38;7159.9;350.0;0.0;completed
ORD-0002496;2026-03-30;CUST_01080;;user_1080_742@example.com;SportActive;online_app;3;31386.23;4707.93;26678.3;12805.58;250.0;0.0;completed
ORD-0003027;2026-03-30;CUST_01308;+79998965487;user_1308_262@example.com;SportActive;online_app;1;9317.26;465.86;8851.4;4248.67;250.0;0.0;completed
ORD-0003169;2026-03-30;CUST_01374;+79996755884;user_1374_422@example.com;SportActive;online_site;3;28202.54;1410.13;26792.41;12860.36;350.0;0.0;completed
ORD-0003188;2026-03-30;CUST_01380;;user_1380_538@example.com;SportActive;online_app;2;26254.66;1312.73;24941.93;11972.13;250.0;0.0;completed
ORD-0003211;2026-03-30;CUST_01389;;user_1389_834@example.com;SportActive;online_app;4;48909.89;4890.99;44018.9;21129.07;250.0;0.0;completed
ORD-0003290;2026-03-30;CUST_01417;+79993081873;user_1417_871@example.com;SportActive;offline_pos;3;24709.87;2470.99;22238.88;10674.66;0.0;0.0;completed
ORD-0000058;2026-03-31;CUST_00032;+79997754864;;SportActive;online_app;3;37474.07;1873.7;35600.37;17088.18;250.0;0.0;completed
ORD-0000303;2026-03-31;CUST_00137;+79997328534;user_137_566@example.com;SportActive;online_site;3;28056.69;1402.83;26653.86;12793.85;350.0;0.0;completed
ORD-0000654;2026-03-31;CUST_00284;+79998895137;;UrbanStyle;offline_pos;4;31739.15;1586.96;30152.19;12663.92;0.0;0.0;completed
ORD-0000885;2026-03-31;CUST_00392;+79998017921;user_392_656@example.com;UrbanStyle;online_app;4;33009.28;4951.39;28057.89;11784.31;250.0;0.0;returned
ORD-0002080;2026-03-31;CUST_00905;+79999417612;;UrbanStyle;offline_pos;1;9076.17;1815.23;7260.94;3049.59;0.0;0.0;completed
ORD-0002345;2026-03-31;CUST_01013;+79997057663;user_1013_507@example.com;UrbanStyle;online_app;1;8296.72;414.84;7881.88;3310.39;250.0;0.0;completed
ORD-0000578;2026-04-01;CUST_00247;+79999464268;;SportActive;online_app;1;10218.25;510.91;9707.34;4659.52;250.0;0.0;returned
ORD-0000625;2026-04-01;CUST_00269;+79993164813;;UrbanStyle;online_app;3;29002.29;1450.11;27552.18;11571.92;250.0;0.0;completed
ORD-0000906;2026-04-01;CUST_00399;+79998988681;user_399_199@example.com;UrbanStyle;online_site;1;9984.97;0.0;9984.97;4193.69;350.0;0.0;completed
ORD-0001113;2026-04-01;CUST_00490;+79995713268;;UrbanStyle;online_site;3;28946.18;0.0;28946.18;12157.4;350.0;0.0;completed
ORD-0001297;2026-04-01;CUST_00558;+79994071377;;SportActive;offline_pos;2;23927.11;0.0;23927.11;11485.01;0.0;0.0;completed
ORD-0001701;2026-04-01;CUST_00736;;user_736_186@example.com;SportActive;online_app;1;13053.36;2610.67;10442.69;5012.49;250.0;0.0;completed
ORD-0000831;2026-04-02;CUST_00357;+79991985360;;UrbanStyle;online_site;4;37681.17;0.0;37681.17;15826.09;350.0;0.0;completed
ORD-0001203;2026-04-02;CUST_00524;;user_524_629@example.com;SportActive;online_app;4;37013.7;5552.05;31461.65;15101.59;250.0;0.0;completed
ORD-0002362;2026-04-02;CUST_01019;+79998753086;user_1019_827@example.com;UrbanStyle;online_app;2;14181.13;709.06;13472.07;5658.27;250.0;0.0;completed
ORD-0002967;2026-04-02;CUST_01281;+79999533123;;UrbanStyle;offline_pos;2;17818.4;0.0;17818.4;7483.73;0.0;0.0;completed
ORD-0001125;2026-04-03;CUST_00495;+79992247983;;SportActive;offline_pos;2;17989.29;3597.86;14391.43;6907.89;0.0;0.0;completed
ORD-0001487;2026-04-03;CUST_00646;+79995948917;;UrbanStyle;offline_pos;2;14497.48;2174.62;12322.86;5175.6;0.0;0.0;completed
ORD-0001891;2026-04-03;CUST_00821;;user_821_249@example.com;SportActive;online_site;2;20972.78;3145.92;17826.86;8556.89;350.0;0.0;completed
ORD-0002829;2026-04-03;CUST_01230;+79998247127;user_1230_315@example.com;SportActive;online_app;2;17657.4;3531.48;14125.92;6780.44;250.0;0.0;completed
ORD-0003032;2026-04-03;CUST_01309;+79998700011;user_1309_382@example.com;UrbanStyle;online_site;1;9788.75;489.44;9299.31;3905.71;350.0;0.0;completed
ORD-0003068;2026-04-03;CUST_01319;+79991180143;user_1319_356@example.com;UrbanStyle;online_app;4;34939.34;6987.87;27951.47;11739.62;250.0;0.0;completed
ORD-0003254;2026-04-03;CUST_01402;+79997565976;user_1402_500@example.com;UrbanStyle;online_app;3;23594.96;4718.99;18875.97;7927.91;250.0;0.0;completed
ORD-0001145;2026-04-04;CUST_00503;+79993136551;user_503_281@example.com;SportActive;online_site;3;34517.63;0.0;34517.63;16568.46;350.0;0.0;completed
ORD-0001455;2026-04-04;CUST_00629;+79996052539;user_629_602@example.com;SportActive;online_site;3;35811.37;7162.27;28649.1;13751.57;350.0;0.0;completed
ORD-0002440;2026-04-04;CUST_01056;+79997714837;user_1056_464@example.com;UrbanStyle;online_app;3;30692.89;0.0;30692.89;12891.01;250.0;0.0;completed
ORD-0002634;2026-04-04;CUST_01136;+79993169632;user_1136_316@example.com;SportActive;online_app;1;11776.35;0.0;11776.35;5652.65;250.0;0.0;completed
ORD-0003222;2026-04-04;CUST_01393;+79995710783;;SportActive;offline_pos;4;37182.17;5577.33;31604.84;15170.32;0.0;0.0;completed
ORD-0000954;2026-04-05;CUST_00426;;user_426_384@example.com;SportActive;online_app;1;11613.67;2322.73;9290.94;4459.65;250.0;0.0;completed
ORD-0001260;2026-04-05;CUST_00545;+79994776753;user_545_793@example.com;UrbanStyle;offline_pos;4;40362.95;6054.44;34308.51;14409.57;0.0;0.0;completed
ORD-0001349;2026-04-05;CUST_00583;;user_583_336@example.com;UrbanStyle;online_site;2;19740.03;3948.01;15792.02;6632.65;350.0;0.0;completed
ORD-0001581;2026-04-05;CUST_00689;+79992788169;;UrbanStyle;offline_pos;4;33822.44;5073.37;28749.07;12074.61;0.0;0.0;completed
ORD-0002049;2026-04-05;CUST_00895;;user_895_545@example.com;SportActive;online_site;2;23801.59;1190.08;22611.51;10853.52;350.0;0.0;completed
ORD-0000311;2026-04-06;CUST_00140;+79998387112;;UrbanStyle;online_app;2;17861.14;1786.11;16075.03;6751.51;250.0;0.0;completed
ORD-0000405;2026-04-06;CUST_00173;+79994909069;user_173_436@example.com;SportActive;online_app;1;10884.82;0.0;10884.82;5224.71;250.0;0.0;completed
ORD-0000408;2026-04-06;CUST_00175;+79991432519;user_175_234@example.com;UrbanStyle;online_site;2;17872.71;3574.54;14298.17;6005.23;350.0;0.0;completed
ORD-0001617;2026-04-06;CUST_00704;+79992529090;;UrbanStyle;online_site;1;8126.86;812.69;7314.17;3071.95;350.0;0.0;completed
ORD-0000052;2026-04-07;CUST_00029;+79994594297;user_29_652@example.com;UrbanStyle;online_app;3;29880.16;1494.01;28386.15;11922.18;250.0;0.0;completed
ORD-0001936;2026-04-07;CUST_00845;+79991820721;user_845_289@example.com;UrbanStyle;offline_pos;3;24809.5;2480.95;22328.55;9377.99;0.0;0.0;completed
ORD-0000505;2026-04-08;CUST_00220;+79992421349;;UrbanStyle;offline_pos;4;37699.5;5654.93;32044.57;13458.72;0.0;0.0;completed
ORD-0000573;2026-04-08;CUST_00246;+79994058117;user_246_930@example.com;UrbanStyle;online_site;1;7517.21;1503.44;6013.77;2525.78;350.0;0.0;completed
ORD-0000965;2026-04-08;CUST_00430;+79999142618;user_430_907@example.com;SportActive;online_app;2;26552.48;2655.25;23897.23;11470.67;250.0;0.0;completed
ORD-0001572;2026-04-08;CUST_00686;+79998138527;user_686_237@example.com;UrbanStyle;online_app;3;28458.59;4268.79;24189.8;10159.72;250.0;0.0;completed
ORD-0002567;2026-04-08;CUST_01106;+79994468230;;UrbanStyle;online_site;1;10151.91;2030.38;8121.53;3411.04;350.0;0.0;completed
ORD-0001101;2026-04-09;CUST_00486;+79995951043;;SportActive;online_app;2;20471.92;1023.6;19448.32;9335.19;250.0;0.0;completed
ORD-0001545;2026-04-09;CUST_00669;+79997128662;user_669_701@example.com;SportActive;online_site;2;25008.61;1250.43;23758.18;11403.93;350.0;0.0;completed
ORD-0002670;2026-04-09;CUST_01150;+79995447210;user_1150_449@example.com;SportActive;online_app;1;12265.23;2453.05;9812.18;4709.85;250.0;0.0;completed
ORD-0000602;2026-04-10;CUST_00260;;user_260_820@example.com;UrbanStyle;online_site;4;41077.33;6161.6;34915.73;14664.61;350.0;0.0;completed
ORD-0001282;2026-04-10;CUST_00551;+79996641903;;SportActive;offline_pos;4;44272.99;0.0;44272.99;21251.04;0.0;0.0;completed
ORD-0001889;2026-04-10;CUST_00820;+79997936983;;UrbanStyle;offline_pos;2;16153.51;2423.03;13730.48;5766.8;0.0;0.0;completed
ORD-0002917;2026-04-10;CUST_01263;+79997902725;;SportActive;offline_pos;2;26169.12;0.0;26169.12;12561.18;0.0;0.0;completed
ORD-0003244;2026-04-10;CUST_01398;;user_1398_606@example.com;SportActive;online_site;1;12261.78;0.0;12261.78;5885.65;350.0;0.0;completed
ORD-0000084;2026-04-11;CUST_00041;;user_41_513@example.com;SportActive;online_app;4;38333.2;1916.66;36416.54;17479.94;250.0;0.0;completed
ORD-0000561;2026-04-11;CUST_00242;+79999516493;user_242_667@example.com;UrbanStyle;online_app;4;29911.05;1495.55;28415.5;11934.51;250.0;0.0;completed
ORD-0000724;2026-04-11;CUST_00310;;user_310_647@example.com;SportActive;online_app;3;28993.63;1449.68;27543.95;13221.1;250.0;0.0;completed
ORD-0000765;2026-04-11;CUST_00324;;user_324_820@example.com;UrbanStyle;online_site;1;9129.54;912.95;8216.59;3450.97;350.0;0.0;completed
ORD-0001191;2026-04-11;CUST_00518;+79997668395;;UrbanStyle;online_site;2;16192.21;3238.44;12953.77;5440.58;350.0;0.0;returned
ORD-0001649;2026-04-11;CUST_00715;+79993151610;;UrbanStyle;online_app;1;9236.86;461.84;8775.02;3685.51;250.0;0.0;completed
ORD-0001677;2026-04-11;CUST_00724;+79999164132;user_724_407@example.com;UrbanStyle;online_app;1;8152.54;0.0;8152.54;3424.07;250.0;0.0;completed
ORD-0003218;2026-04-11;CUST_01391;+79993194497;;SportActive;online_site;1;8969.84;896.98;8072.86;3874.97;350.0;0.0;completed
ORD-0000374;2026-04-12;CUST_00159;;user_159_363@example.com;SportActive;online_site;4;48348.42;2417.42;45931.0;22046.88;350.0;0.0;completed
ORD-0000460;2026-04-12;CUST_00198;+79991761976;user_198_325@example.com;UrbanStyle;offline_pos;1;6593.47;329.67;6263.8;2630.8;0.0;0.0;completed
ORD-0001005;2026-04-12;CUST_00450;+79992382909;user_450_755@example.com;UrbanStyle;online_site;2;20713.58;0.0;20713.58;8699.7;350.0;0.0;completed
ORD-0001257;2026-04-12;CUST_00544;+79995353234;;UrbanStyle;online_site;2;15841.49;2376.22;13465.27;5655.41;350.0;0.0;returned
ORD-0002004;2026-04-12;CUST_00877;+79993873517;user_877_172@example.com;UrbanStyle;online_app;3;30005.08;0.0;30005.08;12602.13;250.0;0.0;completed
ORD-0002820;2026-04-12;CUST_01226;+79998795567;;SportActive;online_site;2;22430.14;2243.01;20187.13;9689.82;350.0;0.0;completed
ORD-0000542;2026-04-13;CUST_00235;+79993308538;user_235_139@example.com;UrbanStyle;online_site;2;15596.17;779.81;14816.36;6222.87;350.0;0.0;completed
ORD-0002211;2026-04-13;CUST_00956;+79993768343;;SportActive;offline_pos;2;20171.76;2017.18;18154.58;8714.2;0.0;0.0;completed
ORD-0002549;2026-04-13;CUST_01101;+79995597569;user_1101_987@example.com;UrbanStyle;online_app;2;20340.36;1017.02;19323.34;8115.8;250.0;0.0;completed
ORD-0000400;2026-04-14;CUST_00171;+79997830709;;SportActive;online_app;2;24254.58;4850.92;19403.66;9313.76;250.0;0.0;completed
ORD-0001426;2026-04-14;CUST_00613;+79997924719;;SportActive;offline_pos;4;35514.1;7102.82;28411.28;13637.41;0.0;0.0;completed
ORD-0002099;2026-04-14;CUST_00912;+79995369510;;SportActive;offline_pos;4;52262.57;7839.39;44423.18;21323.13;0.0;0.0;completed
ORD-0002738;2026-04-14;CUST_01185;;user_1185_838@example.com;SportActive;online_site;1;10755.48;2151.1;8604.38;4130.1;350.0;0.0;completed
ORD-0001076;2026-04-15;CUST_00476;+79996172545;;UrbanStyle;offline_pos;3;28162.33;1408.12;26754.21;11236.77;0.0;0.0;completed
ORD-0001228;2026-04-15;CUST_00531;+79995799841;;SportActive;online_app;4;38033.63;7606.73;30426.9;14604.91;250.0;0.0;completed
ORD-0002852;2026-04-15;CUST_01240;;user_1240_107@example.com;UrbanStyle;online_app;2;14009.13;1400.91;12608.22;5295.45;250.0;0.0;completed
ORD-0000689;2026-04-16;CUST_00300;+79995435261;user_300_724@example.com;UrbanStyle;online_app;2;19481.31;3896.26;15585.05;6545.72;250.0;0.0;completed
ORD-0000762;2026-04-16;CUST_00323;+79994664338;user_323_880@example.com;UrbanStyle;offline_pos;3;22366.73;4473.35;17893.38;7515.22;0.0;0.0;completed
ORD-0001469;2026-04-16;CUST_00634;+79996384429;;UrbanStyle;online_site;4;40035.01;2001.75;38033.26;15973.97;350.0;0.0;completed
ORD-0001886;2026-04-16;CUST_00819;+79999787997;user_819_238@example.com;UrbanStyle;online_site;4;34265.89;6853.18;27412.71;11513.34;350.0;0.0;completed
ORD-0002197;2026-04-16;CUST_00950;;user_950_733@example.com;SportActive;online_site;2;18866.43;0.0;18866.43;9055.89;350.0;0.0;completed
ORD-0003005;2026-04-16;CUST_01300;+79991389899;user_1300_681@example.com;UrbanStyle;offline_pos;4;34052.12;3405.21;30646.91;12871.7;0.0;0.0;completed
ORD-0003108;2026-04-16;CUST_01340;+79996514500;user_1340_237@example.com;UrbanStyle;offline_pos;2;20324.89;2032.49;18292.4;7682.81;0.0;0.0;returned
ORD-0003438;2026-04-16;CUST_01493;+79997408577;user_1493_769@example.com;UrbanStyle;online_app;3;19617.24;980.86;18636.38;7827.28;250.0;0.0;returned
ORD-0000708;2026-04-17;CUST_00305;+79995548852;;SportActive;online_app;1;8254.69;412.73;7841.96;3764.14;250.0;0.0;completed
ORD-0000740;2026-04-17;CUST_00316;+79994240708;;SportActive;offline_pos;1;10122.86;0.0;10122.86;4858.97;0.0;0.0;completed
ORD-0001029;2026-04-17;CUST_00460;+79999536665;;UrbanStyle;online_app;4;32452.81;0.0;32452.81;13630.18;250.0;0.0;completed
ORD-0001713;2026-04-17;CUST_00739;+79995570355;user_739_661@example.com;UrbanStyle;online_app;2;18394.96;919.75;17475.21;7339.59;250.0;0.0;completed
ORD-0001813;2026-04-17;CUST_00787;+79995629792;user_787_666@example.com;UrbanStyle;online_app;4;35753.78;5363.07;30390.71;12764.1;250.0;0.0;completed
ORD-0003309;2026-04-17;CUST_01421;+79991001435;user_1421_354@example.com;UrbanStyle;online_site;2;20075.47;2007.55;18067.92;7588.53;350.0;0.0;completed
ORD-0001723;2026-04-18;CUST_00744;+79998221506;;SportActive;offline_pos;1;8244.18;0.0;8244.18;3957.21;0.0;0.0;completed
ORD-0003020;2026-04-18;CUST_01307;+79997526217;user_1307_986@example.com;UrbanStyle;online_site;4;35273.93;1763.7;33510.23;14074.3;350.0;0.0;completed
ORD-0001247;2026-04-19;CUST_00539;+79993275826;user_539_899@example.com;SportActive;online_site;2;16745.23;1674.52;15070.71;7233.94;350.0;0.0;completed
ORD-0001550;2026-04-19;CUST_00670;+79994739628;user_670_628@example.com;SportActive;offline_pos;1;12011.23;2402.25;9608.98;4612.31;0.0;0.0;completed
ORD-0002033;2026-04-19;CUST_00890;+79998766314;user_890_433@example.com;UrbanStyle;online_app;4;28465.14;4269.77;24195.37;10162.06;250.0;0.0;completed
ORD-0002097;2026-04-19;CUST_00911;+79995852112;user_911_271@example.com;UrbanStyle;offline_pos;1;8882.18;444.11;8438.07;3543.99;0.0;0.0;completed
ORD-0002112;2026-04-19;CUST_00917;+79991555166;user_917_451@example.com;SportActive;online_site;1;9533.59;1430.04;8103.55;3889.7;350.0;0.0;completed
ORD-0003095;2026-04-19;CUST_01334;+79996441761;user_1334_746@example.com;SportActive;online_app;3;31411.57;4711.74;26699.83;12815.92;250.0;0.0;completed
ORD-0000135;2026-04-20;CUST_00061;+79995382463;;UrbanStyle;online_app;2;13698.9;0.0;13698.9;5753.54;250.0;0.0;completed
ORD-0001525;2026-04-20;CUST_00660;+79997797028;user_660_887@example.com;UrbanStyle;online_site;2;14636.92;2927.38;11709.54;4918.01;350.0;0.0;completed
ORD-0002865;2026-04-20;CUST_01245;+79998165791;;SportActive;online_app;4;45483.97;9096.79;36387.18;17465.85;250.0;0.0;completed
ORD-0003142;2026-04-20;CUST_01359;;user_1359_367@example.com;SportActive;online_app;1;12801.44;2560.29;10241.15;4915.75;250.0;0.0;completed
ORD-0003301;2026-04-20;CUST_01420;;user_1420_618@example.com;UrbanStyle;online_site;3;29322.2;5864.44;23457.76;9852.26;350.0;0.0;completed
ORD-0001346;2026-04-21;CUST_00581;;user_581_113@example.com;SportActive;online_app;2;23943.53;0.0;23943.53;11492.89;250.0;0.0;completed
ORD-0001791;2026-04-21;CUST_00777;;user_777_179@example.com;SportActive;online_app;3;25099.47;2509.95;22589.52;10842.97;250.0;0.0;completed
ORD-0002043;2026-04-21;CUST_00894;;user_894_300@example.com;UrbanStyle;online_site;3;24833.81;3725.07;21108.74;8865.67;350.0;0.0;completed
ORD-0002396;2026-04-21;CUST_01034;+79992281784;user_1034_219@example.com;SportActive;online_site;1;11349.34;1702.4;9646.94;4630.53;350.0;0.0;completed
ORD-0002834;2026-04-21;CUST_01232;+79998714152;user_1232_713@example.com;UrbanStyle;online_site;4;37693.12;5653.97;32039.15;13456.44;350.0;0.0;completed
ORD-0002907;2026-04-21;CUST_01260;;user_1260_463@example.com;UrbanStyle;online_app;1;9340.32;0.0;9340.32;3922.93;250.0;0.0;completed
ORD-0003146;2026-04-21;CUST_01361;+79992348021;user_1361_630@example.com;SportActive;online_site;1;9052.01;1357.8;7694.21;3693.22;350.0;0.0;completed
ORD-0000734;2026-04-22;CUST_00314;+79999459284;user_314_579@example.com;UrbanStyle;online_site;2;16527.43;1652.74;14874.69;6247.37;350.0;0.0;completed
ORD-0002315;2026-04-22;CUST_01001;+79999981123;;UrbanStyle;online_app;4;36550.13;3655.01;32895.12;13815.95;250.0;0.0;completed
ORD-0002378;2026-04-22;CUST_01025;+79993006281;;SportActive;offline_pos;4;36340.77;5451.12;30889.65;14827.03;0.0;0.0;completed
ORD-0003102;2026-04-22;CUST_01337;+79991355901;;SportActive;online_site;3;37718.46;1885.92;35832.54;17199.62;350.0;0.0;completed
ORD-0003443;2026-04-22;CUST_01494;+79994701708;user_1494_432@example.com;UrbanStyle;online_app;4;31703.86;3170.39;28533.47;11984.06;250.0;0.0;completed
ORD-0000379;2026-04-23;CUST_00162;+79993073474;user_162_565@example.com;UrbanStyle;online_app;1;8838.48;0.0;8838.48;3712.16;250.0;0.0;completed
ORD-0000697;2026-04-23;CUST_00302;+79996851946;user_302_673@example.com;SportActive;online_site;4;37184.42;3718.44;33465.98;16063.67;350.0;0.0;completed
ORD-0000807;2026-04-23;CUST_00347;+79997327828;;SportActive;online_site;4;47910.86;7186.63;40724.23;19547.63;350.0;0.0;completed
ORD-0001577;2026-04-23;CUST_00688;;user_688_632@example.com;UrbanStyle;online_app;4;30751.67;1537.58;29214.09;12269.92;250.0;0.0;completed
ORD-0001593;2026-04-23;CUST_00692;+79997679508;user_692_853@example.com;UrbanStyle;offline_pos;4;38887.08;1944.35;36942.73;15515.95;0.0;0.0;completed
ORD-0001948;2026-04-23;CUST_00850;+79995912917;user_850_582@example.com;UrbanStyle;online_site;3;24705.21;2470.52;22234.69;9338.57;350.0;0.0;completed
ORD-0002237;2026-04-23;CUST_00967;;user_967_172@example.com;UrbanStyle;online_site;1;10385.99;519.3;9866.69;4144.01;350.0;0.0;completed
ORD-0002691;2026-04-23;CUST_01164;;user_1164_619@example.com;SportActive;online_app;1;11496.02;0.0;11496.02;5518.09;250.0;0.0;completed
ORD-0000332;2026-04-24;CUST_00145;;user_145_270@example.com;SportActive;online_app;4;53210.92;10642.18;42568.74;20433.0;250.0;0.0;completed
ORD-0000421;2026-04-24;CUST_00179;+79991522621;user_179_162@example.com;SportActive;offline_pos;3;38707.85;5806.18;32901.67;15792.8;0.0;0.0;returned
ORD-0000902;2026-04-24;CUST_00397;+79999099554;;UrbanStyle;offline_pos;2;14973.53;1497.35;13476.18;5660.0;0.0;0.0;completed
ORD-0001768;2026-04-24;CUST_00768;+79999488562;user_768_488@example.com;SportActive;online_app;3;28492.21;2849.22;25642.99;12308.64;250.0;0.0;completed
ORD-0002012;2026-04-24;CUST_00879;;user_879_283@example.com;SportActive;online_site;3;36839.8;7367.96;29471.84;14146.48;350.0;0.0;cancelled
ORD-0003176;2026-04-24;CUST_01376;+79993329735;user_1376_126@example.com;SportActive;online_site;1;10162.24;508.11;9654.13;4633.98;350.0;0.0;completed
ORD-0001038;2026-04-25;CUST_00463;+79997254683;user_463_222@example.com;UrbanStyle;online_site;4;30481.42;1524.07;28957.35;12162.09;350.0;0.0;cancelled
ORD-0001673;2026-04-25;CUST_00723;+79999381860;;UrbanStyle;online_app;1;7657.26;1148.59;6508.67;2733.64;250.0;0.0;completed
ORD-0002880;2026-04-25;CUST_01253;+79998490291;;UrbanStyle;offline_pos;4;31317.14;4697.57;26619.57;11180.22;0.0;0.0;cancelled
ORD-0000781;2026-04-26;CUST_00332;+79997333337;user_332_484@example.com;UrbanStyle;online_app;2;15186.71;0.0;15186.71;6378.42;250.0;0.0;returned
ORD-0000938;2026-04-26;CUST_00416;+79992899365;user_416_686@example.com;UrbanStyle;online_app;3;30315.48;3031.55;27283.93;11459.25;250.0;0.0;cancelled
ORD-0000998;2026-04-26;CUST_00446;+79991202450;;SportActive;online_site;3;29220.24;0.0;29220.24;14025.72;350.0;0.0;completed
ORD-0001356;2026-04-26;CUST_00584;+79993931009;;SportActive;offline_pos;2;20601.57;0.0;20601.57;9888.75;0.0;0.0;completed
ORD-0002028;2026-04-26;CUST_00887;+79995088457;;UrbanStyle;online_site;4;38161.77;5724.27;32437.5;13623.75;350.0;0.0;completed
ORD-0000515;2026-04-27;CUST_00224;+79999833734;user_224_138@example.com;SportActive;online_app;3;35765.3;7153.06;28612.24;13733.88;250.0;0.0;completed
ORD-0001929;2026-04-27;CUST_00841;+79994031576;;SportActive;offline_pos;1;8257.0;1651.4;6605.6;3170.69;0.0;0.0;completed
ORD-0000787;2026-04-28;CUST_00337;+79995037710;;UrbanStyle;offline_pos;2;20232.76;2023.28;18209.48;7647.98;0.0;0.0;completed
ORD-0003416;2026-04-28;CUST_01479;+79994216305;;UrbanStyle;online_site;4;36042.02;0.0;36042.02;15137.65;350.0;0.0;completed
ORD-0000832;2026-04-29;CUST_00357;+79991985360;;UrbanStyle;online_site;1;7890.96;789.1;7101.86;2982.78;350.0;0.0;completed
ORD-0001823;2026-04-29;CUST_00790;+79999095563;user_790_277@example.com;UrbanStyle;online_site;2;13006.89;0.0;13006.89;5462.89;350.0;0.0;returned
ORD-0002545;2026-04-29;CUST_01099;+79997593035;user_1099_361@example.com;UrbanStyle;online_site;3;31395.22;6279.04;25116.18;10548.8;350.0;0.0;returned
ORD-0002830;2026-04-29;CUST_01230;+79998247127;;SportActive;offline_pos;2;23183.63;0.0;23183.63;11128.14;0.0;0.0;completed
ORD-0001415;2026-04-30;CUST_00610;+79999102253;user_610_620@example.com;SportActive;online_site;4;41227.83;2061.39;39166.44;18799.89;350.0;0.0;completed
ORD-0002141;2026-04-30;CUST_00930;;user_930_763@example.com;UrbanStyle;offline_pos;4;30416.2;4562.43;25853.77;10858.58;0.0;0.0;completed
ORD-0002533;2026-04-30;CUST_01096;+79996170258;user_1096_121@example.com;SportActive;online_site;4;32945.82;0.0;32945.82;15813.99;350.0;0.0;completed
ORD-0002710;2026-04-30;CUST_01172;+79995487758;;SportActive;online_site;1;9605.26;480.26;9125.0;4380.0;350.0;0.0;completed
ORD-0000197;2026-05-01;CUST_00082;;user_82_871@example.com;UrbanStyle;offline_pos;1;8264.42;1239.66;7024.76;2950.4;0.0;0.0;completed
ORD-0001012;2026-05-01;CUST_00451;+79995018631;;SportActive;online_site;1;10522.65;1052.27;9470.38;4545.78;350.0;0.0;completed
ORD-0001515;2026-05-01;CUST_00658;+79993948933;user_658_761@example.com;UrbanStyle;online_app;2;13367.43;1336.74;12030.69;5052.89;250.0;0.0;completed
ORD-0001892;2026-05-01;CUST_00821;;user_821_249@example.com;SportActive;online_app;4;41407.78;6211.17;35196.61;16894.37;250.0;0.0;completed
ORD-0002363;2026-05-01;CUST_01019;+79998753086;user_1019_827@example.com;UrbanStyle;online_site;3;25823.87;3873.58;21950.29;9219.12;350.0;0.0;completed
ORD-0000004;2026-05-02;CUST_00001;;user_1_350@example.com;UrbanStyle;online_site;4;28304.82;1415.24;26889.58;11293.62;350.0;0.0;cancelled
ORD-0001633;2026-05-02;CUST_00709;+79996737688;;UrbanStyle;online_site;3;24773.36;2477.34;22296.02;9364.33;350.0;0.0;completed
ORD-0003393;2026-05-02;CUST_01472;+79998919821;;UrbanStyle;offline_pos;4;30979.68;4646.95;26332.73;11059.75;0.0;0.0;completed
ORD-0000417;2026-05-03;CUST_00178;;user_178_729@example.com;UrbanStyle;online_app;3;24190.99;2419.1;21771.89;9144.19;250.0;0.0;completed
ORD-0000432;2026-05-03;CUST_00185;;user_185_781@example.com;UrbanStyle;online_site;1;6952.42;0.0;6952.42;2920.02;350.0;0.0;completed
ORD-0001978;2026-05-03;CUST_00865;;user_865_291@example.com;UrbanStyle;online_app;3;25207.39;5041.48;20165.91;8469.68;250.0;0.0;completed
ORD-0001772;2026-05-04;CUST_00769;;user_769_428@example.com;SportActive;online_app;3;28346.94;4252.04;24094.9;11565.55;250.0;0.0;completed
ORD-0002088;2026-05-04;CUST_00907;;user_907_639@example.com;SportActive;online_site;2;23410.08;3511.51;19898.57;9551.31;350.0;0.0;completed
ORD-0001283;2026-05-05;CUST_00551;+79996641903;user_551_383@example.com;SportActive;online_app;3;36659.81;5498.97;31160.84;14957.2;250.0;0.0;completed
ORD-0002016;2026-05-05;CUST_00881;+79998813071;user_881_681@example.com;UrbanStyle;online_app;2;16262.42;0.0;16262.42;6830.22;250.0;0.0;completed
ORD-0002177;2026-05-05;CUST_00943;+79994407796;;UrbanStyle;offline_pos;2;20194.78;3029.22;17165.56;7209.54;0.0;0.0;completed
ORD-0003373;2026-05-05;CUST_01459;+79999205196;;UrbanStyle;online_app;4;37279.1;3727.91;33551.19;14091.5;250.0;0.0;completed
ORD-0000229;2026-05-06;CUST_00099;+79997358385;user_99_444@example.com;UrbanStyle;online_site;3;29721.04;2972.1;26748.94;11234.55;350.0;0.0;completed
ORD-0001971;2026-05-06;CUST_00863;;user_863_439@example.com;SportActive;online_site;2;21702.83;2170.28;19532.55;9375.62;350.0;0.0;completed
ORD-0002207;2026-05-06;CUST_00954;+79993304005;user_954_429@example.com;SportActive;online_site;2;22507.1;0.0;22507.1;10803.41;350.0;0.0;completed
ORD-0003189;2026-05-06;CUST_01380;+79996844074;user_1380_538@example.com;SportActive;online_site;1;12759.76;0.0;12759.76;6124.68;350.0;0.0;completed
ORD-0000396;2026-05-07;CUST_00170;+79992015861;user_170_507@example.com;UrbanStyle;online_app;2;16780.45;3356.09;13424.36;5638.23;250.0;0.0;completed
ORD-0001954;2026-05-07;CUST_00853;+79996309796;user_853_365@example.com;UrbanStyle;online_site;4;31778.38;3177.84;28600.54;12012.23;350.0;0.0;returned
ORD-0002930;2026-05-07;CUST_01266;+79998841710;user_1266_714@example.com;SportActive;online_site;1;9778.02;977.8;8800.22;4224.11;350.0;0.0;completed
ORD-0003448;2026-05-07;CUST_01497;+79996203625;user_1497_266@example.com;SportActive;online_app;4;50800.93;0.0;50800.93;24384.45;250.0;0.0;completed
ORD-0002840;2026-05-08;CUST_01235;;user_1235_788@example.com;UrbanStyle;online_site;1;7543.83;0.0;7543.83;3168.41;350.0;0.0;completed
ORD-0003170;2026-05-08;CUST_01374;+79996755884;user_1374_422@example.com;SportActive;online_site;2;19833.14;991.66;18841.48;9043.91;350.0;0.0;completed
ORD-0000115;2026-05-09;CUST_00052;+79991162230;user_52_214@example.com;UrbanStyle;online_site;4;27560.69;5512.14;22048.55;9260.39;350.0;0.0;completed
ORD-0000401;2026-05-09;CUST_00171;+79993007953;;SportActive;online_site;1;11345.98;2269.2;9076.78;4356.85;350.0;0.0;completed
ORD-0000498;2026-05-10;CUST_00218;+79997485471;user_218_390@example.com;SportActive;online_app;4;44075.64;0.0;44075.64;21156.31;250.0;0.0;completed
ORD-0003051;2026-05-10;CUST_01314;+79991732568;;UrbanStyle;online_app;4;31875.96;4781.39;27094.57;11379.72;250.0;0.0;cancelled
ORD-0000948;2026-05-11;CUST_00423;+79995652716;user_423_987@example.com;SportActive;online_site;3;27880.04;2788.0;25092.04;12044.18;350.0;0.0;completed
ORD-0001208;2026-05-11;CUST_00525;;user_525_559@example.com;SportActive;online_site;4;46934.07;4693.41;42240.66;20275.52;350.0;0.0;completed
ORD-0001618;2026-05-11;CUST_00704;+79993710352;;UrbanStyle;online_site;1;7111.5;1422.3;5689.2;2389.46;350.0;0.0;completed
ORD-0002221;2026-05-11;CUST_00961;+79996053293;;UrbanStyle;offline_pos;2;13415.59;2683.12;10732.47;4507.64;0.0;0.0;cancelled
ORD-0003419;2026-05-11;CUST_01480;+79996827390;user_1480_474@example.com;UrbanStyle;online_site;4;40428.33;2021.42;38406.91;16130.9;350.0;0.0;completed
ORD-0000162;2026-05-12;CUST_00072;;user_72_744@example.com;UrbanStyle;online_site;3;22775.36;2277.54;20497.82;8609.08;350.0;0.0;completed
ORD-0000483;2026-05-12;CUST_00212;;user_212_393@example.com;UrbanStyle;online_site;3;20490.94;3073.64;17417.3;7315.27;350.0;0.0;completed
ORD-0000659;2026-05-12;CUST_00288;+79997133857;user_288_873@example.com;UrbanStyle;online_site;3;25862.22;0.0;25862.22;10862.13;350.0;0.0;completed
ORD-0001114;2026-05-12;CUST_00490;+79995713268;;UrbanStyle;online_app;2;18808.23;2821.23;15987.0;6714.54;250.0;0.0;completed
ORD-0001678;2026-05-13;CUST_00724;;user_724_407@example.com;UrbanStyle;online_site;4;36173.53;5426.03;30747.5;12913.95;350.0;0.0;cancelled
ORD-0002676;2026-05-13;CUST_01153;+79999165848;user_1153_410@example.com;SportActive;online_site;2;24333.61;4866.72;19466.89;9344.11;350.0;0.0;completed
ORD-0003276;2026-05-13;CUST_01410;+79997297691;;SportActive;online_app;2;17700.04;885.0;16815.04;8071.22;250.0;0.0;completed
ORD-0001238;2026-05-14;CUST_00538;+79997273172;user_538_940@example.com;UrbanStyle;online_app;4;38025.21;7605.04;30420.17;12776.47;250.0;0.0;returned
ORD-0003109;2026-05-14;CUST_01340;+79996514500;user_1340_237@example.com;UrbanStyle;online_app;3;23393.29;3508.99;19884.3;8351.41;250.0;0.0;completed
ORD-0003245;2026-05-14;CUST_01398;+79994618930;user_1398_606@example.com;UrbanStyle;online_site;1;10038.82;2007.76;8031.06;3373.05;350.0;0.0;completed
ORD-0000212;2026-05-15;CUST_00091;+79992921542;user_91_896@example.com;SportActive;online_site;3;32031.5;6406.3;25625.2;12300.1;350.0;0.0;completed
ORD-0000217;2026-05-15;CUST_00093;+79992709620;user_93_813@example.com;SportActive;online_site;4;43984.57;4398.46;39586.11;19001.33;350.0;0.0;completed
ORD-0000546;2026-05-15;CUST_00236;+79998870361;user_236_559@example.com;SportActive;online_site;3;30608.18;6121.64;24486.54;11753.54;350.0;0.0;completed
ORD-0000579;2026-05-15;CUST_00247;+79997160440;;SportActive;online_site;3;31709.48;4756.42;26953.06;12937.47;350.0;0.0;completed
ORD-0001149;2026-05-15;CUST_00504;+79991543292;user_504_286@example.com;SportActive;online_site;2;22564.89;0.0;22564.89;10831.15;350.0;0.0;completed
ORD-0003263;2026-05-15;CUST_01406;+79992710400;user_1406_794@example.com;SportActive;online_site;4;43693.51;8738.7;34954.81;16778.31;350.0;0.0;completed
ORD-0002148;2026-05-16;CUST_00933;;user_933_161@example.com;UrbanStyle;online_site;3;31085.23;4662.78;26422.45;11097.43;350.0;0.0;completed
ORD-0002286;2026-05-16;CUST_00985;+79994475340;user_985_906@example.com;SportActive;online_app;4;32900.86;1645.04;31255.82;15002.79;250.0;0.0;completed
ORD-0003028;2026-05-16;CUST_01308;+79998965487;user_1308_262@example.com;SportActive;online_site;4;37043.88;3704.39;33339.49;16002.96;350.0;0.0;completed
ORD-0003219;2026-05-16;CUST_01391;+79998955769;;SportActive;online_app;3;30926.96;4639.04;26287.92;12618.2;250.0;0.0;completed
ORD-0003223;2026-05-16;CUST_01393;+79997359787;;UrbanStyle;online_site;3;23059.48;4611.9;18447.58;7747.98;350.0;0.0;completed
ORD-0002252;2026-05-17;CUST_00974;+79993851044;user_974_691@example.com;UrbanStyle;offline_pos;2;16423.78;3284.76;13139.02;5518.39;0.0;0.0;completed
ORD-0000375;2026-05-18;CUST_00159;+79993760597;user_159_363@example.com;SportActive;online_app;3;28309.87;4246.48;24063.39;11550.43;250.0;0.0;completed
ORD-0001122;2026-05-18;CUST_00494;+79991473227;user_494_820@example.com;SportActive;online_app;2;18217.43;3643.49;14573.94;6995.49;250.0;0.0;completed
ORD-0001626;2026-05-18;CUST_00708;+79996923972;user_708_628@example.com;UrbanStyle;online_app;3;29983.52;1499.18;28484.34;11963.42;250.0;0.0;completed
ORD-0002113;2026-05-18;CUST_00917;+79991555166;user_917_451@example.com;SportActive;online_site;4;42013.53;0.0;42013.53;20166.49;350.0;0.0;completed
ORD-0002397;2026-05-18;CUST_01034;+79992281784;user_1034_219@example.com;SportActive;online_site;2;22030.47;1101.52;20928.95;10045.9;350.0;0.0;completed
ORD-0001724;2026-05-19;CUST_00744;+79998221506;;SportActive;online_app;2;19425.83;1942.58;17483.25;8391.96;250.0;0.0;completed
ORD-0002238;2026-05-19;CUST_00967;;user_967_172@example.com;SportActive;online_site;4;34919.04;1745.95;33173.09;15923.08;350.0;0.0;completed
ORD-0003291;2026-05-19;CUST_01417;+79993081873;;SportActive;offline_pos;4;39744.0;5961.6;33782.4;16215.55;0.0;0.0;completed
ORD-0000822;2026-05-20;CUST_00352;+79998876742;user_352_879@example.com;SportActive;online_app;4;51914.25;2595.71;49318.54;23672.9;250.0;0.0;completed
ORD-0001419;2026-05-21;CUST_00611;+79993153888;user_611_206@example.com;SportActive;online_site;2;22426.87;4485.37;17941.5;8611.92;350.0;0.0;completed
ORD-0001995;2026-05-21;CUST_00872;+79992460891;;UrbanStyle;offline_pos;3;25839.45;0.0;25839.45;10852.57;0.0;0.0;completed
ORD-0002473;2026-05-21;CUST_01071;+79998087921;;UrbanStyle;online_app;3;26465.14;0.0;26465.14;11115.36;250.0;0.0;completed
ORD-0002527;2026-05-21;CUST_01095;;user_1095_384@example.com;SportActive;online_site;1;8646.03;1729.21;6916.82;3320.07;350.0;0.0;completed
ORD-0002554;2026-05-21;CUST_01102;+79996582152;user_1102_834@example.com;UrbanStyle;online_site;4;34581.7;1729.09;32852.61;13798.1;350.0;0.0;completed
ORD-0003014;2026-05-21;CUST_01304;+79994338644;;UrbanStyle;online_site;3;31448.06;6289.61;25158.45;10566.55;350.0;0.0;completed
ORD-0003103;2026-05-21;CUST_01337;+79991355901;;SportActive;online_site;1;10189.47;509.47;9680.0;4646.4;350.0;0.0;completed
ORD-0002183;2026-05-22;CUST_00945;+79991598917;;UrbanStyle;online_site;1;9295.39;0.0;9295.39;3904.06;350.0;0.0;completed
ORD-0002585;2026-05-22;CUST_01113;+79994766215;user_1113_830@example.com;UrbanStyle;offline_pos;2;16920.54;2538.08;14382.46;6040.63;0.0;0.0;completed
ORD-0002650;2026-05-22;CUST_01140;+79993202624;;SportActive;offline_pos;1;11602.73;1740.41;9862.32;4733.91;0.0;0.0;completed
ORD-0001126;2026-05-23;CUST_00495;;user_495_956@example.com;SportActive;online_app;2;19980.61;999.03;18981.58;9111.16;250.0;0.0;completed
ORD-0001192;2026-05-23;CUST_00518;+79997668395;;UrbanStyle;offline_pos;2;16712.6;835.63;15876.97;6668.33;0.0;0.0;completed
ORD-0001540;2026-05-23;CUST_00667;;user_667_147@example.com;UrbanStyle;online_app;2;19625.77;0.0;19625.77;8242.82;250.0;0.0;completed
ORD-0002081;2026-05-23;CUST_00905;+79999417612;;UrbanStyle;online_site;3;24964.57;2496.46;22468.11;9436.61;350.0;0.0;completed
ORD-0002331;2026-05-23;CUST_01007;+79993467651;user_1007_918@example.com;UrbanStyle;online_site;1;8979.17;448.96;8530.21;3582.69;350.0;0.0;completed
ORD-0002769;2026-05-23;CUST_01200;+79993421727;user_1200_617@example.com;UrbanStyle;online_app;3;30174.97;1508.75;28666.22;12039.81;250.0;0.0;completed
ORD-0000506;2026-05-24;CUST_00220;+79992421349;user_220_417@example.com;UrbanStyle;online_app;2;13631.1;0.0;13631.1;5725.06;250.0;0.0;completed
ORD-0001826;2026-05-24;CUST_00791;+79996039762;user_791_138@example.com;SportActive;online_app;4;51802.94;2590.15;49212.79;23622.14;250.0;0.0;completed
ORD-0002005;2026-05-24;CUST_00877;+79993873517;user_877_172@example.com;UrbanStyle;online_site;2;14973.84;1497.38;13476.46;5660.11;350.0;0.0;completed
ORD-0002163;2026-05-24;CUST_00938;+79996533643;;SportActive;online_site;4;35593.07;0.0;35593.07;17084.67;350.0;0.0;completed
ORD-0000615;2026-05-25;CUST_00266;;user_266_167@example.com;UrbanStyle;offline_pos;4;36699.08;7339.82;29359.26;12330.89;0.0;0.0;completed
ORD-0000079;2026-05-27;CUST_00039;+79996261415;;UrbanStyle;offline_pos;1;7870.65;0.0;7870.65;3305.67;0.0;0.0;returned
ORD-0000136;2026-05-27;CUST_00061;+79995382463;;UrbanStyle;offline_pos;3;28937.83;5787.57;23150.26;9723.11;0.0;0.0;completed
ORD-0000438;2026-05-27;CUST_00187;+79992006313;;UrbanStyle;online_site;2;21023.35;1051.17;19972.18;8388.32;350.0;0.0;completed
ORD-0000795;2026-05-27;CUST_00342;+79998167236;user_342_669@example.com;UrbanStyle;online_site;4;37689.61;3768.96;33920.65;14246.67;350.0;0.0;completed
ORD-0000897;2026-05-27;CUST_00396;+79997562142;user_396_574@example.com;SportActive;online_app;1;10563.67;1056.37;9507.3;4563.5;250.0;0.0;completed
ORD-0002780;2026-05-27;CUST_01208;+79996456223;user_1208_191@example.com;SportActive;online_site;2;21114.27;4222.85;16891.42;8107.88;350.0;0.0;completed
ORD-0000180;2026-05-28;CUST_00075;+79999910914;user_75_672@example.com;UrbanStyle;online_site;4;38071.38;1903.57;36167.81;15190.48;350.0;0.0;completed
ORD-0000955;2026-05-29;CUST_00426;+79999514611;;UrbanStyle;offline_pos;4;27539.76;0.0;27539.76;11566.7;0.0;0.0;completed
ORD-0001578;2026-05-29;CUST_00688;;user_688_632@example.com;SportActive;online_app;3;27884.97;1394.25;26490.72;12715.55;250.0;0.0;completed
ORD-0000075;2026-05-30;CUST_00038;+79993597059;user_38_294@example.com;UrbanStyle;online_app;3;30453.44;6090.69;24362.75;10232.35;250.0;0.0;returned
ORD-0000304;2026-05-30;CUST_00137;;user_137_566@example.com;SportActive;online_app;2;20054.14;3008.12;17046.02;8182.09;250.0;0.0;completed
ORD-0000433;2026-05-30;CUST_00185;;user_185_781@example.com;UrbanStyle;online_site;3;19968.37;0.0;19968.37;8386.72;350.0;0.0;completed
ORD-0003235;2026-05-30;CUST_01395;+79998727632;user_1395_423@example.com;UrbanStyle;online_app;4;32386.84;4858.03;27528.81;11562.1;250.0;0.0;completed
ORD-0001526;2026-05-31;CUST_00660;+79997797028;user_660_887@example.com;UrbanStyle;online_site;4;37315.38;3731.54;33583.84;14105.21;350.0;0.0;completed
ORD-0002050;2026-05-31;CUST_00895;+79996109503;;SportActive;offline_pos;1;11384.84;1138.48;10246.36;4918.25;0.0;0.0;completed
ORD-0000267;2026-06-01;CUST_00118;+79992925626;;UrbanStyle;online_app;4;25130.87;3769.63;21361.24;8971.72;250.0;0.0;completed
ORD-0001308;2026-06-01;CUST_00561;+79994263903;;UrbanStyle;online_app;3;22120.77;4424.15;17696.62;7432.58;250.0;0.0;completed
ORD-0001716;2026-06-01;CUST_00740;+79998659527;user_740_746@example.com;UrbanStyle;online_site;1;6385.33;957.8;5427.53;2279.56;350.0;0.0;completed
ORD-0002732;2026-06-01;CUST_01184;;user_1184_830@example.com;SportActive;online_site;2;17797.29;889.86;16907.43;8115.57;350.0;0.0;completed
ORD-0001095;2026-06-02;CUST_00483;+79996562484;;SportActive;online_app;3;27287.03;0.0;27287.03;13097.77;250.0;0.0;completed
ORD-0001298;2026-06-02;CUST_00558;+79994071377;user_558_796@example.com;SportActive;online_app;3;23637.02;3545.55;20091.47;9643.91;250.0;0.0;completed
ORD-0001804;2026-06-02;CUST_00780;+79998696054;user_780_819@example.com;SportActive;online_app;1;7685.46;384.27;7301.19;3504.57;250.0;0.0;returned
ORD-0000072;2026-06-03;CUST_00037;;user_37_392@example.com;UrbanStyle;online_app;2;15372.35;3074.47;12297.88;5165.11;250.0;0.0;completed
ORD-0000279;2026-06-03;CUST_00123;+79995521644;;SportActive;online_site;4;28911.69;0.0;28911.69;13877.61;350.0;0.0;completed
ORD-0001792;2026-06-03;CUST_00777;+79996098672;user_777_179@example.com;SportActive;online_site;4;31794.31;0.0;31794.31;15261.27;350.0;0.0;completed
ORD-0003059;2026-06-03;CUST_01315;;user_1315_814@example.com;SportActive;online_site;1;9995.26;0.0;9995.26;4797.72;350.0;0.0;completed
ORD-0000543;2026-06-04;CUST_00235;+79993308538;user_235_139@example.com;SportActive;online_app;2;15485.41;3097.08;12388.33;5946.4;250.0;0.0;completed
ORD-0002358;2026-06-04;CUST_01017;+79996087374;;UrbanStyle;offline_pos;2;13727.34;686.37;13040.97;5477.21;0.0;0.0;completed
ORD-0003069;2026-06-04;CUST_01319;;user_1319_356@example.com;UrbanStyle;online_app;1;6516.27;977.44;5538.83;2326.31;250.0;0.0;completed
ORD-0002222;2026-06-05;CUST_00961;+79996053293;user_961_456@example.com;UrbanStyle;online_app;3;22061.74;2206.17;19855.57;8339.34;250.0;0.0;completed
ORD-0001006;2026-06-06;CUST_00450;+79992382909;user_450_755@example.com;SportActive;offline_pos;4;25364.08;2536.41;22827.67;10957.28;0.0;0.0;completed
ORD-0002692;2026-06-07;CUST_01164;+79994894044;;UrbanStyle;offline_pos;1;5835.97;583.6;5252.37;2206.0;0.0;0.0;cancelled
ORD-0002890;2026-06-07;CUST_01254;+79992090992;user_1254_901@example.com;UrbanStyle;online_site;2;12544.08;0.0;12544.08;5268.51;350.0;0.0;completed
ORD-0000499;2026-06-08;CUST_00218;;user_218_390@example.com;UrbanStyle;online_app;1;6735.64;673.56;6062.08;2546.07;250.0;0.0;completed
ORD-0000562;2026-06-09;CUST_00242;+79999516493;user_242_667@example.com;UrbanStyle;online_site;1;6649.58;664.96;5984.62;2513.54;350.0;0.0;completed
ORD-0000903;2026-06-09;CUST_00397;+79999099554;user_397_207@example.com;UrbanStyle;online_site;4;28220.77;0.0;28220.77;11852.72;350.0;0.0;completed
ORD-0001166;2026-06-09;CUST_00511;+79992756994;;SportActive;offline_pos;3;26691.71;2669.17;24022.54;11530.82;0.0;0.0;completed
ORD-0001239;2026-06-09;CUST_00538;+79997273172;user_538_940@example.com;UrbanStyle;online_app;1;7850.9;1570.18;6280.72;2637.9;250.0;0.0;completed
ORD-0001350;2026-06-10;CUST_00583;;user_583_336@example.com;UrbanStyle;online_app;4;29498.42;0.0;29498.42;12389.34;250.0;0.0;completed
ORD-0001204;2026-06-11;CUST_00524;;user_524_629@example.com;SportActive;online_site;4;29352.17;4402.83;24949.34;11975.68;350.0;0.0;completed
ORD-0001887;2026-06-11;CUST_00819;+79999787997;user_819_238@example.com;UrbanStyle;online_app;2;11091.39;1109.14;9982.25;4192.55;250.0;0.0;completed
ORD-0002208;2026-06-11;CUST_00954;+79993304005;user_954_429@example.com;SportActive;online_app;3;24614.95;3692.24;20922.71;10042.9;250.0;0.0;completed
ORD-0002497;2026-06-11;CUST_01080;+79991312111;user_1080_742@example.com;SportActive;online_app;4;29589.97;5917.99;23671.98;11362.55;250.0;0.0;completed
ORD-0003302;2026-06-11;CUST_01420;;user_1420_618@example.com;UrbanStyle;online_app;4;27531.65;0.0;27531.65;11563.29;250.0;0.0;completed
ORD-0000091;2026-06-12;CUST_00044;+79992217071;user_44_109@example.com;SportActive;offline_pos;1;6805.69;0.0;6805.69;3266.73;0.0;0.0;completed
ORD-0002169;2026-06-12;CUST_00940;+79999589830;;UrbanStyle;offline_pos;2;13925.54;696.28;13229.26;5556.29;0.0;0.0;completed
ORD-0002178;2026-06-12;CUST_00943;+79994407796;user_943_280@example.com;UrbanStyle;online_app;3;22652.92;1132.65;21520.27;9038.51;250.0;0.0;completed
ORD-0003277;2026-06-12;CUST_01410;+79997297691;;SportActive;online_site;1;7477.19;747.72;6729.47;3230.15;350.0;0.0;completed
ORD-0000833;2026-06-13;CUST_00357;+79991985360;;UrbanStyle;online_app;2;14209.92;1420.99;12788.93;5371.35;250.0;0.0;cancelled
ORD-0001102;2026-06-13;CUST_00486;+79995951043;;UrbanStyle;online_site;4;25615.94;1280.8;24335.14;10220.76;350.0;0.0;completed
ORD-0002017;2026-06-13;CUST_00881;+79998813071;user_881_681@example.com;UrbanStyle;online_app;4;24290.45;2429.05;21861.4;9181.79;250.0;0.0;completed
ORD-0002142;2026-06-13;CUST_00930;;user_930_763@example.com;UrbanStyle;online_app;3;22142.56;3321.38;18821.18;7904.9;250.0;0.0;completed
ORD-0002275;2026-06-13;CUST_00982;+79998780612;user_982_890@example.com;UrbanStyle;online_app;4;24444.61;0.0;24444.61;10266.74;250.0;0.0;completed
ORD-0000626;2026-06-14;CUST_00269;+79993164813;;UrbanStyle;online_site;2;9967.76;1495.16;8472.6;3558.49;350.0;0.0;returned
ORD-0001077;2026-06-14;CUST_00476;+79996172545;;UrbanStyle;online_app;1;6936.48;1040.47;5896.01;2476.32;250.0;0.0;completed
ORD-0001573;2026-06-14;CUST_00686;+79998138527;user_686_237@example.com;UrbanStyle;online_app;4;28223.57;4233.54;23990.03;10075.81;250.0;0.0;completed
ORD-0000907;2026-06-15;CUST_00399;+79998988681;user_399_199@example.com;UrbanStyle;online_app;1;7541.4;754.14;6787.26;2850.65;250.0;0.0;completed
ORD-0001546;2026-06-15;CUST_00669;+79997128662;user_669_701@example.com;SportActive;online_site;3;23837.15;0.0;23837.15;11441.83;350.0;0.0;completed
ORD-0000741;2026-06-16;CUST_00316;+79994240708;;UrbanStyle;offline_pos;4;24796.22;1239.81;23556.41;9893.69;0.0;0.0;completed
ORD-0000763;2026-06-16;CUST_00323;+79994664338;user_323_880@example.com;UrbanStyle;offline_pos;2;15389.19;0.0;15389.19;6463.46;0.0;0.0;completed
ORD-0001702;2026-06-16;CUST_00736;;user_736_186@example.com;SportActive;online_app;2;15433.47;1543.35;13890.12;6667.26;250.0;0.0;completed
ORD-0001850;2026-06-16;CUST_00801;+79991406123;;SportActive;offline_pos;2;17937.4;2690.61;15246.79;7318.46;0.0;0.0;completed
ORD-0003052;2026-06-16;CUST_01314;+79991732568;;UrbanStyle;online_app;3;19362.18;1936.22;17425.96;7318.9;250.0;0.0;completed
ORD-0000368;2026-06-17;CUST_00158;+79994368777;user_158_235@example.com;SportActive;online_site;1;6523.62;1304.72;5218.9;2505.07;350.0;0.0;completed
ORD-0000380;2026-06-17;CUST_00162;+79993073474;user_162_565@example.com;UrbanStyle;online_app;4;29828.75;0.0;29828.75;12528.07;250.0;0.0;completed
ORD-0002555;2026-06-17;CUST_01102;+79996582152;user_1102_834@example.com;UrbanStyle;offline_pos;2;12411.1;620.56;11790.54;4952.03;0.0;0.0;completed
ORD-0002739;2026-06-17;CUST_01185;+79996105693;user_1185_838@example.com;SportActive;online_site;1;7586.82;1138.02;6448.8;3095.42;350.0;0.0;completed
ORD-0002835;2026-06-17;CUST_01232;+79998714152;user_1232_713@example.com;UrbanStyle;online_site;2;9932.0;993.2;8938.8;3754.3;350.0;0.0;completed
ORD-0002586;2026-06-18;CUST_01113;+79994766215;user_1113_830@example.com;UrbanStyle;online_app;3;20376.07;2037.61;18338.46;7702.15;250.0;0.0;completed
ORD-0002881;2026-06-18;CUST_01253;+79998490291;user_1253_692@example.com;UrbanStyle;online_site;2;13395.85;2009.38;11386.47;4782.32;350.0;0.0;completed
ORD-0000698;2026-06-19;CUST_00302;+79996851946;;UrbanStyle;offline_pos;4;21694.9;2169.49;19525.41;8200.67;0.0;0.0;completed
ORD-0000886;2026-06-19;CUST_00392;+79998017921;user_392_656@example.com;UrbanStyle;online_site;3;17735.35;1773.53;15961.82;6703.96;350.0;0.0;completed
ORD-0002346;2026-06-19;CUST_01013;+79997057663;user_1013_507@example.com;UrbanStyle;online_app;3;23839.82;0.0;23839.82;10012.72;250.0;0.0;completed
ORD-0000690;2026-06-21;CUST_00300;+79995435261;user_300_724@example.com;UrbanStyle;online_site;2;14728.24;2209.24;12519.0;5257.98;350.0;0.0;completed
ORD-0001721;2026-06-21;CUST_00743;+79998871835;user_743_647@example.com;UrbanStyle;online_app;2;13310.64;665.53;12645.11;5310.95;250.0;0.0;completed
ORD-0003033;2026-06-21;CUST_01309;+79998700011;user_1309_382@example.com;UrbanStyle;online_site;3;19267.49;3853.5;15413.99;6473.88;350.0;0.0;returned
ORD-0000402;2026-06-23;CUST_00171;+79994008839;;SportActive;online_site;2;12693.71;1904.06;10789.65;5179.03;350.0;0.0;completed
ORD-0001416;2026-06-23;CUST_00610;+79999102253;user_610_620@example.com;SportActive;online_site;4;29348.11;0.0;29348.11;14087.09;350.0;0.0;completed
ORD-0002402;2026-06-23;CUST_01035;+79993332267;user_1035_936@example.com;UrbanStyle;online_site;4;25832.59;2583.26;23249.33;9764.72;350.0;0.0;completed
ORD-0002568;2026-06-23;CUST_01106;+79993770463;;UrbanStyle;online_site;2;12091.99;1813.8;10278.19;4316.84;350.0;0.0;completed
ORD-0000434;2026-06-24;CUST_00185;;user_185_781@example.com;UrbanStyle;online_app;1;7586.0;0.0;7586.0;3186.12;250.0;0.0;completed
ORD-0002441;2026-06-24;CUST_01056;+79997714837;user_1056_464@example.com;UrbanStyle;offline_pos;4;20878.55;4175.71;16702.84;7015.19;0.0;0.0;completed
ORD-0000305;2026-06-25;CUST_00137;+79997328534;user_137_566@example.com;SportActive;offline_pos;2;18239.33;1823.93;16415.4;7879.39;0.0;0.0;completed
ORD-0000312;2026-06-25;CUST_00140;+79998387112;;UrbanStyle;online_site;2;13516.69;2703.34;10813.35;4541.61;350.0;0.0;completed
ORD-0000603;2026-06-25;CUST_00260;;user_260_820@example.com;UrbanStyle;online_site;2;11955.49;2391.1;9564.39;4017.04;350.0;0.0;completed
ORD-0001127;2026-06-25;CUST_00495;;user_495_956@example.com;SportActive;online_site;1;7813.61;1172.04;6641.57;3187.95;350.0;0.0;completed
ORD-0001261;2026-06-25;CUST_00545;+79994776753;user_545_793@example.com;UrbanStyle;offline_pos;3;19203.99;0.0;19203.99;8065.68;0.0;0.0;completed
ORD-0001773;2026-06-25;CUST_00769;+79995006173;user_769_428@example.com;SportActive;online_app;4;40458.41;4045.84;36412.57;17478.03;250.0;0.0;completed
ORD-0002159;2026-06-25;CUST_00937;+79993497360;user_937_768@example.com;SportActive;online_site;3;28579.14;4286.87;24292.27;11660.29;350.0;0.0;completed
ORD-0002841;2026-06-26;CUST_01235;+79998468826;;UrbanStyle;offline_pos;1;7708.99;0.0;7708.99;3237.78;0.0;0.0;completed
ORD-0002866;2026-06-26;CUST_01245;+79998165791;;SportActive;offline_pos;4;27871.74;5574.35;22297.39;10702.75;0.0;0.0;returned
ORD-0003021;2026-06-26;CUST_01307;+79997526217;user_1307_986@example.com;UrbanStyle;online_app;2;11331.5;0.0;11331.5;4759.23;250.0;0.0;completed
ORD-0000230;2026-06-27;CUST_00099;+79997358385;user_99_444@example.com;UrbanStyle;offline_pos;2;15066.23;3013.25;12052.98;5062.25;0.0;0.0;completed
ORD-0002528;2026-06-27;CUST_01095;+79995133011;user_1095_384@example.com;SportActive;online_site;3;28342.18;5668.44;22673.74;10883.4;350.0;0.0;cancelled
ORD-0001115;2026-06-28;CUST_00490;+79995713268;;UrbanStyle;online_site;1;5817.84;1163.57;4654.27;1954.79;350.0;0.0;completed
ORD-0001258;2026-06-28;CUST_00544;+79992703840;;UrbanStyle;online_site;2;14980.86;749.04;14231.82;5977.36;350.0;0.0;completed
ORD-0001893;2026-06-28;CUST_00821;;user_821_249@example.com;SportActive;online_site;4;32207.69;0.0;32207.69;15459.69;350.0;0.0;completed
ORD-0000053;2026-06-29;CUST_00029;+79994594297;user_29_652@example.com;UrbanStyle;online_site;1;6022.52;903.38;5119.14;2150.04;350.0;0.0;completed
ORD-0000333;2026-06-29;CUST_00145;+79998443690;user_145_270@example.com;SportActive;online_app;1;9092.62;1818.52;7274.1;3491.57;250.0;0.0;completed
ORD-0001039;2026-06-29;CUST_00463;+79997254683;user_463_222@example.com;UrbanStyle;online_app;1;6956.76;695.68;6261.08;2629.65;250.0;0.0;completed
ORD-0001979;2026-06-29;CUST_00865;+79997535837;user_865_291@example.com;SportActive;online_site;4;29742.54;4461.38;25281.16;12134.96;350.0;0.0;completed
ORD-0002671;2026-06-29;CUST_01150;+79995447210;user_1150_449@example.com;SportActive;online_app;3;22501.3;3375.19;19126.11;9180.53;250.0;0.0;completed
ORD-0002968;2026-06-29;CUST_01281;+79999533123;;UrbanStyle;online_app;2;12287.96;1843.19;10444.77;4386.8;250.0;0.0;cancelled
ORD-0000137;2026-06-30;CUST_00061;+79995382463;;UrbanStyle;online_app;4;22108.19;1105.41;21002.78;8821.17;250.0;0.0;completed
ORD-0001456;2026-06-30;CUST_00629;+79996052539;;SportActive;offline_pos;4;27729.31;2772.93;24956.38;11979.06;0.0;0.0;completed
ORD-0001769;2026-06-30;CUST_00768;+79999488562;user_768_488@example.com;SportActive;online_site;4;30442.32;6088.46;24353.86;11689.85;350.0;0.0;completed
ORD-0002006;2026-06-30;CUST_00877;+79993873517;user_877_172@example.com;SportActive;online_site;4;25105.89;0.0;25105.89;12050.83;350.0;0.0;completed
ORD-0002364;2026-06-30;CUST_01019;+79998753086;user_1019_827@example.com;UrbanStyle;online_app;3;15730.18;786.51;14943.67;6276.34;250.0;0.0;completed
ORD-0003439;2026-06-30;CUST_01493;+79997408577;user_1493_769@example.com;UrbanStyle;online_app;2;10098.81;0.0;10098.81;4241.5;250.0;0.0;returned
