Дата транзакции;id Клиента;№ операции;Сумма;Статус;email Клиента;Дата первой продажи;Номер когорты;Количество товаров;Товар 1;Товар 2;Товар 3;Месяц
18.03.2021;1686;;5 725;completed;Oliverthomas88@mail.ru;44253;2;3;1900.0;325.0;3500.0;3
16.11.2021;2185;;912;completed;lucasbrown1993@gmail.com;44304;4;2;;325.0;587.0;11
26.01.2022;2169;;2 465;completed;Liamanderson33@mail.ru;44587;13;3;325.0;240.0;1900.0;13
16.09.2021;2304;;4 700;completed;Liamjackson13@outlook.com;44455;9;3;1900.0;2000.0;800.0;9
08.05.2021;2161;;5 465;completed;Liamlopez33@yahoo.com;44308;4;3;325.0;240.0;4900.0;5
11.06.2021;3706;;4 840;completed;Isabellataylor69@yahoo.com;44279;3;3;3500.0;1100.0;240.0;6
16.04.2021;2276;;1 477;completed;Isabellamoore1987@outlook.com;44302;4;2;;587.0;890.0;4
22.02.2021;3367;;6 025;completed;Williammoore66@yandex.ru;44249;2;3;4900.0;800.0;325.0;2
19.06.2021;3287;;1 712;completed;Williamlopez1987@yahoo.com;44366;6;3;587.0;800.0;325.0;6
26.07.2021;3888;;5 825;completed;Isabellathomas13@yandex.ru;44403;7;3;2000.0;325.0;3500.0;7
15.10.2021;2745;;4 700;completed;Liambrown66@mail.ru;44302;4;3;800.0;1900.0;2000.0;10
20.05.2021;2088;;9 000;completed;Liamtaylor2007@yandex.ru;44336;5;3;3500.0;3500.0;2000.0;5
14.06.2021;3764;;4 387;completed;Williammoore1993@yandex.ru;44316;4;3;1900.0;1900.0;587.0;6
16.11.2021;3570;;1 761;completed;Sophialopez0@outlook.com;44315;4;3;587.0;587.0;587.0;11
08.09.2021;3092;;1 665;completed;sophiathomas0@gmail.com;44447;9;3;240.0;1100.0;325.0;9
26.11.2021;2112;;5 487;completed;Alexandermoore1993@mail.ru;44526;11;2;;587.0;4900.0;11
21.01.2022;4061;;5 465;completed;Liamwilliams12@yahoo.com;44582;13;3;240.0;325.0;4900.0;13
17.03.2021;1410;;4 800;completed;Isabellaanderson88@mail.ru;44272;3;3;2000.0;2000.0;800.0;3
15.09.2021;2750;;5 940;completed;Charlottetaylor69@yandex.ru;44313;4;3;800.0;4900.0;240.0;9
21.02.2021;2997;;1 802;completed;lucaslopez33@gmail.com;44248;2;3;587.0;890.0;325.0;2
02.09.2021;1514;;8 987;completed;alexanderlopez88@gmail.com;44441;9;3;4900.0;587.0;3500.0;9
20.12.2021;1840;;3 590;completed;williambrown33@gmail.com;44259;3;3;1900.0;890.0;800.0;12
18.09.2021;2362;;6 900;completed;Alexanderwilliams2007@mail.ru;44389;7;2;;4900.0;2000.0;9
24.05.2021;1957;;1 802;completed;Lucasanderson88@mail.ru;44340;5;3;325.0;890.0;587.0;5
16.02.2021;3174;;6 500;completed;Sophiasmith33@mail.ru;44243;2;3;1900.0;3500.0;1100.0;2
08.08.2021;3650;;1 687;completed;Avataylor69@yahoo.com;44385;7;2;;587.0;1100.0;8
28.04.2021;1272;;1 365;returned;Oliversmith88@yahoo.com;44314;4;3;800.0;325.0;240.0;4
14.03.2021;3590;;1 900;completed;charlottethomas12@outlook.com;44269;3;2;800.0;1100.0;;3
01.06.2021;2797;;5 487;completed;avawilliams2007@yahoo.com;44348;6;2;4900.0;587.0;;6
17.06.2021;3894;;2 225;completed;Avasmith1993@mail.ru;44364;6;2;325.0;1900.0;;6
21.02.2021;3019;;4 790;completed;Avaanderson1993@mail.ru;44248;2;3;2000.0;1900.0;890.0;2
25.05.2021;1383;;6 290;completed;lucastaylor1993@gmail.com;44248;2;3;1900.0;3500.0;890.0;5
08.08.2021;1236;;4 925;completed;alexanderwilliams88@gmail.com;44416;8;3;325.0;1100.0;3500.0;8
25.05.2021;3082;;2 487;completed;Charlottebrown12@yandex.ru;44318;5;2;1900.0;587.0;;5
09.09.2021;4025;;5 187;completed;Oliverwilliams1993@mail.ru;44448;9;3;3500.0;1100.0;587.0;9
09.10.2021;2599;;5 190;completed;Isabellajackson2007@mail.ru;44438;8;3;3500.0;890.0;800.0;10
14.11.2021;1248;;6 680;completed;isabellajackson33@gmail.com;44286;3;3;890.0;4900.0;890.0;11
02.02.2022;1576;;7 700;completed;Liamjackson69@yandex.ru;44594;14;3;800.0;2000.0;4900.0;14
13.01.2022;2503;;4 540;completed;Isabellasmith13@mail.ru;44574;13;3;3500.0;240.0;800.0;13
09.11.2021;2888;;5 812;completed;Sophiajackson2007@yahoo.com;44325;5;3;587.0;325.0;4900.0;11
01.06.2021;3290;;5 500;returned;Charlottemartinez2007@gmail.com;44348;6;2;;2000.0;3500.0;6
07.01.2022;3611;;5 140;completed;Alexanderanderson33@yahoo.com;44568;13;2;;240.0;4900.0;13
27.03.2021;2703;;4 000;completed;Avalopez13@yahoo.com;44282;3;2;2000.0;;2000.0;3
15.04.2021;3019;;2 140;returned;Avaanderson1993@mail.ru;44248;2;3;1100.0;800.0;240.0;4
08.03.2021;2319;;2 890;completed;Lucaswilliams33@yahoo.com;44263;3;2;2000.0;890.0;;3
11.12.2021;1453;;2 490;completed;Isabellataylor1987@yandex.ru;44338;5;3;890.0;800.0;800.0;12
27.03.2021;2094;;7 387;completed;Liammartinez33@yahoo.com;44273;3;3;1900.0;4900.0;587.0;3
27.11.2021;4041;;4 600;completed;Olivermoore69@yahoo.com;44527;11;3;1900.0;800.0;1900.0;11
20.10.2021;1896;;1 340;completed;Sophiawilliams0@mail.ru;44244;2;2;240.0;;1100.0;10
31.08.2021;1937;;7 890;completed;Lucasthomas0@outlook.com;44420;8;3;3500.0;890.0;3500.0;8
29.05.2021;2920;;1 067;completed;liammartinez1993@gmail.com;44245;2;3;240.0;240.0;587.0;5
30.06.2021;1385;;3 025;completed;Lucaswilliams2007@mail.ru;44377;6;3;325.0;1900.0;800.0;6
27.11.2021;3943;;2 487;returned;Lucaslopez13@yandex.ru;44527;11;2;587.0;1900.0;;11
03.09.2021;2862;;2 187;completed;Lucasmartinez1987@yandex.ru;44442;9;3;587.0;800.0;800.0;9
10.03.2021;1681;;1 927;returned;Emmataylor13@mail.ru;44265;3;3;1100.0;240.0;587.0;3
17.02.2021;1593;;2 325;completed;Charlottelopez13@mail.ru;44244;2;2;325.0;;2000.0;2
26.12.2021;1548;;2 015;completed;Charlottejackson2007@outlook.com;44556;12;3;325.0;890.0;800.0;12
01.08.2021;3678;;1 540;returned;Lucaslopez0@outlook.com;44409;8;3;325.0;325.0;890.0;8
23.03.2021;1644;;4 327;completed;Lucasthomas1993@outlook.com;44278;3;3;3500.0;587.0;240.0;3
20.09.2021;1658;;5 100;completed;liammoore0@gmail.com;44459;9;3;800.0;800.0;3500.0;9
17.03.2021;2934;;3 425;completed;Isabellajackson12@outlook.com;44272;3;3;2000.0;1100.0;325.0;3
20.11.2021;1321;;5 225;completed;Alexanderanderson12@mail.ru;44453;9;2;;325.0;4900.0;11
29.04.2021;1286;;3 900;completed;williamwilliams1987@gmail.com;44288;4;3;2000.0;800.0;1100.0;4
17.06.2021;3411;;2 565;returned;alexanderlopez12@gmail.com;44364;6;3;2000.0;325.0;240.0;6
25.03.2021;2392;;10 900;completed;Emmalopez13@yahoo.com;44270;3;3;4900.0;1100.0;4900.0;3
30.12.2021;3159;;3 825;returned;charlottelopez66@gmail.com;44560;12;2;;3500.0;325.0;12
06.02.2022;1810;;650;completed;Isabellaanderson12@outlook.com;44598;14;2;325.0;325.0;;14
11.10.2021;3822;;2 277;returned;Charlottelopez0@outlook.com;44438;8;3;587.0;800.0;890.0;10
12.12.2021;2464;;6 290;completed;Lucasanderson66@mail.ru;44542;12;3;1900.0;890.0;3500.0;12
25.04.2021;3645;;4 715;completed;emmasmith33@gmail.com;44311;4;3;3500.0;325.0;890.0;4
22.06.2021;1363;;2 380;completed;Isabellamoore66@yandex.ru;44369;6;3;240.0;1900.0;240.0;6
12.04.2021;1721;;6 325;completed;liamsmith1993@gmail.com;44298;4;3;325.0;4900.0;1100.0;4
24.02.2021;2978;;3 425;completed;sophiamartinez88@gmail.com;44251;2;3;1100.0;2000.0;325.0;2
11.06.2021;3599;;7 400;completed;charlottejackson66@gmail.com;44306;4;3;2000.0;3500.0;1900.0;6
14.07.2021;2507;;1 425;returned;charlottewilliams88@outlook.com;44391;7;2;325.0;1100.0;;7
22.04.2021;2103;;7 240;returned;Lucasanderson69@yandex.ru;44308;4;3;3500.0;240.0;3500.0;4
09.08.2021;2719;;6 800;completed;avataylor88@gmail.com;44309;4;3;4900.0;1100.0;800.0;8
26.07.2021;2804;;2 274;completed;lucasbrown0@gmail.com;44403;7;3;587.0;1100.0;587.0;7
09.01.2022;3674;;4 700;completed;Lucaslopez88@yahoo.com;44570;13;3;2000.0;800.0;1900.0;13
18.09.2021;2956;;9 000;returned;Williamlopez33@yandex.ru;44457;9;3;3500.0;3500.0;2000.0;9
28.08.2021;1541;;4 327;completed;Olivertaylor88@outlook.com;44436;8;3;3500.0;587.0;240.0;8
13.06.2021;2129;;2 015;completed;Liamthomas69@yandex.ru;44352;6;3;890.0;325.0;800.0;6
05.07.2021;2933;;1 712;completed;Isabellalopez66@mail.ru;44382;7;3;587.0;800.0;325.0;7
03.07.2021;1441;;4 700;completed;Charlottejackson13@yahoo.com;44380;7;3;2000.0;800.0;1900.0;7
01.08.2021;2596;;4 840;completed;Isabellaanderson66@mail.ru;44409;8;3;1100.0;240.0;3500.0;8
26.06.2021;2395;;5 190;returned;Olivertaylor1987@outlook.com;44373;6;3;800.0;3500.0;890.0;6
05.11.2021;3293;;9 000;completed;Avamartinez12@mail.ru;44342;5;3;3500.0;2000.0;3500.0;11
25.02.2021;3196;;912;completed;Olivertaylor13@yahoo.com;44252;2;2;;587.0;325.0;2
08.01.2022;3021;;3 125;completed;Avathomas1987@mail.ru;44569;13;3;800.0;2000.0;325.0;13
05.09.2021;2838;;2 800;returned;Alexandermartinez0@mail.ru;44315;4;2;;800.0;2000.0;9
15.09.2021;2016;;2 225;returned;Oliverwilliams33@yahoo.com;44454;9;3;800.0;325.0;1100.0;9
09.07.2021;1595;;1 927;completed;alexanderanderson0@gmail.com;44266;3;3;240.0;1100.0;587.0;7
02.07.2021;2047;;2 565;completed;lucasmartinez88@gmail.com;44379;7;3;325.0;240.0;2000.0;7
02.07.2021;1261;;3 240;completed;Emmataylor2007@yahoo.com;44379;7;3;1900.0;240.0;1100.0;7
19.02.2021;2019;;1 717;completed;Liamwilliams33@yahoo.com;44246;2;3;890.0;240.0;587.0;2
28.05.2021;2972;;4 625;completed;oliveranderson66@gmail.com;44292;4;3;3500.0;800.0;325.0;5
11.11.2021;3809;;1 125;completed;charlottemoore33@gmail.com;44250;2;2;800.0;325.0;;11
09.02.2022;1801;;5 140;completed;Williamthomas12@yahoo.com;44301;4;2;240.0;4900.0;;14
12.11.2021;3379;;5 700;completed;Isabellamoore66@yandex.ru;44512;11;2;800.0;;4900.0;11
22.01.2022;4019;;4 630;completed;williamthomas88@gmail.com;44379;7;3;240.0;890.0;3500.0;13
25.05.2021;1421;;4 065;completed;Alexandermartinez0@yahoo.com;44341;5;3;3500.0;240.0;325.0;5
28.06.2021;2606;;6 087;completed;Charlottethomas0@yahoo.com;44375;6;3;2000.0;587.0;3500.0;6
14.09.2021;2241;;325;completed;Alexandermartinez0@yandex.ru;44453;9;1;;325.0;;9
17.02.2021;2946;;7 300;completed;Oliverthomas12@mail.ru;44244;2;3;3500.0;1900.0;1900.0;2
12.02.2022;1965;;2 800;returned;Charlottejackson1987@yandex.ru;44403;7;2;2000.0;800.0;;14
11.10.2021;2801;;2 700;completed;Lucasmoore66@yandex.ru;44373;6;2;1900.0;;800.0;10
29.11.2021;3059;;3 680;returned;liamtaylor88@gmail.com;44269;3;3;1900.0;890.0;890.0;11
08.11.2021;1407;;3 980;completed;Williamjackson0@yandex.ru;44355;6;3;3500.0;240.0;240.0;11
30.12.2021;3916;;4 630;returned;Sophiamartinez12@mail.ru;44388;7;3;3500.0;890.0;240.0;12
22.12.2021;1664;;4 625;completed;Alexanderthomas12@mail.ru;44267;3;3;3500.0;325.0;800.0;12
18.05.2021;4060;;3 477;completed;Charlottewilliams88@mail.ru;44334;5;3;587.0;890.0;2000.0;5
07.06.2021;3720;;1 425;completed;isabellajackson66@gmail.com;44354;6;2;325.0;1100.0;;6
17.03.2021;3368;;7 400;completed;alexandermoore1993@gmail.com;44272;3;3;1900.0;3500.0;2000.0;3
17.03.2021;3162;;9 200;completed;Liammoore1993@mail.ru;44272;3;3;4900.0;3500.0;800.0;3
05.09.2021;4160;;6 587;completed;charlottethomas13@gmail.com;44444;9;3;587.0;1100.0;4900.0;9
16.02.2021;3531;;2 812;completed;Alexanderjackson1993@outlook.com;44243;2;3;325.0;587.0;1900.0;2
13.06.2021;3978;;5 380;completed;avamoore88@gmail.com;44360;6;3;4900.0;240.0;240.0;6
21.09.2021;2771;;5 140;completed;Avalopez66@mail.ru;44460;9;2;4900.0;240.0;;9
31.07.2021;2194;;3 740;completed;Oliverlopez33@mail.ru;44289;4;2;240.0;3500.0;;7
05.09.2021;3799;;3 825;completed;Williammoore12@mail.ru;44282;3;2;;325.0;3500.0;9
12.01.2022;4027;;7 700;completed;Alexanderwilliams88@yandex.ru;44300;4;3;2000.0;4900.0;800.0;13
15.07.2021;3928;;8 400;returned;alexandersmith66@gmail.com;44392;7;2;3500.0;;4900.0;7
03.05.2021;1343;;3 325;completed;Avathomas0@yandex.ru;44319;5;3;1900.0;325.0;1100.0;5
09.03.2021;3761;;3 025;completed;williamwilliams1987@gmail.com;44264;3;3;1900.0;325.0;800.0;3
27.03.2021;2290;;2 140;completed;Liamtaylor1987@yahoo.com;44282;3;3;240.0;1100.0;800.0;3
05.02.2022;3375;;2 940;returned;Oliverjackson1987@yandex.ru;44597;14;3;240.0;800.0;1900.0;14
13.03.2021;3981;;4 412;completed;Emmathomas69@mail.ru;44263;3;3;3500.0;587.0;325.0;3
12.01.2022;2461;;5 187;completed;Lucaswilliams88@outlook.com;44284;3;3;1100.0;587.0;3500.0;13
21.06.2021;1562;;3 825;completed;isabellathomas33@gmail.com;44368;6;2;325.0;;3500.0;6
03.12.2021;3310;;3 287;completed;isabellalopez69@gmail.com;44533;12;3;1900.0;587.0;800.0;12
10.11.2021;1842;;6 377;completed;Liamlopez1993@outlook.com;44247;2;3;890.0;4900.0;587.0;11
24.09.2021;1411;;5 100;completed;Charlottejackson12@yandex.ru;44440;9;3;800.0;800.0;3500.0;9
05.02.2022;1660;;9 200;completed;williamlopez13@gmail.com;44389;7;3;3500.0;800.0;4900.0;14
31.08.2021;3350;;6 200;completed;Lucasmoore88@yahoo.com;44439;8;3;3500.0;1900.0;800.0;8
17.04.2021;3495;;1 665;completed;Olivertaylor66@yandex.ru;44303;4;3;325.0;1100.0;240.0;4
25.03.2021;3045;;1 840;completed;Charlotteanderson1993@mail.ru;44280;3;3;800.0;240.0;800.0;3
20.07.2021;2552;;3 890;completed;charlottemartinez12@gmail.com;44397;7;3;1900.0;890.0;1100.0;7
06.11.2021;2124;;4 625;completed;williammoore2007@gmail.com;44506;11;3;800.0;325.0;3500.0;11
23.02.2021;3392;;1 802;completed;Liamlopez0@yahoo.com;44250;2;3;325.0;587.0;890.0;2
06.08.2021;3794;;6 500;completed;Oliverthomas1993@yahoo.com;44414;8;3;800.0;800.0;4900.0;8
01.03.2021;1954;;4 600;completed;Isabellathomas0@yahoo.com;44256;3;3;800.0;1900.0;1900.0;3
06.12.2021;2659;;8 640;completed;Liamtaylor1993@yahoo.com;44401;7;3;240.0;4900.0;3500.0;12
06.05.2021;3598;;2 487;completed;Sophiamoore33@yandex.ru;44322;5;2;587.0;1900.0;;5
16.07.2021;3925;;1 130;completed;Lucaswilliams69@mail.ru;44393;7;2;240.0;;890.0;7
02.06.2021;2245;;8 800;returned;emmathomas69@gmail.com;44315;4;3;4900.0;1900.0;2000.0;6
16.04.2021;2639;;10 600;completed;Charlottetaylor1993@yahoo.com;44302;4;3;4900.0;4900.0;800.0;4
22.08.2021;3271;;7 487;returned;Sophiabrown13@mail.ru;44430;8;3;4900.0;587.0;2000.0;8
12.12.2021;1607;;4 087;completed;Emmathomas2007@outlook.com;44375;6;2;;587.0;3500.0;12
28.09.2021;3900;;890;completed;Oliverwilliams69@yandex.ru;44467;9;1;;;890.0;9
22.03.2021;2204;;2 015;returned;Lucasanderson2007@yahoo.com;44277;3;3;325.0;890.0;800.0;3
07.01.2022;1440;;4 890;completed;Isabellataylor66@mail.ru;44568;13;3;2000.0;2000.0;890.0;13
26.12.2021;4173;;1 130;completed;Lucassmith66@yandex.ru;44282;3;2;;240.0;890.0;12
23.10.2021;3870;;1 125;returned;Alexanderwilliams13@outlook.com;44492;10;2;325.0;;800.0;10
03.12.2021;4066;;10 900;completed;Isabellasmith1987@yandex.ru;44295;4;3;4900.0;1100.0;4900.0;12
07.07.2021;2351;;2 670;completed;sophiasmith66@gmail.com;44384;7;3;890.0;890.0;890.0;7
26.02.2021;2069;;2 565;completed;Alexanderlopez1987@outlook.com;44253;2;3;240.0;2000.0;325.0;2
04.05.2021;2382;;3 130;returned;Charlottetaylor13@mail.ru;44320;5;3;240.0;2000.0;890.0;5
08.02.2022;2433;;6 325;completed;Sophiasmith1993@mail.ru;44320;5;3;325.0;1100.0;4900.0;14
16.08.2021;3736;;6 600;completed;Charlottewilliams69@outlook.com;44253;2;3;2000.0;3500.0;1100.0;8
06.04.2021;3683;;1 930;completed;Williamthomas12@yahoo.com;44292;4;3;890.0;240.0;800.0;4
25.08.2021;1505;;2 140;completed;williamanderson0@gmail.com;44391;7;3;800.0;240.0;1100.0;8
31.10.2021;1617;;6 800;completed;isabellabrown66@gmail.com;44347;5;3;4900.0;1100.0;800.0;10
28.10.2021;1844;;6 600;completed;liamanderson13@gmail.com;44419;8;3;3500.0;1100.0;2000.0;10
27.11.2021;3912;;5 640;completed;williamlopez88@gmail.com;44454;9;3;240.0;1900.0;3500.0;11
30.11.2021;1591;;5 187;returned;Liammartinez1993@outlook.com;44260;3;3;1100.0;3500.0;587.0;11
19.10.2021;4027;;6 390;completed;Alexanderwilliams88@yandex.ru;44300;4;3;3500.0;2000.0;890.0;10
02.11.2021;3819;;3 890;completed;Lucasanderson1987@mail.ru;44502;11;3;890.0;1900.0;1100.0;11
20.12.2021;2262;;3 025;returned;Oliveranderson13@outlook.com;44442;9;3;1900.0;325.0;800.0;12
11.12.2021;1271;;5 987;completed;Lucassmith1993@yahoo.com;44287;4;3;587.0;3500.0;1900.0;12
24.05.2021;2844;;2 812;completed;Liamthomas33@yandex.ru;44340;5;3;587.0;325.0;1900.0;5
10.03.2021;3133;;1 712;completed;Liamthomas12@mail.ru;44265;3;3;587.0;325.0;800.0;3
20.03.2021;3126;;5 987;completed;Charlottelopez69@yandex.ru;44275;3;3;1900.0;3500.0;587.0;3
09.06.2021;4108;;7 900;completed;emmawilliams0@gmail.com;44264;3;3;1900.0;4900.0;1100.0;6
06.07.2021;3741;;2 140;completed;liamsmith88@gmail.com;44383;7;2;240.0;1900.0;;7
23.04.2021;3307;;5 550;returned;alexandermartinez1993@gmail.com;44309;4;3;325.0;4900.0;325.0;4
12.12.2021;2947;;2 480;completed;Olivermoore33@yahoo.com;44293;4;3;240.0;2000.0;240.0;12
02.03.2021;3283;;6 390;completed;Liamjackson13@outlook.com;44257;3;3;2000.0;3500.0;890.0;3
19.04.2021;3689;;6 030;completed;Olivertaylor12@yahoo.com;44305;4;3;240.0;4900.0;890.0;4
05.11.2021;3889;;3 587;completed;Isabellalopez33@mail.ru;44505;11;3;587.0;1100.0;1900.0;11
20.06.2021;2107;;4 412;completed;Sophiabrown1987@yandex.ru;44328;5;3;3500.0;587.0;325.0;6
04.04.2021;1797;;2 940;completed;Oliversmith69@mail.ru;44290;4;3;1900.0;800.0;240.0;4
08.09.2021;3235;;6 240;completed;Sophiaanderson12@outlook.com;44373;6;3;240.0;4900.0;1100.0;9
11.03.2021;2897;;6 025;completed;Oliverbrown13@mail.ru;44266;3;3;800.0;325.0;4900.0;3
06.01.2022;1562;;4 200;completed;isabellathomas33@gmail.com;44368;6;3;2000.0;1100.0;1100.0;13
23.09.2021;2634;;7 000;completed;isabellawilliams1987@gmail.com;44249;2;2;3500.0;;3500.0;9
10.11.2021;2475;;1 802;returned;Isabellamoore66@outlook.com;44268;3;3;587.0;890.0;325.0;11
09.03.2021;2372;;650;completed;charlottesmith13@gmail.com;44264;3;2;325.0;325.0;;3
14.08.2021;1572;;3 990;completed;Olivermartinez2007@mail.ru;44422;8;3;1100.0;2000.0;890.0;8
04.11.2021;3119;;5 190;completed;sophiamoore13@gmail.com;44504;11;3;3500.0;800.0;890.0;11
04.07.2021;1449;;1 370;returned;Sophiaanderson88@yahoo.com;44246;2;3;240.0;240.0;890.0;7
15.10.2021;1585;;2 230;completed;Charlottemoore2007@yahoo.com;44484;10;3;240.0;890.0;1100.0;10
28.04.2021;2284;;7 040;completed;Oliverbrown1993@gmail.com;44314;4;3;1900.0;240.0;4900.0;4
01.04.2021;2369;;7 487;completed;alexandermoore1993@gmail.com;44287;4;3;2000.0;4900.0;587.0;4
08.02.2022;1760;;5 100;completed;Williamlopez69@outlook.com;44402;7;3;800.0;3500.0;800.0;14
22.02.2021;1587;;1 280;completed;Oliverthomas33@mail.ru;44249;2;3;240.0;240.0;800.0;2
20.02.2021;3391;;3 000;returned;Isabellajackson0@outlook.com;44247;2;3;1100.0;800.0;1100.0;2
22.11.2021;3197;;6 680;completed;Olivermartinez2007@mail.ru;44243;2;3;4900.0;890.0;890.0;11
24.03.2021;1862;;2 315;completed;emmamoore13@gmail.com;44279;3;3;1100.0;890.0;325.0;3
19.10.2021;2366;;2 890;completed;Liamwilliams88@mail.ru;44330;5;2;;890.0;2000.0;10
20.01.2022;3717;;2 225;completed;Liamanderson69@outlook.com;44581;13;2;;1900.0;325.0;13
02.10.2021;2177;;3 325;completed;Liamtaylor0@yahoo.com;44471;10;3;1100.0;325.0;1900.0;10
22.04.2021;2763;;6 000;returned;alexanderanderson1987@gmail.com;44308;4;3;2000.0;2000.0;2000.0;4
26.12.2021;2717;;1 717;completed;Charlottelopez2007@yandex.ru;44386;7;3;587.0;890.0;240.0;12
08.06.2021;2224;;9 200;returned;avathomas66@gmail.com;44274;3;3;3500.0;800.0;4900.0;6
24.11.2021;1758;;6 587;returned;alexandersmith12@gmail.com;44419;8;3;4900.0;587.0;1100.0;11
22.02.2021;3699;;5 465;completed;liambrown12@gmail.com;44249;2;3;325.0;4900.0;240.0;2
17.11.2021;2187;;1 717;returned;Williammartinez12@yahoo.com;44268;3;3;587.0;890.0;240.0;11
16.04.2021;2745;;2 315;completed;Liambrown66@mail.ru;44302;4;3;1100.0;890.0;325.0;4
05.01.2022;2298;;4 900;completed;Alexanderlopez88@mail.ru;44566;13;3;1900.0;1100.0;1900.0;13
26.11.2021;3813;;2 020;completed;Isabellasmith13@yahoo.com;44526;11;3;890.0;890.0;240.0;11
16.05.2021;1993;;3 740;completed;Emmamartinez0@outlook.com;44332;5;2;3500.0;;240.0;5
20.09.2021;1594;;4 700;completed;Lucasanderson69@mail.ru;44243;2;3;1900.0;800.0;2000.0;9
24.08.2021;3810;;3 740;completed;Oliverthomas2007@yahoo.com;44432;8;2;3500.0;240.0;;8
07.04.2021;3918;;8 987;completed;Emmamartinez0@outlook.com;44245;2;3;4900.0;587.0;3500.0;4
02.07.2021;1725;;5 140;returned;Williammoore69@yandex.ru;44379;7;2;;240.0;4900.0;7
31.03.2021;4176;;2 587;completed;alexanderlopez33@gmail.com;44286;3;2;587.0;2000.0;;3
27.07.2021;2856;;6 900;returned;Charlottetaylor1987@outlook.com;44404;7;2;;4900.0;2000.0;7
26.12.2021;3017;;2 812;returned;isabellathomas1987@gmail.com;44258;3;3;325.0;1900.0;587.0;12
31.10.2021;2935;;4 387;completed;isabellasmith1987@gmail.com;44462;9;3;1900.0;1900.0;587.0;10
23.08.2021;3785;;3 377;returned;Williamsmith2007@mail.ru;44306;4;3;587.0;1900.0;890.0;8
02.04.2021;1632;;1 280;completed;Isabellathomas1987@outlook.com;44288;4;3;240.0;240.0;800.0;4
26.12.2021;1552;;1 130;completed;Liamjackson69@yandex.ru;44364;6;2;240.0;;890.0;12
29.04.2021;2245;;1 152;returned;emmathomas69@gmail.com;44315;4;3;587.0;325.0;240.0;4
24.02.2021;3923;;4 600;completed;Lucaswilliams13@yahoo.com;44251;2;3;800.0;1900.0;1900.0;2
14.04.2021;3618;;3 000;completed;Emmajackson1993@yandex.ru;44272;3;3;800.0;1100.0;1100.0;4
31.10.2021;3103;;8 700;completed;liamwilliams13@gmail.com;44308;4;3;4900.0;1900.0;1900.0;10
23.11.2021;2612;;7 387;completed;Alexandersmith66@yandex.ru;44333;5;3;587.0;4900.0;1900.0;11
21.02.2021;1699;;5 790;completed;Liammoore1987@mail.ru;44248;2;2;890.0;4900.0;;2
05.09.2021;3476;;6 600;completed;Emmamoore2007@yandex.ru;44327;5;3;3500.0;1100.0;2000.0;9
19.05.2021;2726;;650;completed;emmabrown2007@outlook.com;44256;3;2;;325.0;325.0;5
25.07.2021;2621;;2 812;completed;liamanderson1987@gmail.com;44402;7;3;325.0;587.0;1900.0;7
01.07.2021;1262;;10 690;completed;alexanderthomas33@gmail.com;44378;7;3;4900.0;4900.0;890.0;7
13.05.2021;3892;;4 925;completed;Isabellathomas69@yandex.ru;44329;5;3;3500.0;325.0;1100.0;5
19.02.2021;2123;;7 040;completed;Lucasjackson1993@yahoo.com;44246;2;3;240.0;1900.0;4900.0;2
05.08.2021;1350;;7 600;completed;Isabellamartinez69@outlook.com;44282;3;3;1900.0;4900.0;800.0;8
12.04.2021;1570;;3 377;completed;Isabellalopez2007@yahoo.com;44298;4;3;890.0;587.0;1900.0;4
17.11.2021;4038;;6 390;returned;williamtaylor66@gmail.com;44494;10;3;2000.0;3500.0;890.0;11
18.11.2021;1408;;4 540;completed;Isabellamoore2007@outlook.com;44407;7;3;800.0;3500.0;240.0;11
10.01.2022;1280;;1 750;completed;Sophiamoore13@yandex.ru;44341;5;3;325.0;1100.0;325.0;13
26.06.2021;3410;;7 790;completed;Charlottelopez1987@yandex.ru;44320;5;3;4900.0;890.0;2000.0;6
17.03.2021;3054;;2 315;completed;Sophiajackson2007@mail.ru;44247;2;3;325.0;890.0;1100.0;3
29.11.2021;2481;;5 487;completed;alexanderwilliams1987@gmail.com;44529;11;2;4900.0;587.0;;11
11.02.2022;2064;;4 715;completed;Sophiasmith66@yahoo.com;44286;3;3;325.0;3500.0;890.0;14
28.01.2022;4148;;3 040;returned;Alexanderlopez69@yandex.ru;44589;13;3;2000.0;800.0;240.0;13
22.12.2021;2597;;1 174;completed;Sophiajackson69@yandex.ru;44382;7;2;587.0;;587.0;12
31.05.2021;1761;;7 600;completed;Charlottetaylor1987@yandex.ru;44347;5;3;1900.0;800.0;4900.0;5
26.11.2021;2635;;6 587;completed;Williamanderson69@outlook.com;44526;11;3;587.0;4900.0;1100.0;11
15.10.2021;1418;;3 030;completed;Isabellasmith33@yahoo.com;44472;10;3;240.0;890.0;1900.0;10
14.08.2021;2939;;5 740;completed;Oliverbrown2007@mail.ru;44422;8;3;2000.0;240.0;3500.0;8
13.03.2021;2475;;6 500;completed;Isabellamoore66@outlook.com;44268;3;3;3500.0;1100.0;1900.0;3
08.09.2021;2103;;4 390;completed;Lucasanderson69@yandex.ru;44308;4;2;;3500.0;890.0;9
01.08.2021;1771;;9 200;completed;Emmawilliams2007@yandex.ru;44289;4;3;4900.0;800.0;3500.0;8
02.03.2021;1398;;2 700;completed;Avaanderson66@yandex.ru;44257;3;2;1900.0;800.0;;3
06.05.2021;1616;;8 800;completed;Oliveranderson13@mail.ru;44322;5;3;1900.0;2000.0;4900.0;5
25.05.2021;1280;;10 300;completed;Sophiamoore13@yandex.ru;44341;5;3;3500.0;1900.0;4900.0;5
30.01.2022;2195;;2 140;completed;sophiamoore0@gmail.com;44316;4;3;1100.0;240.0;800.0;13
02.02.2022;2056;;7 587;returned;Isabellathomas13@outlook.com;44247;2;3;587.0;3500.0;3500.0;14
11.02.2022;1307;;2 490;completed;Charlottelopez0@mail.ru;44603;14;3;800.0;890.0;800.0;14
15.02.2022;2317;;2 550;completed;Liamlopez13@outlook.com;44250;2;3;325.0;1900.0;325.0;14
20.09.2021;1436;;1 455;completed;Liamjackson33@yahoo.com;44459;9;3;240.0;890.0;325.0;9
19.03.2021;1645;;1 540;completed;avasmith0@gmail.com;44274;3;3;890.0;325.0;325.0;3
05.10.2021;1441;;3 287;completed;Charlottejackson13@yahoo.com;44380;7;3;1900.0;800.0;587.0;10
09.10.2021;2017;;6 115;completed;Avajackson13@yahoo.com;44478;10;3;890.0;4900.0;325.0;10
09.11.2021;4106;;1 750;completed;Alexandertaylor13@mail.ru;44509;11;3;1100.0;325.0;325.0;11
18.04.2021;2390;;2 465;completed;Liamtaylor33@outlook.com;44304;4;3;325.0;240.0;1900.0;4
05.11.2021;1258;;13 300;completed;Isabellataylor1987@yandex.ru;44371;6;3;4900.0;4900.0;3500.0;11
20.07.2021;1728;;7 487;completed;Liammartinez0@mail.ru;44291;4;3;2000.0;587.0;4900.0;7
03.08.2021;3767;;2 577;completed;Charlottebrown1993@outlook.com;44359;6;3;587.0;890.0;1100.0;8
16.09.2021;3211;;912;completed;Avalopez1987@mail.ru;44324;5;2;;325.0;587.0;9
06.12.2021;1838;;6 390;completed;Emmamoore13@mail.ru;44349;6;3;2000.0;890.0;3500.0;12
23.06.2021;2471;;5 140;completed;Emmamoore13@yandex.ru;44370;6;2;4900.0;240.0;;6
06.07.2021;2462;;7 040;completed;Isabellaanderson1987@gmail.com;44383;7;3;4900.0;240.0;1900.0;7
04.01.2022;2235;;5 225;completed;Emmamoore66@mail.ru;44324;5;2;325.0;;4900.0;13
30.07.2021;3478;;6 300;returned;Alexandertaylor88@outlook.com;44391;7;3;2000.0;3500.0;800.0;7
02.03.2021;3993;;1 365;completed;sophiamartinez13@gmail.com;44243;2;3;240.0;325.0;800.0;3
01.05.2021;3513;;587;completed;Sophiawilliams33@yandex.ru;44317;5;1;;;587.0;5
13.07.2021;2921;;7 790;returned;Avataylor1987@mail.ru;44390;7;3;890.0;2000.0;4900.0;7
24.12.2021;1422;;5 640;completed;Sophiabrown88@yahoo.com;44374;6;3;1900.0;240.0;3500.0;12
12.05.2021;3876;;2 187;returned;Liamthomas13@yandex.ru;44317;5;3;800.0;800.0;587.0;5
02.10.2021;3885;;9 290;completed;lucasthomas66@gmail.com;44471;10;3;4900.0;890.0;3500.0;10
31.12.2021;3318;;5 790;completed;Alexanderthomas1987@outlook.com;44285;3;2;890.0;4900.0;;12
08.07.2021;3590;;5 465;returned;charlottethomas12@outlook.com;44269;3;3;240.0;325.0;4900.0;7
21.03.2021;2566;;4 100;completed;Oliverjackson69@mail.ru;44276;3;3;1100.0;1900.0;1100.0;3
17.09.2021;2973;;2 800;completed;Charlottetaylor0@yandex.ru;44408;7;2;800.0;2000.0;;9
22.02.2021;2005;;6 287;completed;Isabellamoore1987@yandex.ru;44249;2;3;587.0;4900.0;800.0;2
24.02.2021;1638;;7 900;completed;Charlottewilliams1987@mail.ru;44251;2;3;1100.0;4900.0;1900.0;2
09.03.2021;2288;;3 690;returned;Emmasmith1993@outlook.com;44264;3;3;2000.0;800.0;890.0;3
05.10.2021;2312;;6 800;completed;Olivermartinez2007@outlook.com;44244;2;2;1900.0;4900.0;;10
12.09.2021;4181;;2 140;completed;Sophiathomas1993@yahoo.com;44451;9;2;1900.0;;240.0;9
01.07.2021;3055;;4 587;returned;Sophiathomas2007@mail.ru;44378;7;3;587.0;2000.0;2000.0;7
29.05.2021;2245;;8 987;completed;emmathomas69@gmail.com;44315;4;3;4900.0;3500.0;587.0;5
26.12.2021;3464;;6 500;completed;Avathomas0@yahoo.com;44267;3;3;4900.0;800.0;800.0;12
24.08.2021;4089;;5 700;completed;Avabrown33@yandex.ru;44415;8;3;1100.0;3500.0;1100.0;8
24.02.2021;1856;;5 140;completed;Sophiamartinez2007@yahoo.com;44251;2;2;;4900.0;240.0;2
19.11.2021;3307;;2 015;completed;alexandermartinez1993@gmail.com;44309;4;3;325.0;890.0;800.0;11
13.09.2021;2160;;2 480;completed;Charlottethomas88@gmail.com;44293;4;3;240.0;2000.0;240.0;9
02.09.2021;3550;;3 740;completed;Oliverwilliams0@yandex.ru;44348;6;2;;3500.0;240.0;9
18.10.2021;2010;;3 425;completed;Alexandertaylor1993@outlook.com;44446;9;3;325.0;2000.0;1100.0;10
11.06.2021;3493;;4 925;returned;Lucastaylor66@mail.ru;44331;5;3;325.0;3500.0;1100.0;6
16.10.2021;3740;;2 440;completed;Lucasanderson66@mail.ru;44289;4;3;240.0;1100.0;1100.0;10
16.09.2021;3814;;2 580;completed;Avathomas2007@yandex.ru;44455;9;3;890.0;800.0;890.0;9
11.06.2021;1797;;6 900;completed;Oliversmith69@mail.ru;44290;4;2;4900.0;2000.0;;6
27.04.2021;2051;;4 327;completed;Liamsmith2007@yandex.ru;44313;4;3;3500.0;587.0;240.0;4
23.06.2021;3906;;1 455;completed;Avajackson88@yandex.ru;44284;3;3;240.0;325.0;890.0;6
26.02.2021;2176;;6 377;completed;Emmataylor66@yahoo.com;44253;2;3;4900.0;890.0;587.0;2
02.03.2021;3001;;1 340;completed;williamtaylor1993@gmail.com;44257;3;2;;240.0;1100.0;3
11.07.2021;2725;;2 577;completed;Charlottethomas88@yandex.ru;44388;7;3;1100.0;890.0;587.0;7
15.01.2022;1989;;9 290;completed;Isabellamartinez88@yandex.ru;44362;6;3;890.0;3500.0;4900.0;13
17.11.2021;2960;;2 487;returned;Charlottelopez2007@yahoo.com;44323;5;2;1900.0;;587.0;11
20.07.2021;2142;;6 325;completed;Charlottemoore12@outlook.com;44397;7;3;325.0;1100.0;4900.0;7
17.07.2021;2983;;2 587;completed;Isabellajackson12@outlook.com;44394;7;2;587.0;2000.0;;7
08.11.2021;3090;;3 590;completed;Oliversmith13@mail.ru;44255;2;3;890.0;1900.0;800.0;11
05.04.2021;1382;;4 890;completed;williamthomas69@yahoo.com;44291;4;3;890.0;2000.0;2000.0;4
23.03.2021;1841;;1 900;completed;olivertaylor88@gmail.com;44278;3;1;1900.0;;;3
13.11.2021;2475;;3 125;completed;Isabellamoore66@outlook.com;44268;3;3;325.0;2000.0;800.0;11
11.02.2022;1790;;2 380;completed;alexanderlopez1993@gmail.com;44293;4;3;1900.0;240.0;240.0;14
30.10.2021;1655;;2 565;completed;Charlottemartinez2007@yandex.ru;44438;8;3;325.0;2000.0;240.0;10
26.08.2021;3867;;4 600;completed;Charlottelopez88@yandex.ru;44388;7;2;1100.0;3500.0;;8
04.09.2021;1830;;2 700;completed;Williamanderson69@mail.ru;44260;3;3;800.0;800.0;1100.0;9
28.04.2021;3521;;1 125;completed;Isabellataylor66@yandex.ru;44314;4;2;800.0;325.0;;4
08.07.2021;3286;;3 115;completed;charlottelopez1993@gmail.com;44385;7;3;1900.0;890.0;325.0;7
02.09.2021;2521;;1 040;returned;Williamlopez0@yahoo.com;44282;3;2;240.0;800.0;;9
16.08.2021;2100;;6 074;completed;Isabellathomas12@mail.ru;44424;8;3;587.0;587.0;4900.0;8
28.10.2021;2179;;1 100;returned;Isabellabrown2007@yandex.ru;44497;10;1;;1100.0;;10
11.07.2021;3050;;565;returned;Charlottemoore13@yahoo.com;44247;2;2;325.0;240.0;;7
02.02.2022;1653;;7 225;completed;Lucaswilliams1987@mail.ru;44295;4;3;4900.0;325.0;2000.0;14
02.01.2022;2682;;6 300;completed;Charlotteanderson2007@outlook.com;44312;4;3;3500.0;2000.0;800.0;13
11.05.2021;4167;;8 400;completed;Lucasbrown1993@mail.ru;44327;5;2;;3500.0;4900.0;5
03.12.2021;3436;;1 387;returned;Williamlopez1993@mail.ru;44516;11;2;800.0;587.0;;12
08.01.2022;3884;;3 025;returned;Liambrown2007@mail.ru;44569;13;3;325.0;1900.0;800.0;13
17.10.2021;3451;;2 565;completed;Charlottemoore69@yandex.ru;44449;9;3;325.0;240.0;2000.0;10
29.11.2021;3699;;5 700;completed;liambrown12@gmail.com;44249;2;2;800.0;4900.0;;11
05.06.2021;1533;;4 900;completed;Lucasanderson2007@outlook.com;44352;6;1;;;4900.0;6
21.07.2021;3442;;3 377;completed;Liammartinez1993@mail.ru;44398;7;3;587.0;890.0;1900.0;7
04.12.2021;3023;;1 780;completed;Sophialopez13@mail.ru;44309;4;2;890.0;890.0;;12
28.11.2021;4027;;3 040;completed;Alexanderwilliams88@yandex.ru;44300;4;3;2000.0;800.0;240.0;11
06.09.2021;3344;;2 550;completed;Alexanderbrown2007@outlook.com;44445;9;3;325.0;325.0;1900.0;9
07.10.2021;2506;;4 925;completed;liamthomas0@gmail.com;44297;4;3;3500.0;1100.0;325.0;10
18.12.2021;3668;;8 725;completed;Charlottejackson1993@yahoo.com;44381;7;3;3500.0;325.0;4900.0;12
30.01.2022;3077;;5 490;completed;Emmasmith13@yahoo.com;44591;13;3;890.0;3500.0;1100.0;13
26.02.2021;3386;;1 425;completed;Avajackson1987@yahoo.com;44253;2;2;1100.0;;325.0;2
18.01.2022;3941;;4 600;completed;Lucasmartinez33@mail.ru;44496;10;2;1100.0;;3500.0;13
04.10.2021;3274;;650;completed;Isabellawilliams0@mail.ru;44435;8;2;325.0;325.0;;10
15.04.2021;3964;;2 940;returned;Avamartinez1993@mail.ru;44301;4;3;1900.0;240.0;800.0;4
18.03.2021;2138;;9 500;completed;Emmabrown2007@mail.ru;44273;3;3;3500.0;1100.0;4900.0;3
20.03.2021;2986;;1 840;completed;Lucasanderson66@mail.ru;44244;2;3;800.0;800.0;240.0;3
31.12.2021;2032;;1 280;completed;Oliveranderson1993@yahoo.com;44561;12;3;800.0;240.0;240.0;12
29.10.2021;3916;;6 290;completed;Sophiamartinez12@mail.ru;44388;7;3;1900.0;890.0;3500.0;10
19.04.2021;3434;;4 412;completed;Emmabrown66@yandex.ru;44305;4;3;587.0;3500.0;325.0;4
05.12.2021;2678;;1 927;completed;Charlottelopez1987@outlook.com;44462;9;3;240.0;587.0;1100.0;12
22.08.2021;2115;;2 015;completed;Sophiawilliams33@gmail.com;44295;4;3;800.0;890.0;325.0;8
29.10.2021;3281;;5 940;returned;Emmalopez12@outlook.com;44498;10;3;240.0;800.0;4900.0;10
15.03.2021;2318;;6 025;returned;Avalopez2007@yahoo.com;44270;3;3;800.0;325.0;4900.0;3
23.05.2021;3591;;4 925;completed;Sophiabrown1993@outlook.com;44339;5;3;325.0;1100.0;3500.0;5
30.12.2021;3528;;4 140;completed;Sophiawilliams33@yahoo.com;44560;12;3;2000.0;240.0;1900.0;12
30.07.2021;2534;;6 800;completed;Oliversmith12@mail.ru;44407;7;3;4900.0;1100.0;800.0;7
25.03.2021;4087;;2 790;completed;isabellasmith0@gmail.com;44280;3;2;890.0;;1900.0;3
04.08.2021;1922;;3 130;completed;Williamthomas13@yandex.ru;44351;6;3;240.0;2000.0;890.0;8
15.12.2021;2646;;1 690;completed;Avamartinez2007@yahoo.com;44545;12;2;800.0;890.0;;12
28.11.2021;1550;;1 974;completed;isabellamartinez66@gmail.com;44528;11;3;587.0;587.0;800.0;11
06.10.2021;2349;;2 200;completed;emmajackson0@gmail.com;44263;3;2;1100.0;1100.0;;10
13.09.2021;3958;;1 130;completed;Avasmith69@outlook.com;44452;9;2;;240.0;890.0;9
17.02.2021;2536;;3 130;completed;Lucassmith1993@yahoo.com;44244;2;3;2000.0;240.0;890.0;2
08.11.2021;1837;;4 540;completed;Liamlopez69@outlook.com;44472;10;3;240.0;3500.0;800.0;11
20.02.2021;1851;;2 230;completed;Isabellajackson13@mail.ru;44247;2;3;240.0;1100.0;890.0;2
23.08.2021;1527;;565;completed;Liamwilliams2007@yandex.ru;44352;6;2;;240.0;325.0;8
16.01.2022;4159;;5 465;completed;Isabellamartinez88@yandex.ru;44484;10;3;4900.0;325.0;240.0;13
17.04.2021;1941;;4 630;completed;Avalopez1993@yandex.ru;44287;4;3;3500.0;240.0;890.0;4
01.12.2021;3567;;1 802;returned;Liamsmith13@mail.ru;44531;12;3;325.0;587.0;890.0;12
09.05.2021;1304;;650;completed;Charlottesmith1987@outlook.com;44315;4;2;325.0;325.0;;5
25.03.2021;2839;;1 540;completed;Alexanderthomas33@outlook.com;44280;3;3;890.0;325.0;325.0;3
02.07.2021;1868;;1 687;completed;Avaanderson1993@yahoo.com;44329;5;2;1100.0;587.0;;7
25.08.2021;2191;;2 487;completed;emmalopez66@gmail.com;44286;3;2;1900.0;;587.0;8
28.07.2021;2552;;4 700;returned;charlottemartinez12@gmail.com;44397;7;3;1900.0;800.0;2000.0;7
28.02.2021;3090;;2 525;completed;Oliversmith13@mail.ru;44255;2;3;325.0;1100.0;1100.0;2
26.10.2021;4080;;6 800;completed;Liamtaylor13@yandex.ru;44495;10;2;;4900.0;1900.0;10
05.01.2022;2626;;5 727;completed;Williammoore1987@yandex.ru;44566;13;3;4900.0;240.0;587.0;13
29.08.2021;2341;;3 680;completed;Liamthomas0@yandex.ru;44437;8;3;890.0;890.0;1900.0;8
26.02.2021;1833;;4 600;completed;alexandersmith0@gmail.com;44253;2;2;3500.0;;1100.0;2
29.03.2021;3412;;5 500;completed;Sophiamoore0@yandex.ru;44284;3;2;3500.0;;2000.0;3
15.09.2021;1314;;8 100;completed;williamthomas33@gmail.com;44454;9;3;3500.0;3500.0;1100.0;9
19.04.2021;2208;;8 640;completed;Liamanderson1993@yandex.ru;44301;4;3;3500.0;240.0;4900.0;4
30.11.2021;3431;;1 627;completed;Emmawilliams1987@outlook.com;44372;6;3;587.0;240.0;800.0;11
22.11.2021;2192;;2 367;completed;Sophiajackson66@mail.ru;44284;3;3;587.0;890.0;890.0;11
30.10.2021;1480;;1 780;completed;Alexandermoore69@yandex.ru;44327;5;2;890.0;890.0;;10
06.09.2021;3837;;1 990;completed;sophiaanderson88@gmail.com;44445;9;2;1100.0;890.0;;9
24.05.2021;2642;;3 215;completed;Oliveranderson0@outlook.com;44285;3;3;2000.0;890.0;325.0;5
05.01.2022;1800;;8 800;completed;Oliversmith0@gmail.com;44566;13;3;4900.0;1900.0;2000.0;13
24.08.2021;3266;;4 715;completed;Sophiabrown0@outlook.com;44432;8;3;890.0;3500.0;325.0;8
13.02.2022;2468;;3 130;returned;Alexanderanderson69@yandex.ru;44385;7;3;890.0;240.0;2000.0;14
03.08.2021;1629;;4 387;returned;Lucaslopez1987@yahoo.com;44411;8;3;1900.0;587.0;1900.0;8
27.05.2021;2035;;4 625;completed;Emmabrown88@outlook.com;44343;5;3;3500.0;800.0;325.0;5
20.05.2021;1614;;1 040;completed;Emmaanderson1993@mail.ru;44336;5;2;800.0;;240.0;5
11.12.2021;3543;;6 290;completed;Liammartinez1987@yahoo.com;44541;12;3;890.0;1900.0;3500.0;12
17.05.2021;1525;;8 725;completed;Oliverlopez1993@yahoo.com;44333;5;3;4900.0;325.0;3500.0;5
23.11.2021;2795;;1 627;completed;Sophiamoore1987@mail.ru;44404;7;3;240.0;800.0;587.0;11
03.08.2021;3426;;2 487;completed;Lucassmith2007@yandex.ru;44411;8;3;1100.0;587.0;800.0;8
20.11.2021;1410;;4 390;completed;Isabellaanderson88@mail.ru;44272;3;2;3500.0;890.0;;11
19.03.2021;1807;;5 500;completed;Oliverlopez12@outlook.com;44274;3;2;2000.0;3500.0;;3
21.11.2021;1896;;7 690;completed;Sophiawilliams0@mail.ru;44244;2;3;4900.0;890.0;1900.0;11
08.10.2021;4011;;4 000;completed;Charlottethomas69@yahoo.com;44257;3;2;;2000.0;2000.0;10
10.02.2022;1908;;3 900;returned;Lucaslopez33@mail.ru;44595;14;2;;2000.0;1900.0;14
12.06.2021;3767;;4 900;completed;Charlottebrown1993@outlook.com;44359;6;3;1900.0;1900.0;1100.0;6
02.08.2021;3195;;7 325;completed;oliverlopez33@gmail.com;44410;8;3;3500.0;3500.0;325.0;8
31.07.2021;2256;;9 290;completed;Avasmith0@yandex.ru;44391;7;3;890.0;4900.0;3500.0;7
02.07.2021;3121;;7 125;completed;Avamoore33@yandex.ru;44379;7;3;325.0;1900.0;4900.0;7
16.03.2021;3798;;4 065;returned;Avalopez13@outlook.com;44271;3;3;240.0;325.0;3500.0;3
26.02.2021;3653;;9 000;completed;Alexanderjackson66@yahoo.com;44253;2;3;2000.0;3500.0;3500.0;2
05.07.2021;4090;;6 030;completed;Charlottelopez13@yahoo.com;44350;6;3;890.0;4900.0;240.0;7
03.11.2021;3814;;4 887;completed;Avathomas2007@yandex.ru;44455;9;3;800.0;587.0;3500.0;11
11.07.2021;1950;;2 380;completed;Oliverwilliams1987@yahoo.com;44321;5;3;240.0;240.0;1900.0;7
21.09.2021;2545;;1 712;completed;Isabellajackson1993@mail.ru;44460;9;3;587.0;325.0;800.0;9
18.02.2021;2920;;2 325;completed;liammartinez1993@gmail.com;44245;2;2;325.0;2000.0;;2
28.12.2021;1725;;1 237;completed;Williammoore69@yandex.ru;44379;7;3;325.0;587.0;325.0;12
23.11.2021;3326;;3 687;completed;emmamartinez33@yahoo.com;44523;11;3;2000.0;1100.0;587.0;11
01.09.2021;3662;;1 425;completed;Liambrown33@yahoo.com;44256;3;2;325.0;1100.0;;9
11.04.2021;1586;;1 365;completed;Sophiataylor1987@yahoo.com;44297;4;3;240.0;800.0;325.0;4
06.04.2021;3239;;2 225;completed;Williambrown33@outlook.com;44292;4;2;325.0;;1900.0;4
11.11.2021;1300;;1 215;completed;Avathomas1993@yandex.ru;44413;8;2;890.0;325.0;;11
08.07.2021;2090;;2 790;returned;Alexandermartinez66@yandex.ru;44385;7;2;;1900.0;890.0;7
05.02.2022;4113;;4 977;completed;Avathomas66@mail.ru;44597;14;3;3500.0;890.0;587.0;14
17.10.2021;3882;;4 125;completed;Oliverbrown0@yandex.ru;44486;10;3;325.0;1900.0;1900.0;10
14.05.2021;2366;;4 790;completed;Liamwilliams88@mail.ru;44330;5;3;890.0;2000.0;1900.0;5
10.05.2021;4006;;10 300;completed;Alexanderanderson1987@yahoo.com;44326;5;3;1900.0;4900.0;3500.0;5
07.12.2021;4123;;10 400;completed;Olivermoore33@yahoo.com;44245;2;3;3500.0;4900.0;2000.0;12
04.10.2021;3592;;9 200;completed;Olivermartinez66@yahoo.com;44473;10;3;4900.0;800.0;3500.0;10
01.06.2021;3500;;2 187;completed;Alexanderbrown12@outlook.com;44348;6;3;587.0;800.0;800.0;6
22.06.2021;1859;;5 725;returned;Oliversmith13@yandex.ru;44369;6;3;3500.0;325.0;1900.0;6
23.12.2021;3224;;4 140;completed;Avalopez2007@outlook.com;44553;12;3;1900.0;240.0;2000.0;12
11.01.2022;1804;;5 190;completed;Avataylor1987@gmail.com;44428;8;3;890.0;3500.0;800.0;13
22.05.2021;1453;;1 387;returned;Isabellataylor1987@yandex.ru;44338;5;2;587.0;;800.0;5
05.10.2021;1322;;1 927;completed;Isabellasmith12@outlook.com;44474;10;3;240.0;587.0;1100.0;10
03.04.2021;3914;;4 887;completed;isabellasmith2007@gmail.com;44289;4;3;587.0;3500.0;800.0;4
22.12.2021;4131;;3 377;completed;sophiajackson33@gmail.com;44552;12;3;890.0;587.0;1900.0;12
10.10.2021;2145;;890;completed;Olivermartinez88@outlook.com;44479;10;3;325.0;325.0;240.0;10
11.03.2021;1517;;2 787;returned;Alexandermartinez1987@outlook.com;44258;3;3;1100.0;1100.0;587.0;3
03.03.2021;1673;;8 700;completed;Sophiaanderson1987@yandex.ru;44258;3;3;1900.0;1900.0;4900.0;3
27.10.2021;1637;;2 140;completed;Liamtaylor33@mail.ru;44279;3;3;800.0;1100.0;240.0;10
27.04.2021;3525;;1 365;completed;Isabellamoore13@yahoo.com;44313;4;3;325.0;240.0;800.0;4
25.07.2021;1265;;5 190;completed;Williambrown69@yandex.ru;44402;7;3;800.0;3500.0;890.0;7
28.10.2021;3891;;5 900;completed;Lucastaylor13@mail.ru;44401;7;3;1900.0;2000.0;2000.0;10
23.04.2021;3691;;6 600;completed;Oliverlopez13@mail.ru;44309;4;3;2000.0;1100.0;3500.0;4
30.08.2021;1776;;3 800;completed;Alexandermartinez33@yandex.ru;44438;8;3;1900.0;1100.0;800.0;8
12.07.2021;2362;;2 225;completed;Alexanderwilliams2007@mail.ru;44389;7;2;325.0;;1900.0;7
19.09.2021;2036;;1 930;completed;Lucasmartinez69@outlook.com;44275;3;3;240.0;800.0;890.0;9
10.01.2022;2760;;3 890;completed;Charlottewilliams0@yandex.ru;44373;6;3;1900.0;1100.0;890.0;13
22.04.2021;2548;;3 000;completed;liamsmith1987@gmail.com;44308;4;2;1100.0;1900.0;;4
20.12.2021;2339;;2 827;completed;Avawilliams69@yandex.ru;44305;4;3;240.0;2000.0;587.0;12
19.11.2021;2167;;3 825;completed;Sophiajackson69@yahoo.com;44519;11;2;325.0;3500.0;;11
03.04.2021;1652;;4 900;completed;Alexandermartinez13@mail.ru;44289;4;1;;;4900.0;4
29.05.2021;4133;;7 325;completed;Isabellasmith33@outlook.com;44345;5;3;3500.0;3500.0;325.0;5
23.07.2021;2623;;7 400;completed;Liamlopez33@yandex.ru;44400;7;3;2000.0;3500.0;1900.0;7
11.07.2021;2308;;5 465;completed;Alexandermartinez13@outlook.com;44388;7;3;4900.0;240.0;325.0;7
17.11.2021;1352;;2 400;completed;Isabellathomas0@yandex.ru;44322;5;3;800.0;800.0;800.0;11
08.03.2021;3007;;3 115;completed;Sophiajackson69@yahoo.com;44254;2;3;890.0;325.0;1900.0;3
28.06.2021;1619;;1 455;completed;Alexanderanderson1993@mail.ru;44375;6;3;240.0;890.0;325.0;6
17.03.2021;3623;;6 115;completed;Isabellasmith33@yahoo.com;44272;3;3;4900.0;325.0;890.0;3
27.04.2021;3858;;2 367;completed;Isabellathomas88@yahoo.com;44313;4;3;587.0;890.0;890.0;4
20.12.2021;2059;;6 000;completed;Charlottejackson33@yahoo.com;44400;7;2;4900.0;;1100.0;12
10.03.2021;2923;;3 680;completed;Avasmith69@yandex.ru;44265;3;3;890.0;1900.0;890.0;3
18.03.2021;2414;;1 152;completed;Williamsmith88@outlook.com;44273;3;3;240.0;325.0;587.0;3
02.06.2021;2280;;7 140;completed;Alexanderbrown33@yahoo.com;44349;6;3;2000.0;4900.0;240.0;6
26.10.2021;3024;;4 065;completed;Williamsmith88@yahoo.com;44495;10;3;325.0;3500.0;240.0;10
31.01.2022;3626;;4 300;returned;Liamsmith88@mail.ru;44592;13;2;800.0;3500.0;;13
07.04.2021;2061;;1 340;completed;lucaslopez0@gmail.com;44293;4;2;1100.0;240.0;;4
19.06.2021;2929;;2 912;completed;Alexanderbrown0@yahoo.com;44366;6;3;2000.0;587.0;325.0;6
04.05.2021;4231;;1 237;completed;Lucasanderson1987@mail.ru;44276;3;3;325.0;587.0;325.0;5
29.04.2021;3570;;2 565;completed;Sophialopez0@outlook.com;44315;4;3;325.0;240.0;2000.0;4
11.12.2021;2825;;5 187;completed;Lucasmartinez66@outlook.com;44541;12;3;1100.0;587.0;3500.0;12
29.09.2021;3131;;1 340;completed;Emmathomas0@mail.ru;44388;7;2;1100.0;;240.0;9
15.11.2021;3665;;3 587;completed;Oliveranderson33@outlook.com;44515;11;3;1100.0;1900.0;587.0;11
15.09.2021;2364;;2 787;completed;Alexanderbrown0@mail.ru;44299;4;3;587.0;1100.0;1100.0;9
08.03.2021;3179;;5 900;completed;Oliversmith13@gmail.com;44263;3;3;2000.0;2000.0;1900.0;3
31.03.2021;2171;;7 387;completed;Alexanderwilliams33@yahoo.com;44286;3;3;4900.0;1900.0;587.0;3
23.06.2021;3610;;912;completed;Sophiataylor69@outlook.com;44370;6;2;587.0;325.0;;6
04.12.2021;3029;;2 480;completed;Oliverbrown12@yahoo.com;44331;5;3;240.0;2000.0;240.0;12
04.01.2022;2873;;800;completed;sophiamartinez69@gmail.com;44448;9;1;800.0;;;13
26.05.2021;1986;;10 400;completed;Charlottejackson2007@yahoo.com;44342;5;3;3500.0;4900.0;2000.0;5
19.03.2021;2718;;5 500;returned;Isabellathomas2007@yandex.ru;44247;2;2;3500.0;2000.0;;3
18.09.2021;3282;;2 240;completed;Charlotteanderson66@gmail.com;44313;4;2;2000.0;240.0;;9
07.05.2021;3320;;5 800;completed;Oliverwilliams88@outlook.com;44323;5;3;1900.0;1900.0;2000.0;5
06.02.2022;3035;;8 000;completed;Avasmith88@mail.ru;44381;7;3;1100.0;4900.0;2000.0;14
23.01.2022;1311;;4 887;completed;charlottemoore12@gmail.com;44584;13;3;3500.0;587.0;800.0;13
22.05.2021;1746;;2 230;completed;Charlottethomas0@outlook.com;44338;5;3;1100.0;240.0;890.0;5
07.12.2021;4139;;3 215;completed;alexanderanderson1993@gmail.com;44537;12;3;2000.0;890.0;325.0;12
26.06.2021;3235;;4 225;completed;Sophiaanderson12@outlook.com;44373;6;3;2000.0;325.0;1900.0;6
07.06.2021;3996;;325;completed;avathomas88@gmail.com;44354;6;1;;;325.0;6
13.09.2021;2668;;2 187;completed;Lucasthomas88@mail.ru;44452;9;3;800.0;587.0;800.0;9
22.08.2021;1767;;6 030;completed;Emmabrown88@yandex.ru;44398;7;3;4900.0;890.0;240.0;8
24.06.2021;2806;;2 890;completed;Liamtaylor12@yandex.ru;44371;6;2;;2000.0;890.0;6
09.09.2021;3287;;5 727;completed;Williamlopez1987@yahoo.com;44366;6;3;587.0;240.0;4900.0;9
31.01.2022;4192;;8 900;completed;alexandertaylor2007@gmail.com;44285;3;3;2000.0;2000.0;4900.0;13
25.05.2021;3999;;3 125;completed;Isabellamartinez33@mail.ru;44336;5;3;325.0;2000.0;800.0;5
17.04.2021;2517;;3 680;completed;lucaslopez2007@gmail.com;44303;4;3;1900.0;890.0;890.0;4
08.03.2021;1946;;7 487;completed;Sophiataylor66@outlook.com;44263;3;3;587.0;4900.0;2000.0;3
10.09.2021;1748;;4 674;completed;alexandertaylor0@gmail.com;44449;9;3;587.0;587.0;3500.0;9
04.08.2021;2018;;3 890;completed;Lucasmartinez0@gmail.com;44412;8;3;1900.0;1100.0;890.0;8
02.10.2021;2001;;2 912;completed;Charlotteanderson1987@yahoo.com;44273;3;3;2000.0;587.0;325.0;10
20.05.2021;3999;;3 900;returned;Isabellamartinez33@mail.ru;44336;5;3;2000.0;1100.0;800.0;5
21.12.2021;3755;;5 727;completed;Olivertaylor13@mail.ru;44350;6;3;240.0;4900.0;587.0;12
16.04.2021;4201;;7 225;completed;Emmamartinez1987@outlook.com;44302;4;3;325.0;2000.0;4900.0;4
13.07.2021;1609;;1 340;completed;alexanderthomas12@gmail.com;44390;7;2;1100.0;240.0;;7
11.05.2021;4116;;2 580;completed;Oliveranderson33@outlook.com;44327;5;3;800.0;890.0;890.0;5
12.10.2021;1492;;7 690;completed;Liamsmith69@mail.ru;44481;10;3;4900.0;890.0;1900.0;10
05.01.2022;3305;;6 587;completed;williamtaylor1993@gmail.com;44291;4;3;4900.0;1100.0;587.0;13
04.02.2022;3649;;6 390;completed;Charlottesmith66@yandex.ru;44596;14;3;2000.0;890.0;3500.0;14
15.06.2021;1998;;4 390;completed;Sophiabrown33@mail.ru;44362;6;2;3500.0;890.0;;6
07.08.2021;1903;;7 400;completed;oliverlopez88@gmail.com;44263;3;3;3500.0;2000.0;1900.0;8
07.08.2021;3070;;565;returned;sophiamoore69@gmail.com;44404;7;2;;325.0;240.0;8
21.06.2021;2844;;2 367;completed;Liamthomas33@yandex.ru;44340;5;3;890.0;587.0;890.0;6
06.04.2021;1769;;1 900;completed;Oliverbrown1993@outlook.com;44292;4;2;1100.0;800.0;;4
09.08.2021;2886;;7 690;completed;Lucasthomas33@yandex.ru;44300;4;3;890.0;1900.0;4900.0;8
17.11.2021;2321;;8 725;completed;Isabellaanderson33@mail.ru;44318;5;3;325.0;4900.0;3500.0;11
03.10.2021;2416;;7 140;completed;liammoore33@gmail.com;44472;10;3;240.0;2000.0;4900.0;10
18.02.2021;3087;;3 387;completed;Sophiabrown13@yahoo.com;44245;2;3;587.0;2000.0;800.0;2
29.12.2021;2704;;3 130;completed;Avathomas1993@mail.ru;44559;12;3;240.0;890.0;2000.0;12
16.01.2022;3692;;3 340;completed;Lucasmartinez1993@mail.ru;44577;13;3;2000.0;1100.0;240.0;13
20.07.2021;2364;;7 125;completed;Alexanderbrown0@mail.ru;44299;4;3;325.0;1900.0;4900.0;7
27.04.2021;3685;;2 225;completed;Avamartinez13@outlook.com;44313;4;3;1100.0;800.0;325.0;4
25.04.2021;2192;;2 440;completed;Sophiajackson66@mail.ru;44284;3;3;1100.0;1100.0;240.0;4
27.06.2021;1900;;5 400;completed;Williamsmith13@mail.ru;44303;4;2;;3500.0;1900.0;6
26.06.2021;1269;;3 900;completed;Williamlopez12@yandex.ru;44297;4;2;2000.0;;1900.0;6
08.07.2021;3464;;5 500;completed;Avathomas0@yahoo.com;44267;3;2;;3500.0;2000.0;7
22.02.2021;2634;;2 700;completed;isabellawilliams1987@gmail.com;44249;2;3;800.0;1100.0;800.0;2
31.07.2021;2196;;5 727;completed;alexanderlopez69@gmail.com;44408;7;3;587.0;4900.0;240.0;7
20.04.2021;2312;;1 627;completed;Olivermartinez2007@outlook.com;44244;2;3;800.0;587.0;240.0;4
25.12.2021;2952;;3 900;completed;sophiathomas0@gmail.com;44555;12;3;2000.0;1100.0;800.0;12
18.11.2021;1460;;3 900;returned;Liamanderson69@outlook.com;44243;2;3;1100.0;2000.0;800.0;11
13.03.2021;3106;;4 600;completed;Williammartinez1987@yandex.ru;44268;3;2;1100.0;;3500.0;3
14.12.2021;4138;;7 700;completed;Emmaanderson12@outlook.com;44259;3;3;4900.0;800.0;2000.0;12
08.09.2021;3039;;8 640;completed;Alexanderanderson88@outlook.com;44313;4;3;3500.0;240.0;4900.0;9
28.02.2021;2286;;6 390;completed;Alexanderbrown2007@yahoo.com;44255;2;3;3500.0;890.0;2000.0;2
04.04.2021;1974;;2 487;completed;williamsmith69@gmail.com;44290;4;3;800.0;1100.0;587.0;4
07.08.2021;2752;;4 625;completed;avaanderson12@gmail.com;44314;4;3;800.0;3500.0;325.0;8
07.11.2021;2278;;1 215;completed;Williammoore12@yahoo.com;44347;5;2;;325.0;890.0;11
09.11.2021;1277;;9 000;completed;oliverwilliams69@gmail.com;44290;4;3;2000.0;3500.0;3500.0;11
08.04.2021;2990;;7 800;completed;Williambrown2007@yandex.ru;44294;4;3;800.0;3500.0;3500.0;4
04.06.2021;2749;;2 465;returned;Alexanderwilliams0@yandex.ru;44243;2;3;1900.0;240.0;325.0;6
18.02.2021;3821;;4 040;completed;Avajackson88@mail.ru;44244;2;3;240.0;1900.0;1900.0;2
14.04.2021;1371;;3 287;returned;Avamartinez1987@yandex.ru;44300;4;3;800.0;587.0;1900.0;4
28.12.2021;1460;;1 690;completed;Liamanderson69@outlook.com;44243;2;2;800.0;;890.0;12
18.08.2021;3921;;4 715;returned;Olivermoore69@outlook.com;44426;8;3;890.0;325.0;3500.0;8
16.03.2021;2126;;1 687;completed;Oliverlopez1993@yandex.ru;44271;3;2;587.0;1100.0;;3
13.01.2022;3558;;4 140;completed;Isabellabrown66@outlook.com;44574;13;3;240.0;1900.0;2000.0;13
31.07.2021;2973;;2 812;completed;Charlottetaylor0@yandex.ru;44408;7;3;325.0;587.0;1900.0;7
20.02.2021;3616;;4 065;completed;Oliverjackson33@mail.ru;44247;2;3;240.0;325.0;3500.0;2
16.10.2021;3055;;5 487;completed;Sophiathomas2007@mail.ru;44378;7;2;;587.0;4900.0;10
18.04.2021;2153;;1 455;completed;emmabrown2007@outlook.com;44304;4;3;240.0;890.0;325.0;4
29.03.2021;2808;;2 012;completed;emmabrown69@gmail.com;44284;3;3;587.0;1100.0;325.0;3
22.01.2022;2120;;7 690;completed;Charlottejackson0@outlook.com;44583;13;3;4900.0;1900.0;890.0;13
15.06.2021;3709;;2 225;completed;Lucasbrown66@yandex.ru;44362;6;3;325.0;800.0;1100.0;6
24.07.2021;1843;;1 477;returned;Emmataylor88@mail.ru;44391;7;2;890.0;587.0;;7
20.04.2021;3599;;1 237;completed;charlottejackson66@gmail.com;44306;4;3;325.0;325.0;587.0;4
07.01.2022;3860;;6 890;completed;avasmith1987@gmail.com;44568;13;3;1100.0;4900.0;890.0;13
10.04.2021;3531;;480;completed;Alexanderjackson1993@outlook.com;44243;2;2;240.0;240.0;;4
30.01.2022;2199;;6 115;completed;Charlottelopez13@yahoo.com;44591;13;3;890.0;4900.0;325.0;13
27.09.2021;2583;;1 370;completed;Isabellabrown12@yandex.ru;44466;9;3;240.0;240.0;890.0;9
18.04.2021;2326;;5 400;completed;Charlotteanderson88@outlook.com;44304;4;2;3500.0;1900.0;;4
28.02.2021;1643;;8 800;completed;lucassmith13@gmail.com;44255;2;3;2000.0;4900.0;1900.0;2
09.06.2021;3410;;4 327;completed;Charlottelopez1987@yandex.ru;44320;5;3;240.0;3500.0;587.0;6
04.10.2021;4136;;5 000;completed;Williamtaylor0@yandex.ru;44310;4;3;1900.0;1100.0;2000.0;10
11.09.2021;2311;;1 690;completed;Lucasthomas69@yandex.ru;44450;9;2;800.0;;890.0;9
26.03.2021;4214;;8 987;completed;Emmamoore1987@yahoo.com;44281;3;3;3500.0;4900.0;587.0;3
02.05.2021;3082;;3 990;returned;Charlottebrown12@yandex.ru;44318;5;3;1100.0;890.0;2000.0;5
14.08.2021;1326;;7 325;completed;Avaanderson1987@mail.ru;44391;7;3;3500.0;325.0;3500.0;8
11.11.2021;2344;;2 012;completed;oliveranderson2007@gmail.com;44323;5;3;325.0;587.0;1100.0;11
09.09.2021;1799;;9 000;completed;Olivertaylor69@yahoo.com;44438;8;3;2000.0;3500.0;3500.0;9
02.07.2021;2170;;2 225;completed;Williamlopez33@yahoo.com;44260;3;3;325.0;1100.0;800.0;7
12.01.2022;2244;;7 100;completed;Emmawilliams1987@outlook.com;44387;7;3;1100.0;1100.0;4900.0;13
29.01.2022;4109;;9 290;completed;Williamanderson12@yandex.ru;44411;8;3;4900.0;890.0;3500.0;13
04.11.2021;4133;;7 700;completed;Isabellasmith33@outlook.com;44345;5;3;2000.0;4900.0;800.0;11
01.09.2021;2427;;1 717;completed;Charlottejackson12@mail.ru;44440;9;3;890.0;240.0;587.0;9
12.09.2021;3586;;7 125;returned;Oliverthomas69@mail.ru;44282;3;3;1900.0;4900.0;325.0;9
13.03.2021;3079;;2 240;completed;Alexanderlopez66@mail.ru;44268;3;2;;2000.0;240.0;3
28.08.2021;1640;;4 700;completed;Avabrown0@outlook.com;44327;5;3;1900.0;2000.0;800.0;8
07.04.2021;2140;;1 040;completed;Avasmith12@mail.ru;44293;4;2;800.0;240.0;;4
15.02.2022;1711;;1 750;completed;Emmathomas0@outlook.com;44607;14;3;1100.0;325.0;325.0;14
25.10.2021;1723;;10 900;completed;Emmajackson1993@yandex.ru;44243;2;3;4900.0;4900.0;1100.0;10
25.10.2021;2190;;325;completed;emmasmith12@gmail.com;44402;7;1;325.0;;;10
15.08.2021;3434;;4 600;completed;Emmabrown66@yandex.ru;44305;4;2;3500.0;;1100.0;8
07.10.2021;1776;;4 900;completed;Alexandermartinez33@yandex.ru;44438;8;1;4900.0;;;10
02.07.2021;1244;;1 174;returned;Oliveranderson1993@yandex.ru;44323;5;2;587.0;;587.0;7
28.08.2021;3101;;7 400;completed;Lucasthomas12@yandex.ru;44348;6;3;3500.0;2000.0;1900.0;8
20.04.2021;2992;;5 740;completed;Lucaswilliams66@yandex.ru;44306;4;3;2000.0;3500.0;240.0;4
25.08.2021;3970;;587;completed;emmabrown69@gmail.com;44433;8;1;;587.0;;8
01.06.2021;3126;;2 230;completed;Charlottelopez69@yandex.ru;44275;3;3;240.0;1100.0;890.0;6
12.07.2021;3303;;1 927;completed;Lucasbrown69@mail.ru;44389;7;3;240.0;1100.0;587.0;7
01.05.2021;1759;;6 290;completed;Emmamartinez66@yandex.ru;44317;5;3;1900.0;3500.0;890.0;5
11.01.2022;3979;;10 400;completed;Oliversmith0@mail.ru;44572;13;3;3500.0;4900.0;2000.0;13
14.05.2021;2591;;4 625;completed;Liamjackson2007@yandex.ru;44330;5;3;3500.0;325.0;800.0;5
31.12.2021;2791;;4 790;returned;Alexandersmith66@outlook.com;44561;12;3;2000.0;890.0;1900.0;12
18.12.2021;3929;;7 900;completed;Avamoore33@outlook.com;44548;12;3;4900.0;1900.0;1100.0;12
30.05.2021;1883;;8 725;completed;liamlopez12@gmail.com;44346;5;3;325.0;4900.0;3500.0;5
15.12.2021;1527;;4 700;completed;Liamwilliams2007@yandex.ru;44352;6;3;800.0;2000.0;1900.0;12
16.02.2022;3052;;2 800;completed;Alexanderlopez12@yandex.ru;44281;3;2;;800.0;2000.0;14
15.11.2021;3408;;8 725;completed;Williammartinez13@yandex.ru;44403;7;3;4900.0;3500.0;325.0;11
03.03.2021;1517;;3 030;completed;Alexandermartinez1987@outlook.com;44258;3;3;240.0;1900.0;890.0;3
28.04.2021;1474;;4 387;completed;lucasmartinez69@gmail.com;44246;2;3;1900.0;587.0;1900.0;4
10.06.2021;4067;;3 477;completed;Charlottebrown33@yahoo.com;44357;6;3;2000.0;587.0;890.0;6
19.08.2021;1929;;1 840;completed;Isabellathomas88@outlook.com;44427;8;3;240.0;800.0;800.0;8
05.05.2021;4029;;4 225;completed;Alexanderwilliams1993@mail.ru;44321;5;3;325.0;2000.0;1900.0;5
11.07.2021;3916;;8 640;completed;Sophiamartinez12@mail.ru;44388;7;3;4900.0;3500.0;240.0;7
30.08.2021;1751;;4 390;completed;Alexandermartinez13@mail.ru;44438;8;2;;890.0;3500.0;8
07.07.2021;2003;;7 690;completed;Alexanderjackson88@outlook.com;44384;7;3;4900.0;890.0;1900.0;7
22.08.2021;3949;;2 890;completed;Lucasbrown66@yahoo.com;44430;8;2;890.0;;2000.0;8
06.08.2021;2333;;1 125;completed;avawilliams66@gmail.com;44414;8;2;;325.0;800.0;8
04.02.2022;3269;;1 990;completed;oliverlopez88@gmail.com;44425;8;2;;890.0;1100.0;14
12.11.2021;3089;;11 800;completed;Oliveranderson33@mail.ru;44512;11;3;4900.0;2000.0;4900.0;11
20.08.2021;1461;;1 215;completed;Sophiasmith88@yahoo.com;44349;6;2;;325.0;890.0;8
02.12.2021;2311;;1 717;completed;Lucasthomas69@yandex.ru;44450;9;3;240.0;890.0;587.0;12
30.08.2021;3618;;3 980;returned;Emmajackson1993@yandex.ru;44272;3;3;3500.0;240.0;240.0;8
22.05.2021;3587;;4 087;returned;Avamoore88@outlook.com;44257;3;2;;587.0;3500.0;5
13.02.2022;2784;;5 725;completed;emmajackson2007@gmail.com;44379;7;3;1900.0;3500.0;325.0;14
10.08.2021;3405;;2 225;completed;Oliversmith1993@yahoo.com;44418;8;3;800.0;1100.0;325.0;8
09.01.2022;2167;;2 380;completed;Sophiajackson69@yahoo.com;44519;11;3;240.0;1900.0;240.0;13
14.01.2022;3595;;4 100;completed;Lucasanderson2007@yandex.ru;44575;13;3;1900.0;1100.0;1100.0;13
23.01.2022;2687;;4 325;completed;Avalopez12@yahoo.com;44277;3;3;325.0;2000.0;2000.0;13
12.03.2021;3464;;6 600;completed;Avathomas0@yahoo.com;44267;3;3;3500.0;1100.0;2000.0;3
08.09.2021;2435;;6 500;completed;Oliverbrown1993@yahoo.com;44370;6;3;1100.0;3500.0;1900.0;9
05.05.2021;1826;;4 300;completed;Charlottemartinez2007@outlook.com;44321;5;2;3500.0;;800.0;5
11.04.2021;2074;;4 040;returned;Avasmith12@yahoo.com;44290;4;3;1900.0;1900.0;240.0;4
09.02.2022;1761;;1 455;completed;Charlottetaylor1987@yandex.ru;44347;5;3;890.0;240.0;325.0;14
30.03.2021;3399;;4 900;completed;Oliverthomas12@yahoo.com;44258;3;3;1900.0;1900.0;1100.0;3
24.05.2021;2575;;5 400;completed;Lucastaylor88@mail.ru;44267;3;3;3500.0;800.0;1100.0;5
19.10.2021;2322;;4 390;completed;Lucasjackson2007@gmail.com;44331;5;2;;3500.0;890.0;10
05.02.2022;2422;;1 280;returned;Sophiathomas88@mail.ru;44353;6;3;240.0;800.0;240.0;14
29.09.2021;3907;;2 277;completed;Liamlopez69@mail.ru;44468;9;3;800.0;890.0;587.0;9
21.12.2021;2273;;1 665;completed;Williambrown13@yahoo.com;44536;12;3;240.0;1100.0;325.0;12
18.04.2021;2709;;1 125;completed;Williamthomas66@outlook.com;44304;4;2;;800.0;325.0;4
06.12.2021;1470;;2 020;completed;Emmataylor88@yahoo.com;44277;3;3;890.0;890.0;240.0;12
30.01.2022;3459;;1 067;completed;sophiamoore33@gmail.com;44488;10;3;240.0;587.0;240.0;13
18.08.2021;1861;;3 587;completed;Alexandermoore0@yandex.ru;44310;4;3;1100.0;1900.0;587.0;8
12.04.2021;1678;;240;completed;Emmathomas13@gmail.com;44298;4;1;;240.0;;4
04.07.2021;2191;;5 140;completed;emmalopez66@gmail.com;44286;3;2;4900.0;240.0;;7
31.08.2021;3598;;5 700;completed;Sophiamoore33@yandex.ru;44322;5;3;1100.0;1100.0;3500.0;8
28.01.2022;3052;;7 790;returned;Alexanderlopez12@yandex.ru;44281;3;3;2000.0;890.0;4900.0;13
27.09.2021;2030;;3 425;returned;Emmataylor0@yandex.ru;44466;9;3;2000.0;1100.0;325.0;9
27.09.2021;1476;;1 365;completed;Williamsmith88@mail.ru;44315;4;3;240.0;800.0;325.0;9
16.02.2022;1512;;5 490;returned;Emmawilliams88@mail.ru;44299;4;3;3500.0;1100.0;890.0;14
10.05.2021;2393;;1 717;completed;Alexanderjackson88@yandex.ru;44296;4;3;890.0;587.0;240.0;5
04.11.2021;2240;;8 987;completed;Williammoore12@mail.ru;44302;4;3;3500.0;587.0;4900.0;11
15.05.2021;2413;;10 400;completed;Oliverthomas88@outlook.com;44331;5;3;3500.0;4900.0;2000.0;5
02.10.2021;2143;;1 665;completed;Avawilliams13@mail.ru;44304;4;3;1100.0;325.0;240.0;10
28.01.2022;2123;;4 925;completed;Lucasjackson1993@yahoo.com;44246;2;3;1100.0;325.0;3500.0;13
03.10.2021;2111;;7 125;completed;Lucastaylor88@yandex.ru;44472;10;3;1900.0;4900.0;325.0;10
23.04.2021;3512;;1 450;completed;sophiabrown1987@gmail.com;44309;4;3;800.0;325.0;325.0;4
09.04.2021;4103;;3 090;returned;Lucaswilliams0@yandex.ru;44295;4;3;1100.0;1100.0;890.0;4
14.02.2022;1805;;7 487;completed;Charlottelopez12@outlook.com;44606;14;3;4900.0;587.0;2000.0;14
02.04.2021;1785;;2 367;completed;Williamjackson33@yahoo.com;44288;4;3;890.0;890.0;587.0;4
13.10.2021;3776;;1 125;completed;Liamsmith2007@mail.ru;44482;10;2;;800.0;325.0;10
10.05.2021;2134;;5 812;completed;Emmathomas1987@mail.ru;44326;5;3;4900.0;325.0;587.0;5
28.01.2022;3001;;3 900;completed;williamtaylor1993@gmail.com;44257;3;3;2000.0;1100.0;800.0;13
21.09.2021;2827;;8 640;completed;liamanderson1993@yahoo.com;44460;9;3;4900.0;3500.0;240.0;9
02.03.2021;3116;;4 540;completed;Lucasthomas2007@mail.ru;44257;3;3;800.0;240.0;3500.0;3
28.06.2021;3507;;4 700;completed;Emmalopez13@yahoo.com;44375;6;3;2000.0;800.0;1900.0;6
30.10.2021;1439;;4 715;returned;Charlottemartinez13@yandex.ru;44455;9;3;325.0;890.0;3500.0;10
04.05.2021;2603;;5 825;completed;lucasanderson2007@gmail.com;44320;5;3;2000.0;3500.0;325.0;5
10.03.2021;3604;;1 712;completed;Emmamartinez1993@outlook.com;44265;3;3;325.0;587.0;800.0;3
04.03.2021;3853;;1 100;completed;Avaanderson1993@mail.ru;44259;3;1;;;1100.0;3
07.09.2021;3570;;5 812;completed;Sophialopez0@outlook.com;44315;4;3;325.0;4900.0;587.0;9
06.10.2021;1540;;5 190;completed;Lucaswilliams1993@outlook.com;44475;10;3;890.0;800.0;3500.0;10
26.08.2021;2590;;3 590;completed;isabellathomas12@gmail.com;44430;8;3;1900.0;890.0;800.0;8
10.06.2021;1331;;2 230;completed;Charlottewilliams2007@yandex.ru;44357;6;3;1100.0;890.0;240.0;6
13.09.2021;1808;;4 387;completed;Liamanderson0@outlook.com;44292;4;3;1900.0;1900.0;587.0;9
21.04.2021;3064;;4 887;completed;Isabellaanderson13@yandex.ru;44278;3;3;587.0;3500.0;800.0;4
23.11.2021;3821;;2 012;completed;Avajackson88@mail.ru;44244;2;3;587.0;325.0;1100.0;11
21.05.2021;2779;;6 025;completed;Isabellaanderson12@mail.ru;44253;2;3;4900.0;800.0;325.0;5
19.09.2021;1376;;6 500;completed;Emmaanderson0@yahoo.com;44458;9;3;1900.0;1100.0;3500.0;9
18.10.2021;4046;;2 225;completed;Avajackson69@outlook.com;44253;2;2;;325.0;1900.0;10
11.09.2021;1464;;3 690;completed;Liamjackson12@yahoo.com;44450;9;3;890.0;2000.0;800.0;9
01.01.2022;2593;;7 600;completed;Isabellasmith0@yandex.ru;44376;6;3;800.0;1900.0;4900.0;13
26.02.2021;2254;;2 580;completed;Alexanderjackson66@yandex.ru;44253;2;3;800.0;890.0;890.0;2
24.06.2021;1512;;3 825;returned;Emmawilliams88@mail.ru;44299;4;2;3500.0;325.0;;6
16.04.2021;2240;;7 387;completed;Williammoore12@mail.ru;44302;4;3;587.0;4900.0;1900.0;4
29.12.2021;1523;;3 000;completed;Olivermartinez12@yandex.ru;44464;9;2;1100.0;;1900.0;12
27.05.2021;1542;;3 325;completed;alexanderjackson66@gmail.com;44343;5;3;1900.0;325.0;1100.0;5
09.01.2022;4087;;2 015;completed;isabellasmith0@gmail.com;44280;3;3;800.0;890.0;325.0;13
16.12.2021;1783;;2 940;completed;avaanderson1993@gmail.com;44546;12;3;800.0;240.0;1900.0;12
13.04.2021;2364;;3 287;returned;Alexanderbrown0@mail.ru;44299;4;3;800.0;587.0;1900.0;4
04.04.2021;3337;;3 740;completed;Emmabrown0@mail.ru;44290;4;2;240.0;3500.0;;4
01.08.2021;3203;;7 487;completed;olivermoore13@gmail.com;44409;8;3;587.0;4900.0;2000.0;8
13.07.2021;1880;;4 087;completed;Sophiamoore88@outlook.com;44390;7;2;3500.0;;587.0;7
09.12.2021;1621;;11 700;completed;Oliverwilliams1987@yandex.ru;44539;12;3;1900.0;4900.0;4900.0;12
11.10.2021;2185;;4 540;completed;lucasbrown1993@gmail.com;44304;4;3;3500.0;800.0;240.0;10
03.01.2022;3592;;240;completed;Olivermartinez66@yahoo.com;44473;10;1;;240.0;;13
09.01.2022;3313;;1 627;completed;Williammartinez88@outlook.com;44291;4;3;587.0;240.0;800.0;13
28.10.2021;2752;;6 030;completed;avaanderson12@gmail.com;44314;4;3;240.0;890.0;4900.0;10
19.07.2021;2191;;3 890;completed;emmalopez66@gmail.com;44286;3;3;890.0;1100.0;1900.0;7
01.10.2021;3779;;3 477;completed;Charlottejackson69@yahoo.com;44282;3;3;890.0;2000.0;587.0;10
01.08.2021;1756;;2 565;completed;Alexanderanderson33@yandex.ru;44409;8;3;240.0;2000.0;325.0;8
09.11.2021;1341;;890;returned;Alexandersmith33@yandex.ru;44509;11;1;;;890.0;11
11.04.2021;1972;;6 390;completed;Williambrown88@outlook.com;44297;4;3;2000.0;3500.0;890.0;4
13.10.2021;2450;;10 400;completed;Alexandermartinez0@outlook.com;44482;10;3;3500.0;4900.0;2000.0;10
02.11.2021;3465;;565;completed;Sophiajackson88@yahoo.com;44502;11;2;;240.0;325.0;11
02.12.2021;2772;;3 687;completed;Oliverthomas88@yahoo.com;44243;2;3;587.0;2000.0;1100.0;12
23.06.2021;1881;;800;returned;oliverthomas1993@gmail.com;44275;3;1;;;800.0;6
07.11.2021;1513;;8 900;completed;avathomas2007@gmail.com;44280;3;3;3500.0;3500.0;1900.0;11
31.10.2021;2343;;2 587;completed;Avasmith13@outlook.com;44500;10;2;587.0;2000.0;;10
22.07.2021;2437;;3 900;completed;Lucasthomas1987@outlook.com;44288;4;2;2000.0;;1900.0;7
25.10.2021;3212;;4 625;completed;alexandermartinez2007@gmail.com;44488;10;3;3500.0;325.0;800.0;10
11.08.2021;1459;;800;completed;Emmasmith1993@yandex.ru;44419;8;1;;;800.0;8
09.08.2021;2533;;3 900;completed;Emmaanderson1987@mail.ru;44417;8;3;800.0;2000.0;1100.0;8
10.05.2021;3388;;4 887;completed;Isabellamartinez0@yandex.ru;44326;5;3;3500.0;587.0;800.0;5
30.09.2021;2508;;1 925;completed;lucasbrown69@gmail.com;44269;3;3;800.0;800.0;325.0;9
07.12.2021;1292;;6 030;completed;Avalopez0@mail.ru;44527;11;3;890.0;240.0;4900.0;12
14.09.2021;2656;;3 115;completed;Charlottemoore1987@mail.ru;44453;9;3;1900.0;890.0;325.0;9
03.08.2021;2502;;3 115;completed;Lucastaylor33@outlook.com;44411;8;3;325.0;1900.0;890.0;8
27.10.2021;2601;;6 590;completed;Sophiabrown69@outlook.com;44496;10;3;890.0;4900.0;800.0;10
29.04.2021;2777;;1 802;returned;Emmabrown12@yahoo.com;44315;4;3;890.0;325.0;587.0;4
18.10.2021;3559;;5 000;completed;oliversmith1993@gmail.com;44470;10;3;1900.0;1100.0;2000.0;10
13.12.2021;1790;;2 140;completed;alexanderlopez1993@gmail.com;44293;4;3;240.0;1100.0;800.0;12
26.03.2021;2572;;6 587;completed;Liamthomas66@yandex.ru;44281;3;3;4900.0;1100.0;587.0;3
06.10.2021;4072;;3 040;completed;Liamanderson88@yandex.ru;44255;2;3;800.0;2000.0;240.0;10
19.12.2021;2668;;3 130;completed;Lucasthomas88@mail.ru;44452;9;3;240.0;890.0;2000.0;12
25.06.2021;1351;;650;completed;Charlottetaylor1993@yandex.ru;44372;6;2;325.0;;325.0;6
30.12.2021;1530;;1 627;completed;Charlottemartinez0@yandex.ru;44531;12;3;800.0;587.0;240.0;12
06.06.2021;2007;;9 290;completed;Lucasanderson33@yandex.ru;44348;6;3;4900.0;890.0;3500.0;6
05.01.2022;2892;;8 400;completed;Liamanderson0@mail.ru;44566;13;2;;3500.0;4900.0;13
09.09.2021;3675;;7 900;completed;Isabellalopez2007@mail.ru;44448;9;3;4900.0;1100.0;1900.0;9
01.05.2021;3876;;2 587;completed;Liamthomas13@yandex.ru;44317;5;2;2000.0;587.0;;5
23.10.2021;3291;;6 030;completed;Emmaanderson1993@yandex.ru;44384;7;3;240.0;4900.0;890.0;10
16.09.2021;1481;;6 590;completed;Isabellathomas2007@yahoo.com;44455;9;3;4900.0;800.0;890.0;9
05.07.2021;2597;;5 700;completed;Sophiajackson69@yandex.ru;44382;7;3;1100.0;1100.0;3500.0;7
18.10.2021;2574;;5 700;completed;Charlotteanderson12@yahoo.com;44291;4;2;;800.0;4900.0;10
27.04.2021;2750;;10 400;completed;Charlottetaylor69@yandex.ru;44313;4;3;4900.0;2000.0;3500.0;4
24.10.2021;1284;;5 790;completed;williamthomas33@gmail.com;44337;5;2;890.0;4900.0;;10
31.05.2021;2087;;1 990;completed;Charlottejackson69@yahoo.com;44347;5;2;1100.0;890.0;;5
21.11.2021;1952;;1 477;completed;Alexanderbrown2007@yandex.ru;44521;11;2;890.0;587.0;;11
24.02.2021;1475;;1 690;completed;charlottebrown33@gmail.com;44251;2;2;890.0;;800.0;2
06.02.2022;3480;;7 387;completed;Liamanderson1993@yandex.ru;44443;9;3;587.0;1900.0;4900.0;14
28.01.2022;1327;;4 240;completed;Williamlopez1987@yahoo.com;44589;13;3;2000.0;2000.0;240.0;13
28.11.2021;1557;;10 300;completed;Emmawilliams1987@outlook.com;44265;3;3;4900.0;3500.0;1900.0;11
07.05.2021;1244;;2 812;completed;Oliveranderson1993@yandex.ru;44323;5;3;325.0;587.0;1900.0;5
30.10.2021;3088;;3 900;completed;Emmamoore66@yandex.ru;44259;3;2;1900.0;;2000.0;10
26.03.2021;4114;;6 240;completed;Charlottetaylor88@mail.ru;44281;3;3;4900.0;240.0;1100.0;3
02.02.2022;1800;;4 977;completed;Oliversmith0@gmail.com;44566;13;3;3500.0;587.0;890.0;14
21.02.2021;4003;;5 825;completed;Alexanderwilliams1987@yandex.ru;44248;2;3;325.0;2000.0;3500.0;2
18.06.2021;3400;;10 387;completed;lucasanderson66@gmail.com;44365;6;3;587.0;4900.0;4900.0;6
26.01.2022;3575;;3 025;returned;Liammartinez12@yahoo.com;44262;3;3;1900.0;325.0;800.0;13
08.03.2021;3331;;5 380;completed;Emmathomas88@outlook.com;44263;3;3;240.0;4900.0;240.0;3
28.07.2021;3443;;6 500;completed;Alexanderbrown12@mail.ru;44405;7;3;1100.0;1900.0;3500.0;7
08.09.2021;1868;;5 190;completed;Avaanderson1993@yahoo.com;44329;5;3;800.0;3500.0;890.0;9
22.03.2021;1470;;10 600;completed;Emmataylor88@yahoo.com;44277;3;3;4900.0;4900.0;800.0;3
24.11.2021;3429;;3 690;completed;Sophiajackson1993@yahoo.com;44313;4;3;890.0;800.0;2000.0;11
28.10.2021;1761;;8 700;completed;Charlottetaylor1987@yandex.ru;44347;5;3;1900.0;4900.0;1900.0;10
13.04.2021;3015;;2 912;completed;Williamwilliams1993@outlook.com;44299;4;3;2000.0;587.0;325.0;4
18.10.2021;3971;;2 580;completed;Sophiamartinez66@outlook.com;44435;8;3;890.0;800.0;890.0;10
05.11.2021;3151;;2 550;completed;Alexandermoore0@mail.ru;44505;11;3;1900.0;325.0;325.0;11
05.06.2021;2631;;6 890;completed;Williamjackson0@yandex.ru;44352;6;3;4900.0;890.0;1100.0;6
11.08.2021;2527;;6 500;completed;charlottemoore12@gmail.com;44419;8;3;800.0;4900.0;800.0;8
16.01.2022;3776;;2 487;completed;Liamsmith2007@mail.ru;44482;10;3;587.0;800.0;1100.0;13
31.12.2021;1470;;4 225;completed;Emmataylor88@yahoo.com;44277;3;3;325.0;2000.0;1900.0;12
28.05.2021;3192;;3 000;completed;Sophialopez33@mail.ru;44319;5;2;;1900.0;1100.0;5
22.02.2021;1894;;5 500;completed;Charlottemartinez1987@yahoo.com;44249;2;2;3500.0;2000.0;;2
20.04.2021;1772;;9 290;completed;Avalopez2007@yandex.ru;44306;4;3;890.0;4900.0;3500.0;4
25.11.2021;2287;;3 387;returned;Williamthomas1987@yandex.ru;44525;11;3;2000.0;587.0;800.0;11
23.08.2021;2445;;2 465;completed;Alexanderthomas88@yandex.ru;44431;8;3;325.0;240.0;1900.0;8
16.09.2021;1745;;6 587;completed;Oliverjackson69@outlook.com;44455;9;3;587.0;4900.0;1100.0;9
07.07.2021;2053;;6 680;completed;alexandermoore66@gmail.com;44362;6;3;4900.0;890.0;890.0;7
11.04.2021;1887;;2 565;completed;Olivermoore0@outlook.com;44244;2;3;325.0;240.0;2000.0;4
03.05.2021;2938;;2 565;completed;Isabellaanderson1993@outlook.com;44319;5;3;325.0;2000.0;240.0;5
30.09.2021;1425;;2 700;completed;Oliverlopez1993@mail.ru;44469;9;2;1900.0;800.0;;9
30.03.2021;4166;;3 800;completed;Sophiabrown66@gmail.com;44261;3;2;;1900.0;1900.0;3
26.01.2022;1254;;5 790;completed;Williamjackson66@yandex.ru;44587;13;2;4900.0;890.0;;13
25.02.2021;2891;;5 725;completed;Alexandertaylor12@outlook.com;44252;2;3;325.0;1900.0;3500.0;2
07.05.2021;2323;;10 900;completed;Sophiaanderson1993@yahoo.com;44323;5;3;1100.0;4900.0;4900.0;5
04.05.2021;3758;;5 490;completed;Isabellamartinez33@outlook.com;44320;5;3;3500.0;890.0;1100.0;5
22.04.2021;2515;;3 115;completed;Lucasjackson33@mail.ru;44308;4;3;890.0;1900.0;325.0;4
03.10.2021;3075;;890;completed;Charlottesmith0@yandex.ru;44472;10;3;325.0;325.0;240.0;10
15.06.2021;2053;;1 717;completed;alexandermoore66@gmail.com;44362;6;3;240.0;890.0;587.0;6
03.08.2021;2525;;2 487;completed;alexandermartinez2007@gmail.com;44327;5;3;587.0;1100.0;800.0;8
19.09.2021;1808;;7 487;completed;Liamanderson0@outlook.com;44292;4;3;587.0;4900.0;2000.0;9
04.11.2021;2731;;3 990;completed;Alexandermoore13@yahoo.com;44504;11;3;890.0;2000.0;1100.0;11
26.01.2022;2743;;2 700;completed;oliveranderson0@gmail.com;44587;13;2;800.0;;1900.0;13
15.06.2021;2365;;5 490;completed;Oliverwilliams33@mail.ru;44362;6;3;3500.0;890.0;1100.0;6
30.05.2021;1971;;1 387;completed;Isabellataylor1993@outlook.com;44346;5;2;800.0;587.0;;5
28.04.2021;2670;;3 800;completed;Avathomas69@yandex.ru;44314;4;2;;1900.0;1900.0;4
07.02.2022;1439;;10 387;completed;Charlottemartinez13@yandex.ru;44455;9;3;4900.0;587.0;4900.0;14
15.10.2021;4034;;1 690;returned;Oliverwilliams88@mail.ru;44484;10;2;890.0;800.0;;10
11.07.2021;1577;;2 880;completed;Oliverjackson12@mail.ru;44388;7;3;890.0;1100.0;890.0;7
27.04.2021;3329;;1 477;completed;Emmasmith12@yandex.ru;44313;4;2;;587.0;890.0;4
23.12.2021;3030;;7 040;returned;Williamtaylor1993@mail.ru;44553;12;3;1900.0;240.0;4900.0;12
21.09.2021;3324;;4 200;completed;oliverbrown13@gmail.com;44460;9;3;1100.0;1100.0;2000.0;9
16.03.2021;3182;;587;returned;Emmabrown0@yandex.ru;44271;3;1;587.0;;;3
16.10.2021;4132;;4 625;completed;Sophiabrown13@yahoo.com;44464;9;3;800.0;325.0;3500.0;10
10.12.2021;1975;;6 287;completed;Sophiataylor69@yahoo.com;44273;3;3;587.0;800.0;4900.0;12
02.04.2021;3849;;8 987;completed;Alexandertaylor2007@yahoo.com;44288;4;3;3500.0;587.0;4900.0;4
06.12.2021;1981;;1 340;completed;Olivertaylor0@yandex.ru;44536;12;2;1100.0;240.0;;12
15.02.2022;2812;;1 387;completed;Emmajackson69@yahoo.com;44607;14;2;;800.0;587.0;14
30.07.2021;2734;;3 387;completed;Olivermoore33@mail.ru;44324;5;3;587.0;2000.0;800.0;7
21.12.2021;3909;;8 725;completed;Emmasmith1987@mail.ru;44551;12;3;4900.0;3500.0;325.0;12
25.09.2021;2537;;5 190;completed;Charlottethomas69@yahoo.com;44285;3;3;3500.0;890.0;800.0;9
07.10.2021;1593;;1 455;returned;Charlottelopez13@mail.ru;44244;2;3;890.0;240.0;325.0;10
18.12.2021;3875;;3 074;completed;Alexanderanderson33@mail.ru;44274;3;3;1900.0;587.0;587.0;12
26.03.2021;2713;;2 230;completed;sophiamoore1993@gmail.com;44281;3;3;890.0;240.0;1100.0;3
24.07.2021;2822;;4 700;returned;Alexandermoore66@yahoo.com;44304;4;3;1900.0;800.0;2000.0;7
10.01.2022;3170;;3 477;completed;Emmathomas66@outlook.com;44571;13;3;890.0;587.0;2000.0;13
08.06.2021;3604;;5 740;completed;Emmamartinez1993@outlook.com;44265;3;3;2000.0;240.0;3500.0;6
23.07.2021;2260;;6 500;completed;Charlottetaylor2007@outlook.com;44400;7;3;3500.0;1900.0;1100.0;7
09.08.2021;1441;;5 550;completed;Charlottejackson13@yahoo.com;44380;7;3;325.0;4900.0;325.0;8
08.07.2021;1305;;6 500;completed;Williammartinez2007@mail.ru;44385;7;3;1100.0;1900.0;3500.0;7
10.01.2022;2767;;2 015;completed;Emmathomas2007@outlook.com;44571;13;3;800.0;890.0;325.0;13
14.06.2021;1695;;1 840;completed;Charlottetaylor66@yahoo.com;44361;6;3;800.0;800.0;240.0;6
21.03.2021;2672;;2 790;completed;Liamanderson13@outlook.com;44276;3;2;;1900.0;890.0;3
28.04.2021;2627;;2 550;completed;Emmalopez1993@yandex.ru;44314;4;3;1900.0;325.0;325.0;4
06.03.2021;3284;;2 015;completed;Liamtaylor69@yandex.ru;44261;3;3;325.0;800.0;890.0;3
15.12.2021;3676;;4 925;completed;Avajackson13@yahoo.com;44264;3;3;3500.0;1100.0;325.0;12
19.09.2021;2770;;8 725;returned;Alexandersmith2007@yandex.ru;44458;9;3;4900.0;325.0;3500.0;9
25.10.2021;1766;;2 550;completed;Isabellalopez88@outlook.com;44303;4;3;1900.0;325.0;325.0;10
20.06.2021;2510;;1 900;completed;Liamanderson12@outlook.com;44367;6;1;;1900.0;;6
29.01.2022;2467;;4 840;completed;Sophiataylor1987@yandex.ru;44590;13;3;1100.0;3500.0;240.0;13
02.02.2022;3959;;4 840;completed;Emmajackson69@outlook.com;44594;14;3;240.0;1100.0;3500.0;14
24.04.2021;3404;;2 277;completed;Lucasbrown12@yandex.ru;44310;4;3;800.0;890.0;587.0;4
23.09.2021;3100;;3 900;completed;Liamtaylor0@yahoo.com;44293;4;2;2000.0;1900.0;;9
01.02.2022;1916;;3 680;completed;Avabrown0@yandex.ru;44593;14;3;890.0;890.0;1900.0;14
01.07.2021;3494;;5 940;returned;Lucasmartinez88@yahoo.com;44378;7;3;800.0;4900.0;240.0;7
12.02.2022;3081;;2 315;completed;Alexanderwilliams1987@yandex.ru;44604;14;3;1100.0;325.0;890.0;14
01.03.2021;3662;;4 065;completed;Liambrown33@yahoo.com;44256;3;3;325.0;240.0;3500.0;3
27.11.2021;3287;;6 000;completed;Williamlopez1987@yahoo.com;44366;6;2;1100.0;;4900.0;11
03.04.2021;1380;;2 912;completed;Alexandermoore1993@mail.ru;44289;4;3;587.0;2000.0;325.0;4
23.04.2021;2719;;6 300;completed;avataylor88@gmail.com;44309;4;3;3500.0;2000.0;800.0;4
20.09.2021;2769;;1 687;completed;Lucasjackson0@outlook.com;44391;7;2;;587.0;1100.0;9
14.05.2021;4099;;5 500;completed;Isabellawilliams66@outlook.com;44330;5;2;;2000.0;3500.0;5
27.09.2021;1473;;6 025;completed;Liamanderson0@yahoo.com;44427;8;3;4900.0;325.0;800.0;9
10.08.2021;1760;;2 225;returned;Williamlopez69@outlook.com;44402;7;2;1900.0;;325.0;8
18.03.2021;3812;;4 625;completed;Lucassmith1987@outlook.com;44273;3;3;325.0;3500.0;800.0;3
27.10.2021;2614;;6 000;completed;avaanderson1987@gmail.com;44471;10;2;1100.0;4900.0;;10
24.09.2021;2033;;240;completed;Lucasmoore69@yandex.ru;44290;4;1;;;240.0;9
06.12.2021;1642;;5 700;completed;Alexanderthomas0@outlook.com;44536;12;3;1100.0;1100.0;3500.0;12
22.07.2021;3594;;5 900;returned;Oliveranderson13@yahoo.com;44399;7;3;2000.0;1900.0;2000.0;7
10.09.2021;3451;;1 414;completed;Charlottemoore69@yandex.ru;44449;9;3;240.0;587.0;587.0;9
10.06.2021;2207;;4 150;completed;Avasmith13@outlook.com;44357;6;3;3500.0;325.0;325.0;6
04.12.2021;2961;;8 000;completed;avamoore1993@gmail.com;44534;12;3;2000.0;1100.0;4900.0;12
04.09.2021;1728;;1 040;returned;Liammartinez0@mail.ru;44291;4;2;;800.0;240.0;9
02.12.2021;2015;;4 200;completed;Isabellasmith13@mail.ru;44300;4;3;2000.0;1100.0;1100.0;12
08.07.2021;3390;;6 800;completed;williamjackson1987@gmail.com;44343;5;2;;4900.0;1900.0;7
28.06.2021;4152;;6 500;completed;Liamlopez66@yandex.ru;44264;3;3;3500.0;1900.0;1100.0;6
14.07.2021;3478;;2 440;completed;Alexandertaylor88@outlook.com;44391;7;3;1100.0;1100.0;240.0;7
26.10.2021;2966;;7 700;completed;oliveranderson2007@gmail.com;44286;3;3;2000.0;4900.0;800.0;10
13.04.2021;3019;;1 370;returned;Avaanderson1993@mail.ru;44248;2;3;890.0;240.0;240.0;4
22.07.2021;1883;;8 000;completed;liamlopez12@gmail.com;44346;5;3;2000.0;1100.0;4900.0;7
06.02.2022;4010;;7 125;completed;Isabellasmith13@yandex.ru;44484;10;3;1900.0;325.0;4900.0;14
05.11.2021;3783;;1 690;completed;Charlottebrown12@yahoo.com;44293;4;2;800.0;890.0;;11
13.06.2021;3025;;5 400;completed;alexandertaylor1987@gmail.com;44360;6;2;1900.0;3500.0;;6
23.09.2021;3490;;6 074;completed;Oliverjackson2007@yandex.ru;44383;7;3;587.0;4900.0;587.0;9
18.12.2021;3834;;7 300;completed;Charlottethomas69@outlook.com;44529;11;3;1900.0;3500.0;1900.0;12
22.11.2021;1780;;3 240;completed;Olivertaylor33@yahoo.com;44522;11;3;240.0;1900.0;1100.0;11
08.08.2021;1967;;5 790;completed;Avamartinez13@yahoo.com;44346;5;2;4900.0;;890.0;8
15.03.2021;3815;;7 690;returned;Liamtaylor2007@mail.ru;44270;3;3;890.0;4900.0;1900.0;3
23.09.2021;3697;;8 725;completed;Oliverbrown33@yahoo.com;44462;9;3;325.0;4900.0;3500.0;9
30.03.2021;2429;;4 600;completed;Alexanderlopez66@yahoo.com;44285;3;3;1900.0;800.0;1900.0;3
02.11.2021;3705;;4 390;completed;Alexanderlopez1993@outlook.com;44295;4;2;3500.0;890.0;;11
20.03.2021;1700;;6 025;completed;Avasmith1993@mail.ru;44275;3;3;325.0;800.0;4900.0;3
15.04.2021;4196;;5 640;returned;Isabellasmith2007@yandex.ru;44301;4;3;3500.0;240.0;1900.0;4
27.01.2022;3774;;6 500;completed;Emmawilliams88@outlook.com;44588;13;3;1900.0;3500.0;1100.0;13
31.12.2021;1474;;7 400;completed;lucasmartinez69@gmail.com;44246;2;3;3500.0;1900.0;2000.0;12
08.09.2021;3045;;7 240;completed;Charlotteanderson1993@mail.ru;44280;3;3;3500.0;240.0;3500.0;9
06.08.2021;3041;;4 540;completed;Lucaslopez33@yahoo.com;44414;8;3;800.0;3500.0;240.0;8
13.05.2021;2989;;4 065;completed;Williamjackson69@yandex.ru;44329;5;3;240.0;325.0;3500.0;5
18.02.2021;2248;;3 287;completed;Williamthomas33@outlook.com;44245;2;3;587.0;800.0;1900.0;2
04.03.2021;3922;;2 140;completed;Oliverthomas88@outlook.com;44259;3;3;1100.0;800.0;240.0;3
11.07.2021;3131;;7 900;completed;Emmathomas0@mail.ru;44388;7;3;1100.0;1900.0;4900.0;7
27.06.2021;3723;;1 152;completed;Olivermartinez69@yahoo.com;44355;6;3;240.0;325.0;587.0;6
13.12.2021;1446;;6 377;completed;Emmataylor2007@mail.ru;44543;12;3;890.0;587.0;4900.0;12
16.02.2022;3631;;4 625;completed;Sophiabrown12@gmail.com;44418;8;3;3500.0;800.0;325.0;14
28.12.2021;3385;;6 300;completed;Isabellataylor69@outlook.com;44281;3;3;2000.0;800.0;3500.0;12
27.03.2021;3779;;1 780;completed;Charlottejackson69@yahoo.com;44282;3;2;890.0;890.0;;3
02.03.2021;2283;;6 290;completed;Alexandersmith0@mail.ru;44257;3;3;890.0;1900.0;3500.0;3
17.07.2021;1806;;3 287;returned;Olivermartinez69@yahoo.com;44249;2;3;1900.0;800.0;587.0;7
19.08.2021;3762;;1 425;completed;Williammartinez66@outlook.com;44427;8;2;325.0;;1100.0;8
29.12.2021;3033;;10 040;completed;Emmamoore12@yahoo.com;44309;4;3;4900.0;240.0;4900.0;12
01.02.2022;1391;;3 477;completed;Lucasjackson33@yandex.ru;44593;14;3;890.0;587.0;2000.0;14
16.06.2021;3756;;9 000;completed;Williamanderson33@yandex.ru;44292;4;3;2000.0;3500.0;3500.0;6
23.11.2021;2839;;3 900;returned;Alexanderthomas33@outlook.com;44280;3;3;2000.0;1100.0;800.0;11
08.12.2021;2042;;4 674;completed;Emmawilliams69@yandex.ru;44361;6;3;587.0;587.0;3500.0;12
31.08.2021;1790;;3 000;completed;alexanderlopez1993@gmail.com;44293;4;2;1100.0;1900.0;;8
04.07.2021;3180;;3 477;completed;Lucasanderson1987@mail.ru;44381;7;3;890.0;2000.0;587.0;7
25.07.2021;1970;;5 550;returned;Alexanderanderson12@yahoo.com;44402;7;3;4900.0;325.0;325.0;7
09.06.2021;2838;;10 387;completed;Alexandermartinez0@mail.ru;44315;4;3;587.0;4900.0;4900.0;6
24.12.2021;1793;;6 890;completed;Charlottemartinez13@yandex.ru;44554;12;3;1100.0;890.0;4900.0;12
25.07.2021;4140;;6 500;completed;Avamoore88@yandex.ru;44402;7;3;4900.0;800.0;800.0;7
10.06.2021;4228;;6 000;completed;Emmajackson12@gmail.com;44357;6;2;;4900.0;1100.0;6
07.11.2021;3651;;8 000;returned;Sophiamoore33@yandex.ru;44507;11;3;4900.0;2000.0;1100.0;11
26.01.2022;3066;;4 412;completed;oliverbrown88@gmail.com;44267;3;3;587.0;325.0;3500.0;13
20.11.2021;3779;;4 887;completed;Charlottejackson69@yahoo.com;44282;3;3;587.0;800.0;3500.0;11
15.02.2022;2119;;4 700;completed;alexanderthomas1987@gmail.com;44587;13;3;2000.0;800.0;1900.0;14
12.06.2021;4029;;3 990;completed;Alexanderwilliams1993@mail.ru;44321;5;3;890.0;1100.0;2000.0;6
26.07.2021;1765;;5 740;completed;Williamtaylor66@yandex.ru;44403;7;3;3500.0;2000.0;240.0;7
28.07.2021;2761;;2 140;completed;Isabellawilliams12@yahoo.com;44405;7;2;;1900.0;240.0;7
29.06.2021;3477;;4 600;completed;alexandersmith1987@gmail.com;44376;6;2;;3500.0;1100.0;6
12.01.2022;3771;;6 115;completed;Olivertaylor33@outlook.com;44303;4;3;4900.0;325.0;890.0;13
13.12.2021;3498;;2 890;completed;Sophiabrown66@gmail.com;44543;12;2;;890.0;2000.0;12
06.01.2022;1679;;3 100;completed;Alexanderjackson13@yahoo.com;44306;4;2;;2000.0;1100.0;13
30.11.2021;3858;;5 487;completed;Isabellathomas88@yahoo.com;44313;4;2;587.0;4900.0;;11
23.11.2021;2475;;4 327;completed;Isabellamoore66@outlook.com;44268;3;3;240.0;587.0;3500.0;11
12.08.2021;2732;;4 087;completed;Liamwilliams2007@yandex.ru;44420;8;2;;3500.0;587.0;8
28.01.2022;1835;;8 400;returned;Sophiajackson69@yandex.ru;44429;8;2;;4900.0;3500.0;13
03.11.2021;1417;;1 665;completed;Avataylor13@outlook.com;44503;11;3;240.0;1100.0;325.0;11
06.12.2021;2167;;7 125;completed;Sophiajackson69@yahoo.com;44519;11;3;1900.0;325.0;4900.0;12
02.06.2021;1289;;3 890;completed;Alexandersmith33@outlook.com;44349;6;3;1100.0;1900.0;890.0;6
25.01.2022;2777;;6 115;completed;Emmabrown12@yahoo.com;44315;4;3;325.0;4900.0;890.0;13
09.12.2021;3335;;5 400;completed;Isabellawilliams0@yandex.ru;44539;12;2;;3500.0;1900.0;12
11.08.2021;1521;;4 412;returned;Charlottelopez0@yandex.ru;44419;8;3;3500.0;325.0;587.0;8
07.11.2021;1659;;3 340;returned;emmamartinez13@yahoo.com;44355;6;3;1100.0;2000.0;240.0;11
27.04.2021;2817;;4 325;completed;isabellamoore13@outlook.com;44313;4;3;325.0;2000.0;2000.0;4
05.09.2021;1678;;5 987;completed;Emmathomas13@gmail.com;44298;4;3;3500.0;587.0;1900.0;9
14.03.2021;3572;;4 327;completed;Charlottebrown1987@outlook.com;44269;3;3;240.0;587.0;3500.0;3
08.06.2021;3007;;7 125;completed;Sophiajackson69@yahoo.com;44254;2;3;1900.0;4900.0;325.0;6
12.12.2021;2419;;1 580;completed;Lucasmartinez66@yahoo.com;44542;12;3;240.0;240.0;1100.0;12
16.09.2021;1899;;4 715;completed;liammoore88@gmail.com;44382;7;3;325.0;3500.0;890.0;9
13.12.2021;1509;;4 900;completed;Liamthomas12@mail.ru;44543;12;3;1900.0;1100.0;1900.0;12
15.08.2021;3090;;10 387;completed;Oliversmith13@mail.ru;44255;2;3;4900.0;587.0;4900.0;8
07.09.2021;1875;;5 725;completed;Emmathomas66@outlook.com;44309;4;3;325.0;1900.0;3500.0;9
05.05.2021;3147;;8 987;completed;Charlottethomas1993@outlook.com;44321;5;3;4900.0;3500.0;587.0;5
30.04.2021;2261;;240;completed;Sophiamoore1987@outlook.com;44316;4;1;;240.0;;4
07.11.2021;2606;;4 225;completed;Charlottethomas0@yahoo.com;44375;6;3;325.0;1900.0;2000.0;11
13.03.2021;4039;;2 940;completed;Sophiasmith66@yandex.ru;44268;3;3;240.0;800.0;1900.0;3
13.11.2021;4104;;5 500;completed;sophiawilliams1987@gmail.com;44486;10;2;;3500.0;2000.0;11
11.04.2021;1904;;7 800;returned;sophiamoore1987@gmail.com;44297;4;3;800.0;3500.0;3500.0;4
15.03.2021;2002;;4 390;completed;Alexandertaylor1987@outlook.com;44263;3;2;890.0;;3500.0;3
27.11.2021;2096;;3 990;returned;Charlottesmith69@mail.ru;44283;3;3;1100.0;890.0;2000.0;11
05.06.2021;2170;;1 067;completed;Williamlopez33@yahoo.com;44260;3;3;240.0;587.0;240.0;6
07.04.2021;1790;;7 790;completed;alexanderlopez1993@gmail.com;44293;4;3;890.0;4900.0;2000.0;4
06.08.2021;1310;;2 240;returned;Williammoore13@yahoo.com;44414;8;2;;240.0;2000.0;8
16.07.2021;1413;;3 130;returned;Isabellamartinez1987@yandex.ru;44393;7;3;2000.0;890.0;240.0;7
16.09.2021;2600;;2 587;completed;oliverlopez69@gmail.com;44455;9;2;587.0;2000.0;;9
25.07.2021;1289;;4 140;returned;Alexandersmith33@outlook.com;44349;6;3;2000.0;240.0;1900.0;7
11.03.2021;1240;;8 987;completed;Isabellamoore69@yandex.ru;44266;3;3;3500.0;587.0;4900.0;3
30.11.2021;2375;;2 440;completed;Isabellabrown88@outlook.com;44365;6;3;1100.0;240.0;1100.0;11
22.10.2021;2459;;5 100;completed;lucastaylor66@gmail.com;44279;3;3;1100.0;2000.0;2000.0;10
06.05.2021;1528;;7 325;completed;Isabellajackson13@mail.ru;44322;5;3;325.0;3500.0;3500.0;5
27.05.2021;3483;;6 300;completed;Lucasmoore1993@outlook.com;44269;3;3;800.0;2000.0;3500.0;5
28.12.2021;1879;;4 840;completed;emmajackson1993@gmail.com;44558;12;3;3500.0;1100.0;240.0;12
06.02.2022;2231;;3 990;completed;Isabellabrown33@outlook.com;44405;7;3;890.0;1100.0;2000.0;14
18.07.2021;2302;;3 130;completed;lucassmith69@gmail.com;44340;5;3;240.0;2000.0;890.0;7
11.07.2021;2049;;5 465;completed;isabellathomas0@gmail.com;44317;5;3;325.0;4900.0;240.0;7
12.04.2021;1738;;6 115;returned;Avalopez0@yandex.ru;44298;4;3;325.0;4900.0;890.0;4
15.03.2021;1398;;4 890;completed;Avaanderson66@yandex.ru;44257;3;3;890.0;2000.0;2000.0;3
13.02.2022;2421;;2 367;completed;Olivermartinez12@yahoo.com;44605;14;3;587.0;890.0;890.0;14
18.11.2021;2375;;1 761;completed;Isabellabrown88@outlook.com;44365;6;3;587.0;587.0;587.0;11
12.09.2021;3633;;3 074;completed;Williamwilliams88@mail.ru;44451;9;3;587.0;1900.0;587.0;9
01.09.2021;1411;;6 287;completed;Charlottejackson12@yandex.ru;44440;9;3;4900.0;800.0;587.0;9
12.03.2021;2271;;4 300;completed;Olivermoore88@yahoo.com;44267;3;2;800.0;;3500.0;3
02.02.2022;2955;;5 490;completed;avawilliams66@gmail.com;44268;3;3;890.0;1100.0;3500.0;14
17.07.2021;1581;;10 040;completed;Sophiabrown66@yahoo.com;44394;7;3;240.0;4900.0;4900.0;7
28.03.2021;3198;;2 565;returned;Emmaanderson2007@yandex.ru;44283;3;3;325.0;2000.0;240.0;3
19.12.2021;4154;;5 700;completed;Charlotteanderson88@outlook.com;44541;12;2;4900.0;800.0;;12
29.11.2021;3400;;6 290;completed;lucasanderson66@gmail.com;44365;6;3;890.0;1900.0;3500.0;11
01.12.2021;2951;;3 477;completed;liammoore33@gmail.com;44531;12;3;890.0;587.0;2000.0;12
15.04.2021;2604;;1 174;completed;Emmataylor33@yandex.ru;44301;4;2;;587.0;587.0;4
25.06.2021;2128;;1 900;completed;lucaslopez33@gmail.com;44372;6;2;800.0;1100.0;;6
27.12.2021;4013;;1 717;completed;Isabellawilliams33@outlook.com;44494;10;3;587.0;890.0;240.0;12
28.12.2021;4030;;2 325;completed;Liambrown1993@gmail.com;44391;7;2;;325.0;2000.0;12
11.03.2021;2097;;2 890;completed;emmataylor0@gmail.com;44266;3;2;890.0;2000.0;;3
16.07.2021;2625;;3 990;completed;Williamwilliams12@yahoo.com;44393;7;3;2000.0;890.0;1100.0;7
25.08.2021;1295;;1 215;completed;Sophiamoore0@outlook.com;44433;8;2;890.0;325.0;;8
10.10.2021;2954;;6 590;completed;Liamthomas69@yandex.ru;44479;10;3;4900.0;890.0;800.0;10
21.03.2021;1490;;1 040;completed;williammartinez88@gmail.com;44276;3;2;800.0;240.0;;3
11.08.2021;3864;;1 414;completed;Williambrown66@yandex.ru;44318;5;3;587.0;587.0;240.0;8
20.11.2021;2186;;3 500;completed;Charlottemoore1987@mail.ru;44296;4;1;3500.0;;;11
24.08.2021;2438;;3 990;completed;Williammoore12@yandex.ru;44432;8;3;890.0;1100.0;2000.0;8
20.11.2021;2569;;5 700;completed;isabellajackson88@gmail.com;44520;11;2;800.0;4900.0;;11
08.06.2021;3404;;6 587;completed;Lucasbrown12@yandex.ru;44310;4;3;587.0;4900.0;1100.0;6
06.08.2021;2342;;3 240;completed;alexandermoore69@gmail.com;44260;3;3;1100.0;240.0;1900.0;8
01.10.2021;2257;;2 140;completed;Charlottewilliams88@yandex.ru;44299;4;2;;1900.0;240.0;10
29.05.2021;4130;;6 287;completed;Lucastaylor0@yahoo.com;44338;5;3;587.0;800.0;4900.0;5
27.03.2021;3586;;8 987;completed;Oliverthomas69@mail.ru;44282;3;3;587.0;3500.0;4900.0;3
11.01.2022;3360;;2 577;completed;Alexandermartinez66@yandex.ru;44357;6;3;890.0;587.0;1100.0;13
08.07.2021;2724;;6 900;completed;isabellathomas88@gmail.com;44385;7;2;;2000.0;4900.0;7
27.05.2021;3216;;4 977;completed;Avawilliams69@outlook.com;44343;5;3;890.0;3500.0;587.0;5
21.08.2021;1584;;6 800;completed;avamoore2007@gmail.com;44305;4;2;;4900.0;1900.0;8
23.07.2021;3496;;3 130;completed;Oliveranderson0@outlook.com;44344;5;3;890.0;240.0;2000.0;7
02.01.2022;2621;;565;completed;liamanderson1987@gmail.com;44402;7;2;240.0;325.0;;13
29.10.2021;2203;;587;completed;Alexanderwilliams1993@mail.ru;44285;3;1;587.0;;;10
22.05.2021;2964;;10 400;completed;Isabellabrown1993@yahoo.com;44338;5;3;3500.0;2000.0;4900.0;5
30.10.2021;2260;;1 927;completed;Charlottetaylor2007@outlook.com;44400;7;3;587.0;1100.0;240.0;10
19.05.2021;4039;;3 425;returned;Sophiasmith66@yandex.ru;44268;3;3;1100.0;325.0;2000.0;5
15.07.2021;3811;;2 890;completed;Emmawilliams12@mail.ru;44392;7;2;;890.0;2000.0;7
22.08.2021;2208;;7 700;completed;Liamanderson1993@yandex.ru;44301;4;3;800.0;4900.0;2000.0;8
27.05.2021;3087;;5 500;completed;Sophiabrown13@yahoo.com;44245;2;2;3500.0;;2000.0;5
01.01.2022;3443;;2 587;completed;Alexanderbrown12@mail.ru;44405;7;2;587.0;2000.0;;13
20.11.2021;2163;;3 900;completed;oliverthomas2007@gmail.com;44282;3;2;2000.0;;1900.0;11
20.01.2022;2614;;2 727;completed;avaanderson1987@gmail.com;44471;10;3;1900.0;587.0;240.0;13
04.03.2021;2281;;3 215;completed;Liamwilliams88@outlook.com;44259;3;3;2000.0;890.0;325.0;3
19.08.2021;2998;;13 300;completed;Oliverjackson12@yandex.ru;44427;8;3;4900.0;3500.0;4900.0;8
25.03.2021;2694;;1 930;completed;Liammoore12@yahoo.com;44277;3;3;890.0;800.0;240.0;3
21.04.2021;3175;;3 825;completed;Sophialopez33@outlook.com;44304;4;2;325.0;3500.0;;4
17.12.2021;1473;;4 674;returned;Liamanderson0@yahoo.com;44427;8;3;3500.0;587.0;587.0;12
20.01.2022;2724;;3 587;completed;isabellathomas88@gmail.com;44385;7;3;1900.0;1100.0;587.0;13
26.03.2021;3851;;5 727;completed;Lucasbrown69@yahoo.com;44281;3;3;240.0;587.0;4900.0;3
17.08.2021;1696;;4 840;completed;Isabellamartinez13@yandex.ru;44425;8;3;240.0;3500.0;1100.0;8
08.10.2021;3991;;2 700;completed;Alexanderwilliams69@yandex.ru;44477;10;3;800.0;800.0;1100.0;10
07.01.2022;2457;;1 477;completed;lucasmartinez88@gmail.com;44440;9;2;;587.0;890.0;13
31.05.2021;3454;;2 565;returned;Alexanderthomas88@outlook.com;44347;5;3;325.0;240.0;2000.0;5
21.10.2021;1302;;5 727;completed;charlottesmith66@gmail.com;44490;10;3;240.0;4900.0;587.0;10
12.07.2021;1773;;1 365;completed;Oliverwilliams13@mail.ru;44286;3;3;240.0;325.0;800.0;7
19.09.2021;3830;;2 140;completed;williammoore1987@yahoo.com;44458;9;2;;240.0;1900.0;9
12.07.2021;1919;;1 130;completed;Sophiathomas2007@gmail.com;44389;7;2;;240.0;890.0;7
09.10.2021;1795;;13 300;completed;Lucasthomas0@mail.ru;44478;10;3;3500.0;4900.0;4900.0;10
24.03.2021;2821;;4 000;completed;Charlottewilliams66@outlook.com;44279;3;2;2000.0;2000.0;;3
27.03.2021;3548;;1 125;completed;Williamsmith33@outlook.com;44282;3;2;800.0;325.0;;3
21.11.2021;2604;;7 240;returned;Emmataylor33@yandex.ru;44301;4;3;3500.0;3500.0;240.0;11
11.04.2021;1960;;4 325;completed;Sophiamartinez69@outlook.com;44297;4;3;325.0;2000.0;2000.0;4
21.09.2021;3580;;5 140;returned;Avaanderson13@yandex.ru;44415;8;2;;240.0;4900.0;9
13.03.2021;4185;;7 790;completed;Avaanderson2007@yandex.ru;44268;3;3;2000.0;890.0;4900.0;3
23.12.2021;3129;;2 000;completed;Olivermartinez1987@yahoo.com;44450;9;1;;2000.0;;12
26.04.2021;1850;;1 990;completed;Oliversmith1993@yahoo.com;44312;4;2;1100.0;890.0;;4
16.09.2021;4208;;2 487;completed;Liammoore13@outlook.com;44455;9;3;587.0;800.0;1100.0;9
26.09.2021;2479;;3 030;completed;isabellamoore88@gmail.com;44465;9;3;240.0;1900.0;890.0;9
18.04.2021;2708;;4 327;completed;Oliverjackson33@outlook.com;44252;2;3;240.0;587.0;3500.0;4
02.01.2022;1446;;4 040;completed;Emmataylor2007@mail.ru;44543;12;3;240.0;1900.0;1900.0;13
18.09.2021;1276;;8 640;completed;Lucasmoore0@gmail.com;44378;7;3;240.0;4900.0;3500.0;9
01.03.2021;2726;;2 940;completed;emmabrown2007@outlook.com;44256;3;3;1900.0;800.0;240.0;3
23.09.2021;2349;;6 500;completed;emmajackson0@gmail.com;44263;3;3;1900.0;1100.0;3500.0;9
30.03.2021;1700;;1 450;completed;Avasmith1993@mail.ru;44275;3;3;325.0;325.0;800.0;3
18.04.2021;2185;;1 930;completed;lucasbrown1993@gmail.com;44304;4;3;240.0;800.0;890.0;4
23.03.2021;2313;;4 587;completed;Liamanderson66@outlook.com;44278;3;3;2000.0;587.0;2000.0;3
07.04.2021;3139;;3 130;completed;alexanderthomas2007@gmail.com;44293;4;3;890.0;2000.0;240.0;4
26.03.2021;2013;;1 414;completed;oliverlopez69@gmail.com;44281;3;3;587.0;240.0;587.0;3
25.01.2022;2356;;3 687;completed;Isabellawilliams0@mail.ru;44586;13;3;1100.0;2000.0;587.0;13
22.08.2021;3753;;5 700;completed;Avajackson33@mail.ru;44358;6;3;1900.0;1900.0;1900.0;8
03.06.2021;1818;;4 600;returned;Isabellalopez12@outlook.com;44246;2;2;1100.0;;3500.0;6
09.12.2021;2517;;1 840;completed;lucaslopez2007@gmail.com;44303;4;3;240.0;800.0;800.0;12
13.06.2021;3209;;6 200;completed;Alexanderwilliams88@yahoo.com;44357;6;3;1900.0;800.0;3500.0;6
03.09.2021;2708;;6 030;completed;Oliverjackson33@outlook.com;44252;2;3;890.0;4900.0;240.0;9
02.04.2021;2437;;3 425;returned;Lucasthomas1987@outlook.com;44288;4;3;1100.0;2000.0;325.0;4
30.12.2021;3227;;5 727;completed;Olivermartinez0@yahoo.com;44518;11;3;240.0;587.0;4900.0;12
21.09.2021;3871;;3 900;completed;Liamlopez69@yahoo.com;44460;9;3;2000.0;1100.0;800.0;9
22.11.2021;1491;;3 900;completed;Oliverlopez2007@mail.ru;44522;11;3;1100.0;800.0;2000.0;11
17.06.2021;3017;;7 225;completed;isabellathomas1987@gmail.com;44258;3;3;4900.0;2000.0;325.0;6
13.03.2021;2187;;7 700;completed;Williammartinez12@yahoo.com;44268;3;3;4900.0;2000.0;800.0;3
04.03.2021;3707;;4 412;completed;Isabellamartinez33@outlook.com;44259;3;3;587.0;325.0;3500.0;3
08.11.2021;3350;;11 800;completed;Lucasmoore88@yahoo.com;44439;8;3;4900.0;2000.0;4900.0;11
15.09.2021;1956;;1 990;completed;Avajackson13@outlook.com;44454;9;2;1100.0;890.0;;9
25.06.2021;4065;;5 225;completed;Sophialopez2007@yahoo.com;44372;6;2;;325.0;4900.0;6
05.11.2021;3901;;4 800;completed;sophiamoore1987@gmail.com;44449;9;3;2000.0;800.0;2000.0;11
11.06.2021;2519;;1 499;completed;Lucasjackson12@yahoo.com;44352;6;3;587.0;587.0;325.0;6
02.11.2021;3203;;6 240;completed;olivermoore13@gmail.com;44409;8;3;4900.0;1100.0;240.0;11
21.09.2021;2423;;3 040;completed;Liamjackson0@yandex.ru;44294;4;3;800.0;2000.0;240.0;9
25.10.2021;1625;;2 912;completed;Charlottethomas12@mail.ru;44494;10;3;325.0;2000.0;587.0;10
18.09.2021;3565;;5 140;completed;Isabellabrown88@mail.ru;44457;9;2;240.0;;4900.0;9
22.07.2021;1247;;4 674;completed;alexanderthomas69@gmail.com;44399;7;3;587.0;587.0;3500.0;7
16.11.2021;2925;;6 800;completed;Emmalopez12@yandex.ru;44324;5;3;800.0;1100.0;4900.0;11
24.07.2021;2683;;2 912;completed;alexanderthomas1993@gmail.com;44350;6;3;325.0;2000.0;587.0;7
02.09.2021;2866;;3 377;completed;Emmajackson69@gmail.com;44441;9;3;890.0;587.0;1900.0;9
23.07.2021;2444;;2 230;completed;oliversmith2007@gmail.com;44400;7;3;1100.0;890.0;240.0;7
15.01.2022;3151;;2 550;returned;Alexandermoore0@mail.ru;44505;11;3;325.0;1900.0;325.0;13
19.07.2021;2986;;1 627;completed;Lucasanderson66@mail.ru;44244;2;3;240.0;800.0;587.0;7
02.02.2022;2329;;5 940;returned;Liammartinez88@outlook.com;44594;14;3;4900.0;800.0;240.0;14
02.03.2021;3386;;6 800;completed;Avajackson1987@yahoo.com;44253;2;3;4900.0;1100.0;800.0;3
12.09.2021;1468;;8 987;completed;Liambrown13@yandex.ru;44325;5;3;4900.0;587.0;3500.0;9
26.10.2021;2783;;1 687;completed;Sophialopez88@yahoo.com;44495;10;2;1100.0;587.0;;10
07.08.2021;2435;;2 140;completed;Oliverbrown1993@yahoo.com;44370;6;3;800.0;1100.0;240.0;8
01.01.2022;3723;;7 900;completed;Olivermartinez69@yahoo.com;44355;6;3;4900.0;1900.0;1100.0;13
11.02.2022;2469;;3 100;returned;Sophiabrown12@outlook.com;44603;14;2;;1100.0;2000.0;14
01.01.2022;3206;;8 100;completed;Isabellabrown1987@outlook.com;44342;5;3;3500.0;3500.0;1100.0;13
22.07.2021;3670;;2 015;returned;Sophiataylor1987@mail.ru;44399;7;3;800.0;325.0;890.0;7
31.03.2021;4183;;6 590;completed;Lucaswilliams12@yandex.ru;44286;3;3;800.0;890.0;4900.0;3
12.01.2022;3956;;7 900;returned;Lucasthomas88@yahoo.com;44335;5;3;1100.0;1900.0;4900.0;13
30.11.2021;3443;;7 240;completed;Alexanderbrown12@mail.ru;44405;7;3;240.0;3500.0;3500.0;11
28.10.2021;2060;;4 600;completed;Williamthomas12@outlook.com;44421;8;2;;3500.0;1100.0;10
09.10.2021;1434;;3 030;completed;williamlopez1987@gmail.com;44317;5;3;890.0;240.0;1900.0;10
05.02.2022;3219;;3 025;completed;Olivertaylor0@yandex.ru;44597;14;3;325.0;1900.0;800.0;14
05.08.2021;1697;;3 287;completed;Avalopez1993@outlook.com;44263;3;3;587.0;800.0;1900.0;8
25.06.2021;3177;;5 140;completed;Isabellamartinez69@outlook.com;44243;2;2;;4900.0;240.0;6
01.05.2021;2985;;3 890;completed;isabellamoore66@gmail.com;44317;5;3;1100.0;1900.0;890.0;5
24.03.2021;1497;;2 315;completed;Alexandersmith12@yandex.ru;44279;3;3;890.0;325.0;1100.0;3
20.05.2021;3004;;1 280;returned;Alexanderwilliams13@outlook.com;44336;5;3;240.0;800.0;240.0;5
23.09.2021;1346;;2 140;completed;Avalopez0@yahoo.com;44462;9;2;240.0;;1900.0;9
06.11.2021;2353;;2 580;completed;Lucaswilliams2007@mail.ru;44506;11;3;800.0;890.0;890.0;11
07.12.2021;3961;;6 325;completed;Isabellabrown88@mail.ru;44537;12;3;1100.0;4900.0;325.0;12
02.07.2021;4019;;2 325;completed;williamthomas88@gmail.com;44379;7;2;2000.0;325.0;;7
05.07.2021;4116;;2 812;completed;Oliveranderson33@outlook.com;44327;5;3;325.0;587.0;1900.0;7
17.11.2021;1518;;7 040;completed;Isabellamartinez88@yandex.ru;44517;11;3;4900.0;240.0;1900.0;11
05.12.2021;3393;;3 340;completed;Alexanderlopez0@yahoo.com;44535;12;3;240.0;2000.0;1100.0;12
23.04.2021;3023;;1 425;completed;Sophialopez13@mail.ru;44309;4;2;1100.0;;325.0;4
27.05.2021;4107;;4 150;completed;Oliverlopez33@outlook.com;44339;5;3;325.0;325.0;3500.0;5
16.02.2022;3889;;9 290;completed;Isabellalopez33@mail.ru;44505;11;3;4900.0;3500.0;890.0;14
26.10.2021;3898;;2 490;completed;Olivermartinez33@mail.ru;44495;10;3;800.0;890.0;800.0;10
16.05.2021;2563;;2 225;completed;liambrown13@gmail.com;44332;5;3;1100.0;325.0;800.0;5
18.01.2022;1356;;3 100;completed;Lucaswilliams69@mail.ru;44579;13;2;;1100.0;2000.0;13
31.01.2022;2952;;7 140;completed;sophiathomas0@gmail.com;44555;12;3;2000.0;4900.0;240.0;13
26.06.2021;1462;;1 665;completed;Sophiabrown1987@yahoo.com;44373;6;3;1100.0;240.0;325.0;6
13.04.2021;2494;;3 340;completed;Lucasanderson1987@outlook.com;44299;4;3;240.0;1100.0;2000.0;4
26.11.2021;3040;;1 750;completed;Sophiamartinez13@yahoo.com;44526;11;3;325.0;1100.0;325.0;11
23.08.2021;2216;;2 012;completed;olivermoore12@gmail.com;44299;4;3;1100.0;587.0;325.0;8
18.09.2021;4044;;3 377;completed;Olivermartinez69@yandex.ru;44457;9;3;890.0;1900.0;587.0;9
20.02.2021;2576;;6 300;completed;Charlottetaylor2007@yahoo.com;44247;2;3;2000.0;800.0;3500.0;2
23.07.2021;4125;;5 640;returned;Emmajackson2007@yahoo.com;44400;7;3;1900.0;3500.0;240.0;7
23.11.2021;3167;;7 487;completed;Avaanderson69@outlook.com;44523;11;3;587.0;4900.0;2000.0;11
14.03.2021;3059;;11 800;completed;liamtaylor88@gmail.com;44269;3;3;2000.0;4900.0;4900.0;3
01.07.2021;1276;;2 225;completed;Lucasmoore0@gmail.com;44378;7;3;800.0;325.0;1100.0;7
17.10.2021;2975;;2 700;returned;Isabellabrown66@outlook.com;44440;9;2;1900.0;;800.0;10
20.01.2022;1589;;7 690;completed;Oliverlopez2007@yahoo.com;44568;13;3;4900.0;890.0;1900.0;13
25.05.2021;2671;;2 380;completed;charlottejackson69@gmail.com;44333;5;3;1900.0;240.0;240.0;5
13.08.2021;1994;;1 499;completed;Lucaslopez12@mail.ru;44421;8;3;587.0;325.0;587.0;8
18.08.2021;1274;;1 215;completed;Isabellamartinez69@yahoo.com;44426;8;2;890.0;;325.0;8
05.12.2021;2893;;3 215;completed;Lucaswilliams1993@outlook.com;44378;7;3;890.0;2000.0;325.0;12
14.11.2021;2154;;2 790;completed;Charlottetaylor88@mail.ru;44411;8;2;1900.0;890.0;;11
17.10.2021;2659;;1 600;completed;Liamtaylor1993@yahoo.com;44401;7;2;800.0;;800.0;10
09.02.2022;1800;;3 100;returned;Oliversmith0@gmail.com;44566;13;2;2000.0;1100.0;;14
13.03.2021;2924;;2 325;returned;Charlottebrown1993@yandex.ru;44268;3;2;2000.0;;325.0;3
03.10.2021;1837;;4 900;completed;Liamlopez69@outlook.com;44472;10;3;1900.0;1900.0;1100.0;10
11.09.2021;2370;;4 065;completed;Williamwilliams2007@yandex.ru;44258;3;3;240.0;3500.0;325.0;9
07.03.2021;1592;;3 690;completed;Avawilliams33@yahoo.com;44262;3;3;2000.0;890.0;800.0;3
08.03.2021;4189;;1 712;completed;Emmajackson1993@outlook.com;44263;3;3;800.0;325.0;587.0;3
31.07.2021;1691;;7 140;completed;Williamjackson12@yahoo.com;44408;7;3;240.0;2000.0;4900.0;7
24.07.2021;2659;;800;completed;Liamtaylor1993@yahoo.com;44401;7;1;;;800.0;7
24.02.2021;1943;;5 465;completed;Olivertaylor13@yandex.ru;44251;2;3;240.0;4900.0;325.0;2
19.10.2021;1471;;5 490;completed;sophiamoore1987@gmail.com;44488;10;3;3500.0;1100.0;890.0;10
02.05.2021;3539;;11 900;completed;Sophiathomas1993@mail.ru;44318;5;3;3500.0;4900.0;3500.0;5
30.04.2021;2902;;6 590;completed;Avalopez1993@yandex.ru;44303;4;3;4900.0;800.0;890.0;4
13.04.2021;3336;;7 400;completed;isabellajackson88@gmail.com;44299;4;3;3500.0;1900.0;2000.0;4
22.10.2021;3450;;2 000;completed;Emmaanderson66@mail.ru;44303;4;1;;2000.0;;10
17.10.2021;3107;;3 025;completed;emmaanderson12@gmail.com;44486;10;3;325.0;1900.0;800.0;10
15.11.2021;2466;;7 900;completed;Charlottetaylor69@outlook.com;44515;11;3;1100.0;4900.0;1900.0;11
24.10.2021;2977;;6 377;completed;olivertaylor13@gmail.com;44364;6;3;890.0;587.0;4900.0;10
14.08.2021;3150;;1 100;completed;Williamlopez66@yahoo.com;44422;8;1;;;1100.0;8
28.04.2021;1763;;5 187;completed;Alexandertaylor13@outlook.com;44314;4;3;587.0;1100.0;3500.0;4
20.08.2021;2327;;1 130;returned;Alexanderlopez69@outlook.com;44262;3;2;890.0;;240.0;8
31.05.2021;3017;;1 455;completed;isabellathomas1987@gmail.com;44258;3;3;240.0;890.0;325.0;5
17.04.2021;2902;;2 225;returned;Avalopez1993@yandex.ru;44303;4;2;;325.0;1900.0;4
09.02.2022;2686;;3 477;completed;Liamwilliams2007@mail.ru;44601;14;3;587.0;2000.0;890.0;14
27.03.2021;3156;;7 790;completed;avajackson33@yahoo.com;44282;3;3;4900.0;2000.0;890.0;3
01.04.2021;1742;;3 340;completed;Emmajackson69@outlook.com;44287;4;3;1100.0;2000.0;240.0;4
23.08.2021;3873;;3 215;completed;Oliverwilliams1987@mail.ru;44401;7;3;2000.0;890.0;325.0;8
17.06.2021;1516;;1 687;completed;Lucasthomas13@yahoo.com;44243;2;2;587.0;;1100.0;6
06.10.2021;4178;;10 125;completed;Isabellaanderson69@yahoo.com;44267;3;3;4900.0;4900.0;325.0;10
28.02.2021;4129;;3 174;completed;Charlottesmith2007@yandex.ru;44255;2;3;2000.0;587.0;587.0;2
02.11.2021;3274;;3 115;completed;Isabellawilliams0@mail.ru;44435;8;3;325.0;890.0;1900.0;11
31.03.2021;2191;;2 790;completed;emmalopez66@gmail.com;44286;3;2;;1900.0;890.0;3
18.10.2021;2571;;6 200;returned;Isabellasmith12@yahoo.com;44435;8;3;1900.0;800.0;3500.0;10
12.03.2021;3066;;4 390;completed;oliverbrown88@gmail.com;44267;3;2;890.0;;3500.0;3
05.02.2022;2931;;4 625;completed;Isabellamartinez0@yandex.ru;44438;8;3;3500.0;325.0;800.0;14
07.08.2021;3580;;5 000;completed;Avaanderson13@yandex.ru;44415;8;3;1100.0;1900.0;2000.0;8
07.06.2021;3687;;2 890;completed;Charlottebrown66@yahoo.com;44354;6;2;2000.0;;890.0;6
05.09.2021;2322;;4 630;completed;Lucasjackson2007@gmail.com;44331;5;3;3500.0;890.0;240.0;9
18.10.2021;4105;;3 387;completed;Avabrown1993@outlook.com;44487;10;3;800.0;2000.0;587.0;10
08.03.2021;2907;;5 725;completed;Alexandertaylor13@yandex.ru;44248;2;3;325.0;1900.0;3500.0;3
21.12.2021;2991;;4 412;completed;Liammartinez66@yahoo.com;44551;12;3;325.0;3500.0;587.0;12
10.03.2021;2946;;6 300;completed;Oliverthomas12@mail.ru;44244;2;3;800.0;3500.0;2000.0;3
20.05.2021;2265;;6 900;completed;Charlottemoore0@outlook.com;44336;5;2;4900.0;;2000.0;5
20.11.2021;2577;;3 377;returned;Emmabrown69@yahoo.com;44411;8;3;1900.0;890.0;587.0;11
19.03.2021;1333;;1 690;completed;emmasmith1993@gmail.com;44274;3;2;;800.0;890.0;3
27.05.2021;2248;;2 015;returned;Williamthomas33@outlook.com;44245;2;3;890.0;800.0;325.0;5
04.06.2021;2869;;7 387;completed;lucasthomas33@gmail.com;44351;6;3;4900.0;1900.0;587.0;6
11.06.2021;4032;;4 150;completed;Isabellataylor1987@mail.ru;44337;5;3;325.0;3500.0;325.0;6
01.10.2021;2993;;1 840;completed;Emmabrown12@yahoo.com;44286;3;3;240.0;800.0;800.0;10
26.06.2021;2801;;1 712;returned;Lucasmoore66@yandex.ru;44373;6;3;800.0;325.0;587.0;6
21.03.2021;4202;;6 500;returned;Charlottejackson33@yandex.ru;44276;3;3;3500.0;1900.0;1100.0;3
12.10.2021;1611;;5 727;returned;olivermartinez2007@gmail.com;44282;3;3;240.0;587.0;4900.0;10
29.12.2021;1794;;2 812;completed;Avaanderson66@yandex.ru;44302;4;3;1900.0;587.0;325.0;12
08.11.2021;2054;;5 740;completed;liamtaylor0@gmail.com;44508;11;3;2000.0;240.0;3500.0;11
29.04.2021;2901;;2 487;completed;Emmathomas33@outlook.com;44315;4;3;587.0;800.0;1100.0;4
12.12.2021;3084;;4 487;completed;charlottetaylor88@gmail.com;44542;12;3;1900.0;587.0;2000.0;12
14.03.2021;1633;;2 064;returned;Avathomas1987@mail.ru;44269;3;3;587.0;587.0;890.0;3
27.06.2021;3139;;7 587;completed;alexanderthomas2007@gmail.com;44293;4;3;587.0;3500.0;3500.0;6
08.08.2021;2965;;7 600;completed;Sophiabrown88@yandex.ru;44374;6;3;1900.0;800.0;4900.0;8
24.05.2021;2542;;7 587;completed;Williamthomas69@mail.ru;44340;5;3;587.0;3500.0;3500.0;5
09.03.2021;2823;;10 900;completed;Oliveranderson1987@yandex.ru;44264;3;3;1100.0;4900.0;4900.0;3
08.07.2021;2257;;5 140;completed;Charlottewilliams88@yandex.ru;44299;4;2;240.0;;4900.0;7
04.05.2021;1774;;2 274;completed;alexanderanderson1993@gmail.com;44320;5;3;1100.0;587.0;587.0;5
12.01.2022;2740;;1 687;returned;Olivermoore2007@yahoo.com;44260;3;2;587.0;1100.0;;13
26.11.2021;1831;;240;completed;Charlottesmith1987@mail.ru;44283;3;1;;;240.0;11
30.11.2021;3759;;1 425;completed;Lucasjackson12@gmail.com;44530;11;2;325.0;;1100.0;11
30.04.2021;2058;;4 540;completed;Isabellathomas13@outlook.com;44310;4;3;240.0;3500.0;800.0;4
16.11.2021;3675;;1 930;completed;Isabellalopez2007@mail.ru;44448;9;3;240.0;890.0;800.0;11
31.08.2021;3306;;8 987;completed;Emmataylor1993@yahoo.com;44439;8;3;3500.0;4900.0;587.0;8
12.02.2022;3481;;4 925;completed;Isabellabrown2007@yahoo.com;44555;12;3;3500.0;1100.0;325.0;14
07.10.2021;1631;;9 800;completed;Liamtaylor33@yandex.ru;44476;10;2;4900.0;4900.0;;10
05.06.2021;2268;;5 727;completed;charlottesmith66@gmail.com;44312;4;3;587.0;4900.0;240.0;6
03.05.2021;3601;;4 925;completed;Liambrown2007@yahoo.com;44319;5;3;3500.0;1100.0;325.0;5
23.01.2022;2333;;1 040;completed;avawilliams66@gmail.com;44414;8;2;;800.0;240.0;13
29.03.2021;3323;;7 387;completed;Isabellataylor1993@outlook.com;44284;3;3;587.0;1900.0;4900.0;3
12.10.2021;1423;;3 500;completed;Sophiamartinez1987@outlook.com;44481;10;3;1900.0;800.0;800.0;10
28.05.2021;3518;;1 780;completed;Williammoore66@outlook.com;44344;5;2;890.0;890.0;;5
16.10.2021;3284;;3 174;completed;Liamtaylor69@yandex.ru;44261;3;3;587.0;2000.0;587.0;10
28.02.2021;2616;;5 280;completed;Oliverthomas13@gmail.com;44255;2;3;890.0;890.0;3500.0;2
12.05.2021;3483;;7 387;completed;Lucasmoore1993@outlook.com;44269;3;3;1900.0;587.0;4900.0;5
17.06.2021;2518;;6 500;completed;Emmamartinez1993@outlook.com;44364;6;3;1900.0;1100.0;3500.0;6
06.11.2021;1974;;5 190;completed;williamsmith69@gmail.com;44290;4;3;800.0;890.0;3500.0;11
30.05.2021;1253;;4 690;completed;Emmasmith1987@mail.ru;44252;2;3;890.0;1900.0;1900.0;5
16.09.2021;2215;;2 140;returned;Oliveranderson2007@outlook.com;44455;9;3;1100.0;800.0;240.0;9
15.05.2021;1323;;2 277;completed;Charlottebrown1993@outlook.com;44252;2;3;800.0;587.0;890.0;5
04.01.2022;3063;;565;completed;avalopez88@gmail.com;44469;9;2;240.0;325.0;;13
08.02.2022;1406;;2 012;completed;Emmawilliams69@outlook.com;44414;8;3;1100.0;587.0;325.0;14
23.01.2022;1877;;4 327;completed;Alexanderjackson12@outlook.com;44529;11;3;587.0;240.0;3500.0;13
30.12.2021;3547;;2 790;completed;Lucassmith13@yahoo.com;44560;12;2;890.0;;1900.0;12
27.07.2021;3156;;4 000;completed;avajackson33@yahoo.com;44282;3;2;;2000.0;2000.0;7
05.12.2021;1900;;4 800;completed;Williamsmith13@mail.ru;44303;4;3;800.0;2000.0;2000.0;12
16.08.2021;3716;;5 900;completed;Olivermartinez88@yahoo.com;44424;8;3;2000.0;2000.0;1900.0;8
24.02.2021;3861;;3 477;completed;Liammartinez2007@yahoo.com;44251;2;3;890.0;2000.0;587.0;2
05.03.2021;3754;;2 230;completed;Isabellawilliams13@yandex.ru;44260;3;3;1100.0;240.0;890.0;3
27.08.2021;2504;;1 414;completed;Avathomas69@outlook.com;44435;8;3;587.0;240.0;587.0;8
02.05.2021;3368;;4 225;completed;alexandermoore1993@gmail.com;44272;3;3;1900.0;325.0;2000.0;5
03.03.2021;4127;;8 900;returned;Avataylor2007@outlook.com;44258;3;3;3500.0;3500.0;1900.0;3
25.06.2021;4068;;3 680;completed;williamanderson1993@yahoo.com;44372;6;3;890.0;890.0;1900.0;6
07.01.2022;2420;;3 100;completed;isabellawilliams1987@gmail.com;44568;13;2;;1100.0;2000.0;13
10.08.2021;4127;;1 580;completed;Avataylor2007@outlook.com;44258;3;3;240.0;1100.0;240.0;8
21.04.2021;2937;;2 487;completed;Oliversmith66@yandex.ru;44307;4;3;1100.0;800.0;587.0;4
18.04.2021;2822;;5 725;completed;Alexandermoore66@yahoo.com;44304;4;3;3500.0;1900.0;325.0;4
08.06.2021;2755;;8 000;completed;Charlotteanderson12@mail.ru;44355;6;3;4900.0;1100.0;2000.0;6
31.12.2021;2802;;4 125;completed;Emmawilliams33@outlook.com;44561;12;3;1900.0;1900.0;325.0;12
05.12.2021;3148;;2 064;completed;Sophiasmith1993@yahoo.com;44327;5;3;890.0;587.0;587.0;12
25.08.2021;1293;;3 125;completed;Alexanderthomas69@yandex.ru;44426;8;3;800.0;2000.0;325.0;8
16.08.2021;3116;;3 590;completed;Lucasthomas2007@mail.ru;44257;3;3;800.0;890.0;1900.0;8
06.01.2022;3135;;3 825;completed;Olivermartinez0@yandex.ru;44567;13;2;325.0;;3500.0;13
24.06.2021;4183;;3 590;completed;Lucaswilliams12@yandex.ru;44286;3;3;890.0;800.0;1900.0;6
11.03.2021;2762;;8 800;returned;oliverwilliams1987@gmail.com;44266;3;3;1900.0;4900.0;2000.0;3
15.07.2021;3294;;6 030;completed;Isabellabrown69@mail.ru;44392;7;3;890.0;240.0;4900.0;7
22.04.2021;2156;;10 400;completed;Lucaswilliams88@yandex.ru;44308;4;3;4900.0;3500.0;2000.0;4
29.10.2021;3210;;6 377;completed;emmabrown2007@gmail.com;44418;8;3;4900.0;587.0;890.0;10
20.09.2021;1382;;2 020;completed;williamthomas69@yahoo.com;44291;4;3;890.0;890.0;240.0;9
25.09.2021;1523;;2 315;completed;Olivermartinez12@yandex.ru;44464;9;3;890.0;325.0;1100.0;9
07.04.2021;3783;;5 640;completed;Charlottebrown12@yahoo.com;44293;4;3;1900.0;240.0;3500.0;4
03.10.2021;2692;;2 015;completed;sophiaanderson0@gmail.com;44472;10;3;890.0;325.0;800.0;10
18.01.2022;3093;;3 074;completed;Charlottethomas69@yahoo.com;44466;9;3;587.0;1900.0;587.0;13
25.08.2021;1861;;5 640;completed;Alexandermoore0@yandex.ru;44310;4;3;240.0;1900.0;3500.0;8
20.09.2021;3095;;4 225;completed;Emmamartinez1993@yandex.ru;44459;9;3;325.0;2000.0;1900.0;9
12.03.2021;1285;;3 030;completed;Sophiabrown1987@outlook.com;44267;3;3;890.0;1900.0;240.0;3
09.07.2021;3699;;1 665;completed;liambrown12@gmail.com;44249;2;3;240.0;325.0;1100.0;7
10.01.2022;2883;;2 787;completed;isabellataylor33@gmail.com;44253;2;3;1100.0;587.0;1100.0;13
17.09.2021;1309;;4 065;completed;Sophiabrown1987@outlook.com;44455;9;3;325.0;240.0;3500.0;9
05.10.2021;2690;;7 900;completed;alexanderlopez12@gmail.com;44474;10;3;1900.0;1100.0;4900.0;10
08.05.2021;2579;;3 377;completed;Williamanderson1993@yandex.ru;44324;5;3;1900.0;890.0;587.0;5
08.03.2021;3193;;7 125;completed;Avathomas88@yahoo.com;44263;3;3;1900.0;4900.0;325.0;3
25.07.2021;2297;;2 240;completed;Liamanderson88@outlook.com;44325;5;2;;240.0;2000.0;7
22.03.2021;2694;;2 000;completed;Liammoore12@yahoo.com;44277;3;1;;;2000.0;3
25.08.2021;2637;;5 400;completed;Williamtaylor69@yandex.ru;44433;8;2;3500.0;;1900.0;8
30.08.2021;4055;;4 325;completed;Isabellathomas66@mail.ru;44438;8;3;2000.0;325.0;2000.0;8
02.05.2021;2763;;1 600;completed;alexanderanderson1987@gmail.com;44308;4;2;800.0;;800.0;5
08.07.2021;2468;;4 715;completed;Alexanderanderson69@yandex.ru;44385;7;3;3500.0;325.0;890.0;7
27.06.2021;3157;;6 900;completed;sophiasmith13@gmail.com;44374;6;2;2000.0;4900.0;;6
30.03.2021;1927;;8 725;completed;Avaanderson69@yahoo.com;44285;3;3;4900.0;325.0;3500.0;3
03.07.2021;3732;;4 630;completed;Alexanderthomas0@mail.ru;44380;7;3;890.0;240.0;3500.0;7
20.01.2022;4011;;2 912;completed;Charlottethomas69@yahoo.com;44257;3;3;587.0;325.0;2000.0;13
22.06.2021;4062;;1 627;completed;Olivermartinez88@mail.ru;44333;5;3;240.0;587.0;800.0;6
09.04.2021;1722;;4 700;completed;Isabellajackson66@yandex.ru;44295;4;3;2000.0;1900.0;800.0;4
28.03.2021;1915;;5 400;completed;oliverjackson2007@gmail.com;44283;3;2;;1900.0;3500.0;3
29.01.2022;1614;;6 200;completed;Emmaanderson1993@mail.ru;44336;5;3;3500.0;1900.0;800.0;13
18.07.2021;1794;;1 665;completed;Avaanderson66@yandex.ru;44302;4;3;240.0;325.0;1100.0;7
19.09.2021;1236;;10 400;completed;alexanderwilliams88@gmail.com;44416;8;3;4900.0;2000.0;3500.0;9
10.11.2021;2789;;6 600;returned;Lucassmith1993@mail.ru;44491;10;3;1100.0;2000.0;3500.0;11
03.02.2022;2301;;5 700;completed;Charlottelopez1993@outlook.com;44392;7;3;1900.0;1900.0;1900.0;14
02.03.2021;3587;;1 370;completed;Avamoore88@outlook.com;44257;3;3;890.0;240.0;240.0;3
19.06.2021;1438;;5 400;returned;Liamthomas1987@yahoo.com;44366;6;3;800.0;1100.0;3500.0;6
26.02.2021;2779;;3 340;completed;Isabellaanderson12@mail.ru;44253;2;3;1100.0;2000.0;240.0;2
22.05.2021;1284;;5 800;completed;williamthomas33@gmail.com;44337;5;3;1900.0;1900.0;2000.0;5
02.02.2022;2271;;4 540;completed;Olivermoore88@yahoo.com;44267;3;3;3500.0;240.0;800.0;14
02.11.2021;2125;;4 325;completed;williamjackson33@gmail.com;44366;6;3;2000.0;2000.0;325.0;11
27.02.2021;2944;;2 790;completed;Isabellalopez66@yahoo.com;44254;2;2;890.0;1900.0;;2
22.01.2022;1813;;4 630;completed;Emmasmith69@outlook.com;44426;8;3;3500.0;240.0;890.0;13
30.09.2021;4037;;2 465;completed;Isabellalopez1993@yandex.ru;44469;9;3;325.0;1900.0;240.0;9
05.06.2021;1853;;4 690;completed;Emmaanderson33@yahoo.com;44352;6;3;1900.0;890.0;1900.0;6
08.06.2021;2768;;6 300;completed;Liamlopez1987@mail.ru;44253;2;3;3500.0;2000.0;800.0;6
19.12.2021;2040;;4 387;returned;Lucasjackson1993@yahoo.com;44549;12;3;1900.0;587.0;1900.0;12
22.12.2021;1600;;6 087;completed;sophialopez1987@gmail.com;44552;12;3;587.0;2000.0;3500.0;12
08.01.2022;4102;;2 140;completed;sophiaanderson66@gmail.com;44569;13;3;240.0;1100.0;800.0;13
08.07.2021;3363;;4 587;completed;Williamanderson88@yandex.ru;44385;7;3;587.0;2000.0;2000.0;7
07.07.2021;2028;;4 700;completed;Alexanderlopez1987@mail.ru;44384;7;3;2000.0;1900.0;800.0;7
18.03.2021;3201;;3 500;completed;sophiathomas88@gmail.com;44273;3;1;;;3500.0;3
03.06.2021;4186;;2 187;completed;liamwilliams0@gmail.com;44350;6;3;587.0;800.0;800.0;6
28.03.2021;3297;;2 880;completed;Emmataylor1993@yandex.ru;44269;3;3;1100.0;890.0;890.0;3
13.04.2021;1512;;5 000;completed;Emmawilliams88@mail.ru;44299;4;3;1100.0;2000.0;1900.0;4
10.06.2021;2580;;7 387;completed;Isabellalopez0@mail.ru;44357;6;3;587.0;4900.0;1900.0;6
20.10.2021;1662;;7 400;completed;Lucasanderson69@yandex.ru;44489;10;3;3500.0;2000.0;1900.0;10
20.08.2021;1629;;4 387;completed;Lucaslopez1987@yahoo.com;44411;8;3;1900.0;1900.0;587.0;8
26.11.2021;2679;;2 912;completed;Emmawilliams33@mail.ru;44526;11;3;587.0;2000.0;325.0;11
03.04.2021;3740;;1 802;returned;Lucasanderson66@mail.ru;44289;4;3;890.0;325.0;587.0;4
03.04.2021;1771;;2 380;completed;Emmawilliams2007@yandex.ru;44289;4;3;1900.0;240.0;240.0;4
08.12.2021;2357;;5 940;completed;Liammartinez2007@yandex.ru;44538;12;3;4900.0;800.0;240.0;12
03.01.2022;3891;;4 887;completed;Lucastaylor13@mail.ru;44401;7;3;3500.0;587.0;800.0;13
25.01.2022;2705;;1 387;completed;olivermartinez66@gmail.com;44586;13;2;800.0;587.0;;13
25.02.2021;3796;;1 125;completed;Sophialopez2007@outlook.com;44252;2;2;325.0;800.0;;2
15.08.2021;2495;;1 900;completed;Avamartinez69@yandex.ru;44354;6;2;800.0;1100.0;;8
22.04.2021;2161;;5 140;returned;Liamlopez33@yahoo.com;44308;4;2;;4900.0;240.0;4
20.02.2021;1842;;7 387;completed;Liamlopez1993@outlook.com;44247;2;3;587.0;1900.0;4900.0;2
12.01.2022;1264;;4 625;completed;Williambrown0@outlook.com;44539;12;3;325.0;800.0;3500.0;13
18.11.2021;2364;;2 890;completed;Alexanderbrown0@mail.ru;44299;4;2;;890.0;2000.0;11
06.06.2021;3017;;4 125;completed;isabellathomas1987@gmail.com;44258;3;3;1900.0;1900.0;325.0;6
04.05.2021;3410;;3 690;completed;Charlottelopez1987@yandex.ru;44320;5;3;890.0;800.0;2000.0;5
02.08.2021;2452;;1 365;completed;avathomas0@gmail.com;44410;8;3;240.0;325.0;800.0;8
18.11.2021;3337;;4 140;completed;Emmabrown0@mail.ru;44290;4;3;2000.0;1900.0;240.0;11
23.06.2021;2435;;7 690;completed;Oliverbrown1993@yahoo.com;44370;6;3;890.0;1900.0;4900.0;6
23.09.2021;1997;;7 400;completed;Isabellathomas1993@yandex.ru;44462;9;3;1900.0;2000.0;3500.0;9
07.10.2021;1801;;800;completed;Williamthomas12@yahoo.com;44301;4;1;800.0;;;10
05.02.2022;1330;;5 500;completed;Charlottelopez1993@mail.ru;44597;14;2;;3500.0;2000.0;14
09.10.2021;3586;;3 587;returned;Oliverthomas69@mail.ru;44282;3;3;1100.0;587.0;1900.0;10
22.11.2021;3388;;4 327;completed;Isabellamartinez0@yandex.ru;44326;5;3;240.0;587.0;3500.0;11
11.09.2021;2681;;11 700;completed;lucasmoore88@gmail.com;44450;9;3;4900.0;4900.0;1900.0;9
25.09.2021;2733;;4 327;completed;liammoore1993@gmail.com;44464;9;3;3500.0;240.0;587.0;9
10.11.2021;1334;;5 490;completed;Avabrown66@outlook.com;44244;2;3;1100.0;3500.0;890.0;11
26.09.2021;3973;;3 500;completed;Lucassmith1993@yandex.ru;44465;9;3;800.0;800.0;1900.0;9
25.08.2021;3216;;10 387;completed;Avawilliams69@outlook.com;44343;5;3;4900.0;4900.0;587.0;8
11.07.2021;2131;;1 215;completed;Olivertaylor69@yandex.ru;44388;7;2;325.0;890.0;;7
07.03.2021;1708;;3 980;completed;Alexanderthomas12@outlook.com;44262;3;3;240.0;3500.0;240.0;3
02.09.2021;3455;;2 487;completed;avataylor69@gmail.com;44441;9;3;587.0;800.0;1100.0;9
09.03.2021;2884;;5 825;completed;Avawilliams88@mail.ru;44264;3;3;3500.0;325.0;2000.0;3
01.08.2021;1319;;2 827;completed;Emmajackson13@yandex.ru;44409;8;3;240.0;2000.0;587.0;8
17.08.2021;1900;;2 274;completed;Williamsmith13@mail.ru;44303;4;3;1100.0;587.0;587.0;8
16.09.2021;1869;;1 125;completed;Charlotteanderson1993@mail.ru;44455;9;2;;800.0;325.0;9
25.01.2022;4131;;4 925;completed;sophiajackson33@gmail.com;44552;12;3;1100.0;325.0;3500.0;13
16.11.2021;3436;;3 240;completed;Williamlopez1993@mail.ru;44516;11;3;240.0;1900.0;1100.0;11
09.08.2021;2869;;1 125;completed;lucasthomas33@gmail.com;44351;6;2;800.0;;325.0;8
07.08.2021;3193;;10 300;completed;Avathomas88@yahoo.com;44263;3;3;3500.0;4900.0;1900.0;8
18.06.2021;3373;;2 225;completed;emmajackson88@yahoo.com;44365;6;2;1900.0;325.0;;6
21.09.2021;3859;;7 487;completed;Olivermartinez2007@mail.ru;44361;6;3;4900.0;587.0;2000.0;9
23.12.2021;3134;;4 225;completed;Avamoore1993@yandex.ru;44300;4;3;325.0;2000.0;1900.0;12
28.04.2021;2855;;4 674;completed;Lucastaylor2007@mail.ru;44314;4;3;587.0;587.0;3500.0;4
28.08.2021;2484;;4 700;completed;Sophialopez33@yahoo.com;44297;4;3;2000.0;800.0;1900.0;8
05.04.2021;2574;;4 065;completed;Charlotteanderson12@yahoo.com;44291;4;3;3500.0;240.0;325.0;4
22.11.2021;3014;;3 687;returned;Sophiaanderson1993@outlook.com;44340;5;3;587.0;1100.0;2000.0;11
03.07.2021;3353;;2 880;returned;Oliverlopez69@yandex.ru;44352;6;3;1100.0;890.0;890.0;7
15.04.2021;2208;;2 487;completed;Liamanderson1993@yandex.ru;44301;4;2;587.0;1900.0;;4
05.03.2021;2170;;7 487;completed;Williamlopez33@yahoo.com;44260;3;3;2000.0;587.0;4900.0;3
07.03.2021;3314;;1 687;completed;Avataylor33@yandex.ru;44262;3;2;;1100.0;587.0;3
09.12.2021;1919;;4 977;completed;Sophiathomas2007@gmail.com;44389;7;3;3500.0;587.0;890.0;12
26.12.2021;2832;;4 065;returned;Emmabrown88@mail.ru;44441;9;3;3500.0;240.0;325.0;12
11.02.2022;2398;;5 400;completed;avathomas2007@gmail.com;44603;14;2;1900.0;;3500.0;14
01.10.2021;3302;;6 587;completed;alexandertaylor13@gmail.com;44470;10;3;1100.0;587.0;4900.0;10
03.05.2021;1752;;890;completed;Liamsmith1993@yandex.ru;44319;5;1;;890.0;;5
08.03.2021;3981;;5 490;completed;Emmathomas69@mail.ru;44263;3;3;1100.0;890.0;3500.0;3
10.02.2022;3366;;7 140;completed;Alexanderanderson66@mail.ru;44407;7;3;240.0;4900.0;2000.0;14
05.03.2021;2740;;5 490;completed;Olivermoore2007@yahoo.com;44260;3;3;890.0;3500.0;1100.0;3
21.07.2021;2778;;1 040;completed;Alexandermoore1987@yahoo.com;44387;7;2;800.0;240.0;;7
01.09.2021;2490;;3 240;completed;Lucaslopez1993@yahoo.com;44440;9;3;1900.0;240.0;1100.0;9
24.01.2022;2916;;4 630;returned;Sophiamartinez1987@yahoo.com;44585;13;3;3500.0;890.0;240.0;13
10.06.2021;3770;;2 812;completed;Isabellamartinez88@outlook.com;44284;3;3;1900.0;325.0;587.0;6
25.12.2021;4139;;9 290;completed;alexanderanderson1993@gmail.com;44537;12;3;4900.0;3500.0;890.0;12
14.07.2021;2019;;3 240;completed;Liamwilliams33@yahoo.com;44246;2;3;1900.0;1100.0;240.0;7
12.09.2021;3527;;5 740;completed;Isabellajackson1993@gmail.com;44451;9;3;240.0;2000.0;3500.0;9
27.08.2021;2571;;2 727;completed;Isabellasmith12@yahoo.com;44435;8;3;1900.0;587.0;240.0;8
11.08.2021;1758;;1 450;completed;alexandersmith12@gmail.com;44419;8;3;325.0;325.0;800.0;8
22.12.2021;1349;;1 687;completed;Charlottebrown1987@outlook.com;44358;6;2;;1100.0;587.0;12
24.10.2021;1257;;5 725;returned;Isabellamoore13@yahoo.com;44313;4;3;1900.0;3500.0;325.0;10
08.05.2021;2925;;1 990;returned;Emmalopez12@yandex.ru;44324;5;2;1100.0;890.0;;5
11.03.2021;3255;;4 487;returned;Isabellamartinez69@yandex.ru;44266;3;3;1900.0;587.0;2000.0;3
15.07.2021;3206;;8 900;completed;Isabellabrown1987@outlook.com;44342;5;3;4900.0;2000.0;2000.0;7
14.07.2021;2769;;4 200;completed;Lucasjackson0@outlook.com;44391;7;3;1100.0;1100.0;2000.0;7
13.12.2021;3117;;4 300;completed;Avalopez2007@outlook.com;44543;12;2;3500.0;;800.0;12
06.04.2021;2290;;6 290;completed;Liamtaylor1987@yahoo.com;44282;3;3;1900.0;890.0;3500.0;4
09.04.2021;2926;;6 890;completed;Charlottetaylor2007@yahoo.com;44295;4;3;890.0;1100.0;4900.0;4
08.03.2021;3250;;4 412;completed;Sophiaanderson33@outlook.com;44263;3;3;587.0;325.0;3500.0;3
20.10.2021;4029;;9 800;completed;Alexanderwilliams1993@mail.ru;44321;5;2;4900.0;4900.0;;10
05.06.2021;3091;;6 500;completed;Alexanderjackson33@outlook.com;44352;6;3;800.0;800.0;4900.0;6
03.07.2021;3347;;2 325;completed;Alexandertaylor2007@mail.ru;44380;7;2;2000.0;325.0;;7
08.12.2021;2349;;1 974;completed;emmajackson0@gmail.com;44263;3;3;800.0;587.0;587.0;12
13.03.2021;2741;;5 000;completed;Sophiajackson13@mail.ru;44268;3;3;2000.0;1900.0;1100.0;3
11.01.2022;2346;;5 987;completed;Charlottemartinez2007@outlook.com;44297;4;3;3500.0;587.0;1900.0;13
27.10.2021;1983;;3 800;completed;Williamjackson1993@outlook.com;44291;4;2;;1900.0;1900.0;10
25.10.2021;2654;;3 825;completed;Oliverjackson2007@mail.ru;44494;10;2;3500.0;325.0;;10
03.10.2021;2585;;6 287;completed;Liammoore1987@yahoo.com;44472;10;3;587.0;800.0;4900.0;10
18.08.2021;4042;;2 800;completed;Sophialopez1993@outlook.com;44426;8;2;;800.0;2000.0;8
22.02.2021;1806;;4 487;completed;Olivermartinez69@yahoo.com;44249;2;3;1900.0;587.0;2000.0;2
27.09.2021;3229;;4 065;completed;Lucasmartinez69@yahoo.com;44466;9;3;240.0;3500.0;325.0;9
10.07.2021;2244;;5 100;completed;Emmawilliams1987@outlook.com;44387;7;3;2000.0;1100.0;2000.0;7
06.01.2022;2942;;4 630;completed;Alexanderlopez13@yandex.ru;44346;5;3;3500.0;890.0;240.0;13
22.10.2021;2789;;2 487;returned;Lucassmith1993@mail.ru;44491;10;2;587.0;1900.0;;10
06.04.2021;1857;;2 277;completed;Liambrown0@yandex.ru;44292;4;3;890.0;800.0;587.0;4
31.03.2021;2286;;5 825;completed;Alexanderbrown2007@yahoo.com;44255;2;3;2000.0;3500.0;325.0;3
26.03.2021;3464;;4 140;completed;Avathomas0@yahoo.com;44267;3;3;2000.0;240.0;1900.0;3
27.10.2021;3851;;1 340;completed;Lucasbrown69@yahoo.com;44281;3;2;1100.0;;240.0;10
31.05.2021;2278;;3 025;completed;Williammoore12@yahoo.com;44347;5;3;1900.0;325.0;800.0;5
11.04.2021;2383;;5 225;completed;emmataylor1993@gmail.com;44297;4;2;4900.0;;325.0;4
07.02.2022;2551;;5 900;completed;Oliverjackson2007@yandex.ru;44543;12;3;1900.0;2000.0;2000.0;14
11.08.2021;1844;;4 625;completed;liamanderson13@gmail.com;44419;8;3;325.0;3500.0;800.0;8
08.06.2021;1555;;3 340;completed;Liamsmith1987@yahoo.com;44355;6;3;240.0;2000.0;1100.0;6
21.09.2021;2438;;2 140;completed;Williammoore12@yandex.ru;44432;8;2;240.0;;1900.0;9
07.12.2021;3849;;5 465;completed;Alexandertaylor2007@yahoo.com;44288;4;3;325.0;4900.0;240.0;12
07.12.2021;1899;;3 387;completed;liammoore88@gmail.com;44382;7;3;587.0;2000.0;800.0;12
25.08.2021;4012;;1 340;returned;Charlottewilliams66@outlook.com;44433;8;2;1100.0;240.0;;8
24.07.2021;3891;;4 790;completed;Lucastaylor13@mail.ru;44401;7;3;890.0;2000.0;1900.0;7
25.09.2021;3041;;1 125;completed;Lucaslopez33@yahoo.com;44414;8;2;325.0;800.0;;9
04.09.2021;1640;;1 237;completed;Avabrown0@outlook.com;44327;5;3;325.0;325.0;587.0;9
13.08.2021;1727;;2 225;completed;Lucaslopez1987@outlook.com;44354;6;2;;325.0;1900.0;8
18.08.2021;2624;;1 717;completed;Alexanderanderson0@yahoo.com;44268;3;3;890.0;240.0;587.0;8
29.12.2021;3606;;3 377;completed;Alexanderanderson0@mail.ru;44345;5;3;890.0;587.0;1900.0;12
28.11.2021;2627;;3 900;completed;Emmalopez1993@yandex.ru;44314;4;3;1100.0;800.0;2000.0;11
04.09.2021;3561;;4 625;completed;Sophiasmith33@mail.ru;44321;5;3;800.0;325.0;3500.0;9
19.07.2021;2155;;2 487;completed;Williamjackson66@yandex.ru;44243;2;3;1100.0;587.0;800.0;7
05.04.2021;2478;;1 477;completed;Williambrown69@yahoo.com;44291;4;2;;587.0;890.0;4
07.07.2021;2790;;2 200;completed;Alexanderthomas33@yandex.ru;44384;7;2;;1100.0;1100.0;7
15.07.2021;2940;;4 065;completed;Williammoore33@yandex.ru;44392;7;3;240.0;3500.0;325.0;7
01.12.2021;2110;;5 225;completed;emmawilliams1987@yahoo.com;44420;8;2;4900.0;;325.0;12
23.02.2021;3178;;1 152;completed;isabellaanderson88@gmail.com;44250;2;3;240.0;325.0;587.0;2
08.06.2021;2633;;5 725;completed;Williambrown88@mail.ru;44355;6;3;3500.0;325.0;1900.0;6
05.01.2022;2262;;3 587;completed;Oliveranderson13@outlook.com;44442;9;3;1900.0;1100.0;587.0;13
12.05.2021;2429;;7 790;returned;Alexanderlopez66@yahoo.com;44285;3;3;4900.0;890.0;2000.0;5
23.12.2021;1923;;9 200;completed;Emmathomas69@mail.ru;44352;6;3;4900.0;3500.0;800.0;12
08.09.2021;3590;;4 240;completed;charlottethomas12@outlook.com;44269;3;3;2000.0;2000.0;240.0;9
19.03.2021;3775;;2 525;completed;Alexandermartinez12@yahoo.com;44274;3;3;1100.0;325.0;1100.0;3
11.04.2021;2272;;1 040;returned;Lucastaylor33@yandex.ru;44297;4;2;800.0;240.0;;4
17.05.2021;2967;;3 587;completed;Sophiataylor1987@outlook.com;44333;5;3;587.0;1900.0;1100.0;5
13.12.2021;2109;;2 015;completed;Isabellamartinez13@yandex.ru;44543;12;3;800.0;325.0;890.0;12
27.05.2021;4057;;3 740;completed;sophiathomas33@gmail.com;44308;4;2;240.0;;3500.0;5
26.06.2021;4214;;4 240;returned;Emmamoore1987@yahoo.com;44281;3;3;240.0;2000.0;2000.0;6
26.03.2021;3052;;2 140;completed;Alexanderlopez12@yandex.ru;44281;3;3;1100.0;800.0;240.0;3
26.10.2021;3845;;6 325;completed;oliverbrown1987@gmail.com;44495;10;3;4900.0;1100.0;325.0;10
19.07.2021;2928;;8 725;completed;Oliverwilliams12@outlook.com;44396;7;3;4900.0;3500.0;325.0;7
23.04.2021;3033;;4 674;completed;Emmamoore12@yahoo.com;44309;4;3;587.0;587.0;3500.0;4
16.01.2022;3311;;6 025;completed;Avajackson1993@gmail.com;44415;8;3;4900.0;325.0;800.0;13
29.06.2021;2710;;6 287;completed;Williamlopez69@outlook.com;44376;6;3;587.0;4900.0;800.0;6
08.02.2022;1608;;3 825;completed;Avasmith1993@yahoo.com;44600;14;2;;325.0;3500.0;14
07.01.2022;3201;;3 130;completed;sophiathomas88@gmail.com;44273;3;3;240.0;890.0;2000.0;13
09.05.2021;4230;;2 015;completed;Avasmith88@outlook.com;44269;3;3;800.0;890.0;325.0;5
10.12.2021;1527;;1 365;returned;Liamwilliams2007@yandex.ru;44352;6;3;325.0;240.0;800.0;12
12.11.2021;3262;;5 280;completed;Liamthomas0@outlook.com;44512;11;3;890.0;3500.0;890.0;11
18.12.2021;3091;;2 800;completed;Alexanderjackson33@outlook.com;44352;6;2;2000.0;800.0;;12
11.04.2021;2484;;3 990;completed;Sophialopez33@yahoo.com;44297;4;3;890.0;1100.0;2000.0;4
17.06.2021;2587;;1 900;completed;Isabellasmith33@outlook.com;44319;5;2;;800.0;1100.0;6
01.11.2021;3809;;3 125;completed;charlottemoore33@gmail.com;44250;2;3;325.0;800.0;2000.0;11
16.03.2021;2910;;3 477;completed;liamwilliams69@gmail.com;44271;3;3;2000.0;890.0;587.0;3
10.03.2021;3369;;2 487;completed;Isabellasmith66@yandex.ru;44265;3;2;1900.0;587.0;;3
12.10.2021;1598;;3 025;completed;Avamoore66@yahoo.com;44481;10;3;1900.0;325.0;800.0;10
04.12.2021;3865;;2 015;completed;Isabellabrown13@yahoo.com;44534;12;3;325.0;890.0;800.0;12
16.11.2021;2444;;3 040;completed;oliversmith2007@gmail.com;44400;7;3;800.0;240.0;2000.0;11
17.07.2021;1453;;6 587;completed;Isabellataylor1987@yandex.ru;44338;5;3;587.0;1100.0;4900.0;7
09.11.2021;2262;;1 499;completed;Oliveranderson13@outlook.com;44442;9;3;587.0;325.0;587.0;11
28.12.2021;4089;;9 290;completed;Avabrown33@yandex.ru;44415;8;3;4900.0;890.0;3500.0;12
23.01.2022;1912;;9 000;completed;lucastaylor1987@gmail.com;44368;6;3;3500.0;2000.0;3500.0;13
17.07.2021;1701;;1 665;completed;Sophiasmith2007@mail.ru;44394;7;3;240.0;1100.0;325.0;7
30.09.2021;3063;;2 240;returned;avalopez88@gmail.com;44469;9;2;240.0;;2000.0;9
26.01.2022;2909;;3 387;completed;lucasjackson69@gmail.com;44587;13;3;2000.0;800.0;587.0;13
03.07.2021;3467;;7 890;completed;Williamanderson66@mail.ru;44380;7;3;890.0;3500.0;3500.0;7
17.09.2021;3868;;10 690;returned;williamthomas13@gmail.com;44339;5;3;4900.0;4900.0;890.0;9
21.01.2022;2820;;1 687;completed;liamwilliams2007@gmail.com;44582;13;2;587.0;;1100.0;13
01.01.2022;2701;;8 900;completed;Avawilliams33@outlook.com;44562;13;3;3500.0;3500.0;1900.0;13
15.01.2022;1272;;2 650;completed;Oliversmith88@yahoo.com;44314;4;3;2000.0;325.0;325.0;13
16.10.2021;3302;;2 015;completed;alexandertaylor13@gmail.com;44470;10;3;325.0;890.0;800.0;10
28.09.2021;3083;;6 800;completed;Oliverwilliams12@yahoo.com;44467;9;2;1900.0;4900.0;;9
14.07.2021;1843;;2 727;returned;Emmataylor88@mail.ru;44391;7;3;240.0;587.0;1900.0;7
05.03.2021;1559;;5 500;completed;Liamsmith69@yandex.ru;44260;3;2;;3500.0;2000.0;3
17.03.2021;3523;;11 900;completed;Avamoore69@mail.ru;44272;3;3;3500.0;3500.0;4900.0;3
21.03.2021;2586;;13 300;returned;Isabellataylor33@outlook.com;44276;3;3;3500.0;4900.0;4900.0;3
14.11.2021;1901;;8 400;completed;Liammartinez66@yahoo.com;44514;11;2;4900.0;;3500.0;11
19.01.2022;2589;;2 700;completed;Williamsmith1987@yandex.ru;44580;13;2;1900.0;;800.0;13
17.06.2021;2977;;4 630;returned;olivertaylor13@gmail.com;44364;6;3;890.0;3500.0;240.0;6
27.01.2022;3718;;4 487;completed;Alexandersmith0@yandex.ru;44484;10;3;2000.0;1900.0;587.0;13
01.02.2022;2217;;2 577;returned;Charlottemoore1993@outlook.com;44593;14;3;1100.0;890.0;587.0;14
05.06.2021;2129;;5 225;completed;Liamthomas69@yandex.ru;44352;6;2;4900.0;;325.0;6
14.12.2021;3263;;2 440;completed;Alexandermoore66@mail.ru;44480;10;3;1100.0;240.0;1100.0;12
09.11.2021;2265;;3 040;completed;Charlottemoore0@outlook.com;44336;5;3;2000.0;240.0;800.0;11
20.04.2021;1679;;565;completed;Alexanderjackson13@yahoo.com;44306;4;2;325.0;240.0;;4
19.04.2021;3792;;4 715;completed;Charlottetaylor69@mail.ru;44305;4;3;3500.0;890.0;325.0;4
03.08.2021;3875;;7 125;completed;Alexanderanderson33@mail.ru;44274;3;3;4900.0;325.0;1900.0;8
14.01.2022;1633;;1 927;completed;Avathomas1987@mail.ru;44269;3;3;587.0;1100.0;240.0;13
07.07.2021;2186;;2 480;completed;Charlottemoore1987@mail.ru;44296;4;3;2000.0;240.0;240.0;7
08.04.2021;2408;;4 327;completed;sophiawilliams13@gmail.com;44294;4;3;240.0;3500.0;587.0;4
09.03.2021;2069;;1 750;completed;Alexanderlopez1987@outlook.com;44253;2;3;325.0;1100.0;325.0;3
23.02.2021;2230;;3 130;completed;Emmajackson33@mail.ru;44250;2;3;890.0;2000.0;240.0;2
25.12.2021;3481;;1 712;completed;Isabellabrown2007@yahoo.com;44555;12;3;587.0;325.0;800.0;12
05.09.2021;3556;;8 640;completed;Sophiamartinez66@outlook.com;44444;9;3;3500.0;4900.0;240.0;9
21.01.2022;1912;;7 900;completed;lucastaylor1987@gmail.com;44368;6;3;1900.0;4900.0;1100.0;13
11.01.2022;1828;;5 725;completed;Oliveranderson2007@yandex.ru;44572;13;3;1900.0;325.0;3500.0;13
04.09.2021;3479;;7 600;completed;Emmathomas0@yahoo.com;44443;9;3;4900.0;800.0;1900.0;9
01.04.2021;3384;;6 600;returned;avalopez2007@gmail.com;44287;4;3;1100.0;2000.0;3500.0;4
09.06.2021;1801;;7 900;completed;Williamthomas12@yahoo.com;44301;4;3;1100.0;1900.0;4900.0;6
25.01.2022;3403;;1 540;returned;Sophiaanderson0@yahoo.com;44467;9;3;890.0;325.0;325.0;13
11.11.2021;3056;;2 800;completed;Charlottetaylor1987@mail.ru;44295;4;2;800.0;2000.0;;11
18.10.2021;1990;;6 200;completed;Isabellataylor88@yahoo.com;44487;10;3;3500.0;1900.0;800.0;10
30.04.2021;3895;;5 000;completed;olivermoore1993@yahoo.com;44316;4;3;2000.0;1100.0;1900.0;4
07.03.2021;4229;;3 215;returned;Sophiamoore69@outlook.com;44262;3;3;890.0;2000.0;325.0;3
16.01.2022;1375;;6 087;completed;Williamtaylor1993@outlook.com;44316;4;3;3500.0;2000.0;587.0;13
19.06.2021;3838;;5 700;completed;Emmalopez1993@outlook.com;44366;6;2;;800.0;4900.0;6
05.03.2021;1830;;6 390;completed;Williamanderson69@mail.ru;44260;3;3;3500.0;890.0;2000.0;3
30.05.2021;2942;;6 800;completed;Alexanderlopez13@yandex.ru;44346;5;3;1100.0;800.0;4900.0;5
26.07.2021;2396;;7 040;completed;Emmamartinez33@mail.ru;44403;7;3;4900.0;1900.0;240.0;7
19.10.2021;3976;;800;completed;Liamsmith12@mail.ru;44320;5;1;800.0;;;10
22.03.2021;2906;;1 040;completed;Oliverlopez66@outlook.com;44277;3;2;240.0;800.0;;3
26.11.2021;2697;;4 887;completed;williambrown12@gmail.com;44526;11;3;800.0;3500.0;587.0;11
15.01.2022;2996;;7 600;completed;Sophiawilliams1993@yahoo.com;44454;9;3;4900.0;800.0;1900.0;13
09.11.2021;1266;;8 640;completed;Charlottejackson66@yahoo.com;44461;9;3;3500.0;240.0;4900.0;11
04.12.2021;1541;;2 487;completed;Olivertaylor88@outlook.com;44436;8;3;800.0;1100.0;587.0;12
19.03.2021;3673;;7 500;completed;charlottethomas2007@gmail.com;44274;3;3;2000.0;2000.0;3500.0;3
25.03.2021;2377;;3 000;completed;Charlottemartinez1987@outlook.com;44280;3;2;1100.0;1900.0;;3
25.07.2021;2290;;2 187;returned;Liamtaylor1987@yahoo.com;44282;3;3;587.0;800.0;800.0;7
16.08.2021;3349;;3 477;completed;alexanderthomas66@gmail.com;44424;8;3;890.0;2000.0;587.0;8
09.11.2021;3812;;4 100;completed;Lucassmith1987@outlook.com;44273;3;3;1900.0;1100.0;1100.0;11
23.07.2021;2925;;7 900;completed;Emmalopez12@yandex.ru;44324;5;3;1900.0;4900.0;1100.0;7
16.06.2021;4190;;3 680;completed;Alexanderjackson66@yahoo.com;44363;6;3;890.0;1900.0;890.0;6
24.11.2021;1431;;1 627;completed;Emmabrown1993@mail.ru;44524;11;3;800.0;587.0;240.0;11
31.03.2021;2966;;4 087;completed;oliveranderson2007@gmail.com;44286;3;2;;587.0;3500.0;3
29.05.2021;1574;;2 550;completed;Lucasanderson0@mail.ru;44345;5;3;1900.0;325.0;325.0;5
22.12.2021;2419;;3 125;completed;Lucasmartinez66@yahoo.com;44542;12;3;325.0;800.0;2000.0;12
08.05.2021;2734;;2 812;completed;Olivermoore33@mail.ru;44324;5;3;325.0;1900.0;587.0;5
16.03.2021;1458;;3 100;completed;Williamanderson0@outlook.com;44271;3;2;2000.0;1100.0;;3
15.06.2021;1989;;6 290;completed;Isabellamartinez88@yandex.ru;44362;6;3;890.0;1900.0;3500.0;6
21.06.2021;4112;;7 400;completed;Williammoore33@mail.ru;44359;6;3;1900.0;3500.0;2000.0;6
26.05.2021;3293;;1 414;completed;Avamartinez12@mail.ru;44342;5;3;240.0;587.0;587.0;5
12.07.2021;2514;;3 990;completed;Avathomas1993@outlook.com;44299;4;3;2000.0;890.0;1100.0;7
18.11.2021;3377;;6 390;completed;Alexandersmith12@mail.ru;44369;6;3;2000.0;890.0;3500.0;11
20.04.2021;1669;;6 030;completed;Emmajackson1987@outlook.com;44306;4;3;890.0;240.0;4900.0;4
30.06.2021;3059;;6 890;completed;liamtaylor88@gmail.com;44269;3;3;1100.0;890.0;4900.0;6
04.03.2021;3088;;2 187;completed;Emmamoore66@yandex.ru;44259;3;3;800.0;587.0;800.0;3
08.12.2021;2708;;1 455;completed;Oliverjackson33@outlook.com;44252;2;3;325.0;240.0;890.0;12
06.04.2021;3140;;9 200;completed;Emmathomas0@yandex.ru;44292;4;3;800.0;3500.0;4900.0;4
28.07.2021;1709;;4 327;completed;Oliveranderson33@mail.ru;44405;7;3;3500.0;587.0;240.0;7
09.01.2022;3201;;1 237;completed;sophiathomas88@gmail.com;44273;3;3;325.0;325.0;587.0;13
11.06.2021;1349;;9 500;completed;Charlottebrown1987@outlook.com;44358;6;3;3500.0;4900.0;1100.0;6
14.12.2021;3988;;5 400;completed;Avathomas0@mail.ru;44544;12;2;;3500.0;1900.0;12
03.01.2022;2406;;1 215;completed;Olivermoore13@yandex.ru;44564;13;2;325.0;890.0;;13
08.04.2021;3187;;3 800;completed;emmamoore88@outlook.com;44294;4;2;1900.0;1900.0;;4
05.02.2022;2719;;3 040;completed;avataylor88@gmail.com;44309;4;3;240.0;2000.0;800.0;14
20.09.2021;2038;;4 630;completed;Emmalopez0@yandex.ru;44271;3;3;3500.0;240.0;890.0;9
28.03.2021;1831;;3 125;completed;Charlottesmith1987@mail.ru;44283;3;3;325.0;800.0;2000.0;3
05.01.2022;4014;;3 980;completed;Emmalopez0@outlook.com;44403;7;3;3500.0;240.0;240.0;13
19.01.2022;3495;;4 412;completed;Olivertaylor66@yandex.ru;44303;4;3;3500.0;325.0;587.0;13
20.01.2022;2615;;2 225;completed;Alexandersmith1987@outlook.com;44581;13;3;800.0;1100.0;325.0;13
23.04.2021;2098;;6 390;completed;Liamjackson66@mail.ru;44289;4;3;890.0;2000.0;3500.0;4
16.09.2021;1309;;2 465;completed;Sophiabrown1987@outlook.com;44455;9;3;1900.0;325.0;240.0;9
30.01.2022;2233;;3 587;completed;Liamwilliams2007@mail.ru;44356;6;3;587.0;1100.0;1900.0;13
13.07.2021;4207;;5 825;returned;Alexandertaylor88@outlook.com;44390;7;3;3500.0;325.0;2000.0;7
24.11.2021;3189;;2 240;completed;Lucaswilliams33@gmail.com;44259;3;2;240.0;2000.0;;11
17.10.2021;3707;;4 587;completed;Isabellamartinez33@outlook.com;44259;3;3;587.0;2000.0;2000.0;10
29.11.2021;3834;;2 012;completed;Charlottethomas69@outlook.com;44529;11;3;1100.0;325.0;587.0;11
31.08.2021;1468;;4 087;completed;Liambrown13@yandex.ru;44325;5;2;;3500.0;587.0;8
27.03.2021;2521;;2 890;completed;Williamlopez0@yahoo.com;44282;3;2;890.0;2000.0;;3
15.11.2021;3729;;3 287;completed;Sophiataylor66@yahoo.com;44320;5;3;1900.0;800.0;587.0;11
19.07.2021;3290;;6 680;completed;Charlottemartinez2007@gmail.com;44348;6;3;4900.0;890.0;890.0;7
24.04.2021;1861;;6 377;completed;Alexandermoore0@yandex.ru;44310;4;3;4900.0;587.0;890.0;4
16.02.2021;3993;;2 650;completed;sophiamartinez13@gmail.com;44243;2;3;2000.0;325.0;325.0;2
25.08.2021;1649;;3 040;completed;williamwilliams13@gmail.com;44410;8;3;800.0;2000.0;240.0;8
11.05.2021;2477;;4 840;completed;williamsmith2007@gmail.com;44327;5;3;240.0;1100.0;3500.0;5
09.08.2021;2870;;2 315;completed;Sophiamoore12@yahoo.com;44417;8;3;325.0;890.0;1100.0;8
30.07.2021;3474;;1 477;completed;Oliverthomas69@yahoo.com;44323;5;2;890.0;587.0;;7
07.11.2021;2536;;1 840;completed;Lucassmith1993@yahoo.com;44244;2;3;240.0;800.0;800.0;11
26.06.2021;3371;;7 900;completed;oliverlopez13@gmail.com;44373;6;3;1900.0;4900.0;1100.0;6
15.09.2021;1430;;2 012;completed;Liamtaylor1993@mail.ru;44454;9;3;1100.0;587.0;325.0;9
06.01.2022;3180;;4 065;completed;Lucasanderson1987@mail.ru;44381;7;3;240.0;325.0;3500.0;13
20.04.2021;4075;;1 930;completed;Avamoore0@outlook.com;44306;4;3;240.0;800.0;890.0;4
12.08.2021;2110;;4 625;completed;emmawilliams1987@yahoo.com;44420;8;3;800.0;3500.0;325.0;8
22.02.2021;4043;;5 140;completed;isabellajackson88@gmail.com;44249;2;2;240.0;;4900.0;2
01.01.2022;1644;;3 377;completed;Lucasthomas1993@outlook.com;44278;3;3;587.0;890.0;1900.0;13
29.05.2021;1768;;2 800;completed;Lucasanderson0@yandex.ru;44345;5;2;800.0;;2000.0;5
05.07.2021;1665;;1 455;completed;Sophiathomas0@mail.ru;44382;7;3;240.0;890.0;325.0;7
18.10.2021;1910;;2 277;completed;alexandermoore33@gmail.com;44487;10;3;800.0;587.0;890.0;10
27.03.2021;2163;;2 240;completed;oliverthomas2007@gmail.com;44282;3;2;240.0;;2000.0;3
10.04.2021;3658;;6 680;completed;lucasmoore12@gmail.com;44296;4;3;890.0;890.0;4900.0;4
12.10.2021;2543;;6 087;completed;Sophiamartinez88@mail.ru;44481;10;3;2000.0;587.0;3500.0;10
02.02.2022;3467;;2 700;completed;Williamanderson66@mail.ru;44380;7;2;800.0;;1900.0;14
27.02.2021;2570;;3 130;completed;Charlottebrown0@yandex.ru;44254;2;3;240.0;2000.0;890.0;2
29.11.2021;1877;;5 740;completed;Alexanderjackson12@outlook.com;44529;11;3;240.0;3500.0;2000.0;11
18.03.2021;4021;;2 812;completed;Williamwilliams88@yahoo.com;44273;3;3;325.0;587.0;1900.0;3
09.07.2021;2717;;2 020;completed;Charlottelopez2007@yandex.ru;44386;7;3;240.0;890.0;890.0;7
07.01.2022;3027;;5 465;completed;Williammartinez2007@yahoo.com;44332;5;3;325.0;4900.0;240.0;13
11.11.2021;3148;;2 400;completed;Sophiasmith1993@yahoo.com;44327;5;3;800.0;800.0;800.0;11
10.09.2021;3760;;2 015;completed;Williammoore1987@yandex.ru;44301;4;3;800.0;325.0;890.0;9
17.12.2021;4030;;5 987;completed;Liambrown1993@gmail.com;44391;7;3;1900.0;3500.0;587.0;12
29.03.2021;2192;;1 900;completed;Sophiajackson66@mail.ru;44284;3;1;;;1900.0;3
27.01.2022;1623;;3 340;completed;Williammartinez13@yahoo.com;44588;13;3;1100.0;2000.0;240.0;13
11.03.2021;1379;;4 900;completed;Lucasjackson33@mail.ru;44266;3;3;1900.0;1900.0;1100.0;3
01.12.2021;1272;;0;completed;Oliversmith88@yahoo.com;44314;4;0;;;;12
14.02.2022;3650;;325;completed;Avataylor69@yahoo.com;44385;7;1;325.0;;;14
17.08.2021;1484;;4 150;completed;Isabellawilliams0@yahoo.com;44425;8;3;325.0;325.0;3500.0;8
30.05.2021;1632;;5 987;completed;Isabellathomas1987@outlook.com;44288;4;3;587.0;3500.0;1900.0;5
05.05.2021;3561;;9 200;completed;Sophiasmith33@mail.ru;44321;5;3;4900.0;800.0;3500.0;5
22.04.2021;1848;;6 025;completed;alexanderwilliams13@gmail.com;44308;4;3;325.0;4900.0;800.0;4
12.07.2021;2214;;7 400;completed;Alexanderthomas13@outlook.com;44389;7;3;3500.0;1900.0;2000.0;7
27.10.2021;2241;;2 277;completed;Alexandermartinez0@yandex.ru;44453;9;3;587.0;800.0;890.0;10
06.05.2021;1352;;890;completed;Isabellathomas0@yandex.ru;44322;5;1;;;890.0;5
04.06.2021;2979;;5 812;completed;emmawilliams12@gmail.com;44351;6;3;325.0;587.0;4900.0;6
30.08.2021;2599;;2 487;completed;Isabellajackson2007@mail.ru;44438;8;3;1100.0;587.0;800.0;8
09.07.2021;3202;;805;completed;Sophiasmith0@yandex.ru;44385;7;3;240.0;240.0;325.0;7
06.08.2021;3178;;10 900;returned;isabellaanderson88@gmail.com;44250;2;3;1100.0;4900.0;4900.0;8
29.01.2022;1325;;2 225;completed;liamsmith0@gmail.com;44270;3;2;325.0;;1900.0;13
11.08.2021;2267;;3 377;completed;Avathomas13@yahoo.com;44419;8;3;587.0;890.0;1900.0;8
28.11.2021;2446;;2 012;completed;charlottelopez66@gmail.com;44498;10;3;1100.0;325.0;587.0;11
02.02.2022;2953;;2 440;completed;Oliverlopez66@yandex.ru;44311;4;3;1100.0;240.0;1100.0;14
07.12.2021;3440;;1 125;completed;Sophiasmith0@yahoo.com;44537;12;2;800.0;;325.0;12
07.01.2022;2862;;6 290;returned;Lucasmartinez1987@yandex.ru;44442;9;3;3500.0;1900.0;890.0;13
22.07.2021;2224;;7 040;completed;avathomas66@gmail.com;44274;3;3;1900.0;240.0;4900.0;7
17.06.2021;1552;;1 215;completed;Liamjackson69@yandex.ru;44364;6;2;325.0;;890.0;6
17.02.2021;2312;;5 380;completed;Olivermartinez2007@outlook.com;44244;2;3;240.0;240.0;4900.0;2
10.11.2021;2905;;7 690;completed;Liamwilliams66@gmail.com;44392;7;3;1900.0;890.0;4900.0;11
03.10.2021;1318;;3 215;completed;Lucassmith13@outlook.com;44472;10;3;2000.0;325.0;890.0;10
23.11.2021;2183;;7 890;completed;Liamwilliams88@yandex.ru;44523;11;3;3500.0;890.0;3500.0;11
05.03.2021;4212;;3 125;completed;isabellalopez1993@gmail.com;44260;3;3;2000.0;800.0;325.0;3
26.12.2021;3862;;4 600;completed;Emmasmith88@outlook.com;44556;12;2;;3500.0;1100.0;12
15.02.2022;3363;;6 590;completed;Williamanderson88@yandex.ru;44385;7;3;800.0;4900.0;890.0;14
25.04.2021;3998;;4 840;completed;Williambrown12@yahoo.com;44311;4;3;240.0;1100.0;3500.0;4
14.08.2021;1363;;10 690;completed;Isabellamoore66@yandex.ru;44369;6;3;4900.0;890.0;4900.0;8
29.01.2022;4087;;6 680;completed;isabellasmith0@gmail.com;44280;3;3;890.0;4900.0;890.0;13
08.05.2021;2968;;5 940;returned;Williambrown0@outlook.com;44324;5;3;240.0;800.0;4900.0;5
12.06.2021;3453;;2 487;completed;Oliverwilliams69@mail.ru;44359;6;2;587.0;1900.0;;6
04.05.2021;3847;;5 500;completed;Sophiamartinez33@yahoo.com;44320;5;2;;3500.0;2000.0;5
18.03.2021;1975;;3 500;completed;Sophiataylor69@yahoo.com;44273;3;1;;;3500.0;3
21.08.2021;4230;;4 000;completed;Avasmith88@outlook.com;44269;3;2;2000.0;2000.0;;8
29.01.2022;4006;;1 900;completed;Alexanderanderson1987@yahoo.com;44326;5;2;;1100.0;800.0;13
01.12.2021;3238;;10 300;completed;Williamsmith88@mail.ru;44531;12;3;1900.0;4900.0;3500.0;12
17.01.2022;3966;;5 550;completed;avajackson88@gmail.com;44247;2;3;325.0;325.0;4900.0;13
19.08.2021;2288;;1 627;completed;Emmasmith1993@outlook.com;44264;3;3;240.0;800.0;587.0;8
04.10.2021;1964;;8 800;completed;Liamanderson33@yandex.ru;44473;10;3;2000.0;4900.0;1900.0;10
19.08.2021;1473;;8 640;completed;Liamanderson0@yahoo.com;44427;8;3;3500.0;4900.0;240.0;8
25.10.2021;2919;;2 565;completed;Oliveranderson1987@mail.ru;44494;10;3;325.0;2000.0;240.0;10
06.09.2021;4169;;1 927;completed;williamsmith1993@gmail.com;44445;9;3;587.0;1100.0;240.0;9
31.12.2021;3634;;9 500;completed;Liamlopez0@yahoo.com;44561;12;3;4900.0;3500.0;1100.0;12
03.12.2021;2201;;587;completed;Alexandersmith88@yahoo.com;44533;12;1;;;587.0;12
20.02.2021;1872;;7 400;completed;Charlottesmith33@outlook.com;44247;2;3;2000.0;3500.0;1900.0;2
24.01.2022;3945;;2 225;completed;alexanderbrown2007@gmail.com;44284;3;3;1100.0;325.0;800.0;13
02.01.2022;3266;;1 802;completed;Sophiabrown0@outlook.com;44432;8;3;325.0;890.0;587.0;13
12.09.2021;1542;;2 890;completed;alexanderjackson66@gmail.com;44343;5;2;2000.0;;890.0;9
05.12.2021;2243;;6 087;returned;Lucasbrown12@mail.ru;44535;12;3;3500.0;587.0;2000.0;12
02.06.2021;1461;;6 300;completed;Sophiasmith88@yahoo.com;44349;6;3;800.0;2000.0;3500.0;6
19.11.2021;1855;;2 812;completed;Emmawilliams1987@mail.ru;44256;3;3;587.0;325.0;1900.0;11
26.10.2021;2661;;1 130;completed;lucassmith0@gmail.com;44495;10;2;;240.0;890.0;10
27.06.2021;3237;;9 000;completed;williamtaylor1987@gmail.com;44312;4;3;2000.0;3500.0;3500.0;6
05.01.2022;3405;;7 225;completed;Oliversmith1993@yahoo.com;44418;8;3;4900.0;2000.0;325.0;13
20.04.2021;3382;;8 987;completed;Charlottejackson88@yahoo.com;44306;4;3;4900.0;587.0;3500.0;4
28.01.2022;3877;;4 487;completed;Lucasmoore2007@mail.ru;44589;13;3;587.0;1900.0;2000.0;13
23.05.2021;2449;;7 400;returned;oliverwilliams88@gmail.com;44319;5;3;3500.0;1900.0;2000.0;5
07.08.2021;1366;;3 387;completed;Alexanderwilliams1987@yandex.ru;44415;8;3;800.0;587.0;2000.0;8
13.06.2021;3789;;2 487;completed;Alexanderanderson0@mail.ru;44360;6;3;1100.0;587.0;800.0;6
27.07.2021;1239;;2 315;completed;charlottethomas1993@gmail.com;44404;7;3;325.0;890.0;1100.0;7
05.06.2021;1527;;3 800;completed;Liamwilliams2007@yandex.ru;44352;6;3;800.0;1900.0;1100.0;6
09.08.2021;3782;;1 600;completed;Emmabrown1987@yandex.ru;44399;7;2;800.0;;800.0;8
28.05.2021;3788;;5 800;completed;Oliverthomas12@yahoo.com;44344;5;3;2000.0;1900.0;1900.0;5
06.01.2022;3477;;9 500;completed;alexandersmith1987@gmail.com;44376;6;3;4900.0;3500.0;1100.0;13
08.07.2021;3202;;1 712;completed;Sophiasmith0@yandex.ru;44385;7;3;800.0;587.0;325.0;7
15.01.2022;4173;;5 100;completed;Lucassmith66@yandex.ru;44282;3;3;800.0;3500.0;800.0;13
10.11.2021;2412;;1 387;completed;Sophiasmith69@yandex.ru;44510;11;2;;587.0;800.0;11
14.06.2021;3125;;2 587;completed;charlottelopez33@gmail.com;44361;6;2;2000.0;;587.0;6
16.05.2021;3027;;2 064;completed;Williammartinez2007@yahoo.com;44332;5;3;890.0;587.0;587.0;5
04.02.2022;2063;;2 274;completed;Charlottelopez33@mail.ru;44391;7;3;587.0;1100.0;587.0;14
26.05.2021;4230;;2 565;completed;Avasmith88@outlook.com;44269;3;3;325.0;240.0;2000.0;5
15.03.2021;1325;;1 690;completed;liamsmith0@gmail.com;44270;3;2;;800.0;890.0;3
17.02.2021;3821;;2 225;completed;Avajackson88@mail.ru;44244;2;3;800.0;325.0;1100.0;2
24.08.2021;3161;;3 500;completed;Alexanderwilliams12@mail.ru;44432;8;3;1900.0;800.0;800.0;8
01.09.2021;2181;;2 565;completed;liamsmith1987@gmail.com;44440;9;3;240.0;325.0;2000.0;9
19.05.2021;2332;;1 712;completed;Williammartinez2007@outlook.com;44335;5;3;800.0;325.0;587.0;5
20.05.2021;2022;;7 125;returned;Sophiabrown12@yahoo.com;44304;4;3;325.0;1900.0;4900.0;5
25.11.2021;1995;;4 700;completed;liammartinez0@gmail.com;44367;6;3;1900.0;2000.0;800.0;11
11.10.2021;4155;;2 580;returned;Sophiamoore13@outlook.com;44329;5;3;890.0;890.0;800.0;10
16.02.2022;4183;;9 500;returned;Lucaswilliams12@yandex.ru;44286;3;3;1100.0;3500.0;4900.0;14
22.04.2021;3997;;4 412;completed;Charlottethomas0@outlook.com;44278;3;3;325.0;587.0;3500.0;4
14.05.2021;2174;;800;completed;Alexandertaylor2007@mail.ru;44330;5;1;800.0;;;5
16.09.2021;1655;;3 325;returned;Charlottemartinez2007@yandex.ru;44438;8;3;1900.0;1100.0;325.0;9
09.11.2021;3197;;11 800;completed;Olivermartinez2007@mail.ru;44243;2;3;2000.0;4900.0;4900.0;11
03.01.2022;3737;;3 040;completed;Liamsmith88@mail.ru;44564;13;3;800.0;240.0;2000.0;13
06.11.2021;3670;;3 477;completed;Sophiataylor1987@mail.ru;44399;7;3;2000.0;587.0;890.0;11
15.07.2021;2269;;1 802;completed;Williamlopez12@mail.ru;44392;7;3;587.0;890.0;325.0;7
28.02.2021;4072;;9 200;completed;Liamanderson88@yandex.ru;44255;2;3;4900.0;800.0;3500.0;2
04.07.2021;1451;;5 700;completed;isabellamartinez1993@gmail.com;44381;7;3;1100.0;3500.0;1100.0;7
22.08.2021;3182;;5 987;completed;Emmabrown0@yandex.ru;44271;3;3;587.0;3500.0;1900.0;8
13.08.2021;3050;;2 650;completed;Charlottemoore13@yahoo.com;44247;2;3;2000.0;325.0;325.0;8
01.10.2021;2240;;2 800;completed;Williammoore12@mail.ru;44302;4;2;800.0;2000.0;;10
14.03.2021;4069;;800;completed;Williammoore12@mail.ru;44269;3;1;;;800.0;3
14.04.2021;1620;;5 987;completed;Isabellaanderson69@mail.ru;44300;4;3;587.0;3500.0;1900.0;4
06.03.2021;2485;;1 425;completed;Alexanderjackson1987@outlook.com;44261;3;2;1100.0;;325.0;3
27.08.2021;3971;;2 880;completed;Sophiamartinez66@outlook.com;44435;8;3;1100.0;890.0;890.0;8
31.01.2022;3970;;10 400;returned;emmabrown69@gmail.com;44433;8;3;4900.0;2000.0;3500.0;13
06.03.2021;2027;;6 087;completed;Liamanderson0@yahoo.com;44261;3;3;587.0;2000.0;3500.0;3
24.01.2022;3323;;4 412;returned;Isabellataylor1993@outlook.com;44284;3;3;3500.0;587.0;325.0;13
26.04.2021;3237;;800;completed;williamtaylor1987@gmail.com;44312;4;1;;;800.0;4
09.06.2021;3969;;7 300;completed;Williamtaylor13@yahoo.com;44356;6;3;1900.0;3500.0;1900.0;6
03.02.2022;2953;;4 715;completed;Oliverlopez66@yandex.ru;44311;4;3;3500.0;890.0;325.0;14
22.09.2021;2250;;1 930;completed;avamoore66@gmail.com;44461;9;3;890.0;800.0;240.0;9
13.07.2021;3916;;2 890;completed;Sophiamartinez12@mail.ru;44388;7;2;2000.0;;890.0;7
14.04.2021;2015;;2 315;completed;Isabellasmith13@mail.ru;44300;4;3;890.0;325.0;1100.0;4
26.03.2021;1273;;4 087;completed;Lucassmith1987@yahoo.com;44281;3;2;;3500.0;587.0;3
05.12.2021;3205;;4 977;completed;Charlottetaylor2007@mail.ru;44499;10;3;3500.0;890.0;587.0;12
07.02.2022;4100;;1 690;completed;Sophiataylor0@yahoo.com;44599;14;2;800.0;;890.0;14
01.04.2021;2029;;3 690;completed;Emmataylor33@mail.ru;44287;4;3;2000.0;800.0;890.0;4
30.09.2021;2815;;7 387;completed;Isabellabrown0@outlook.com;44244;2;3;1900.0;587.0;4900.0;9
20.02.2021;3054;;4 140;completed;Sophiajackson2007@mail.ru;44247;2;3;240.0;1900.0;2000.0;2
15.03.2021;3508;;7 000;completed;Sophiaanderson12@outlook.com;44270;3;2;3500.0;3500.0;;3
05.04.2021;1870;;4 540;completed;lucasthomas0@gmail.com;44291;4;3;3500.0;800.0;240.0;4
20.08.2021;1804;;7 700;completed;Avataylor1987@gmail.com;44428;8;3;800.0;4900.0;2000.0;8
12.11.2021;2294;;1 425;completed;Williamjackson69@yandex.ru;44368;6;2;;1100.0;325.0;11
13.08.2021;2938;;2 325;completed;Isabellaanderson1993@outlook.com;44319;5;2;325.0;;2000.0;8
06.11.2021;2607;;8 800;completed;Avamartinez12@mail.ru;44409;8;3;4900.0;2000.0;1900.0;11
06.01.2022;2239;;4 587;completed;Avalopez33@outlook.com;44447;9;3;2000.0;587.0;2000.0;13
18.10.2021;2593;;2 577;completed;Isabellasmith0@yandex.ru;44376;6;3;587.0;1100.0;890.0;10
09.11.2021;2546;;6 115;completed;Emmamoore1987@yandex.ru;44509;11;3;890.0;325.0;4900.0;11
18.09.2021;4011;;2 790;completed;Charlottethomas69@yahoo.com;44257;3;3;1100.0;800.0;890.0;9
27.03.2021;1611;;6 087;returned;olivermartinez2007@gmail.com;44282;3;3;3500.0;2000.0;587.0;3
13.02.2022;3114;;1 100;returned;isabellathomas66@gmail.com;44413;8;1;;1100.0;;14
04.01.2022;2397;;1 125;completed;Lucasanderson66@yandex.ru;44565;13;2;325.0;800.0;;13
25.07.2021;2555;;0;completed;Williamtaylor0@outlook.com;44402;7;0;;;;7
07.11.2021;4166;;10 300;completed;Sophiabrown66@gmail.com;44261;3;3;1900.0;3500.0;4900.0;11
28.10.2021;3875;;1 130;returned;Alexanderanderson33@mail.ru;44274;3;2;240.0;890.0;;10
27.04.2021;3282;;3 890;completed;Charlotteanderson66@gmail.com;44313;4;3;1100.0;1900.0;890.0;4
09.03.2021;4152;;3 040;completed;Liamlopez66@yandex.ru;44264;3;3;240.0;2000.0;800.0;3
06.08.2021;3930;;10 300;completed;Avabrown0@yandex.ru;44414;8;3;4900.0;1900.0;3500.0;8
26.06.2021;2760;;3 687;completed;Charlottewilliams0@yandex.ru;44373;6;3;2000.0;587.0;1100.0;6
03.02.2022;4122;;827;completed;Lucaswilliams33@mail.ru;44278;3;2;587.0;;240.0;14
29.03.2021;1388;;9 290;completed;lucasjackson88@gmail.com;44284;3;3;4900.0;890.0;3500.0;3
22.08.2021;2166;;4 800;completed;Sophiaanderson1993@yandex.ru;44309;4;3;2000.0;2000.0;800.0;8
14.07.2021;2256;;3 090;completed;Avasmith0@yandex.ru;44391;7;3;890.0;1100.0;1100.0;7
02.03.2021;3505;;6 287;completed;Isabellamartinez1987@mail.ru;44257;3;3;587.0;800.0;4900.0;3
11.02.2022;2177;;1 687;completed;Liamtaylor0@yahoo.com;44471;10;2;;1100.0;587.0;14
07.01.2022;1636;;2 465;completed;Alexanderjackson13@mail.ru;44568;13;3;1900.0;240.0;325.0;13
01.10.2021;2536;;2 480;returned;Lucassmith1993@yahoo.com;44244;2;3;2000.0;240.0;240.0;10
23.05.2021;3965;;2 940;completed;isabellamoore0@gmail.com;44339;5;3;240.0;800.0;1900.0;5
06.11.2021;2456;;2 020;completed;Charlottebrown66@outlook.com;44506;11;3;890.0;890.0;240.0;11
09.11.2021;4190;;4 625;completed;Alexanderjackson66@yahoo.com;44363;6;3;3500.0;325.0;800.0;11
30.03.2021;2203;;5 190;completed;Alexanderwilliams1993@mail.ru;44285;3;3;3500.0;800.0;890.0;3
14.09.2021;3458;;1 687;completed;Alexanderbrown33@yandex.ru;44453;9;2;;1100.0;587.0;9
17.02.2021;1887;;6 590;completed;Olivermoore0@outlook.com;44244;2;3;800.0;890.0;4900.0;2
28.03.2021;1591;;6 087;returned;Liammartinez1993@outlook.com;44260;3;3;2000.0;3500.0;587.0;3
27.01.2022;3697;;1 712;returned;Oliverbrown33@yahoo.com;44462;9;3;800.0;587.0;325.0;13
21.02.2021;2292;;6 377;completed;Oliverwilliams13@outlook.com;44248;2;3;4900.0;587.0;890.0;2
28.11.2021;3448;;5 140;completed;emmamoore2007@gmail.com;44289;4;2;4900.0;240.0;;11
21.09.2021;2345;;6 890;completed;Williamjackson88@gmail.com;44371;6;3;4900.0;1100.0;890.0;9
24.02.2021;2252;;4 540;completed;Lucasmoore0@gmail.com;44251;2;3;3500.0;800.0;240.0;2
30.12.2021;2301;;6 377;completed;Charlottelopez1993@outlook.com;44392;7;3;890.0;587.0;4900.0;12
06.05.2021;3278;;3 030;completed;Isabellabrown2007@outlook.com;44322;5;3;890.0;240.0;1900.0;5
19.06.2021;3321;;325;completed;Emmalopez2007@yandex.ru;44282;3;1;325.0;;;6
28.01.2022;3203;;3 240;completed;olivermoore13@gmail.com;44409;8;3;1900.0;1100.0;240.0;13
21.05.2021;2480;;5 700;completed;Sophiajackson13@outlook.com;44337;5;3;1900.0;1900.0;1900.0;5
15.07.2021;2301;;6 600;completed;Charlottelopez1993@outlook.com;44392;7;3;3500.0;2000.0;1100.0;7
12.07.2021;1538;;1 930;completed;Emmajackson69@outlook.com;44389;7;3;800.0;890.0;240.0;7
16.02.2021;1460;;5 940;completed;Liamanderson69@outlook.com;44243;2;3;800.0;240.0;4900.0;2
26.02.2021;2613;;1 712;completed;oliverwilliams1993@gmail.com;44253;2;3;587.0;325.0;800.0;2
31.05.2021;1787;;2 012;completed;Alexandersmith1993@yandex.ru;44347;5;3;587.0;1100.0;325.0;5
26.06.2021;3231;;4 690;completed;Isabellamoore1993@yahoo.com;44373;6;3;1900.0;890.0;1900.0;6
19.08.2021;4119;;5 190;completed;Charlotteanderson2007@outlook.com;44427;8;3;890.0;3500.0;800.0;8
28.07.2021;1468;;6 287;completed;Liambrown13@yandex.ru;44325;5;3;4900.0;800.0;587.0;7
08.03.2021;3346;;5 487;completed;Emmajackson1993@yahoo.com;44263;3;2;;587.0;4900.0;3
07.08.2021;1483;;2 727;returned;Charlottemoore13@outlook.com;44415;8;3;1900.0;240.0;587.0;8
09.08.2021;3345;;4 790;returned;Charlottejackson1987@mail.ru;44417;8;3;890.0;2000.0;1900.0;8
01.06.2021;3153;;2 790;completed;alexanderanderson1987@gmail.com;44306;4;2;1900.0;890.0;;6
01.10.2021;3725;;1 365;completed;Lucasanderson33@mail.ru;44470;10;3;800.0;240.0;325.0;10
13.01.2022;3253;;6 680;completed;Avajackson2007@outlook.com;44574;13;3;890.0;4900.0;890.0;13
26.08.2021;2031;;890;completed;Avabrown2007@yandex.ru;44434;8;3;325.0;325.0;240.0;8
30.04.2021;3980;;6 900;completed;Sophiawilliams0@mail.ru;44316;4;2;4900.0;2000.0;;4
16.05.2021;3247;;5 940;completed;Liamtaylor1987@mail.ru;44332;5;3;4900.0;240.0;800.0;5
23.02.2021;1402;;1 627;returned;williamthomas88@gmail.com;44250;2;3;800.0;587.0;240.0;2
02.11.2021;3071;;827;returned;liamwilliams88@gmail.com;44418;8;2;;240.0;587.0;11
29.10.2021;2867;;3 587;completed;Olivermartinez2007@yahoo.com;44498;10;3;1900.0;1100.0;587.0;10
13.03.2021;1816;;2 000;completed;Alexandermartinez13@yandex.ru;44268;3;1;2000.0;;;3
06.10.2021;3601;;3 215;returned;Liambrown2007@yahoo.com;44319;5;3;2000.0;325.0;890.0;10
17.04.2021;2638;;2 587;completed;Sophiabrown69@mail.ru;44303;4;2;2000.0;;587.0;4
28.04.2021;2752;;4 925;completed;avaanderson12@gmail.com;44314;4;3;3500.0;325.0;1100.0;4
30.12.2021;3078;;3 377;completed;Alexanderanderson13@yandex.ru;44441;9;3;587.0;890.0;1900.0;12
20.06.2021;1442;;4 390;completed;Sophiataylor0@outlook.com;44367;6;2;890.0;3500.0;;6
14.04.2021;1410;;827;returned;Isabellaanderson88@mail.ru;44272;3;2;;587.0;240.0;4
24.07.2021;3873;;6 377;returned;Oliverwilliams1987@mail.ru;44401;7;3;587.0;890.0;4900.0;7
07.12.2021;2572;;4 390;completed;Liamthomas66@yandex.ru;44281;3;2;;890.0;3500.0;12
01.05.2021;2049;;5 725;completed;isabellathomas0@gmail.com;44317;5;3;1900.0;3500.0;325.0;5
08.06.2021;3389;;1 040;completed;Alexandersmith88@outlook.com;44355;6;2;800.0;240.0;;6
09.05.2021;2888;;10 125;completed;Sophiajackson2007@yahoo.com;44325;5;3;325.0;4900.0;4900.0;5
12.01.2022;3599;;565;completed;charlottejackson66@gmail.com;44306;4;2;240.0;325.0;;13
12.03.2021;2609;;4 540;completed;Avathomas0@yahoo.com;44267;3;3;3500.0;240.0;800.0;3
27.11.2021;2720;;6 287;completed;oliverwilliams12@gmail.com;44527;11;3;4900.0;800.0;587.0;11
26.02.2021;1893;;4 900;completed;Charlottemoore1987@outlook.com;44253;2;1;4900.0;;;2
18.06.2021;2927;;3 240;returned;avamartinez66@gmail.com;44271;3;3;1100.0;1900.0;240.0;6
31.07.2021;1903;;4 900;completed;oliverlopez88@gmail.com;44263;3;3;1900.0;1100.0;1900.0;7
05.05.2021;1808;;4 790;completed;Liamanderson0@outlook.com;44292;4;3;890.0;1900.0;2000.0;5
03.02.2022;4185;;1 780;completed;Avaanderson2007@yandex.ru;44268;3;2;890.0;890.0;;14
04.09.2021;1558;;650;completed;Sophiamoore66@mail.ru;44361;6;2;;325.0;325.0;9
13.08.2021;1754;;3 377;completed;Charlotteanderson69@yahoo.com;44421;8;3;1900.0;587.0;890.0;8
12.07.2021;2964;;6 290;completed;Isabellabrown1993@yahoo.com;44338;5;3;1900.0;3500.0;890.0;7
03.03.2021;1383;;10 125;completed;lucastaylor1993@gmail.com;44248;2;3;4900.0;4900.0;325.0;3
02.01.2022;3355;;4 690;completed;Oliversmith66@yahoo.com;44507;11;3;890.0;1900.0;1900.0;13
14.10.2021;1587;;4 587;completed;Oliverthomas33@mail.ru;44249;2;3;587.0;2000.0;2000.0;10
02.11.2021;3901;;8 640;completed;sophiamoore1987@gmail.com;44449;9;3;3500.0;4900.0;240.0;11
21.02.2021;3049;;2 277;completed;Alexandersmith66@yahoo.com;44248;2;3;587.0;800.0;890.0;2
10.04.2021;2602;;5 700;completed;Avathomas88@yandex.ru;44296;4;2;4900.0;;800.0;4
28.03.2021;2922;;2 700;returned;Sophiawilliams88@yahoo.com;44283;3;2;;800.0;1900.0;3
05.09.2021;1529;;2 487;completed;emmataylor66@gmail.com;44444;9;2;587.0;1900.0;;9
13.02.2022;3319;;1 990;completed;Charlotteanderson66@outlook.com;44605;14;2;;1100.0;890.0;14
08.08.2021;1390;;3 174;completed;Isabellajackson13@outlook.com;44416;8;3;587.0;2000.0;587.0;8
26.05.2021;2499;;4 065;completed;Liamjackson2007@mail.ru;44342;5;3;240.0;325.0;3500.0;5
09.06.2021;3763;;2 020;completed;Sophiamartinez0@yahoo.com;44356;6;3;890.0;240.0;890.0;6
26.04.2021;1344;;8 987;returned;Sophiataylor33@outlook.com;44312;4;3;3500.0;4900.0;587.0;4
30.07.2021;4097;;7 900;completed;Alexandertaylor13@yahoo.com;44256;3;3;1900.0;1100.0;4900.0;7
03.02.2022;4082;;3 287;completed;Isabellabrown2007@yahoo.com;44253;2;3;1900.0;587.0;800.0;14
26.06.2021;2359;;4 715;completed;Sophiawilliams12@mail.ru;44373;6;3;3500.0;890.0;325.0;6
17.08.2021;1378;;4 487;completed;Isabellamartinez66@mail.ru;44425;8;3;2000.0;587.0;1900.0;8
18.09.2021;3289;;2 240;completed;Liamjackson1993@yandex.ru;44305;4;2;;2000.0;240.0;9
16.11.2021;3571;;3 025;completed;lucasmoore33@gmail.com;44272;3;3;325.0;1900.0;800.0;11
02.04.2021;2295;;7 587;completed;Williamwilliams69@yandex.ru;44288;4;3;3500.0;3500.0;587.0;4
18.04.2021;1282;;4 140;completed;isabellathomas1993@gmail.com;44304;4;3;1900.0;240.0;2000.0;4
20.02.2021;3966;;4 840;completed;avajackson88@gmail.com;44247;2;3;240.0;1100.0;3500.0;2
05.07.2021;3049;;5 190;completed;Alexandersmith66@yahoo.com;44248;2;3;3500.0;890.0;800.0;7
15.07.2021;3653;;3 425;completed;Alexanderjackson66@yahoo.com;44253;2;3;2000.0;1100.0;325.0;7
11.03.2021;2011;;4 150;completed;Isabellasmith12@outlook.com;44266;3;3;325.0;3500.0;325.0;3
19.03.2021;2234;;6 900;completed;Lucassmith66@yandex.ru;44274;3;2;4900.0;2000.0;;3
10.05.2021;2691;;7 225;completed;Avaanderson33@yahoo.com;44326;5;3;2000.0;4900.0;325.0;5
02.08.2021;1649;;5 225;completed;williamwilliams13@gmail.com;44410;8;2;325.0;4900.0;;8
25.01.2022;2218;;3 500;completed;Oliverjackson66@mail.ru;44586;13;3;800.0;800.0;1900.0;13
20.12.2021;2339;;7 600;completed;Avawilliams69@yandex.ru;44305;4;3;4900.0;800.0;1900.0;12
24.04.2021;4136;;4 587;completed;Williamtaylor0@yandex.ru;44310;4;3;2000.0;587.0;2000.0;4
02.11.2021;3152;;3 690;completed;Williammartinez69@mail.ru;44502;11;3;890.0;800.0;2000.0;11
30.12.2021;3607;;3 587;completed;Sophiabrown13@yandex.ru;44560;12;3;1900.0;1100.0;587.0;12
26.12.2021;1326;;2 277;completed;Avaanderson1987@mail.ru;44391;7;3;890.0;800.0;587.0;12
08.06.2021;1906;;5 700;completed;Olivertaylor1987@mail.ru;44339;5;2;4900.0;800.0;;6
31.07.2021;2797;;1 340;completed;avawilliams2007@yahoo.com;44348;6;2;240.0;;1100.0;7
29.10.2021;3940;;4 225;returned;Avaanderson88@yandex.ru;44498;10;3;1900.0;325.0;2000.0;10
31.08.2021;2610;;3 980;completed;Emmasmith33@yahoo.com;44439;8;3;240.0;3500.0;240.0;8
04.09.2021;1829;;5 400;completed;Emmalopez33@mail.ru;44443;9;3;3500.0;1100.0;800.0;9
22.03.2021;1781;;5 000;completed;Avalopez2007@yahoo.com;44277;3;3;2000.0;1900.0;1100.0;3
07.08.2021;2752;;10 600;completed;avaanderson12@gmail.com;44314;4;3;800.0;4900.0;4900.0;8
16.07.2021;1285;;3 800;completed;Sophiabrown1987@outlook.com;44267;3;3;800.0;1900.0;1100.0;7
02.04.2021;2081;;7 300;completed;Liamthomas13@outlook.com;44288;4;3;1900.0;1900.0;3500.0;4
24.04.2021;1353;;4 300;completed;Avasmith0@yandex.ru;44310;4;2;800.0;3500.0;;4
03.04.2021;3829;;1 450;completed;Oliverbrown33@yandex.ru;44289;4;3;325.0;800.0;325.0;4
19.09.2021;4204;;2 015;completed;olivermartinez13@gmail.com;44458;9;3;325.0;800.0;890.0;9
10.02.2022;2529;;2 325;completed;Avataylor1987@yandex.ru;44545;12;2;2000.0;325.0;;14
13.11.2021;4132;;3 040;completed;Sophiabrown13@yahoo.com;44464;9;3;240.0;800.0;2000.0;11
30.07.2021;3309;;3 000;completed;charlottebrown2007@yahoo.com;44407;7;2;1900.0;;1100.0;7
20.05.2021;2562;;3 590;completed;Liammoore13@yahoo.com;44336;5;3;890.0;800.0;1900.0;5
09.07.2021;3415;;2 064;completed;Avalopez1987@yahoo.com;44386;7;3;587.0;890.0;587.0;7
10.03.2021;1557;;4 900;completed;Emmawilliams1987@outlook.com;44265;3;1;;;4900.0;3
12.04.2021;2976;;2 487;returned;Emmataylor2007@yandex.ru;44298;4;2;1900.0;587.0;;4
28.08.2021;4153;;13 300;completed;Isabellamartinez2007@outlook.com;44436;8;3;4900.0;3500.0;4900.0;8
18.04.2021;2143;;6 890;completed;Avawilliams13@mail.ru;44304;4;3;1100.0;4900.0;890.0;4
10.10.2021;3080;;5 380;completed;Isabellasmith1993@yahoo.com;44479;10;3;4900.0;240.0;240.0;10
16.04.2021;1794;;4 840;completed;Avaanderson66@yandex.ru;44302;4;3;240.0;3500.0;1100.0;4
18.01.2022;3324;;3 090;completed;oliverbrown13@gmail.com;44460;9;3;1100.0;890.0;1100.0;13
01.06.2021;2007;;9 290;completed;Lucasanderson33@yandex.ru;44348;6;3;890.0;4900.0;3500.0;6
24.07.2021;3017;;1 927;returned;isabellathomas1987@gmail.com;44258;3;3;240.0;587.0;1100.0;7
21.10.2021;4127;;9 200;completed;Avataylor2007@outlook.com;44258;3;3;800.0;4900.0;3500.0;10
02.04.2021;1286;;7 487;completed;williamwilliams1987@gmail.com;44288;4;3;587.0;2000.0;4900.0;4
27.09.2021;3093;;3 587;completed;Charlottethomas69@yahoo.com;44466;9;3;1900.0;587.0;1100.0;9
11.05.2021;2525;;1 450;completed;alexandermartinez2007@gmail.com;44327;5;3;800.0;325.0;325.0;5
17.06.2021;1279;;2 727;completed;Alexanderthomas33@outlook.com;44274;3;3;1900.0;240.0;587.0;6
21.12.2021;2499;;3 900;completed;Liamjackson2007@mail.ru;44342;5;2;2000.0;1900.0;;12
28.04.2021;3365;;8 400;completed;Avajackson12@yahoo.com;44314;4;2;;3500.0;4900.0;4
17.11.2021;2638;;3 477;completed;Sophiabrown69@mail.ru;44303;4;3;890.0;2000.0;587.0;11
02.01.2022;3041;;10 300;completed;Lucaslopez33@yahoo.com;44414;8;3;4900.0;3500.0;1900.0;13
22.12.2021;3621;;3 377;completed;Avalopez1987@yahoo.com;44551;12;3;587.0;1900.0;890.0;12
21.06.2021;2002;;650;completed;Alexandertaylor1987@outlook.com;44263;3;2;325.0;325.0;;6
14.07.2021;4030;;2 487;completed;Liambrown1993@gmail.com;44391;7;3;1100.0;587.0;800.0;7
08.03.2021;1812;;3 240;completed;Lucasanderson88@outlook.com;44263;3;3;240.0;1100.0;1900.0;3
15.09.2021;2835;;5 465;completed;Avataylor13@mail.ru;44454;9;3;4900.0;240.0;325.0;9
06.11.2021;2545;;4 200;completed;Isabellajackson1993@mail.ru;44460;9;3;1100.0;1100.0;2000.0;11
31.10.2021;3850;;1 665;completed;Alexandertaylor12@mail.ru;44284;3;3;240.0;1100.0;325.0;10
20.02.2021;2644;;1 365;completed;Alexanderjackson2007@mail.ru;44247;2;3;325.0;800.0;240.0;2
27.04.2021;1257;;3 074;completed;Isabellamoore13@yahoo.com;44313;4;3;1900.0;587.0;587.0;4
14.04.2021;3134;;5 725;returned;Avamoore1993@yandex.ru;44300;4;3;1900.0;3500.0;325.0;4
14.11.2021;3861;;9 500;completed;Liammartinez2007@yahoo.com;44251;2;3;4900.0;3500.0;1100.0;11
27.07.2021;3070;;9 290;completed;sophiamoore69@gmail.com;44404;7;3;4900.0;890.0;3500.0;7
03.02.2022;3670;;2 240;completed;Sophiataylor1987@mail.ru;44399;7;2;2000.0;;240.0;14
07.09.2021;1324;;5 280;completed;Liammartinez1993@yandex.ru;44402;7;3;890.0;3500.0;890.0;9
18.04.2021;2024;;5 225;returned;Lucasmoore66@mail.ru;44304;4;2;;4900.0;325.0;4
09.01.2022;2065;;2 565;completed;avataylor0@gmail.com;44570;13;3;325.0;240.0;2000.0;13
13.11.2021;2893;;6 590;completed;Lucaswilliams1993@outlook.com;44378;7;3;4900.0;800.0;890.0;11
08.03.2021;2349;;10 400;completed;emmajackson0@gmail.com;44263;3;3;4900.0;2000.0;3500.0;3
14.10.2021;2696;;5 400;completed;Williamjackson2007@outlook.com;44483;10;3;800.0;1100.0;3500.0;10
27.02.2021;1734;;3 074;completed;Olivermoore66@outlook.com;44254;2;3;587.0;1900.0;587.0;2
23.05.2021;3868;;565;completed;williamthomas13@gmail.com;44339;5;2;240.0;325.0;;5
05.03.2021;1591;;7 400;returned;Liammartinez1993@outlook.com;44260;3;3;2000.0;1900.0;3500.0;3
06.01.2022;2731;;8 000;completed;Alexandermoore13@yahoo.com;44504;11;3;2000.0;4900.0;1100.0;13
26.07.2021;3408;;2 827;completed;Williammartinez13@yandex.ru;44403;7;3;240.0;587.0;2000.0;7
06.01.2022;3728;;11 800;completed;Emmaanderson0@mail.ru;44567;13;3;2000.0;4900.0;4900.0;13
26.01.2022;4144;;1 477;completed;Sophiamoore13@outlook.com;44570;13;2;;890.0;587.0;13
29.10.2021;4012;;912;completed;Charlottewilliams66@outlook.com;44433;8;2;;587.0;325.0;10
26.09.2021;2827;;6 900;completed;liamanderson1993@yahoo.com;44460;9;2;;4900.0;2000.0;9
18.07.2021;3111;;4 840;completed;emmaanderson69@gmail.com;44395;7;3;3500.0;1100.0;240.0;7
28.08.2021;1847;;2 800;completed;Sophiaanderson13@outlook.com;44436;8;2;800.0;;2000.0;8
03.05.2021;4195;;5 825;returned;Charlottesmith88@mail.ru;44319;5;3;3500.0;2000.0;325.0;5
20.01.2022;1877;;3 590;completed;Alexanderjackson12@outlook.com;44529;11;3;890.0;1900.0;800.0;13
05.11.2021;2377;;1 280;returned;Charlottemartinez1987@outlook.com;44280;3;3;800.0;240.0;240.0;11
03.11.2021;3051;;6 900;completed;Williammoore88@outlook.com;44503;11;2;2000.0;;4900.0;11
17.06.2021;1909;;3 287;completed;Williamwilliams2007@yandex.ru;44364;6;3;1900.0;587.0;800.0;6
23.04.2021;1961;;6 800;completed;Liamlopez69@yandex.ru;44309;4;2;1900.0;4900.0;;4
23.12.2021;2505;;9 500;completed;Charlottemartinez33@yandex.ru;44479;10;3;1100.0;3500.0;4900.0;12
16.12.2021;3520;;6 200;completed;olivertaylor12@gmail.com;44335;5;3;1900.0;3500.0;800.0;12
20.06.2021;2113;;2 700;completed;Liamwilliams88@outlook.com;44367;6;2;800.0;;1900.0;6
20.01.2022;3613;;6 087;completed;isabellalopez69@gmail.com;44259;3;3;2000.0;3500.0;587.0;13
06.08.2021;2099;;5 940;completed;lucasmartinez12@gmail.com;44414;8;3;4900.0;800.0;240.0;8
09.06.2021;2454;;1 802;completed;Avabrown69@yandex.ru;44356;6;3;890.0;325.0;587.0;6
27.12.2021;1894;;2 367;completed;Charlottemartinez1987@yahoo.com;44249;2;3;890.0;890.0;587.0;12
01.04.2021;1271;;8 987;completed;Lucassmith1993@yahoo.com;44287;4;3;3500.0;587.0;4900.0;4
10.09.2021;3195;;4 800;completed;oliverlopez33@gmail.com;44410;8;3;2000.0;2000.0;800.0;9
17.08.2021;1472;;4 630;completed;Charlottethomas88@yandex.ru;44425;8;3;240.0;3500.0;890.0;8
06.01.2022;3719;;1 414;completed;Isabellathomas69@outlook.com;44567;13;3;587.0;587.0;240.0;13
23.02.2021;2317;;7 125;returned;Liamlopez13@outlook.com;44250;2;3;325.0;4900.0;1900.0;2
30.07.2021;1408;;2 577;completed;Isabellamoore2007@outlook.com;44407;7;3;890.0;1100.0;587.0;7
26.06.2021;3599;;8 400;completed;charlottejackson66@gmail.com;44306;4;2;3500.0;4900.0;;6
17.06.2021;1867;;6 900;completed;Lucastaylor33@outlook.com;44364;6;2;4900.0;;2000.0;6
12.12.2021;2473;;7 690;completed;Lucasthomas2007@mail.ru;44542;12;3;890.0;1900.0;4900.0;12
22.07.2021;2433;;2 487;completed;Sophiasmith1993@mail.ru;44320;5;3;1100.0;587.0;800.0;7
06.10.2021;2908;;1 340;completed;Lucasmoore88@yahoo.com;44332;5;2;240.0;;1100.0;10
25.10.2021;2703;;3 590;completed;Avalopez13@yahoo.com;44282;3;3;800.0;1900.0;890.0;10
11.11.2021;2564;;3 090;completed;lucastaylor13@gmail.com;44446;9;3;890.0;1100.0;1100.0;11
12.08.2021;3904;;2 277;returned;Charlottesmith69@mail.ru;44349;6;3;890.0;800.0;587.0;8
19.07.2021;3351;;325;completed;Emmamoore1987@yahoo.com;44396;7;1;325.0;;;7
27.09.2021;2344;;10 300;completed;oliveranderson2007@gmail.com;44323;5;3;3500.0;1900.0;4900.0;9
07.06.2021;2307;;3 074;completed;Isabellataylor69@yandex.ru;44354;6;3;587.0;1900.0;587.0;6
17.12.2021;2316;;10 690;returned;Williamjackson1987@mail.ru;44247;2;3;890.0;4900.0;4900.0;12
07.07.2021;2556;;1 174;completed;Alexandermoore2007@yahoo.com;44384;7;2;587.0;;587.0;7
23.04.2021;2415;;2 000;completed;avataylor66@gmail.com;44309;4;1;;2000.0;;4
19.06.2021;1368;;2 380;returned;Isabellathomas1993@yahoo.com;44366;6;3;240.0;240.0;1900.0;6
26.04.2021;2891;;4 790;completed;Alexandertaylor12@outlook.com;44252;2;3;890.0;1900.0;2000.0;4
23.03.2021;3997;;3 477;completed;Charlottethomas0@outlook.com;44278;3;3;587.0;2000.0;890.0;3
23.01.2022;1656;;6 200;completed;Emmamoore1987@outlook.com;44428;8;3;1900.0;3500.0;800.0;13
07.11.2021;1325;;3 287;completed;liamsmith0@gmail.com;44270;3;3;800.0;587.0;1900.0;11
08.05.2021;2117;;6 087;completed;Williamthomas2007@mail.ru;44324;5;3;587.0;3500.0;2000.0;5
12.08.2021;1842;;912;completed;Liamlopez1993@outlook.com;44247;2;2;587.0;;325.0;8
16.12.2021;1452;;6 087;completed;Williamanderson2007@yahoo.com;44353;6;3;3500.0;587.0;2000.0;12
29.07.2021;2378;;8 725;returned;Isabellaanderson13@outlook.com;44406;7;3;3500.0;4900.0;325.0;7
09.10.2021;2110;;1 665;completed;emmawilliams1987@yahoo.com;44420;8;3;240.0;1100.0;325.0;10
15.07.2021;3121;;7 387;completed;Avamoore33@yandex.ru;44379;7;3;4900.0;587.0;1900.0;7
01.10.2021;1656;;5 727;completed;Emmamoore1987@outlook.com;44428;8;3;587.0;240.0;4900.0;10
15.09.2021;1773;;6 000;completed;Oliverwilliams13@mail.ru;44286;3;3;2000.0;2000.0;2000.0;9
02.04.2021;2934;;2 565;completed;Isabellajackson12@outlook.com;44272;3;3;325.0;2000.0;240.0;4
18.07.2021;1424;;3 690;completed;Alexanderjackson12@outlook.com;44395;7;3;2000.0;800.0;890.0;7
19.06.2021;3539;;5 825;completed;Sophiathomas1993@mail.ru;44318;5;3;325.0;3500.0;2000.0;6
04.09.2021;2805;;2 787;completed;Avataylor1993@outlook.com;44377;6;3;587.0;1100.0;1100.0;9
25.05.2021;2658;;4 690;completed;Sophiajackson69@outlook.com;44341;5;3;1900.0;1900.0;890.0;5
01.05.2021;1359;;6 115;completed;williambrown88@gmail.com;44317;5;3;325.0;4900.0;890.0;5
10.12.2021;2183;;3 130;completed;Liamwilliams88@yandex.ru;44523;11;3;890.0;2000.0;240.0;12
14.04.2021;4027;;5 465;completed;Alexanderwilliams88@yandex.ru;44300;4;3;240.0;325.0;4900.0;4
10.10.2021;3086;;4 900;completed;Alexanderanderson2007@yahoo.com;44479;10;3;1900.0;1100.0;1900.0;10
12.03.2021;2296;;3 990;completed;Isabellalopez1987@yandex.ru;44267;3;3;1100.0;890.0;2000.0;3
21.10.2021;3328;;2 225;completed;Avathomas13@yahoo.com;44490;10;3;325.0;1100.0;800.0;10
03.01.2022;1935;;3 477;completed;Emmamoore69@yahoo.com;44564;13;3;890.0;587.0;2000.0;13
18.02.2021;3918;;6 890;completed;Emmamartinez0@outlook.com;44245;2;3;1100.0;4900.0;890.0;2
08.09.2021;3569;;1 627;completed;Charlottethomas13@outlook.com;44447;9;3;240.0;587.0;800.0;9
21.06.2021;2294;;1 215;completed;Williamjackson69@yandex.ru;44368;6;2;890.0;;325.0;6
03.09.2021;2829;;4 900;completed;Olivertaylor1987@mail.ru;44304;4;3;1900.0;1900.0;1100.0;9
12.10.2021;2470;;5 812;returned;Emmalopez1993@yahoo.com;44481;10;3;325.0;4900.0;587.0;10
24.01.2022;3349;;5 100;completed;alexanderthomas66@gmail.com;44424;8;3;2000.0;2000.0;1100.0;13
18.04.2021;2514;;1 425;completed;Avathomas1993@outlook.com;44299;4;2;;1100.0;325.0;4
23.06.2021;2839;;3 740;completed;Alexanderthomas33@outlook.com;44280;3;2;;3500.0;240.0;6
18.03.2021;4073;;3 100;completed;Avalopez69@yandex.ru;44273;3;2;;1100.0;2000.0;3
17.07.2021;1705;;2 800;completed;Lucasmoore33@yahoo.com;44394;7;2;;2000.0;800.0;7
10.04.2021;3036;;5 487;completed;Oliverbrown0@yahoo.com;44282;3;2;;587.0;4900.0;4
05.04.2021;3305;;1 627;returned;williamtaylor1993@gmail.com;44291;4;3;587.0;240.0;800.0;4
19.02.2021;1818;;13 300;completed;Isabellalopez12@outlook.com;44246;2;3;3500.0;4900.0;4900.0;2
01.06.2021;2081;;2 587;completed;Liamthomas13@outlook.com;44288;4;2;587.0;;2000.0;6
01.04.2021;3386;;2 400;completed;Avajackson1987@yahoo.com;44253;2;3;800.0;800.0;800.0;4
20.06.2021;3614;;1 717;completed;Avaanderson0@outlook.com;44367;6;3;890.0;587.0;240.0;6
26.01.2022;1532;;3 690;completed;Olivermoore2007@mail.ru;44474;10;3;2000.0;800.0;890.0;13
31.12.2021;3462;;1 370;completed;Avataylor2007@yahoo.com;44388;7;3;890.0;240.0;240.0;12
20.12.2021;1261;;7 500;completed;Emmataylor2007@yahoo.com;44379;7;3;2000.0;2000.0;3500.0;12
08.09.2021;2476;;3 800;completed;Avathomas0@mail.ru;44447;9;3;1100.0;800.0;1900.0;9
17.10.2021;1559;;4 150;completed;Liamsmith69@yandex.ru;44260;3;3;3500.0;325.0;325.0;10
10.12.2021;2852;;2 274;completed;Liammartinez1987@outlook.com;44540;12;3;1100.0;587.0;587.0;12
08.12.2021;2717;;3 600;completed;Charlottelopez2007@yandex.ru;44386;7;3;2000.0;800.0;800.0;12
06.10.2021;2294;;2 790;completed;Williamjackson69@yandex.ru;44368;6;3;890.0;1100.0;800.0;10
11.04.2021;2346;;3 325;completed;Charlottemartinez2007@outlook.com;44297;4;3;1900.0;1100.0;325.0;4
20.01.2022;3444;;5 187;completed;Liammoore0@yahoo.com;44392;7;3;587.0;1100.0;3500.0;13
11.06.2021;3753;;4 625;completed;Avajackson33@mail.ru;44358;6;3;325.0;800.0;3500.0;6
22.07.2021;2766;;7 387;completed;Williamwilliams13@outlook.com;44399;7;3;4900.0;587.0;1900.0;7
16.07.2021;2735;;8 000;completed;Olivermartinez0@mail.ru;44373;6;3;4900.0;1100.0;2000.0;7
13.10.2021;1873;;2 105;completed;Oliverjackson1987@yandex.ru;44482;10;3;325.0;890.0;890.0;10
06.11.2021;3629;;2 700;completed;Charlotteanderson12@mail.ru;44506;11;2;800.0;1900.0;;11
09.12.2021;1264;;2 790;completed;Williambrown0@outlook.com;44539;12;3;1100.0;890.0;800.0;12
29.06.2021;3418;;5 280;completed;Williamsmith13@mail.ru;44376;6;3;3500.0;890.0;890.0;6
16.09.2021;1439;;9 200;completed;Charlottemartinez13@yandex.ru;44455;9;3;4900.0;3500.0;800.0;9
20.08.2021;1656;;7 140;completed;Emmamoore1987@outlook.com;44428;8;3;2000.0;4900.0;240.0;8
10.06.2021;1720;;3 587;completed;Williamthomas12@outlook.com;44333;5;3;587.0;1100.0;1900.0;6
26.09.2021;4162;;2 325;completed;Sophiataylor88@yandex.ru;44465;9;2;2000.0;325.0;;9
13.01.2022;2830;;2 440;completed;Sophiathomas13@yandex.ru;44574;13;3;1100.0;1100.0;240.0;13
29.07.2021;3796;;2 187;completed;Sophialopez2007@outlook.com;44252;2;3;800.0;587.0;800.0;7
01.12.2021;3780;;4 000;completed;avalopez66@gmail.com;44531;12;2;2000.0;;2000.0;12
17.10.2021;3106;;4 327;completed;Williammartinez1987@yandex.ru;44268;3;3;240.0;3500.0;587.0;10
12.09.2021;2071;;5 812;completed;Isabellalopez69@yahoo.com;44451;9;3;4900.0;587.0;325.0;9
04.11.2021;2015;;1 927;completed;Isabellasmith13@mail.ru;44300;4;3;587.0;1100.0;240.0;11
24.12.2021;1927;;8 100;completed;Avaanderson69@yahoo.com;44285;3;3;3500.0;1100.0;3500.0;12
24.05.2021;2800;;8 987;completed;Sophialopez1993@yandex.ru;44293;4;3;4900.0;3500.0;587.0;5
23.01.2022;3816;;6 000;completed;Oliverwilliams66@mail.ru;44584;13;2;1100.0;;4900.0;13
21.09.2021;3163;;3 900;completed;Isabellasmith88@yahoo.com;44308;4;3;1100.0;2000.0;800.0;9
07.08.2021;1965;;8 725;completed;Charlottejackson1987@yandex.ru;44403;7;3;3500.0;4900.0;325.0;8
02.12.2021;1532;;7 325;completed;Olivermoore2007@mail.ru;44474;10;3;325.0;3500.0;3500.0;12
09.04.2021;2868;;1 540;completed;Alexandermartinez0@yandex.ru;44295;4;3;325.0;890.0;325.0;4
19.03.2021;3875;;2 225;completed;Alexanderanderson33@mail.ru;44274;3;3;800.0;1100.0;325.0;3
21.01.2022;1863;;1 450;completed;Williammartinez1987@outlook.com;44582;13;3;800.0;325.0;325.0;13
18.04.2021;2022;;3 690;completed;Sophiabrown12@yahoo.com;44304;4;3;2000.0;800.0;890.0;4
18.03.2021;2001;;10 125;completed;Charlotteanderson1987@yahoo.com;44273;3;3;4900.0;4900.0;325.0;3
02.09.2021;3029;;4 674;completed;Oliverbrown12@yahoo.com;44331;5;3;3500.0;587.0;587.0;9
15.09.2021;1380;;3 040;completed;Alexandermoore1993@mail.ru;44289;4;3;800.0;240.0;2000.0;9
10.04.2021;1671;;3 130;completed;Lucassmith69@yandex.ru;44244;2;3;2000.0;240.0;890.0;4
26.10.2021;2561;;3 340;completed;Alexandersmith2007@yandex.ru;44495;10;3;1100.0;2000.0;240.0;10
13.04.2021;2257;;8 640;completed;Charlottewilliams88@yandex.ru;44299;4;3;4900.0;240.0;3500.0;4
30.05.2021;4149;;6 287;completed;Emmataylor0@yandex.ru;44346;5;3;800.0;587.0;4900.0;5
22.02.2021;3226;;6 287;completed;Williamsmith66@yandex.ru;44249;2;3;800.0;4900.0;587.0;2
20.10.2021;3189;;2 064;completed;Lucaswilliams33@gmail.com;44259;3;3;587.0;890.0;587.0;10
09.03.2021;2148;;5 490;completed;Oliverbrown88@mail.ru;44264;3;3;1100.0;890.0;3500.0;3
03.04.2021;2023;;1 425;returned;Sophiabrown1993@yahoo.com;44289;4;2;;325.0;1100.0;4
04.10.2021;2042;;3 690;completed;Emmawilliams69@yandex.ru;44361;6;3;2000.0;890.0;800.0;10
30.03.2021;2138;;4 087;completed;Emmabrown2007@mail.ru;44273;3;2;587.0;;3500.0;3
11.09.2021;1994;;4 240;completed;Lucaslopez12@mail.ru;44421;8;3;2000.0;240.0;2000.0;9
01.03.2021;3441;;8 400;completed;Avamartinez88@outlook.com;44256;3;2;3500.0;4900.0;;3
16.11.2021;1997;;5 190;completed;Isabellathomas1993@yandex.ru;44462;9;3;3500.0;890.0;800.0;11
15.06.2021;3186;;4 140;completed;Williammartinez1993@yandex.ru;44362;6;3;2000.0;1900.0;240.0;6
10.02.2022;2239;;3 500;completed;Avalopez33@outlook.com;44447;9;1;;;3500.0;14
07.05.2021;3359;;3 825;returned;Charlottemoore1993@yandex.ru;44254;2;2;3500.0;;325.0;5
06.09.2021;2580;;5 400;returned;Isabellalopez0@mail.ru;44357;6;2;1900.0;3500.0;;9
05.05.2021;1950;;3 000;completed;Oliverwilliams1987@yahoo.com;44321;5;2;1100.0;1900.0;;5
26.06.2021;3190;;912;completed;Alexanderthomas2007@yandex.ru;44373;6;2;;325.0;587.0;6
27.01.2022;3949;;1 215;completed;Lucasbrown66@yahoo.com;44430;8;2;890.0;;325.0;13
12.08.2021;1777;;8 987;completed;Liambrown1993@mail.ru;44420;8;3;587.0;3500.0;4900.0;8
19.02.2021;1661;;5 280;completed;Emmataylor0@yandex.ru;44246;2;3;890.0;3500.0;890.0;2
14.08.2021;3033;;1 477;completed;Emmamoore12@yahoo.com;44309;4;2;587.0;;890.0;8
17.02.2021;2749;;2 200;completed;Alexanderwilliams0@yandex.ru;44243;2;2;;1100.0;1100.0;2
07.06.2021;4017;;480;completed;Alexanderbrown1987@yahoo.com;44354;6;2;240.0;240.0;;6
28.08.2021;1920;;2 587;completed;Isabellaanderson69@yahoo.com;44436;8;2;;587.0;2000.0;8
20.07.2021;1823;;3 825;returned;Olivertaylor88@yandex.ru;44397;7;2;;325.0;3500.0;7
07.07.2021;3291;;4 925;completed;Emmaanderson1993@yandex.ru;44384;7;3;1100.0;3500.0;325.0;7
16.12.2021;1718;;6 087;completed;Emmabrown88@yahoo.com;44327;5;3;2000.0;587.0;3500.0;12
05.07.2021;1899;;4 540;completed;liammoore88@gmail.com;44382;7;3;3500.0;800.0;240.0;7
17.11.2021;3742;;1 580;completed;Charlotteanderson66@outlook.com;44261;3;3;1100.0;240.0;240.0;11
03.03.2021;2370;;3 215;completed;Williamwilliams2007@yandex.ru;44258;3;3;325.0;2000.0;890.0;3
11.08.2021;2831;;4 887;completed;avajackson13@gmail.com;44419;8;3;587.0;800.0;3500.0;8
09.07.2021;3632;;3 740;completed;Isabellabrown88@yandex.ru;44378;7;2;;3500.0;240.0;7
08.03.2021;1749;;3 600;completed;Charlotteanderson12@outlook.com;44251;2;3;800.0;2000.0;800.0;3
23.07.2021;3197;;5 987;completed;Olivermartinez2007@mail.ru;44243;2;3;1900.0;3500.0;587.0;7
08.07.2021;3192;;2 577;completed;Sophialopez33@mail.ru;44319;5;3;587.0;1100.0;890.0;7
31.05.2021;1617;;3 000;completed;isabellabrown66@gmail.com;44347;5;2;1900.0;;1100.0;5
03.01.2022;1595;;3 477;returned;alexanderanderson0@gmail.com;44266;3;3;2000.0;890.0;587.0;13
18.07.2021;1486;;13 300;completed;Oliverthomas1993@mail.ru;44395;7;3;4900.0;3500.0;4900.0;7
05.10.2021;2606;;8 900;completed;Charlottethomas0@yahoo.com;44375;6;3;1900.0;3500.0;3500.0;10
12.04.2021;1864;;1 687;completed;emmalopez1993@gmail.com;44298;4;2;587.0;1100.0;;4
26.10.2021;2117;;4 540;returned;Williamthomas2007@mail.ru;44324;5;3;240.0;3500.0;800.0;10
22.07.2021;3256;;2 325;completed;Charlottejackson88@mail.ru;44249;2;2;;325.0;2000.0;7
30.11.2021;2135;;1 930;completed;Sophiataylor12@outlook.com;44530;11;3;240.0;800.0;890.0;11
15.08.2021;1777;;6 587;returned;Liambrown1993@mail.ru;44420;8;3;1100.0;587.0;4900.0;8
02.09.2021;2832;;4 715;completed;Emmabrown88@mail.ru;44441;9;3;325.0;890.0;3500.0;9
03.06.2021;2683;;6 800;completed;alexanderthomas1993@gmail.com;44350;6;2;;4900.0;1900.0;6
04.01.2022;3365;;4 540;completed;Avajackson12@yahoo.com;44314;4;3;240.0;3500.0;800.0;13
20.11.2021;1840;;6 074;completed;williambrown33@gmail.com;44259;3;3;587.0;587.0;4900.0;11
27.04.2021;2958;;2 940;completed;alexanderjackson12@gmail.com;44313;4;3;1900.0;240.0;800.0;4
18.02.2021;3713;;3 287;returned;Charlottewilliams2007@mail.ru;44245;2;3;587.0;800.0;1900.0;2
31.08.2021;4201;;2 000;completed;Emmamartinez1987@outlook.com;44302;4;1;2000.0;;;8
26.02.2021;4046;;2 325;returned;Avajackson69@outlook.com;44253;2;2;2000.0;325.0;;2
08.10.2021;2263;;2 015;completed;Charlottethomas33@yahoo.com;44477;10;3;325.0;800.0;890.0;10
15.12.2021;1404;;1 930;completed;Lucasmartinez88@outlook.com;44338;5;3;800.0;890.0;240.0;12
16.02.2021;3197;;6 377;completed;Olivermartinez2007@mail.ru;44243;2;3;890.0;587.0;4900.0;2
16.05.2021;3252;;6 025;completed;Oliverwilliams88@mail.ru;44332;5;3;4900.0;800.0;325.0;5
11.07.2021;3462;;1 802;completed;Avataylor2007@yahoo.com;44388;7;3;587.0;890.0;325.0;7
22.07.2021;2033;;480;completed;Lucasmoore69@yandex.ru;44290;4;2;;240.0;240.0;7
06.09.2021;1392;;7 700;completed;Emmawilliams0@yahoo.com;44445;9;3;4900.0;2000.0;800.0;9
01.11.2021;1323;;5 100;completed;Charlottebrown1993@outlook.com;44252;2;3;800.0;3500.0;800.0;11
31.12.2021;2326;;5 280;completed;Charlotteanderson88@outlook.com;44304;4;3;3500.0;890.0;890.0;12
11.09.2021;3920;;14 700;completed;sophiasmith33@gmail.com;44450;9;3;4900.0;4900.0;4900.0;9
06.12.2021;2273;;3 040;completed;Williambrown13@yahoo.com;44536;12;3;2000.0;800.0;240.0;12
24.11.2021;3842;;2 480;completed;emmabrown12@gmail.com;44524;11;3;240.0;240.0;2000.0;11
30.10.2021;4204;;3 030;completed;olivermartinez13@gmail.com;44458;9;3;890.0;1900.0;240.0;10
09.10.2021;1727;;2 890;completed;Lucaslopez1987@outlook.com;44354;6;2;890.0;2000.0;;10
09.04.2021;2650;;2 827;completed;liammoore0@gmail.com;44295;4;3;2000.0;240.0;587.0;4
26.10.2021;2519;;6 325;completed;Lucasjackson12@yahoo.com;44352;6;3;4900.0;1100.0;325.0;10
07.04.2021;2237;;3 215;completed;Liamlopez33@yandex.ru;44293;4;3;890.0;2000.0;325.0;4
29.11.2021;2554;;1 340;completed;Olivertaylor33@yahoo.com;44529;11;2;;1100.0;240.0;11
12.12.2021;3048;;4 887;returned;sophiabrown0@gmail.com;44542;12;3;3500.0;800.0;587.0;12
08.05.2021;4093;;4 140;completed;Alexanderthomas33@mail.ru;44324;5;3;2000.0;240.0;1900.0;5
27.12.2021;1326;;3 000;completed;Avaanderson1987@mail.ru;44391;7;2;1100.0;;1900.0;12
10.09.2021;1646;;3 125;completed;Oliverthomas33@mail.ru;44272;3;3;800.0;325.0;2000.0;9
18.11.2021;1573;;1 712;completed;Emmalopez1993@mail.ru;44518;11;3;325.0;800.0;587.0;11
02.05.2021;1477;;4 800;completed;Liamwilliams69@yandex.ru;44318;5;3;2000.0;800.0;2000.0;5
30.03.2021;2642;;2 880;completed;Oliveranderson0@outlook.com;44285;3;3;890.0;1100.0;890.0;3
30.06.2021;2805;;2 487;completed;Avataylor1993@outlook.com;44377;6;3;800.0;1100.0;587.0;6
26.10.2021;1238;;2 490;completed;Williamtaylor33@outlook.com;44495;10;3;800.0;800.0;890.0;10
02.10.2021;1315;;2 064;completed;Avajackson2007@mail.ru;44471;10;3;587.0;587.0;890.0;10
15.07.2021;3444;;7 125;completed;Liammoore0@yahoo.com;44392;7;3;1900.0;4900.0;325.0;7
12.06.2021;3753;;2 225;completed;Avajackson33@mail.ru;44358;6;3;325.0;800.0;1100.0;6
25.12.2021;2238;;3 425;completed;Alexandertaylor66@outlook.com;44535;12;3;325.0;1100.0;2000.0;12
12.11.2021;1734;;4 327;returned;Olivermoore66@outlook.com;44254;2;3;3500.0;240.0;587.0;11
15.07.2021;2905;;6 800;returned;Liamwilliams66@gmail.com;44392;7;2;1900.0;;4900.0;7
09.05.2021;2687;;3 477;completed;Avalopez12@yahoo.com;44277;3;3;890.0;2000.0;587.0;5
22.11.2021;1906;;7 300;returned;Olivertaylor1987@mail.ru;44339;5;3;1900.0;1900.0;3500.0;11
21.11.2021;4175;;6 390;completed;Williammartinez66@yandex.ru;44521;11;3;890.0;2000.0;3500.0;11
29.05.2021;3783;;7 000;completed;Charlottebrown12@yahoo.com;44293;4;2;;3500.0;3500.0;5
05.09.2021;3072;;2 465;completed;Sophiamartinez33@outlook.com;44267;3;3;240.0;1900.0;325.0;9
01.11.2021;2800;;4 487;completed;Sophialopez1993@yandex.ru;44293;4;3;2000.0;587.0;1900.0;11
26.05.2021;2514;;2 550;completed;Avathomas1993@outlook.com;44299;4;3;325.0;1900.0;325.0;5
21.03.2021;1913;;1 627;completed;Avaanderson1987@yahoo.com;44276;3;3;800.0;240.0;587.0;3
06.06.2021;2422;;1 990;completed;Sophiathomas88@mail.ru;44353;6;2;890.0;;1100.0;6
04.11.2021;2703;;1 152;completed;Avalopez13@yahoo.com;44282;3;3;587.0;240.0;325.0;11
06.12.2021;3448;;7 790;completed;emmamoore2007@gmail.com;44289;4;3;890.0;4900.0;2000.0;12
25.08.2021;2815;;3 000;completed;Isabellabrown0@outlook.com;44244;2;2;1900.0;1100.0;;8
07.03.2021;2327;;5 465;completed;Alexanderlopez69@outlook.com;44262;3;3;325.0;240.0;4900.0;3
07.01.2022;2346;;5 825;returned;Charlottemartinez2007@outlook.com;44297;4;3;325.0;3500.0;2000.0;13
03.09.2021;2136;;8 100;completed;Avamartinez69@yahoo.com;44442;9;3;3500.0;1100.0;3500.0;9
11.10.2021;2042;;6 300;completed;Emmawilliams69@yandex.ru;44361;6;3;2000.0;800.0;3500.0;10
22.10.2021;3327;;4 600;completed;Lucaswilliams1987@yahoo.com;44491;10;2;3500.0;1100.0;;10
12.06.2021;4112;;2 550;completed;Williammoore33@mail.ru;44359;6;3;1900.0;325.0;325.0;6
29.12.2021;3563;;6 000;completed;charlottethomas0@gmail.com;44517;11;3;2000.0;2000.0;2000.0;12
16.05.2021;3396;;6 680;completed;Olivermartinez69@yahoo.com;44332;5;3;4900.0;890.0;890.0;5
11.05.2021;1480;;2 700;completed;Alexandermoore69@yandex.ru;44327;5;2;;1900.0;800.0;5
26.12.2021;4179;;5 400;completed;Williamlopez12@outlook.com;44499;10;2;3500.0;1900.0;;12
15.05.2021;3760;;6 074;completed;Williammoore1987@yandex.ru;44301;4;3;587.0;4900.0;587.0;5
31.08.2021;1660;;6 325;returned;williamlopez13@gmail.com;44389;7;3;4900.0;1100.0;325.0;8
06.07.2021;3490;;800;completed;Oliverjackson2007@yandex.ru;44383;7;1;;800.0;;7
27.09.2021;2268;;1 750;completed;charlottesmith66@gmail.com;44312;4;3;325.0;325.0;1100.0;9
20.11.2021;4208;;4 390;completed;Liammoore13@outlook.com;44455;9;2;;3500.0;890.0;11
28.04.2021;3175;;4 887;completed;Sophialopez33@outlook.com;44304;4;3;3500.0;800.0;587.0;4
11.05.2021;3148;;6 030;completed;Sophiasmith1993@yahoo.com;44327;5;3;890.0;240.0;4900.0;5
02.01.2022;1487;;6 600;completed;Liamlopez88@mail.ru;44563;13;3;2000.0;1100.0;3500.0;13
02.10.2021;3110;;3 800;completed;Sophiawilliams1987@yandex.ru;44418;8;3;1900.0;1100.0;800.0;10
07.01.2022;1316;;2 577;completed;Isabellabrown1987@outlook.com;44568;13;3;890.0;587.0;1100.0;13
14.12.2021;1619;;10 690;completed;Alexanderanderson1993@mail.ru;44375;6;3;890.0;4900.0;4900.0;12
12.03.2021;1664;;3 825;completed;Alexanderthomas12@mail.ru;44267;3;2;3500.0;325.0;;3
25.06.2021;2044;;4 225;completed;Liamwilliams69@outlook.com;44269;3;3;325.0;1900.0;2000.0;6
30.08.2021;3779;;7 387;completed;Charlottejackson69@yahoo.com;44282;3;3;1900.0;4900.0;587.0;8
06.11.2021;3639;;3 680;completed;Emmalopez0@mail.ru;44294;4;3;890.0;890.0;1900.0;11
31.03.2021;4114;;5 725;returned;Charlottetaylor88@mail.ru;44281;3;3;325.0;1900.0;3500.0;3
24.03.2021;1637;;4 674;completed;Liamtaylor33@mail.ru;44279;3;3;587.0;587.0;3500.0;3
30.03.2021;1494;;5 225;completed;Charlottemartinez69@gmail.com;44285;3;2;4900.0;325.0;;3
16.02.2021;3141;;9 200;completed;Liamanderson0@yandex.ru;44243;2;3;4900.0;3500.0;800.0;2
17.09.2021;1829;;3 215;completed;Emmalopez33@mail.ru;44443;9;3;890.0;2000.0;325.0;9
21.06.2021;2339;;8 800;completed;Avawilliams69@yandex.ru;44305;4;3;1900.0;2000.0;4900.0;6
15.11.2021;3049;;8 400;completed;Alexandersmith66@yahoo.com;44248;2;2;3500.0;;4900.0;11
12.10.2021;3092;;3 030;completed;sophiathomas0@gmail.com;44447;9;3;240.0;1900.0;890.0;10
10.12.2021;3850;;4 225;completed;Alexandertaylor12@mail.ru;44284;3;3;325.0;1900.0;2000.0;12
06.10.2021;2247;;3 090;completed;Charlottewilliams12@mail.ru;44475;10;3;1100.0;890.0;1100.0;10
15.07.2021;3574;;1 340;completed;Isabellabrown66@yandex.ru;44392;7;2;;1100.0;240.0;7
27.01.2022;2425;;3 477;completed;Avathomas66@mail.ru;44411;8;3;2000.0;890.0;587.0;13
11.06.2021;2794;;2 325;completed;williamanderson69@gmail.com;44358;6;2;325.0;2000.0;;6
08.06.2021;4028;;1 665;completed;sophiaanderson1987@gmail.com;44355;6;3;240.0;325.0;1100.0;6
04.12.2021;3316;;6 800;completed;Isabellamartinez1987@gmail.com;44258;3;2;;1900.0;4900.0;12
19.08.2021;2928;;5 465;completed;Oliverwilliams12@outlook.com;44396;7;3;325.0;240.0;4900.0;8
29.09.2021;1470;;2 487;returned;Emmataylor88@yahoo.com;44277;3;2;587.0;;1900.0;9
17.03.2021;2535;;8 700;returned;Alexandermartinez33@yahoo.com;44272;3;3;1900.0;4900.0;1900.0;3
04.07.2021;2372;;2 700;completed;charlottesmith13@gmail.com;44264;3;3;800.0;1100.0;800.0;7
07.02.2022;2722;;3 980;completed;Emmalopez1993@yandex.ru;44599;14;3;3500.0;240.0;240.0;14
13.11.2021;2934;;10 387;completed;Isabellajackson12@outlook.com;44272;3;3;4900.0;587.0;4900.0;11
07.07.2021;3539;;8 725;completed;Sophiathomas1993@mail.ru;44318;5;3;4900.0;325.0;3500.0;7
12.01.2022;3505;;5 487;completed;Isabellamartinez1987@mail.ru;44257;3;2;;4900.0;587.0;13
17.12.2021;1624;;8 400;completed;Isabellamartinez12@mail.ru;44547;12;2;;4900.0;3500.0;12
09.11.2021;3454;;7 040;completed;Alexanderthomas88@outlook.com;44347;5;3;4900.0;240.0;1900.0;11
16.11.2021;4194;;6 680;completed;Charlottethomas12@yahoo.com;44516;11;3;4900.0;890.0;890.0;11
02.07.2021;1427;;2 465;completed;williammartinez88@yahoo.com;44379;7;3;240.0;1900.0;325.0;7
20.11.2021;4190;;6 087;completed;Alexanderjackson66@yahoo.com;44363;6;3;3500.0;2000.0;587.0;11
31.07.2021;2492;;7 240;completed;Avamoore2007@outlook.com;44408;7;3;240.0;3500.0;3500.0;7
25.01.2022;3385;;4 412;completed;Isabellataylor69@outlook.com;44281;3;3;325.0;587.0;3500.0;13
10.09.2021;3557;;8 900;completed;Sophiataylor13@yandex.ru;44449;9;3;3500.0;1900.0;3500.0;9
18.03.2021;3511;;3 130;completed;Williammoore12@yahoo.com;44273;3;3;890.0;240.0;2000.0;3
21.06.2021;2088;;2 020;completed;Liamtaylor2007@yandex.ru;44336;5;3;240.0;890.0;890.0;6
01.01.2022;3999;;5 900;completed;Isabellamartinez33@mail.ru;44336;5;3;2000.0;1900.0;2000.0;13
23.04.2021;1884;;800;completed;oliveranderson12@gmail.com;44309;4;1;800.0;;;4
26.05.2021;2095;;2 225;completed;Sophiaanderson1987@yandex.ru;44342;5;3;1100.0;325.0;800.0;5
03.09.2021;2874;;6 587;completed;Lucasmoore88@yandex.ru;44442;9;3;587.0;4900.0;1100.0;9
15.02.2022;3344;;8 400;returned;Alexanderbrown2007@outlook.com;44445;9;2;;3500.0;4900.0;14
02.11.2021;2441;;4 540;completed;Sophiamoore88@yahoo.com;44502;11;3;800.0;240.0;3500.0;11
18.03.2021;2094;;2 565;completed;Liammartinez33@yahoo.com;44273;3;3;2000.0;240.0;325.0;3
06.08.2021;1406;;1 130;completed;Emmawilliams69@outlook.com;44414;8;2;;240.0;890.0;8
01.12.2021;1562;;4 327;completed;isabellathomas33@gmail.com;44368;6;3;240.0;587.0;3500.0;12
22.04.2021;3635;;6 287;completed;Isabellawilliams33@outlook.com;44308;4;3;4900.0;587.0;800.0;4
31.03.2021;2064;;7 387;returned;Sophiasmith66@yahoo.com;44286;3;3;4900.0;1900.0;587.0;3
05.10.2021;1532;;10 300;completed;Olivermoore2007@mail.ru;44474;10;3;4900.0;3500.0;1900.0;10
19.07.2021;3749;;4 600;completed;Isabellajackson1993@yahoo.com;44396;7;3;800.0;1900.0;1900.0;7
31.03.2021;1773;;7 900;completed;Oliverwilliams13@mail.ru;44286;3;3;1100.0;1900.0;4900.0;3
20.09.2021;2129;;5 727;returned;Liamthomas69@yandex.ru;44352;6;3;4900.0;240.0;587.0;9
11.05.2021;2160;;11 700;completed;Charlottethomas88@gmail.com;44293;4;3;4900.0;1900.0;4900.0;5
04.01.2022;2746;;9 200;completed;liammoore69@gmail.com;44273;3;3;4900.0;800.0;3500.0;13
26.03.2021;4096;;2 487;returned;liammoore13@gmail.com;44281;3;2;587.0;1900.0;;3
19.12.2021;2965;;1 712;completed;Sophiabrown88@yandex.ru;44374;6;3;587.0;800.0;325.0;12
14.12.2021;4011;;4 900;completed;Charlottethomas69@yahoo.com;44257;3;1;;;4900.0;12
25.02.2021;3207;;4 977;completed;williamanderson66@gmail.com;44252;2;3;3500.0;890.0;587.0;2
10.08.2021;3791;;10 600;completed;Liamjackson0@yandex.ru;44330;5;3;800.0;4900.0;4900.0;8
15.12.2021;1413;;5 812;completed;Isabellamartinez1987@yandex.ru;44393;7;3;4900.0;587.0;325.0;12
17.04.2021;3771;;8 725;completed;Olivertaylor33@outlook.com;44303;4;3;325.0;3500.0;4900.0;4
14.11.2021;1426;;3 100;completed;Isabellajackson1987@yahoo.com;44488;10;2;;2000.0;1100.0;11
04.03.2021;1762;;2 000;completed;Emmataylor88@mail.ru;44259;3;1;2000.0;;;3
27.03.2021;3799;;7 400;completed;Williammoore12@mail.ru;44282;3;3;3500.0;2000.0;1900.0;3
11.05.2021;3476;;8 987;completed;Emmamoore2007@yandex.ru;44327;5;3;4900.0;587.0;3500.0;5
06.04.2021;3756;;1 152;completed;Williamanderson33@yandex.ru;44292;4;3;325.0;587.0;240.0;4
30.10.2021;2195;;3 377;completed;sophiamoore0@gmail.com;44316;4;3;1900.0;587.0;890.0;10
22.01.2022;4046;;1 477;completed;Avajackson69@outlook.com;44253;2;2;;890.0;587.0;13
06.04.2021;3962;;2 015;completed;Charlottesmith12@yandex.ru;44292;4;3;800.0;890.0;325.0;4
02.03.2021;4011;;5 280;completed;Charlottethomas69@yahoo.com;44257;3;3;890.0;890.0;3500.0;3
13.06.2021;3422;;7 690;completed;Isabellawilliams0@yahoo.com;44297;4;3;4900.0;1900.0;890.0;6
08.03.2021;1697;;3 025;completed;Avalopez1993@outlook.com;44263;3;3;325.0;1900.0;800.0;3
05.12.2021;1822;;1 455;completed;Charlottemartinez66@outlook.com;44535;12;3;240.0;890.0;325.0;12
21.05.2021;1284;;2 200;completed;williamthomas33@gmail.com;44337;5;2;;1100.0;1100.0;5
08.07.2021;4149;;6 074;completed;Emmataylor0@yandex.ru;44346;5;3;4900.0;587.0;587.0;7
17.10.2021;2624;;11 800;completed;Alexanderanderson0@yahoo.com;44268;3;3;4900.0;4900.0;2000.0;10
27.12.2021;1529;;2 890;returned;emmataylor66@gmail.com;44444;9;2;890.0;2000.0;;12
26.02.2021;2883;;2 577;completed;isabellataylor33@gmail.com;44253;2;3;587.0;890.0;1100.0;2
08.06.2021;1659;;3 240;completed;emmamartinez13@yahoo.com;44355;6;3;1100.0;240.0;1900.0;6
16.02.2022;2881;;1 580;completed;Emmawilliams69@mail.ru;44448;9;3;240.0;240.0;1100.0;14
13.09.2021;3145;;2 325;completed;Liamlopez88@outlook.com;44452;9;2;325.0;;2000.0;9
12.01.2022;2739;;2 367;completed;Avabrown1987@yandex.ru;44573;13;3;587.0;890.0;890.0;13
14.09.2021;2396;;5 100;completed;Emmamartinez33@mail.ru;44403;7;3;2000.0;2000.0;1100.0;9
16.01.2022;2611;;1 340;completed;Avabrown88@yahoo.com;44577;13;2;;1100.0;240.0;13
04.05.2021;2433;;4 977;returned;Sophiasmith1993@mail.ru;44320;5;3;890.0;587.0;3500.0;5
05.11.2021;3702;;3 174;completed;Isabellamartinez88@yahoo.com;44484;10;3;587.0;587.0;2000.0;11
30.07.2021;4056;;2 012;completed;Avajackson1993@gmail.com;44407;7;3;325.0;587.0;1100.0;7
24.06.2021;3175;;3 587;completed;Sophialopez33@outlook.com;44304;4;3;1900.0;1100.0;587.0;6
13.10.2021;4193;;6 115;completed;charlottethomas2007@gmail.com;44482;10;3;4900.0;890.0;325.0;10
16.11.2021;1413;;1 477;completed;Isabellamartinez1987@yandex.ru;44393;7;2;587.0;;890.0;11
05.04.2021;3313;;5 490;completed;Williammartinez88@outlook.com;44291;4;3;890.0;3500.0;1100.0;4
02.11.2021;3854;;6 290;completed;Williamthomas66@mail.ru;44450;9;3;1900.0;3500.0;890.0;11
23.11.2021;3169;;6 000;returned;Alexandermartinez69@mail.ru;44518;11;3;2000.0;2000.0;2000.0;11
03.04.2021;2194;;6 300;completed;Oliverlopez33@mail.ru;44289;4;3;2000.0;800.0;3500.0;4
27.01.2022;4204;;3 115;completed;olivermartinez13@gmail.com;44458;9;3;890.0;1900.0;325.0;13
18.09.2021;3458;;6 300;completed;Alexanderbrown33@yandex.ru;44453;9;3;3500.0;800.0;2000.0;9
07.08.2021;4089;;2 940;completed;Avabrown33@yandex.ru;44415;8;3;1900.0;240.0;800.0;8
21.09.2021;1372;;2 225;completed;Lucaswilliams66@yandex.ru;44379;7;3;1100.0;325.0;800.0;9
24.07.2021;1363;;3 980;completed;Isabellamoore66@yandex.ru;44369;6;3;240.0;3500.0;240.0;7
11.01.2022;1980;;6 587;completed;Avalopez2007@outlook.com;44337;5;3;1100.0;587.0;4900.0;13
10.05.2021;4123;;3 890;completed;Olivermoore33@yahoo.com;44245;2;3;1100.0;1900.0;890.0;5
17.04.2021;1900;;5 490;completed;Williamsmith13@mail.ru;44303;4;3;3500.0;890.0;1100.0;4
03.01.2022;1429;;3 115;completed;Avataylor88@yandex.ru;44564;13;3;1900.0;890.0;325.0;13
08.07.2021;3138;;6 890;returned;Lucasbrown12@mail.ru;44385;7;3;4900.0;890.0;1100.0;7
08.04.2021;2423;;3 090;completed;Liamjackson0@yandex.ru;44294;4;3;1100.0;890.0;1100.0;4
08.01.2022;2791;;9 500;completed;Alexandersmith66@outlook.com;44561;12;3;3500.0;1100.0;4900.0;13
01.05.2021;1246;;3 377;completed;Avasmith2007@outlook.com;44289;4;3;587.0;1900.0;890.0;5
15.10.2021;4159;;7 140;completed;Isabellamartinez88@yandex.ru;44484;10;3;2000.0;240.0;4900.0;10
14.11.2021;1349;;4 540;completed;Charlottebrown1987@outlook.com;44358;6;3;3500.0;240.0;800.0;11
17.02.2021;2999;;5 790;completed;Avajackson13@outlook.com;44244;2;2;4900.0;;890.0;2
12.12.2021;2860;;2 230;completed;avamartinez1987@gmail.com;44280;3;3;1100.0;240.0;890.0;12
24.07.2021;2501;;2 800;completed;Oliverwilliams13@yahoo.com;44281;3;2;;800.0;2000.0;7
23.02.2021;3522;;7 040;completed;Williamthomas2007@outlook.com;44250;2;3;4900.0;1900.0;240.0;2
16.11.2021;1759;;4 715;completed;Emmamartinez66@yandex.ru;44317;5;3;890.0;325.0;3500.0;11
11.10.2021;3733;;4 412;returned;Liammartinez2007@yahoo.com;44480;10;3;3500.0;325.0;587.0;10
29.07.2021;3454;;1 540;completed;Alexanderthomas88@outlook.com;44347;5;3;325.0;325.0;890.0;7
21.05.2021;1980;;5 100;completed;Avalopez2007@outlook.com;44337;5;3;1100.0;2000.0;2000.0;5
06.03.2021;4166;;5 987;completed;Sophiabrown66@gmail.com;44261;3;3;3500.0;587.0;1900.0;3
11.03.2021;2222;;9 200;completed;Avamoore69@yandex.ru;44266;3;3;4900.0;800.0;3500.0;3
29.07.2021;3561;;8 800;completed;Sophiasmith33@mail.ru;44321;5;3;1900.0;4900.0;2000.0;7
07.11.2021;3475;;7 240;completed;Liammartinez1987@yandex.ru;44283;3;3;3500.0;240.0;3500.0;11
20.10.2021;1851;;1 627;completed;Isabellajackson13@mail.ru;44247;2;3;587.0;240.0;800.0;10
19.05.2021;3956;;2 465;completed;Lucasthomas88@yahoo.com;44335;5;3;325.0;1900.0;240.0;5
08.04.2021;3748;;2 580;completed;Sophiathomas1993@outlook.com;44294;4;3;800.0;890.0;890.0;4
28.06.2021;4201;;3 800;completed;Emmamartinez1987@outlook.com;44302;4;3;1900.0;800.0;1100.0;6
23.12.2021;3102;;7 040;completed;Isabellajackson13@mail.ru;44553;12;3;240.0;4900.0;1900.0;12
13.04.2021;2514;;7 790;completed;Avathomas1993@outlook.com;44299;4;3;4900.0;890.0;2000.0;4
01.08.2021;2741;;3 040;completed;Sophiajackson13@mail.ru;44268;3;3;240.0;2000.0;800.0;8
02.05.2021;3248;;7 387;completed;Lucaslopez88@outlook.com;44318;5;3;587.0;4900.0;1900.0;5
11.09.2021;2478;;650;completed;Williambrown69@yahoo.com;44291;4;2;325.0;;325.0;9
06.01.2022;3680;;5 740;completed;Alexanderthomas66@yahoo.com;44480;10;3;2000.0;240.0;3500.0;13
30.07.2021;1967;;6 025;completed;Avamartinez13@yahoo.com;44346;5;3;4900.0;800.0;325.0;7
10.06.2021;3512;;8 987;completed;sophiabrown1987@gmail.com;44309;4;3;4900.0;587.0;3500.0;6
30.08.2021;3178;;2 140;completed;isabellaanderson88@gmail.com;44250;2;2;240.0;1900.0;;8
02.06.2021;3417;;6 900;completed;Charlotteanderson1987@yahoo.com;44349;6;2;4900.0;2000.0;;6
04.07.2021;2521;;5 740;completed;Williamlopez0@yahoo.com;44282;3;3;2000.0;3500.0;240.0;7
13.11.2021;1946;;6 115;completed;Sophiataylor66@outlook.com;44263;3;3;890.0;4900.0;325.0;11
15.09.2021;1849;;10 400;completed;Avajackson2007@yandex.ru;44454;9;3;4900.0;3500.0;2000.0;9
11.03.2021;3784;;912;completed;Oliverbrown2007@yandex.ru;44266;3;2;325.0;;587.0;3
04.12.2021;3099;;1 455;completed;Alexanderanderson1987@outlook.com;44534;12;3;325.0;890.0;240.0;12
28.04.2021;3708;;4 327;completed;Isabellalopez69@mail.ru;44314;4;3;587.0;3500.0;240.0;4
11.10.2021;1337;;3 377;completed;Sophiaanderson69@outlook.com;44480;10;3;1900.0;890.0;587.0;10
10.11.2021;4116;;10 300;completed;Oliveranderson33@outlook.com;44327;5;3;4900.0;3500.0;1900.0;11
11.07.2021;3867;;4 240;completed;Charlottelopez88@yandex.ru;44388;7;3;2000.0;2000.0;240.0;7
28.11.2021;3063;;4 087;completed;avalopez88@gmail.com;44469;9;2;;587.0;3500.0;11
17.01.2022;2065;;4 087;completed;avataylor0@gmail.com;44570;13;2;;3500.0;587.0;13
04.09.2021;3997;;5 000;completed;Charlottethomas0@outlook.com;44278;3;3;1100.0;2000.0;1900.0;9
07.06.2021;3208;;7 040;completed;Avamoore1987@mail.ru;44354;6;3;1900.0;4900.0;240.0;6
02.07.2021;2784;;2 827;completed;emmajackson2007@gmail.com;44379;7;3;587.0;240.0;2000.0;7
30.07.2021;2198;;10 300;returned;Oliverthomas1987@outlook.com;44407;7;3;1900.0;3500.0;4900.0;7
16.07.2021;3887;;3 825;completed;Isabellasmith12@yandex.ru;44272;3;2;3500.0;325.0;;7
08.11.2021;2093;;2 367;completed;Liambrown0@mail.ru;44508;11;3;587.0;890.0;890.0;11
04.04.2021;1277;;4 140;completed;oliverwilliams69@gmail.com;44290;4;3;1900.0;2000.0;240.0;4
16.11.2021;1632;;1 125;completed;Isabellathomas1987@outlook.com;44288;4;2;325.0;800.0;;11
24.09.2021;1629;;1 840;completed;Lucaslopez1987@yahoo.com;44411;8;3;240.0;800.0;800.0;9
28.09.2021;2462;;2 525;completed;Isabellaanderson1987@gmail.com;44383;7;3;1100.0;1100.0;325.0;9
08.11.2021;2711;;2 140;completed;Oliverthomas66@mail.ru;44508;11;2;240.0;;1900.0;11
08.03.2021;2002;;2 525;completed;Alexandertaylor1987@outlook.com;44263;3;3;325.0;1100.0;1100.0;3
29.05.2021;1602;;5 727;completed;Olivermartinez12@yandex.ru;44345;5;3;240.0;4900.0;587.0;5
04.11.2021;3478;;2 225;completed;Alexandertaylor88@outlook.com;44391;7;2;1900.0;;325.0;11
16.01.2022;2136;;5 725;completed;Avamartinez69@yahoo.com;44442;9;3;325.0;3500.0;1900.0;13
05.11.2021;3461;;4 540;completed;oliverwilliams2007@gmail.com;44297;4;3;3500.0;240.0;800.0;11
13.09.2021;2823;;1 370;completed;Oliveranderson1987@yandex.ru;44264;3;3;240.0;240.0;890.0;9
09.09.2021;2873;;0;completed;sophiamartinez69@gmail.com;44448;9;0;;;;9
09.06.2021;2788;;5 812;completed;oliverbrown12@gmail.com;44356;6;3;325.0;4900.0;587.0;6
17.02.2021;3852;;2 727;returned;Olivermoore33@mail.ru;44244;2;3;587.0;1900.0;240.0;2
16.03.2021;2038;;3 590;completed;Emmalopez0@yandex.ru;44271;3;3;800.0;1900.0;890.0;3
01.08.2021;2749;;1 900;returned;Alexanderwilliams0@yandex.ru;44243;2;1;;;1900.0;8
19.04.2021;1683;;3 825;completed;Lucasthomas1987@yahoo.com;44305;4;2;;3500.0;325.0;4
27.11.2021;4119;;7 900;completed;Charlotteanderson2007@outlook.com;44427;8;3;4900.0;1900.0;1100.0;11
21.10.2021;3576;;10 600;completed;Olivermoore12@yandex.ru;44269;3;3;4900.0;800.0;4900.0;10
05.03.2021;3245;;6 800;completed;liamtaylor0@gmail.com;44260;3;2;4900.0;;1900.0;3
22.07.2021;3008;;6 680;returned;avataylor2007@gmail.com;44399;7;3;890.0;890.0;4900.0;7
21.03.2021;3370;;7 225;completed;charlottethomas13@gmail.com;44276;3;3;2000.0;325.0;4900.0;3
09.10.2021;1620;;1 900;completed;Isabellaanderson69@mail.ru;44300;4;1;;;1900.0;10
29.05.2021;3308;;6 025;completed;Isabellamoore1987@yahoo.com;44345;5;3;4900.0;800.0;325.0;5
20.04.2021;3874;;6 287;completed;Oliverwilliams2007@yahoo.com;44306;4;3;587.0;4900.0;800.0;4
07.06.2021;2896;;480;completed;Avataylor69@mail.ru;44354;6;2;;240.0;240.0;6
17.03.2021;3551;;10 125;completed;Isabellathomas1993@mail.ru;44272;3;3;325.0;4900.0;4900.0;3
17.09.2021;1562;;4 977;completed;isabellathomas33@gmail.com;44368;6;3;890.0;3500.0;587.0;9
21.05.2021;2655;;3 687;completed;Williamlopez1987@outlook.com;44337;5;3;1100.0;587.0;2000.0;5
17.09.2021;1742;;4 715;completed;Emmajackson69@outlook.com;44287;4;3;3500.0;325.0;890.0;9
12.01.2022;1992;;7 000;completed;Alexanderwilliams0@mail.ru;44243;2;2;;3500.0;3500.0;13
13.12.2021;3769;;8 987;returned;charlottetaylor12@yahoo.com;44392;7;3;3500.0;4900.0;587.0;12
18.11.2021;1325;;5 400;completed;liamsmith0@gmail.com;44270;3;3;800.0;1100.0;3500.0;11
13.11.2021;3974;;4 790;completed;sophiajackson1987@gmail.com;44333;5;3;1900.0;890.0;2000.0;11
02.11.2021;2443;;10 600;completed;Oliverbrown88@mail.ru;44320;5;3;4900.0;4900.0;800.0;11
21.06.2021;3789;;3 900;returned;Alexanderanderson0@mail.ru;44360;6;3;2000.0;800.0;1100.0;6
24.08.2021;4060;;2 700;completed;Charlottewilliams88@mail.ru;44334;5;2;;1900.0;800.0;8
11.04.2021;1771;;3 000;completed;Emmawilliams2007@yandex.ru;44289;4;3;1100.0;1100.0;800.0;4
02.04.2021;1544;;5 700;completed;Alexanderbrown33@outlook.com;44288;4;2;800.0;;4900.0;4
29.08.2021;4203;;2 490;completed;Williambrown88@outlook.com;44437;8;3;890.0;800.0;800.0;8
10.05.2021;1764;;2 727;completed;Lucasbrown1993@mail.ru;44317;5;3;587.0;240.0;1900.0;5
04.05.2021;3729;;5 740;completed;Sophiataylor66@yahoo.com;44320;5;3;3500.0;2000.0;240.0;5
30.06.2021;1397;;4 412;completed;Emmasmith66@mail.ru;44252;2;3;325.0;3500.0;587.0;6
03.11.2021;2813;;2 200;completed;Liamthomas88@yandex.ru;44503;11;2;1100.0;1100.0;;11
25.12.2021;2232;;2 380;completed;Williambrown12@outlook.com;44516;11;3;1900.0;240.0;240.0;12
26.03.2021;3385;;8 725;completed;Isabellataylor69@outlook.com;44281;3;3;4900.0;325.0;3500.0;3
07.04.2021;2800;;6 074;completed;Sophialopez1993@yandex.ru;44293;4;3;4900.0;587.0;587.0;4
28.12.2021;2164;;1 340;completed;Williamthomas12@yahoo.com;44305;4;2;1100.0;;240.0;12
01.11.2021;3202;;1 990;completed;Sophiasmith0@yandex.ru;44385;7;2;;890.0;1100.0;11
02.01.2022;3984;;3 000;completed;Avamoore66@outlook.com;44563;13;3;1100.0;1100.0;800.0;13
16.03.2021;2757;;4 625;completed;Lucaslopez66@outlook.com;44271;3;3;800.0;325.0;3500.0;3
14.10.2021;3028;;1 130;completed;Sophiajackson66@yandex.ru;44483;10;2;890.0;240.0;;10
23.12.2021;1807;;7 300;completed;Oliverlopez12@outlook.com;44274;3;3;3500.0;1900.0;1900.0;12
16.12.2021;3759;;1 687;completed;Lucasjackson12@gmail.com;44530;11;2;1100.0;587.0;;12
11.09.2021;2276;;2 880;completed;Isabellamoore1987@outlook.com;44302;4;3;890.0;890.0;1100.0;9
30.07.2021;3366;;650;completed;Alexanderanderson66@mail.ru;44407;7;2;325.0;;325.0;7
07.01.2022;1700;;4 900;completed;Avasmith1993@mail.ru;44275;3;3;1900.0;1100.0;1900.0;13
19.01.2022;2730;;1 425;completed;williamjackson33@gmail.com;44480;10;2;325.0;1100.0;;13
17.11.2021;2144;;6 900;completed;Sophiamoore12@mail.ru;44517;11;2;2000.0;;4900.0;11
25.07.2021;1760;;2 940;completed;Williamlopez69@outlook.com;44402;7;3;240.0;800.0;1900.0;7
18.01.2022;1510;;1 580;completed;Charlottemartinez33@yandex.ru;44433;8;3;240.0;240.0;1100.0;13
26.07.2021;1965;;2 577;completed;Charlottejackson1987@yandex.ru;44403;7;3;1100.0;587.0;890.0;7
02.06.2021;2219;;2 480;completed;Sophiamoore0@yandex.ru;44349;6;3;240.0;240.0;2000.0;6
24.02.2021;3616;;10 300;completed;Oliverjackson33@mail.ru;44247;2;3;1900.0;4900.0;3500.0;2
07.10.2021;2278;;6 800;completed;Williammoore12@yahoo.com;44347;5;3;800.0;1100.0;4900.0;10
18.08.2021;1629;;5 500;completed;Lucaslopez1987@yahoo.com;44411;8;2;2000.0;;3500.0;8
13.09.2021;3635;;1 125;completed;Isabellawilliams33@outlook.com;44308;4;2;325.0;;800.0;9
18.07.2021;1542;;2 812;completed;alexanderjackson66@gmail.com;44343;5;3;1900.0;587.0;325.0;7
07.08.2021;4090;;5 800;completed;Charlottelopez13@yahoo.com;44350;6;3;1900.0;1900.0;2000.0;8
15.03.2021;2834;;3 125;completed;Liamwilliams69@yandex.ru;44270;3;3;2000.0;325.0;800.0;3
17.10.2021;3352;;4 925;completed;Isabellathomas88@outlook.com;44486;10;3;3500.0;1100.0;325.0;10
22.01.2022;1357;;1 802;completed;charlottejackson13@gmail.com;44491;10;3;890.0;587.0;325.0;13
14.01.2022;1287;;1 125;completed;Emmalopez1993@outlook.com;44343;5;2;800.0;;325.0;13
25.02.2021;1323;;5 490;completed;Charlottebrown1993@outlook.com;44252;2;3;1100.0;890.0;3500.0;2
16.11.2021;2544;;7 325;completed;Liamlopez2007@yahoo.com;44516;11;3;325.0;3500.0;3500.0;11
14.03.2021;1949;;3 215;completed;Lucasthomas2007@mail.ru;44269;3;3;890.0;2000.0;325.0;3
04.03.2021;2409;;3 590;completed;Oliverlopez2007@yahoo.com;44259;3;3;890.0;800.0;1900.0;3
11.07.2021;3419;;6 390;completed;Lucasanderson1993@mail.ru;44372;6;3;2000.0;890.0;3500.0;7
15.05.2021;1513;;5 725;completed;avathomas2007@gmail.com;44280;3;3;3500.0;325.0;1900.0;5
14.07.2021;1924;;10 387;completed;Emmamoore12@outlook.com;44391;7;3;4900.0;4900.0;587.0;7
18.12.2021;2344;;4 240;completed;oliveranderson2007@gmail.com;44323;5;3;2000.0;240.0;2000.0;12
13.09.2021;1361;;3 425;completed;Liammartinez1993@yandex.ru;44452;9;3;1100.0;2000.0;325.0;9
28.07.2021;4086;;4 200;completed;sophiasmith1987@gmail.com;44405;7;3;2000.0;1100.0;1100.0;7
18.07.2021;1488;;6 377;completed;Oliverthomas13@mail.ru;44256;3;3;890.0;587.0;4900.0;7
01.07.2021;4167;;5 700;completed;Lucasbrown1993@mail.ru;44327;5;2;4900.0;800.0;;7
07.04.2021;3260;;4 630;completed;Isabellamoore2007@mail.ru;44293;4;3;240.0;890.0;3500.0;4
14.02.2022;2831;;1 930;completed;avajackson13@gmail.com;44419;8;3;890.0;240.0;800.0;14
07.03.2021;2367;;5 825;completed;Williamlopez2007@mail.ru;44262;3;3;325.0;2000.0;3500.0;3
13.03.2021;2624;;3 990;completed;Alexanderanderson0@yahoo.com;44268;3;3;1100.0;2000.0;890.0;3
24.06.2021;1268;;1 340;completed;Charlottethomas66@outlook.com;44311;4;2;;1100.0;240.0;6
01.04.2021;2899;;1 125;completed;Isabellaanderson12@mail.ru;44287;4;2;;800.0;325.0;4
21.07.2021;1767;;14 700;completed;Emmabrown88@yandex.ru;44398;7;3;4900.0;4900.0;4900.0;7
09.09.2021;2415;;5 487;completed;avataylor66@gmail.com;44309;4;2;;587.0;4900.0;9
04.12.2021;2344;;8 900;returned;oliveranderson2007@gmail.com;44323;5;3;2000.0;4900.0;2000.0;12
09.06.2021;3812;;8 100;completed;Lucassmith1987@outlook.com;44273;3;3;1100.0;3500.0;3500.0;6
11.04.2021;3461;;2 565;completed;oliverwilliams2007@gmail.com;44297;4;3;325.0;240.0;2000.0;4
17.10.2021;4104;;1 925;returned;sophiawilliams1987@gmail.com;44486;10;3;800.0;800.0;325.0;10
10.08.2021;3071;;3 587;completed;liamwilliams88@gmail.com;44418;8;3;1100.0;1900.0;587.0;8
08.09.2021;2239;;2 940;completed;Avalopez33@outlook.com;44447;9;3;800.0;1900.0;240.0;9
30.04.2021;3922;;7 225;completed;Oliverthomas88@outlook.com;44259;3;3;2000.0;325.0;4900.0;4
16.12.2021;3853;;3 587;returned;Avaanderson1993@mail.ru;44259;3;3;1900.0;1100.0;587.0;12
25.12.2021;2442;;3 687;completed;Oliverthomas33@mail.ru;44555;12;3;1100.0;2000.0;587.0;12
18.05.2021;3487;;3 130;completed;Liamtaylor88@yahoo.com;44334;5;3;240.0;890.0;2000.0;5
31.10.2021;3235;;5 400;completed;Sophiaanderson12@outlook.com;44373;6;3;800.0;1100.0;3500.0;10
12.03.2021;3072;;2 800;completed;Sophiamartinez33@outlook.com;44267;3;2;;800.0;2000.0;3
24.08.2021;1296;;6 030;completed;Sophiamoore1993@outlook.com;44432;8;3;240.0;4900.0;890.0;8
24.05.2021;2302;;6 087;returned;lucassmith69@gmail.com;44340;5;3;587.0;3500.0;2000.0;5
09.02.2022;3030;;2 565;completed;Williamtaylor1993@mail.ru;44553;12;3;2000.0;325.0;240.0;14
03.08.2021;2577;;3 125;completed;Emmabrown69@yahoo.com;44411;8;3;325.0;800.0;2000.0;8
14.03.2021;4230;;2 140;completed;Avasmith88@outlook.com;44269;3;3;800.0;1100.0;240.0;3
09.12.2021;1501;;3 900;completed;Charlottetaylor2007@yahoo.com;44539;12;2;;2000.0;1900.0;12
26.07.2021;2147;;7 500;completed;Emmathomas12@yandex.ru;44273;3;3;2000.0;3500.0;2000.0;7
06.03.2021;1987;;3 130;returned;Oliveranderson0@yahoo.com;44261;3;3;240.0;890.0;2000.0;3
18.08.2021;1262;;2 277;completed;alexanderthomas33@gmail.com;44378;7;3;890.0;587.0;800.0;8
05.04.2021;1983;;6 800;completed;Williamjackson1993@outlook.com;44291;4;2;1900.0;4900.0;;4
21.04.2021;2005;;6 030;completed;Isabellamoore1987@yandex.ru;44249;2;3;4900.0;240.0;890.0;4
11.02.2022;3748;;1 900;completed;Sophiathomas1993@outlook.com;44294;4;1;;;1900.0;14
12.11.2021;2378;;3 115;completed;Isabellaanderson13@outlook.com;44406;7;3;1900.0;890.0;325.0;11
12.05.2021;2781;;3 800;completed;Isabellataylor1987@mail.ru;44328;5;3;1100.0;1900.0;800.0;5
18.03.2021;2746;;1 477;returned;liammoore69@gmail.com;44273;3;2;;587.0;890.0;3
15.10.2021;1498;;1 365;completed;Oliverlopez33@mail.ru;44484;10;3;325.0;800.0;240.0;10
25.07.2021;2190;;4 487;returned;emmasmith12@gmail.com;44402;7;3;1900.0;2000.0;587.0;7
24.07.2021;2050;;11 700;completed;alexandersmith1987@gmail.com;44401;7;3;4900.0;4900.0;1900.0;7
20.03.2021;4187;;2 487;completed;Lucaswilliams66@mail.ru;44275;3;2;587.0;;1900.0;3
29.10.2021;1360;;2 940;completed;avasmith13@gmail.com;44498;10;3;800.0;240.0;1900.0;10
05.02.2022;2509;;3 287;completed;Liamlopez12@mail.ru;44307;4;3;1900.0;587.0;800.0;14
13.09.2021;2164;;4 600;completed;Williamthomas12@yahoo.com;44305;4;3;800.0;1900.0;1900.0;9
11.10.2021;2433;;1 900;returned;Sophiasmith1993@mail.ru;44320;5;2;800.0;;1100.0;10
31.07.2021;3209;;3 240;completed;Alexanderwilliams88@yahoo.com;44357;6;3;1100.0;1900.0;240.0;7
07.08.2021;2424;;2 587;completed;Sophiaanderson69@mail.ru;44415;8;2;2000.0;587.0;;8
18.09.2021;1519;;9 290;returned;Emmaanderson88@mail.ru;44457;9;3;890.0;3500.0;4900.0;9
11.02.2022;1607;;2 700;completed;Emmathomas2007@outlook.com;44375;6;3;800.0;1100.0;800.0;14
26.02.2021;4082;;4 200;completed;Isabellabrown2007@yahoo.com;44253;2;3;1100.0;2000.0;1100.0;2
06.07.2021;3699;;2 380;completed;liambrown12@gmail.com;44249;2;3;240.0;1900.0;240.0;7
04.03.2021;4138;;1 100;completed;Emmaanderson12@outlook.com;44259;3;1;1100.0;;;3
25.09.2021;2678;;3 800;completed;Charlottelopez1987@outlook.com;44462;9;3;1900.0;1100.0;800.0;9
04.10.2021;3508;;4 390;completed;Sophiaanderson12@outlook.com;44270;3;2;;3500.0;890.0;10
19.05.2021;3824;;3 890;completed;isabellajackson0@gmail.com;44335;5;3;1900.0;890.0;1100.0;5
08.06.2021;3723;;650;completed;Olivermartinez69@yahoo.com;44355;6;2;;325.0;325.0;6
11.10.2021;3680;;5 190;completed;Alexanderthomas66@yahoo.com;44480;10;3;800.0;3500.0;890.0;10
14.07.2021;2846;;1 600;completed;Alexandermoore69@outlook.com;44302;4;2;800.0;800.0;;7
04.12.2021;1945;;3 000;completed;isabellataylor69@gmail.com;44285;3;3;1100.0;800.0;1100.0;12
23.01.2022;1558;;2 225;completed;Sophiamoore66@mail.ru;44361;6;3;1100.0;800.0;325.0;13
26.03.2021;1792;;6 325;completed;lucasanderson33@gmail.com;44281;3;3;4900.0;325.0;1100.0;3
07.01.2022;1539;;3 687;completed;Williamjackson1993@outlook.com;44568;13;3;1100.0;587.0;2000.0;13
03.04.2021;2098;;6 290;completed;Liamjackson66@mail.ru;44289;4;3;3500.0;890.0;1900.0;4
10.02.2022;1344;;5 812;completed;Sophiataylor33@outlook.com;44312;4;3;587.0;4900.0;325.0;14
06.10.2021;1777;;1 717;completed;Liambrown1993@mail.ru;44420;8;3;240.0;587.0;890.0;10
11.09.2021;2657;;2 550;returned;avawilliams66@gmail.com;44334;5;3;1900.0;325.0;325.0;9
01.11.2021;1762;;890;completed;Emmataylor88@mail.ru;44259;3;1;;890.0;;11
15.02.2022;3007;;8 725;completed;Sophiajackson69@yahoo.com;44254;2;3;325.0;3500.0;4900.0;14
18.10.2021;2117;;6 030;completed;Williamthomas2007@mail.ru;44324;5;3;4900.0;240.0;890.0;10
17.02.2021;3142;;6 240;completed;Isabellalopez33@yandex.ru;44244;2;3;240.0;1100.0;4900.0;2
11.05.2021;1640;;4 630;completed;Avabrown0@outlook.com;44327;5;3;890.0;3500.0;240.0;5
30.07.2021;3431;;9 500;completed;Emmawilliams1987@outlook.com;44372;6;3;3500.0;1100.0;4900.0;7
06.12.2021;2927;;4 540;completed;avamartinez66@gmail.com;44271;3;3;3500.0;800.0;240.0;12
30.08.2021;1799;;4 887;completed;Olivertaylor69@yahoo.com;44438;8;3;800.0;587.0;3500.0;8
21.11.2021;2828;;1 215;completed;Williamanderson12@yandex.ru;44245;2;2;325.0;;890.0;11
31.10.2021;4145;;6 587;completed;Williammartinez69@yandex.ru;44433;8;3;587.0;1100.0;4900.0;10
12.02.2022;3231;;4 140;completed;Isabellamoore1993@yahoo.com;44373;6;3;2000.0;240.0;1900.0;14
23.08.2021;3318;;480;completed;Alexanderthomas1987@outlook.com;44285;3;2;240.0;;240.0;8
08.10.2021;4149;;3 587;completed;Emmataylor0@yandex.ru;44346;5;3;1900.0;587.0;1100.0;10
06.09.2021;3138;;3 477;returned;Lucasbrown12@mail.ru;44385;7;3;587.0;890.0;2000.0;9
03.01.2022;2621;;9 200;completed;liamanderson1987@gmail.com;44402;7;3;4900.0;3500.0;800.0;13
11.10.2021;3407;;2 565;completed;Liamanderson13@yandex.ru;44480;10;3;240.0;325.0;2000.0;10
07.08.2021;1338;;7 225;completed;Emmaanderson1993@yandex.ru;44415;8;3;2000.0;325.0;4900.0;8
18.11.2021;3227;;7 325;completed;Olivermartinez0@yahoo.com;44518;11;3;3500.0;325.0;3500.0;11
01.12.2021;1530;;3 600;completed;Charlottemartinez0@yandex.ru;44531;12;3;2000.0;800.0;800.0;12
12.03.2021;2575;;2 827;returned;Lucastaylor88@mail.ru;44267;3;3;240.0;587.0;2000.0;3
15.03.2021;2082;;7 790;completed;alexanderanderson66@gmail.com;44270;3;3;890.0;2000.0;4900.0;3
09.03.2021;1730;;3 690;returned;Lucasbrown66@yahoo.com;44264;3;3;890.0;800.0;2000.0;3
03.04.2021;1447;;8 700;completed;liamanderson33@gmail.com;44289;4;3;1900.0;4900.0;1900.0;4
10.07.2021;4085;;10 600;completed;Sophiaanderson88@mail.ru;44291;4;3;800.0;4900.0;4900.0;7
17.12.2021;1507;;6 200;completed;emmasmith1993@gmail.com;44547;12;3;3500.0;800.0;1900.0;12
01.10.2021;2651;;2 140;completed;Lucasanderson69@yandex.ru;44470;10;3;240.0;1100.0;800.0;10
22.12.2021;2299;;10 400;completed;Avabrown88@yahoo.com;44552;12;3;4900.0;2000.0;3500.0;12
30.04.2021;2195;;1 802;completed;sophiamoore0@gmail.com;44316;4;3;890.0;587.0;325.0;4
31.12.2021;2733;;4 600;completed;liammoore1993@gmail.com;44464;9;2;1100.0;3500.0;;12
27.12.2021;4082;;8 400;returned;Isabellabrown2007@yahoo.com;44253;2;2;3500.0;4900.0;;12
25.06.2021;3050;;912;completed;Charlottemoore13@yahoo.com;44247;2;2;587.0;;325.0;6
27.01.2022;4045;;4 487;completed;Charlottemoore69@outlook.com;44588;13;3;1900.0;587.0;2000.0;13
12.10.2021;3360;;2 912;returned;Alexandermartinez66@yandex.ru;44357;6;3;325.0;587.0;2000.0;10
02.05.2021;2171;;1 340;completed;Alexanderwilliams33@yahoo.com;44286;3;2;;240.0;1100.0;5
08.10.2021;3103;;6 800;completed;liamwilliams13@gmail.com;44308;4;3;1100.0;4900.0;800.0;10
23.10.2021;2276;;6 390;completed;Isabellamoore1987@outlook.com;44302;4;3;3500.0;890.0;2000.0;10
29.04.2021;1476;;2 890;completed;Williamsmith88@mail.ru;44315;4;2;2000.0;;890.0;4
19.09.2021;3709;;4 840;completed;Lucasbrown66@yandex.ru;44362;6;3;1100.0;3500.0;240.0;9
21.12.2021;3621;;3 130;completed;Avalopez1987@yahoo.com;44551;12;3;890.0;2000.0;240.0;12
23.09.2021;2935;;3 500;completed;isabellasmith1987@gmail.com;44462;9;3;800.0;800.0;1900.0;9
05.11.2021;2746;;10 900;completed;liammoore69@gmail.com;44273;3;3;4900.0;1100.0;4900.0;11
15.11.2021;2182;;4 000;completed;Emmabrown88@outlook.com;44515;11;2;;2000.0;2000.0;11
22.05.2021;4130;;3 687;completed;Lucastaylor0@yahoo.com;44338;5;3;2000.0;1100.0;587.0;5
21.10.2021;3100;;9 200;completed;Liamtaylor0@yahoo.com;44293;4;3;4900.0;3500.0;800.0;10
22.11.2021;3470;;6 287;completed;Charlottejackson1993@yandex.ru;44522;11;3;4900.0;800.0;587.0;11
16.02.2022;3082;;587;completed;Charlottebrown12@yandex.ru;44318;5;1;;;587.0;14
04.02.2022;1927;;1 900;completed;Avaanderson69@yahoo.com;44285;3;2;;800.0;1100.0;14
21.09.2021;3333;;3 000;completed;charlottejackson0@gmail.com;44441;9;3;800.0;1100.0;1100.0;9
31.03.2021;1248;;2 700;completed;isabellajackson33@gmail.com;44286;3;2;1900.0;800.0;;3
06.09.2021;3192;;5 400;completed;Sophialopez33@mail.ru;44319;5;2;1900.0;3500.0;;9
05.08.2021;2833;;2 890;completed;Charlotteanderson33@mail.ru;44413;8;2;890.0;2000.0;;8
25.06.2021;2161;;4 630;completed;Liamlopez33@yahoo.com;44308;4;3;240.0;890.0;3500.0;6
22.07.2021;1862;;9 500;completed;emmamoore13@gmail.com;44279;3;3;1100.0;3500.0;4900.0;7
14.11.2021;1734;;7 790;completed;Olivermoore66@outlook.com;44254;2;3;4900.0;2000.0;890.0;11
22.08.2021;2590;;4 840;completed;isabellathomas12@gmail.com;44430;8;3;240.0;1100.0;3500.0;8
22.01.2022;2584;;4 925;returned;Lucaslopez1987@yahoo.com;44583;13;3;3500.0;1100.0;325.0;13
01.07.2021;3390;;8 640;completed;williamjackson1987@gmail.com;44343;5;3;3500.0;4900.0;240.0;7
22.06.2021;3377;;6 587;completed;Alexandersmith12@mail.ru;44369;6;3;1100.0;4900.0;587.0;6
01.04.2021;2970;;3 125;completed;Alexandermartinez12@mail.ru;44245;2;3;800.0;2000.0;325.0;4
27.10.2021;3941;;2 880;completed;Lucasmartinez33@mail.ru;44496;10;3;1100.0;890.0;890.0;10
15.08.2021;1300;;1 425;completed;Avathomas1993@yandex.ru;44413;8;2;325.0;;1100.0;8
03.08.2021;2425;;4 140;completed;Avathomas66@mail.ru;44411;8;3;240.0;2000.0;1900.0;8
01.03.2021;4097;;3 240;completed;Alexandertaylor13@yahoo.com;44256;3;3;1100.0;240.0;1900.0;3
03.05.2021;2449;;1 067;completed;oliverwilliams88@gmail.com;44319;5;3;587.0;240.0;240.0;5
30.03.2021;3318;;5 400;completed;Alexanderthomas1987@outlook.com;44285;3;2;;1900.0;3500.0;3
25.03.2021;2860;;8 725;completed;avamartinez1987@gmail.com;44280;3;3;4900.0;325.0;3500.0;3
21.06.2021;2898;;3 425;completed;avabrown33@gmail.com;44368;6;3;325.0;2000.0;1100.0;6
29.09.2021;3220;;10 387;completed;emmataylor88@gmail.com;44468;9;3;4900.0;587.0;4900.0;9
12.10.2021;2268;;6 074;completed;charlottesmith66@gmail.com;44312;4;3;587.0;587.0;4900.0;10
23.05.2021;2376;;6 390;completed;Lucasanderson69@gmail.com;44339;5;3;890.0;3500.0;2000.0;5
15.11.2021;2789;;4 100;completed;Lucassmith1993@mail.ru;44491;10;3;1900.0;1100.0;1100.0;11
27.09.2021;3748;;1 414;completed;Sophiathomas1993@outlook.com;44294;4;3;240.0;587.0;587.0;9
17.09.2021;2877;;4 065;returned;isabellalopez1993@gmail.com;44414;8;3;240.0;325.0;3500.0;9
26.11.2021;3097;;2 140;completed;oliverwilliams13@gmail.com;44504;11;3;800.0;240.0;1100.0;11
06.03.2021;3742;;2 274;returned;Charlotteanderson66@outlook.com;44261;3;3;587.0;587.0;1100.0;3
06.11.2021;2543;;8 987;completed;Sophiamartinez88@mail.ru;44481;10;3;587.0;4900.0;3500.0;11
17.11.2021;3563;;1 455;completed;charlottethomas0@gmail.com;44517;11;3;240.0;890.0;325.0;11
28.02.2021;3338;;5 800;completed;Sophiamoore33@yandex.ru;44255;2;3;2000.0;1900.0;1900.0;2
30.10.2021;2792;;1 690;completed;Isabellamoore88@yahoo.com;44499;10;2;890.0;800.0;;10
29.08.2021;1958;;7 790;completed;Isabellamoore1987@yandex.ru;44437;8;3;890.0;4900.0;2000.0;8
16.03.2021;1747;;5 465;returned;liamanderson88@gmail.com;44271;3;3;325.0;240.0;4900.0;3
10.06.2021;2494;;10 387;completed;Lucasanderson1987@outlook.com;44299;4;3;4900.0;4900.0;587.0;6
27.12.2021;3771;;4 125;completed;Olivertaylor33@outlook.com;44303;4;3;1900.0;325.0;1900.0;12
25.04.2021;2126;;1 930;completed;Oliverlopez1993@yandex.ru;44271;3;3;890.0;800.0;240.0;4
18.01.2022;2945;;5 490;completed;Williamwilliams69@yandex.ru;44324;5;3;3500.0;1100.0;890.0;13
31.03.2021;2993;;6 087;returned;Emmabrown12@yahoo.com;44286;3;3;587.0;2000.0;3500.0;3
17.07.2021;1620;;3 825;completed;Isabellaanderson69@mail.ru;44300;4;2;325.0;;3500.0;7
12.08.2021;3464;;325;completed;Avathomas0@yahoo.com;44267;3;1;;;325.0;8
09.04.2021;3056;;5 640;completed;Charlottetaylor1987@mail.ru;44295;4;3;240.0;1900.0;3500.0;4
29.11.2021;2171;;7 700;completed;Alexanderwilliams33@yahoo.com;44286;3;3;4900.0;2000.0;800.0;11
21.07.2021;3105;;11 800;completed;alexanderbrown1987@gmail.com;44398;7;3;4900.0;2000.0;4900.0;7
28.10.2021;3304;;4 225;completed;Lucasjackson12@outlook.com;44348;6;3;2000.0;1900.0;325.0;10
14.11.2021;3753;;1 280;completed;Avajackson33@mail.ru;44358;6;3;240.0;240.0;800.0;11
24.06.2021;2974;;3 687;completed;Avaanderson12@yahoo.com;44371;6;3;587.0;2000.0;1100.0;6
07.03.2021;2948;;11 900;completed;Lucaslopez13@outlook.com;44262;3;3;4900.0;3500.0;3500.0;3
27.05.2021;1896;;2 105;completed;Sophiawilliams0@mail.ru;44244;2;3;890.0;890.0;325.0;5
17.05.2021;3635;;7 487;completed;Isabellawilliams33@outlook.com;44308;4;3;2000.0;4900.0;587.0;5
04.09.2021;3480;;1 174;completed;Liamanderson1993@yandex.ru;44443;9;2;;587.0;587.0;9
17.10.2021;1602;;1 927;completed;Olivermartinez12@yandex.ru;44345;5;3;1100.0;587.0;240.0;10
14.07.2021;1326;;5 190;completed;Avaanderson1987@mail.ru;44391;7;3;800.0;890.0;3500.0;7
02.08.2021;3037;;3 240;completed;Williamwilliams0@mail.ru;44349;6;3;1100.0;240.0;1900.0;8
18.08.2021;3486;;3 900;completed;Sophiamartinez1987@outlook.com;44426;8;2;;1900.0;2000.0;8
31.12.2021;3760;;7 600;completed;Williammoore1987@yandex.ru;44301;4;3;800.0;1900.0;4900.0;12
26.09.2021;1785;;4 540;returned;Williamjackson33@yahoo.com;44288;4;3;240.0;800.0;3500.0;9
04.03.2021;1840;;2 465;completed;williambrown33@gmail.com;44259;3;3;325.0;1900.0;240.0;3
14.12.2021;3677;;5 400;completed;Olivertaylor2007@yahoo.com;44544;12;3;800.0;3500.0;1100.0;12
08.09.2021;3531;;4 087;returned;Alexanderjackson1993@outlook.com;44243;2;2;;587.0;3500.0;9
03.06.2021;4090;;3 030;completed;Charlottelopez13@yahoo.com;44350;6;3;1900.0;240.0;890.0;6
10.07.2021;3488;;2 240;completed;Emmataylor1987@yandex.ru;44387;7;2;2000.0;240.0;;7
21.08.2021;3317;;2 790;completed;alexanderbrown12@gmail.com;44429;8;2;1900.0;;890.0;8
09.09.2021;2881;;5 400;completed;Emmawilliams69@mail.ru;44448;9;3;800.0;3500.0;1100.0;9
17.09.2021;3449;;4 840;completed;Isabellamartinez1987@yahoo.com;44456;9;3;1100.0;240.0;3500.0;9
02.10.2021;2614;;565;completed;avaanderson1987@gmail.com;44471;10;2;240.0;325.0;;10
04.03.2021;2891;;5 727;completed;Alexandertaylor12@outlook.com;44252;2;3;4900.0;587.0;240.0;3
02.07.2021;1372;;7 300;completed;Lucaswilliams66@yandex.ru;44379;7;3;3500.0;1900.0;1900.0;7
05.08.2021;3114;;1 340;completed;isabellathomas66@gmail.com;44413;8;2;240.0;1100.0;;8
13.04.2021;2216;;325;completed;olivermoore12@gmail.com;44299;4;1;;325.0;;4
29.04.2021;3726;;7 000;completed;Emmalopez2007@yahoo.com;44315;4;2;;3500.0;3500.0;4
15.10.2021;3600;;8 000;completed;Sophiabrown66@yahoo.com;44251;2;3;4900.0;1100.0;2000.0;10
18.11.2021;1831;;2 912;completed;Charlottesmith1987@mail.ru;44283;3;3;2000.0;325.0;587.0;11
29.05.2021;3178;;5 190;completed;isabellaanderson88@gmail.com;44250;2;3;800.0;890.0;3500.0;5
20.12.2021;3263;;325;completed;Alexandermoore66@mail.ru;44480;10;1;;325.0;;12
20.08.2021;1892;;1 365;completed;Sophiajackson88@yandex.ru;44428;8;3;325.0;800.0;240.0;8
07.05.2021;3857;;3 825;completed;Sophiajackson1993@yandex.ru;44323;5;2;;3500.0;325.0;5
06.05.2021;3174;;7 140;completed;Sophiasmith33@mail.ru;44243;2;3;240.0;2000.0;4900.0;5
28.05.2021;3496;;3 900;returned;Oliveranderson0@outlook.com;44344;5;2;2000.0;1900.0;;5
04.05.2021;1871;;7 000;completed;Liamsmith0@outlook.com;44320;5;2;;3500.0;3500.0;5
30.10.2021;1745;;827;completed;Oliverjackson69@outlook.com;44455;9;2;;587.0;240.0;10
04.11.2021;3561;;325;completed;Sophiasmith33@mail.ru;44321;5;1;;325.0;;11
01.10.2021;2896;;2 465;completed;Avataylor69@mail.ru;44354;6;3;240.0;325.0;1900.0;10
03.07.2021;2290;;2 577;completed;Liamtaylor1987@yahoo.com;44282;3;3;890.0;587.0;1100.0;7
21.01.2022;4175;;10 690;completed;Williammartinez66@yandex.ru;44521;11;3;4900.0;4900.0;890.0;13
06.02.2022;1753;;1 340;completed;liamthomas0@gmail.com;44574;13;2;;1100.0;240.0;14
05.12.2021;3139;;1 237;completed;alexanderthomas2007@gmail.com;44293;4;3;325.0;587.0;325.0;12
20.05.2021;3334;;5 740;completed;Liamsmith13@yandex.ru;44336;5;3;2000.0;3500.0;240.0;5
14.06.2021;1693;;4 150;completed;Sophiawilliams2007@yandex.ru;44361;6;3;325.0;325.0;3500.0;6
28.10.2021;2851;;2 812;completed;Sophialopez66@outlook.com;44497;10;3;1900.0;325.0;587.0;10
16.02.2021;3016;;1 750;completed;Emmathomas12@mail.ru;44243;2;3;1100.0;325.0;325.0;2
07.02.2022;2067;;3 890;completed;Liamanderson69@yahoo.com;44599;14;3;890.0;1900.0;1100.0;14
14.03.2021;2508;;3 340;returned;lucasbrown69@gmail.com;44269;3;3;2000.0;1100.0;240.0;3
07.07.2021;1867;;6 590;completed;Lucastaylor33@outlook.com;44364;6;3;800.0;890.0;4900.0;7
27.07.2021;4030;;1 900;returned;Liambrown1993@gmail.com;44391;7;2;800.0;;1100.0;7
26.01.2022;2119;;5 800;returned;alexanderthomas1987@gmail.com;44587;13;3;2000.0;1900.0;1900.0;13
22.05.2021;1253;;1 627;completed;Emmasmith1987@mail.ru;44252;2;3;587.0;240.0;800.0;5
26.09.2021;2859;;1 387;completed;Emmamoore88@gmail.com;44465;9;2;800.0;587.0;;9
22.09.2021;2457;;1 387;completed;lucasmartinez88@gmail.com;44440;9;2;;800.0;587.0;9
23.02.2021;1962;;5 940;completed;Emmamartinez69@yandex.ru;44250;2;3;4900.0;800.0;240.0;2
18.02.2021;4123;;5 380;completed;Olivermoore33@yahoo.com;44245;2;3;4900.0;240.0;240.0;2
04.12.2021;3544;;3 900;completed;Sophiaanderson1993@yandex.ru;44534;12;2;2000.0;;1900.0;12
17.05.2021;3974;;2 240;completed;sophiajackson1987@gmail.com;44333;5;2;240.0;;2000.0;5
26.05.2021;2174;;5 900;completed;Alexandertaylor2007@mail.ru;44330;5;3;1900.0;2000.0;2000.0;5
17.04.2021;3694;;2 187;completed;Charlotteanderson2007@yahoo.com;44303;4;3;587.0;800.0;800.0;4
14.07.2021;2597;;1 130;completed;Sophiajackson69@yandex.ru;44382;7;2;890.0;;240.0;7
22.01.2022;2376;;6 800;completed;Lucasanderson69@gmail.com;44339;5;2;;1900.0;4900.0;13
05.01.2022;2042;;1 780;completed;Emmawilliams69@yandex.ru;44361;6;2;;890.0;890.0;13
04.05.2021;3472;;3 325;completed;Lucaslopez88@mail.ru;44320;5;3;1900.0;325.0;1100.0;5
21.08.2021;1835;;3 690;returned;Sophiajackson69@yandex.ru;44429;8;3;2000.0;800.0;890.0;8
30.10.2021;3476;;10 400;completed;Emmamoore2007@yandex.ru;44327;5;3;3500.0;2000.0;4900.0;10
30.11.2021;3600;;5 190;completed;Sophiabrown66@yahoo.com;44251;2;3;3500.0;890.0;800.0;11
18.11.2021;1283;;4 840;completed;Isabellalopez1987@outlook.com;44518;11;3;1100.0;240.0;3500.0;11
31.12.2021;3751;;6 800;completed;Avathomas2007@mail.ru;44561;12;3;800.0;4900.0;1100.0;12
26.07.2021;2829;;3 030;completed;Olivertaylor1987@mail.ru;44304;4;3;240.0;1900.0;890.0;7
16.10.2021;2829;;3 387;completed;Olivertaylor1987@mail.ru;44304;4;3;2000.0;800.0;587.0;10
21.04.2021;2509;;5 740;completed;Liamlopez12@mail.ru;44307;4;3;2000.0;240.0;3500.0;4
16.05.2021;2582;;827;completed;Lucasanderson13@yandex.ru;44332;5;2;240.0;;587.0;5
17.05.2021;1720;;3 340;returned;Williamthomas12@outlook.com;44333;5;3;2000.0;240.0;1100.0;5
30.10.2021;3205;;2 000;completed;Charlottetaylor2007@mail.ru;44499;10;1;;2000.0;;10
10.12.2021;3503;;2 940;completed;Williammartinez1993@outlook.com;44540;12;3;800.0;1900.0;240.0;12
27.05.2021;3056;;1 687;completed;Charlottetaylor1987@mail.ru;44295;4;2;;1100.0;587.0;5
08.01.2022;3588;;3 740;completed;charlottejackson2007@gmail.com;44569;13;2;;240.0;3500.0;13
14.03.2021;2044;;2 790;completed;Liamwilliams69@outlook.com;44269;3;3;1100.0;890.0;800.0;3
19.04.2021;2522;;8 987;completed;Oliverlopez2007@outlook.com;44305;4;3;587.0;3500.0;4900.0;4
14.09.2021;1321;;10 900;completed;Alexanderanderson12@mail.ru;44453;9;3;4900.0;4900.0;1100.0;9
26.10.2021;4012;;7 500;completed;Charlottewilliams66@outlook.com;44433;8;3;3500.0;2000.0;2000.0;10
09.06.2021;2293;;827;returned;Charlottebrown12@yandex.ru;44356;6;2;240.0;587.0;;6
13.10.2021;4087;;6 115;completed;isabellasmith0@gmail.com;44280;3;3;890.0;325.0;4900.0;10
15.11.2021;2255;;7 900;completed;Sophiajackson88@mail.ru;44515;11;3;1100.0;4900.0;1900.0;11
03.10.2021;1346;;4 140;completed;Avalopez0@yahoo.com;44462;9;3;240.0;2000.0;1900.0;10
27.03.2021;1350;;827;completed;Isabellamartinez69@outlook.com;44282;3;2;587.0;;240.0;3
22.08.2021;3818;;7 700;completed;Alexanderanderson2007@outlook.com;44325;5;3;2000.0;800.0;4900.0;8
09.01.2022;1388;;4 100;completed;lucasjackson88@gmail.com;44284;3;3;1100.0;1100.0;1900.0;13
20.02.2021;3213;;3 130;completed;Sophiamoore2007@yahoo.com;44247;2;3;2000.0;240.0;890.0;2
13.10.2021;3374;;2 105;completed;Avaanderson13@yandex.ru;44482;10;3;890.0;325.0;890.0;10
02.10.2021;2612;;4 840;completed;Alexandersmith66@yandex.ru;44333;5;3;3500.0;1100.0;240.0;10
10.02.2022;4040;;4 200;returned;Emmasmith0@yandex.ru;44285;3;3;2000.0;1100.0;1100.0;14
06.08.2021;3195;;3 340;completed;oliverlopez33@gmail.com;44410;8;3;240.0;1100.0;2000.0;8
15.09.2021;2170;;1 690;completed;Williamlopez33@yahoo.com;44260;3;2;890.0;;800.0;9
27.03.2021;3321;;1 687;completed;Emmalopez2007@yandex.ru;44282;3;2;;1100.0;587.0;3
23.09.2021;4003;;5 187;completed;Alexanderwilliams1987@yandex.ru;44248;2;3;3500.0;587.0;1100.0;9
21.09.2021;3418;;4 225;completed;Williamsmith13@mail.ru;44376;6;3;1900.0;325.0;2000.0;9
29.11.2021;2311;;4 327;completed;Lucasthomas69@yandex.ru;44450;9;3;587.0;3500.0;240.0;11
02.11.2021;2075;;1 930;completed;Charlottemoore0@yandex.ru;44502;11;3;800.0;890.0;240.0;11
19.04.2021;2164;;4 325;completed;Williamthomas12@yahoo.com;44305;4;3;325.0;2000.0;2000.0;4
15.05.2021;2001;;3 074;completed;Charlotteanderson1987@yahoo.com;44273;3;3;587.0;587.0;1900.0;5
24.01.2022;3462;;3 600;completed;Avataylor2007@yahoo.com;44388;7;3;2000.0;800.0;800.0;13
29.06.2021;1932;;7 790;completed;charlottejackson33@gmail.com;44376;6;3;2000.0;4900.0;890.0;6
06.08.2021;2877;;1 687;completed;isabellalopez1993@gmail.com;44414;8;2;;587.0;1100.0;8
31.12.2021;1887;;6 287;completed;Olivermoore0@outlook.com;44244;2;3;4900.0;800.0;587.0;12
23.03.2021;4122;;10 690;completed;Lucaswilliams33@mail.ru;44278;3;3;4900.0;4900.0;890.0;3
18.06.2021;3660;;1 900;completed;Charlotteanderson0@outlook.com;44365;6;1;1900.0;;;6
05.04.2021;1627;;2 315;completed;Williamanderson1993@yandex.ru;44263;3;3;325.0;890.0;1100.0;4
27.04.2021;4084;;3 287;completed;alexandermoore88@gmail.com;44313;4;3;800.0;587.0;1900.0;4
27.03.2021;3036;;5 100;completed;Oliverbrown0@yahoo.com;44282;3;3;800.0;3500.0;800.0;3
30.11.2021;4193;;2 587;completed;charlottethomas2007@gmail.com;44482;10;2;2000.0;;587.0;11
06.08.2021;1651;;6 800;completed;Emmabrown69@yandex.ru;44300;4;3;1100.0;800.0;4900.0;8
29.12.2021;1996;;1 717;completed;Emmalopez69@yandex.ru;44347;5;3;890.0;240.0;587.0;12
24.09.2021;1405;;2 577;returned;Alexanderlopez1987@outlook.com;44463;9;3;1100.0;890.0;587.0;9
02.01.2022;2638;;4 000;completed;Sophiabrown69@mail.ru;44303;4;2;;2000.0;2000.0;13
07.04.2021;3612;;4 587;completed;Avabrown69@yandex.ru;44293;4;3;2000.0;587.0;2000.0;4
30.11.2021;2318;;5 187;completed;Avalopez2007@yahoo.com;44270;3;3;587.0;1100.0;3500.0;11
21.04.2021;1788;;4 540;completed;emmawilliams69@gmail.com;44307;4;3;800.0;3500.0;240.0;4
01.12.2021;2598;;6 680;completed;Sophiabrown88@yahoo.com;44374;6;3;890.0;890.0;4900.0;12
31.07.2021;4183;;890;completed;Lucaswilliams12@yandex.ru;44286;3;1;890.0;;;7
02.05.2021;1717;;2 812;completed;sophiabrown69@gmail.com;44318;5;3;587.0;325.0;1900.0;5
18.03.2021;2147;;8 000;completed;Emmathomas12@yandex.ru;44273;3;3;4900.0;1100.0;2000.0;3
23.08.2021;2115;;9 500;completed;Sophiawilliams33@gmail.com;44295;4;3;4900.0;3500.0;1100.0;8
24.01.2022;1581;;1 665;completed;Sophiabrown66@yahoo.com;44394;7;3;240.0;325.0;1100.0;13
15.10.2021;1561;;6 030;completed;Alexanderbrown33@outlook.com;44484;10;3;890.0;240.0;4900.0;10
24.03.2021;1934;;5 700;completed;Emmalopez33@mail.ru;44279;3;2;800.0;;4900.0;3
23.09.2021;2632;;8 900;completed;Liammartinez0@yahoo.com;44462;9;3;3500.0;1900.0;3500.0;9
06.08.2021;3495;;7 487;completed;Olivertaylor66@yandex.ru;44303;4;3;4900.0;2000.0;587.0;8
22.08.2021;1892;;9 800;completed;Sophiajackson88@yandex.ru;44428;8;2;4900.0;;4900.0;8
11.08.2021;2360;;9 200;completed;Emmataylor1993@outlook.com;44419;8;3;4900.0;800.0;3500.0;8
23.07.2021;2059;;2 580;completed;Charlottejackson33@yahoo.com;44400;7;3;890.0;800.0;890.0;7
17.12.2021;2716;;5 465;returned;Williambrown1993@yandex.ru;44305;4;3;4900.0;240.0;325.0;12
04.11.2021;3023;;8 900;completed;Sophialopez13@mail.ru;44309;4;3;1900.0;3500.0;3500.0;11
10.01.2022;3122;;10 400;completed;emmataylor13@gmail.com;44312;4;3;3500.0;4900.0;2000.0;13
24.05.2021;1344;;9 290;completed;Sophiataylor33@outlook.com;44312;4;3;3500.0;4900.0;890.0;5
17.10.2021;1927;;2 790;completed;Avaanderson69@yahoo.com;44285;3;2;;890.0;1900.0;10
20.05.2021;1308;;1 687;completed;Emmalopez88@outlook.com;44336;5;2;;1100.0;587.0;5
23.02.2021;3809;;7 700;completed;charlottemoore33@gmail.com;44250;2;3;4900.0;2000.0;800.0;2
03.08.2021;2814;;1 387;completed;Oliverwilliams0@yandex.ru;44289;4;2;587.0;;800.0;8
05.02.2022;2595;;1 100;returned;Williamanderson66@outlook.com;44320;5;1;1100.0;;;14
28.09.2021;1986;;2 240;completed;Charlottejackson2007@yahoo.com;44342;5;2;240.0;2000.0;;9
18.01.2022;4007;;3 240;completed;Williamjackson1987@yandex.ru;44572;13;3;240.0;1900.0;1100.0;13
30.03.2021;4040;;7 487;completed;Emmasmith0@yandex.ru;44285;3;3;2000.0;4900.0;587.0;3
16.02.2021;2772;;5 812;completed;Oliverthomas88@yahoo.com;44243;2;3;4900.0;325.0;587.0;2
25.08.2021;3342;;480;completed;Oliversmith12@mail.ru;44393;7;2;240.0;;240.0;8
02.01.2022;3781;;4 700;returned;williammartinez1987@gmail.com;44502;11;3;800.0;2000.0;1900.0;13
13.11.2021;3053;;10 400;completed;Oliverthomas13@yandex.ru;44320;5;3;4900.0;3500.0;2000.0;11
24.03.2021;3801;;5 987;completed;Charlottejackson66@yahoo.com;44279;3;3;3500.0;587.0;1900.0;3
26.04.2021;2999;;6 587;completed;Avajackson13@outlook.com;44244;2;3;587.0;4900.0;1100.0;4
14.04.2021;2662;;9 500;completed;oliverwilliams0@gmail.com;44260;3;3;3500.0;1100.0;4900.0;4
07.05.2021;2410;;2 315;completed;Oliveranderson13@yandex.ru;44323;5;3;1100.0;325.0;890.0;5
18.05.2021;1445;;6 300;completed;isabellawilliams33@gmail.com;44327;5;3;800.0;3500.0;2000.0;5
17.05.2021;2671;;4 840;completed;charlottejackson69@gmail.com;44333;5;3;3500.0;1100.0;240.0;5
12.07.2021;1660;;7 587;completed;williamlopez13@gmail.com;44389;7;3;587.0;3500.0;3500.0;7
30.01.2022;2857;;6 680;returned;Charlottebrown33@yandex.ru;44276;3;3;4900.0;890.0;890.0;13
12.08.2021;1857;;1 477;completed;Liambrown0@yandex.ru;44292;4;2;;587.0;890.0;8
19.08.2021;3434;;1 125;completed;Emmabrown66@yandex.ru;44305;4;2;325.0;;800.0;8
31.10.2021;1922;;1 974;completed;Williamthomas13@yandex.ru;44351;6;3;800.0;587.0;587.0;10
21.10.2021;3189;;6 390;completed;Lucaswilliams33@gmail.com;44259;3;3;890.0;3500.0;2000.0;10
16.02.2021;1992;;2 800;completed;Alexanderwilliams0@mail.ru;44243;2;2;800.0;2000.0;;2
26.12.2021;2336;;7 487;completed;Lucaslopez1987@yandex.ru;44556;12;3;4900.0;2000.0;587.0;12
26.04.2021;1755;;2 790;returned;Isabellabrown66@yahoo.com;44312;4;3;1100.0;890.0;800.0;4
20.04.2021;2391;;6 087;completed;Lucaswilliams88@yahoo.com;44306;4;3;2000.0;587.0;3500.0;4
17.11.2021;3681;;3 500;completed;Lucasjackson1993@yandex.ru;44517;11;1;;;3500.0;11
13.09.2021;2042;;6 300;completed;Emmawilliams69@yandex.ru;44361;6;3;800.0;2000.0;3500.0;9
17.12.2021;2513;;11 700;completed;Williamthomas12@mail.ru;44547;12;3;4900.0;4900.0;1900.0;12
06.12.2021;2131;;5 140;completed;Olivertaylor69@yandex.ru;44388;7;2;240.0;;4900.0;12
07.10.2021;1450;;2 465;completed;Williamanderson33@yahoo.com;44476;10;3;325.0;1900.0;240.0;10
11.07.2021;4149;;9 290;completed;Emmataylor0@yandex.ru;44346;5;3;890.0;4900.0;3500.0;7
11.09.2021;1630;;5 140;completed;Isabellasmith1987@yandex.ru;44450;9;2;4900.0;;240.0;9
06.08.2021;2352;;6 300;returned;Williamlopez33@outlook.com;44414;8;3;800.0;2000.0;3500.0;8
07.12.2021;3443;;5 640;completed;Alexanderbrown12@mail.ru;44405;7;3;240.0;3500.0;1900.0;12
21.02.2021;2907;;2 812;completed;Alexandertaylor13@yandex.ru;44248;2;3;1900.0;587.0;325.0;2
05.06.2021;3576;;5 940;completed;Olivermoore12@yandex.ru;44269;3;3;240.0;4900.0;800.0;6
22.08.2021;2923;;2 490;completed;Avasmith69@yandex.ru;44265;3;3;800.0;800.0;890.0;8
31.08.2021;2391;;1 340;completed;Lucaswilliams88@yahoo.com;44306;4;2;1100.0;240.0;;8
09.09.2021;3204;;7 890;completed;Oliverwilliams33@outlook.com;44448;9;3;3500.0;3500.0;890.0;9
01.05.2021;3918;;1 425;completed;Emmamartinez0@outlook.com;44245;2;2;1100.0;325.0;;5
01.11.2021;4150;;6 030;completed;Sophiamoore1987@yahoo.com;44416;8;3;890.0;4900.0;240.0;11
14.04.2021;3535;;7 300;completed;Sophiaanderson0@mail.ru;44246;2;3;1900.0;1900.0;3500.0;4
29.03.2021;3906;;14 700;completed;Avajackson88@yandex.ru;44284;3;3;4900.0;4900.0;4900.0;3
15.12.2021;3947;;9 800;completed;Isabellasmith12@mail.ru;44545;12;2;4900.0;;4900.0;12
11.08.2021;1317;;4 715;returned;Olivertaylor69@outlook.com;44419;8;3;325.0;3500.0;890.0;8
17.01.2022;3655;;1 930;completed;Isabellathomas1993@mail.ru;44275;3;3;800.0;890.0;240.0;13
15.05.2021;3029;;6 680;returned;Oliverbrown12@yahoo.com;44331;5;3;890.0;4900.0;890.0;5
06.02.2022;3333;;13 300;returned;charlottejackson0@gmail.com;44441;9;3;4900.0;4900.0;3500.0;14
28.05.2021;2525;;2 550;completed;alexandermartinez2007@gmail.com;44327;5;3;325.0;325.0;1900.0;5
21.05.2021;4032;;4 700;completed;Isabellataylor1987@mail.ru;44337;5;3;2000.0;1900.0;800.0;5
11.03.2021;1595;;3 590;completed;alexanderanderson0@gmail.com;44266;3;3;890.0;1900.0;800.0;3
02.01.2022;1286;;3 690;completed;williamwilliams1987@gmail.com;44288;4;3;2000.0;890.0;800.0;13
14.01.2022;2585;;1 925;completed;Liammoore1987@yahoo.com;44472;10;3;325.0;800.0;800.0;13
26.03.2021;4091;;7 387;completed;Williambrown2007@mail.ru;44281;3;3;1900.0;587.0;4900.0;3
01.08.2021;2607;;1 174;completed;Avamartinez12@mail.ru;44409;8;2;587.0;587.0;;8
29.05.2021;3387;;1 067;completed;Lucaswilliams88@mail.ru;44345;5;3;587.0;240.0;240.0;5
12.10.2021;3045;;1 687;completed;Charlotteanderson1993@mail.ru;44280;3;2;1100.0;587.0;;10
20.10.2021;1840;;2 440;completed;williambrown33@gmail.com;44259;3;3;1100.0;240.0;1100.0;10
08.07.2021;3138;;2 812;completed;Lucasbrown12@mail.ru;44385;7;3;1900.0;587.0;325.0;7
19.04.2021;1926;;4 540;completed;Sophiasmith2007@yandex.ru;44279;3;3;240.0;3500.0;800.0;4
12.01.2022;3108;;8 987;completed;isabellawilliams2007@gmail.com;44573;13;3;4900.0;587.0;3500.0;13
18.04.2021;3839;;7 587;completed;Oliverbrown1987@outlook.com;44304;4;3;3500.0;587.0;3500.0;4
13.12.2021;3307;;1 152;completed;alexandermartinez1993@gmail.com;44309;4;3;325.0;240.0;587.0;12
26.07.2021;4014;;2 812;completed;Emmalopez0@outlook.com;44403;7;3;325.0;1900.0;587.0;7
02.02.2022;1677;;3 074;returned;Sophiasmith13@mail.ru;44456;9;3;1900.0;587.0;587.0;14
04.05.2021;2443;;2 812;completed;Oliverbrown88@mail.ru;44320;5;3;325.0;587.0;1900.0;5
02.12.2021;3666;;2 465;completed;Emmabrown88@mail.ru;44532;12;3;1900.0;325.0;240.0;12
28.09.2021;4024;;4 150;completed;Emmalopez66@yandex.ru;44467;9;3;325.0;325.0;3500.0;9
07.01.2022;2673;;5 400;completed;lucasbrown69@gmail.com;44568;13;3;3500.0;800.0;1100.0;13
03.04.2021;3448;;10 690;completed;emmamoore2007@gmail.com;44289;4;3;4900.0;890.0;4900.0;4
20.01.2022;3462;;2 200;completed;Avataylor2007@yahoo.com;44388;7;2;;1100.0;1100.0;13
14.12.2021;4097;;2 480;completed;Alexandertaylor13@yahoo.com;44256;3;3;2000.0;240.0;240.0;12
15.03.2021;2392;;1 125;completed;Emmalopez13@yahoo.com;44270;3;2;800.0;;325.0;3
01.07.2021;2893;;1 040;returned;Lucaswilliams1993@outlook.com;44378;7;2;800.0;;240.0;7
27.01.2022;2213;;7 900;completed;Liammoore2007@yahoo.com;44588;13;3;1900.0;1100.0;4900.0;13
10.08.2021;1394;;7 240;completed;Sophiaanderson1987@outlook.com;44418;8;3;3500.0;3500.0;240.0;8
27.08.2021;3810;;2 480;completed;Oliverthomas2007@yahoo.com;44432;8;3;2000.0;240.0;240.0;8
16.05.2021;1866;;4 100;returned;Alexandertaylor69@yahoo.com;44332;5;3;1900.0;1100.0;1100.0;5
06.05.2021;3130;;11 800;completed;isabellathomas66@gmail.com;44322;5;3;4900.0;2000.0;4900.0;5
18.01.2022;3636;;3 030;completed;Liamwilliams69@yahoo.com;44579;13;3;890.0;240.0;1900.0;13
14.12.2021;2501;;5 825;completed;Oliverwilliams13@yahoo.com;44281;3;3;2000.0;325.0;3500.0;12
09.10.2021;1505;;5 640;completed;williamanderson0@gmail.com;44391;7;3;240.0;3500.0;1900.0;10
11.02.2022;4109;;5 800;completed;Williamanderson12@yandex.ru;44411;8;3;1900.0;1900.0;2000.0;14
16.03.2021;2127;;480;completed;Liamsmith1987@yandex.ru;44271;3;2;240.0;;240.0;3
04.02.2022;3230;;13 300;completed;Charlottebrown0@outlook.com;44596;14;3;3500.0;4900.0;4900.0;14
27.03.2021;4114;;2 912;returned;Charlottetaylor88@mail.ru;44281;3;3;325.0;2000.0;587.0;3
17.06.2021;3275;;1 687;completed;Oliverjackson12@outlook.com;44364;6;2;1100.0;;587.0;6
05.08.2021;3012;;4 390;returned;Lucaswilliams0@yandex.ru;44413;8;2;3500.0;890.0;;8
25.06.2021;2157;;4 087;returned;Alexandermoore0@yahoo.com;44372;6;2;;587.0;3500.0;6
23.09.2021;3389;;2 225;completed;Alexandersmith88@outlook.com;44355;6;2;1900.0;325.0;;9
19.10.2021;3459;;8 100;completed;sophiamoore33@gmail.com;44488;10;3;3500.0;3500.0;1100.0;10
05.06.2021;2818;;7 790;completed;Liammartinez13@outlook.com;44323;5;3;890.0;4900.0;2000.0;6
16.09.2021;2208;;6 300;completed;Liamanderson1993@yandex.ru;44301;4;3;800.0;3500.0;2000.0;9
03.08.2021;2154;;13 300;completed;Charlottetaylor88@mail.ru;44411;8;3;4900.0;4900.0;3500.0;8
24.01.2022;2403;;2 187;completed;avawilliams66@gmail.com;44585;13;3;800.0;800.0;587.0;13
29.05.2021;3606;;3 600;completed;Alexanderanderson0@mail.ru;44345;5;3;2000.0;800.0;800.0;5
15.11.2021;2250;;3 325;completed;avamoore66@gmail.com;44461;9;3;1900.0;1100.0;325.0;11
02.12.2021;3744;;8 400;completed;Lucasmartinez1987@yahoo.com;44532;12;2;3500.0;;4900.0;12
26.08.2021;3118;;4 300;completed;Isabellataylor69@mail.ru;44434;8;2;3500.0;800.0;;8
18.10.2021;4056;;4 087;completed;Avajackson1993@gmail.com;44407;7;2;3500.0;587.0;;10
06.07.2021;3463;;8 900;completed;Isabellasmith88@yandex.ru;44383;7;3;3500.0;1900.0;3500.0;7
25.02.2021;1288;;6 030;completed;Charlotteanderson0@yahoo.com;44252;2;3;240.0;4900.0;890.0;2
16.08.2021;3395;;1 927;completed;Isabellawilliams33@yandex.ru;44424;8;3;240.0;587.0;1100.0;8
03.09.2021;2732;;2 230;completed;Liamwilliams2007@yandex.ru;44420;8;3;240.0;890.0;1100.0;9
15.07.2021;3615;;6 587;completed;alexanderanderson33@gmail.com;44392;7;3;1100.0;587.0;4900.0;7
25.12.2021;3596;;2 225;completed;Oliverthomas33@mail.ru;44449;9;3;800.0;1100.0;325.0;12
09.07.2021;1270;;1 340;completed;Charlottesmith33@mail.ru;44291;4;2;;240.0;1100.0;7
23.12.2021;3496;;3 477;completed;Oliveranderson0@outlook.com;44344;5;3;2000.0;587.0;890.0;12
27.11.2021;1871;;3 377;completed;Liamsmith0@outlook.com;44320;5;3;587.0;1900.0;890.0;11
24.11.2021;3086;;2 812;completed;Alexanderanderson2007@yahoo.com;44479;10;3;325.0;1900.0;587.0;11
30.09.2021;2061;;4 087;completed;lucaslopez0@gmail.com;44293;4;2;587.0;3500.0;;9
10.09.2021;3628;;2 140;completed;Emmajackson88@outlook.com;44449;9;3;800.0;240.0;1100.0;9
11.01.2022;3269;;6 500;completed;oliverlopez88@gmail.com;44425;8;3;3500.0;1900.0;1100.0;13
05.07.2021;2387;;2 230;completed;Oliverjackson2007@yahoo.com;44382;7;3;240.0;1100.0;890.0;7
19.05.2021;3520;;5 940;returned;olivertaylor12@gmail.com;44335;5;3;240.0;4900.0;800.0;5
14.11.2021;2633;;3 740;completed;Williambrown88@mail.ru;44355;6;2;3500.0;240.0;;11
20.07.2021;4095;;7 140;completed;Avabrown13@outlook.com;44397;7;3;2000.0;240.0;4900.0;7
04.07.2021;3668;;2 727;completed;Charlottejackson1993@yahoo.com;44381;7;3;240.0;587.0;1900.0;7
28.11.2021;1681;;6 377;completed;Emmataylor13@mail.ru;44265;3;3;890.0;587.0;4900.0;11
10.06.2021;1979;;2 140;completed;Emmathomas12@yandex.ru;44357;6;2;1900.0;240.0;;6
22.03.2021;2123;;565;completed;Lucasjackson1993@yahoo.com;44246;2;2;240.0;;325.0;3
03.08.2021;2582;;5 187;returned;Lucasanderson13@yandex.ru;44332;5;3;587.0;1100.0;3500.0;8
26.04.2021;3122;;2 700;completed;emmataylor13@gmail.com;44312;4;2;;1900.0;800.0;4
25.09.2021;4132;;7 400;completed;Sophiabrown13@yahoo.com;44464;9;3;3500.0;1900.0;2000.0;9
05.06.2021;1923;;3 500;completed;Emmathomas69@mail.ru;44352;6;1;;3500.0;;6
20.12.2021;3875;;4 925;completed;Alexanderanderson33@mail.ru;44274;3;3;1100.0;3500.0;325.0;12
09.10.2021;2518;;2 020;completed;Emmamartinez1993@outlook.com;44364;6;3;240.0;890.0;890.0;10
27.05.2021;4202;;6 000;completed;Charlottejackson33@yandex.ru;44276;3;2;1100.0;4900.0;;5
27.01.2022;3370;;4 690;completed;charlottethomas13@gmail.com;44276;3;3;1900.0;890.0;1900.0;13
10.01.2022;2212;;3 215;completed;Liambrown88@mail.ru;44285;3;3;890.0;325.0;2000.0;13
29.12.2021;1740;;6 500;completed;Emmawilliams13@outlook.com;44559;12;3;1100.0;3500.0;1900.0;12
16.12.2021;1314;;4 125;returned;williamthomas33@gmail.com;44454;9;3;1900.0;325.0;1900.0;12
18.05.2021;1940;;4 125;completed;Williamthomas33@yandex.ru;44334;5;3;1900.0;1900.0;325.0;5
27.07.2021;1604;;5 400;completed;Avataylor2007@yahoo.com;44393;7;3;3500.0;1100.0;800.0;7
01.06.2021;3101;;6 300;completed;Lucasthomas12@yandex.ru;44348;6;3;800.0;3500.0;2000.0;6
10.07.2021;1475;;1 990;completed;charlottebrown33@gmail.com;44251;2;2;1100.0;890.0;;7
14.05.2021;2488;;9 200;completed;Avabrown13@yahoo.com;44330;5;3;800.0;3500.0;4900.0;5
14.09.2021;3033;;1 927;completed;Emmamoore12@yahoo.com;44309;4;3;1100.0;240.0;587.0;9
25.01.2022;2871;;6 587;completed;Emmasmith2007@yandex.ru;44255;2;3;4900.0;587.0;1100.0;13
06.06.2021;4167;;1 840;completed;Lucasbrown1993@mail.ru;44327;5;3;800.0;800.0;240.0;6
30.09.2021;1801;;4 887;completed;Williamthomas12@yahoo.com;44301;4;3;800.0;3500.0;587.0;9
21.09.2021;3384;;6 800;completed;avalopez2007@gmail.com;44287;4;3;1100.0;800.0;4900.0;9
26.02.2021;2768;;6 025;completed;Liamlopez1987@mail.ru;44253;2;3;800.0;4900.0;325.0;2
11.04.2021;1251;;8 800;completed;charlottemoore12@gmail.com;44297;4;3;1900.0;2000.0;4900.0;4
07.03.2021;3575;;7 690;completed;Liammartinez12@yahoo.com;44262;3;3;1900.0;4900.0;890.0;3
25.07.2021;2699;;6 900;returned;Alexanderjackson69@yandex.ru;44402;7;2;2000.0;;4900.0;7
09.05.2021;3818;;5 700;completed;Alexanderanderson2007@outlook.com;44325;5;2;4900.0;;800.0;5
20.08.2021;2962;;2 140;completed;Avataylor1987@yandex.ru;44428;8;3;240.0;800.0;1100.0;8
24.11.2021;2222;;5 790;completed;Avamoore69@yandex.ru;44266;3;2;;890.0;4900.0;11
06.05.2021;2950;;6 377;returned;Isabellalopez2007@yandex.ru;44322;5;3;890.0;587.0;4900.0;5
08.10.2021;1730;;2 465;completed;Lucasbrown66@yahoo.com;44264;3;3;325.0;240.0;1900.0;10
25.02.2021;2708;;7 387;returned;Oliverjackson33@outlook.com;44252;2;3;587.0;1900.0;4900.0;2
23.12.2021;1445;;6 200;returned;isabellawilliams33@gmail.com;44327;5;3;3500.0;1900.0;800.0;12
23.02.2021;3136;;3 215;completed;Lucastaylor0@outlook.com;44250;2;3;890.0;325.0;2000.0;2
11.09.2021;3854;;4 225;completed;Williamthomas66@mail.ru;44450;9;3;1900.0;2000.0;325.0;9
30.11.2021;2370;;4 977;completed;Williamwilliams2007@yandex.ru;44258;3;3;890.0;587.0;3500.0;11
04.09.2021;3496;;1 040;completed;Oliveranderson0@outlook.com;44344;5;2;800.0;;240.0;9
27.10.2021;1386;;3 500;completed;Williamtaylor69@outlook.com;44263;3;3;800.0;800.0;1900.0;10
03.05.2021;1676;;325;completed;isabellasmith1987@gmail.com;44319;5;1;;325.0;;5
02.02.2022;1401;;3 215;returned;Sophiaanderson13@yahoo.com;44564;13;3;890.0;2000.0;325.0;14
13.07.2021;1706;;7 125;completed;Emmataylor0@yandex.ru;44390;7;3;1900.0;325.0;4900.0;7
30.09.2021;2020;;3 100;completed;Alexanderjackson1987@mail.ru;44469;9;2;;2000.0;1100.0;9
26.10.2021;1959;;1 930;completed;Emmajackson1987@yahoo.com;44273;3;3;800.0;240.0;890.0;10
07.07.2021;1634;;4 225;completed;Lucasjackson1993@yandex.ru;44384;7;3;325.0;1900.0;2000.0;7
28.02.2021;2106;;3 425;completed;Isabellawilliams12@mail.ru;44255;2;3;1100.0;2000.0;325.0;2
07.09.2021;3113;;6 500;completed;Oliverthomas88@yahoo.com;44446;9;3;1900.0;1100.0;3500.0;9
29.12.2021;1681;;3 040;completed;Emmataylor13@mail.ru;44265;3;3;800.0;2000.0;240.0;12
22.08.2021;4075;;7 487;completed;Avamoore0@outlook.com;44306;4;3;2000.0;4900.0;587.0;8
13.02.2022;1743;;3 825;returned;alexanderjackson1993@yahoo.com;44605;14;2;325.0;;3500.0;14
11.07.2021;4040;;4 600;completed;Emmasmith0@yandex.ru;44285;3;3;1900.0;800.0;1900.0;7
04.09.2021;3273;;11 900;returned;Williamjackson69@yandex.ru;44443;9;3;3500.0;4900.0;3500.0;9
23.05.2021;4201;;3 740;completed;Emmamartinez1987@outlook.com;44302;4;2;240.0;;3500.0;5
29.03.2021;3770;;3 340;completed;Isabellamartinez88@outlook.com;44284;3;3;2000.0;240.0;1100.0;3
28.07.2021;3775;;5 700;completed;Alexandermartinez12@yahoo.com;44274;3;3;1900.0;1900.0;1900.0;7
15.04.2021;2917;;1 125;completed;Alexanderthomas33@yandex.ru;44301;4;2;800.0;325.0;;4
03.12.2021;2372;;8 725;returned;charlottesmith13@gmail.com;44264;3;3;3500.0;325.0;4900.0;12
09.09.2021;3336;;8 900;completed;isabellajackson88@gmail.com;44299;4;3;2000.0;2000.0;4900.0;9
17.03.2021;2347;;6 025;completed;Isabellalopez1987@mail.ru;44272;3;3;4900.0;325.0;800.0;3
07.01.2022;3138;;7 240;completed;Lucasbrown12@mail.ru;44385;7;3;3500.0;3500.0;240.0;13
09.11.2021;2881;;3 387;completed;Emmawilliams69@mail.ru;44448;9;3;800.0;587.0;2000.0;11
29.10.2021;3977;;2 015;completed;Avamoore2007@yandex.ru;44324;5;3;325.0;800.0;890.0;10
14.02.2022;1805;;5 812;completed;Charlottelopez12@outlook.com;44606;14;3;587.0;325.0;4900.0;14
28.12.2021;3445;;1 477;completed;Emmaanderson33@mail.ru;44492;10;2;;587.0;890.0;12
07.08.2021;1923;;2 140;returned;Emmathomas69@mail.ru;44352;6;3;240.0;800.0;1100.0;8
04.12.2021;2330;;6 325;completed;Charlottetaylor1987@yandex.ru;44300;4;3;325.0;1100.0;4900.0;12
08.03.2021;1386;;3 074;completed;Williamtaylor69@outlook.com;44263;3;3;1900.0;587.0;587.0;3
22.03.2021;2384;;3 287;completed;Olivertaylor0@yahoo.com;44277;3;3;800.0;587.0;1900.0;3
17.07.2021;1419;;565;completed;Liambrown1993@yandex.ru;44394;7;2;;325.0;240.0;7
27.10.2021;1856;;7 240;completed;Sophiamartinez2007@yahoo.com;44251;2;3;240.0;3500.0;3500.0;10
19.10.2021;3231;;5 400;completed;Isabellamoore1993@yahoo.com;44373;6;3;3500.0;1100.0;800.0;10
26.06.2021;4090;;2 550;completed;Charlottelopez13@yahoo.com;44350;6;3;325.0;1900.0;325.0;6
21.06.2021;3034;;6 377;returned;Olivertaylor88@mail.ru;44368;6;3;4900.0;890.0;587.0;6
28.05.2021;3589;;7 000;completed;Sophiataylor12@outlook.com;44344;5;2;;3500.0;3500.0;5
17.02.2021;2986;;2 325;completed;Lucasanderson66@mail.ru;44244;2;2;2000.0;325.0;;2
09.08.2021;3234;;2 187;returned;Charlottelopez66@outlook.com;44417;8;3;800.0;587.0;800.0;8
24.04.2021;2058;;3 025;completed;Isabellathomas13@outlook.com;44310;4;3;800.0;325.0;1900.0;4
06.02.2022;2938;;1 627;completed;Isabellaanderson1993@outlook.com;44319;5;3;800.0;240.0;587.0;14
23.11.2021;1990;;1 040;completed;Isabellataylor88@yahoo.com;44487;10;2;;800.0;240.0;11
16.02.2021;2155;;2 012;completed;Williamjackson66@yandex.ru;44243;2;3;587.0;325.0;1100.0;2
06.06.2021;3974;;7 890;completed;sophiajackson1987@gmail.com;44333;5;3;3500.0;3500.0;890.0;6
21.04.2021;2147;;7 700;returned;Emmathomas12@yandex.ru;44273;3;3;800.0;4900.0;2000.0;4
27.06.2021;1422;;4 412;completed;Sophiabrown88@yahoo.com;44374;6;3;3500.0;587.0;325.0;6
25.09.2021;1965;;5 740;completed;Charlottejackson1987@yandex.ru;44403;7;3;3500.0;2000.0;240.0;9
10.01.2022;3471;;7 900;completed;williamsmith66@gmail.com;44571;13;3;1900.0;1100.0;4900.0;13
02.02.2022;3140;;7 300;completed;Emmathomas0@yandex.ru;44292;4;3;1900.0;1900.0;3500.0;14
18.02.2021;2828;;7 690;completed;Williamanderson12@yandex.ru;44245;2;3;1900.0;4900.0;890.0;2
22.03.2021;1506;;1 450;completed;Liamlopez69@mail.ru;44277;3;3;325.0;800.0;325.0;3
02.11.2021;2573;;3 780;completed;Alexanderlopez66@mail.ru;44502;11;3;890.0;2000.0;890.0;11
26.04.2021;1299;;3 387;completed;alexanderanderson1987@gmail.com;44312;4;3;2000.0;587.0;800.0;4
19.05.2021;3833;;5 700;completed;Liamthomas13@mail.ru;44335;5;2;800.0;4900.0;;5
02.07.2021;4220;;3 687;completed;Charlottebrown2007@outlook.com;44379;7;3;2000.0;587.0;1100.0;7
27.04.2021;3149;;6 500;completed;Emmalopez12@mail.ru;44313;4;3;1100.0;1900.0;3500.0;4
11.10.2021;4047;;5 900;completed;Olivermartinez66@mail.ru;44480;10;3;2000.0;1900.0;2000.0;10
26.08.2021;1535;;1 237;returned;Charlottejackson2007@outlook.com;44275;3;3;587.0;325.0;325.0;8
01.06.2021;2264;;4 412;completed;Avathomas12@yandex.ru;44348;6;3;587.0;325.0;3500.0;6
27.07.2021;2628;;5 465;completed;Emmabrown69@outlook.com;44404;7;3;4900.0;240.0;325.0;7
09.10.2021;4033;;2 012;completed;Isabellabrown0@outlook.com;44478;10;3;325.0;587.0;1100.0;10
21.11.2021;3180;;3 240;completed;Lucasanderson1987@mail.ru;44381;7;3;1100.0;1900.0;240.0;11
10.12.2021;2590;;2 580;completed;isabellathomas12@gmail.com;44430;8;3;890.0;800.0;890.0;12
08.11.2021;2122;;3 890;completed;Lucaslopez88@yahoo.com;44508;11;3;890.0;1100.0;1900.0;11
17.03.2021;2316;;4 925;completed;Williamjackson1987@mail.ru;44247;2;3;325.0;1100.0;3500.0;3
07.04.2021;3100;;4 125;completed;Liamtaylor0@yahoo.com;44293;4;3;1900.0;1900.0;325.0;4
09.10.2021;3137;;2 727;completed;Liamtaylor66@yandex.ru;44478;10;3;1900.0;587.0;240.0;10
02.05.2021;2321;;5 700;completed;Isabellaanderson33@mail.ru;44318;5;2;800.0;;4900.0;5
26.01.2022;2034;;1 130;completed;Avaanderson88@outlook.com;44411;8;2;890.0;240.0;;13
01.09.2021;2659;;3 215;completed;Liamtaylor1993@yahoo.com;44401;7;3;2000.0;325.0;890.0;9
29.01.2022;3885;;2 827;completed;lucasthomas66@gmail.com;44471;10;3;2000.0;587.0;240.0;13
06.08.2021;1596;;4 900;completed;avabrown12@gmail.com;44414;8;1;4900.0;;;8
09.10.2021;1774;;2 225;returned;alexanderanderson1993@gmail.com;44320;5;3;1100.0;325.0;800.0;10
04.05.2021;3053;;587;completed;Oliverthomas13@yandex.ru;44320;5;1;;587.0;;5
04.10.2021;2142;;2 015;completed;Charlottemoore12@outlook.com;44397;7;3;800.0;325.0;890.0;10
19.12.2021;2668;;1 802;completed;Lucasthomas88@mail.ru;44452;9;3;325.0;587.0;890.0;12
19.12.2021;2219;;3 100;completed;Sophiamoore0@yandex.ru;44349;6;2;2000.0;1100.0;;12
08.05.2021;2235;;4 625;completed;Emmamoore66@mail.ru;44324;5;3;3500.0;325.0;800.0;5
10.04.2021;2186;;7 400;completed;Charlottemoore1987@mail.ru;44296;4;3;2000.0;3500.0;1900.0;4
28.02.2021;2871;;7 125;completed;Emmasmith2007@yandex.ru;44255;2;3;4900.0;325.0;1900.0;2
10.11.2021;1532;;1 717;completed;Olivermoore2007@mail.ru;44474;10;3;240.0;587.0;890.0;11
14.08.2021;2044;;3 425;completed;Liamwilliams69@outlook.com;44269;3;3;2000.0;1100.0;325.0;8
22.11.2021;3232;;1 900;completed;Sophiabrown1987@mail.ru;44522;11;2;1100.0;;800.0;11
16.10.2021;2695;;6 200;completed;Isabellalopez33@yahoo.com;44485;10;3;800.0;3500.0;1900.0;10
29.04.2021;2453;;6 890;completed;Emmajackson33@yandex.ru;44315;4;3;1100.0;890.0;4900.0;4
19.04.2021;2716;;2 440;completed;Williambrown1993@yandex.ru;44305;4;3;240.0;1100.0;1100.0;4
06.11.2021;1610;;2 200;completed;Olivermartinez13@mail.ru;44506;11;2;;1100.0;1100.0;11
09.04.2021;1653;;1 900;completed;Lucaswilliams1987@mail.ru;44295;4;2;1100.0;800.0;;4
15.09.2021;4200;;805;completed;Isabellamartinez1993@mail.ru;44454;9;3;325.0;240.0;240.0;9
29.10.2021;1454;;5 487;completed;sophiajackson0@yahoo.com;44498;10;2;;587.0;4900.0;10
05.11.2021;4092;;1 540;completed;Alexanderwilliams12@gmail.com;44505;11;3;325.0;325.0;890.0;11
29.04.2021;2838;;1 712;completed;Alexandermartinez0@mail.ru;44315;4;3;587.0;325.0;800.0;4
25.04.2021;2953;;1 340;completed;Oliverlopez66@yandex.ru;44311;4;2;;1100.0;240.0;4
17.07.2021;2535;;10 300;completed;Alexandermartinez33@yahoo.com;44272;3;3;3500.0;1900.0;4900.0;7
23.12.2021;1390;;9 500;completed;Isabellajackson13@outlook.com;44416;8;3;3500.0;1100.0;4900.0;12
28.10.2021;1603;;6 500;completed;Charlottesmith1987@yandex.ru;44412;8;3;3500.0;1900.0;1100.0;10
01.07.2021;2008;;4 840;completed;olivermoore33@gmail.com;44378;7;3;240.0;1100.0;3500.0;7
25.12.2021;3583;;5 400;completed;Olivermoore12@yahoo.com;44290;4;2;3500.0;1900.0;;12
09.03.2021;4108;;1 370;completed;emmawilliams0@gmail.com;44264;3;3;890.0;240.0;240.0;3
08.11.2021;2795;;1 990;completed;Sophiamoore1987@mail.ru;44404;7;2;;1100.0;890.0;11
22.03.2021;2539;;3 687;completed;Oliverwilliams13@yahoo.com;44277;3;3;1100.0;587.0;2000.0;3
02.01.2022;2163;;6 377;completed;oliverthomas2007@gmail.com;44282;3;3;587.0;890.0;4900.0;13
08.02.2022;3678;;4 925;completed;Lucaslopez0@outlook.com;44409;8;3;3500.0;325.0;1100.0;14
26.02.2021;3736;;3 340;completed;Charlottewilliams69@outlook.com;44253;2;3;2000.0;1100.0;240.0;2
07.01.2022;1435;;5 725;returned;Emmabrown0@yandex.ru;44526;11;3;325.0;3500.0;1900.0;13
25.08.2021;1691;;3 680;completed;Williamjackson12@yahoo.com;44408;7;3;890.0;890.0;1900.0;8
11.02.2022;3282;;5 490;completed;Charlotteanderson66@gmail.com;44313;4;3;890.0;1100.0;3500.0;14
18.08.2021;1813;;2 790;completed;Emmasmith69@outlook.com;44426;8;2;890.0;;1900.0;8
11.05.2021;1703;;10 600;completed;Charlotteanderson0@yandex.ru;44327;5;3;800.0;4900.0;4900.0;5
22.05.2021;1807;;4 900;completed;Oliverlopez12@outlook.com;44274;3;3;1900.0;1900.0;1100.0;5
30.05.2021;3194;;2 787;completed;liammartinez88@gmail.com;44346;5;3;1100.0;587.0;1100.0;5
27.06.2021;4022;;6 390;completed;sophiamartinez0@gmail.com;44374;6;3;2000.0;3500.0;890.0;6
13.06.2021;3638;;5 225;completed;williamthomas1993@gmail.com;44360;6;2;325.0;4900.0;;6
31.07.2021;2971;;3 074;completed;Sophiabrown13@mail.ru;44408;7;3;587.0;1900.0;587.0;7
24.10.2021;2599;;3 477;completed;Isabellajackson2007@mail.ru;44438;8;3;890.0;587.0;2000.0;10
24.10.2021;4128;;2 465;completed;Alexandermoore69@yandex.ru;44493;10;3;240.0;325.0;1900.0;10
14.09.2021;2181;;1 717;completed;liamsmith1987@gmail.com;44440;9;3;240.0;587.0;890.0;9
18.04.2021;2829;;5 487;returned;Olivertaylor1987@mail.ru;44304;4;2;587.0;;4900.0;4
15.01.2022;2625;;2 800;completed;Williamwilliams12@yahoo.com;44393;7;2;;800.0;2000.0;13
19.08.2021;2297;;2 187;returned;Liamanderson88@outlook.com;44325;5;3;800.0;800.0;587.0;8
14.02.2022;2781;;3 215;completed;Isabellataylor1987@mail.ru;44328;5;3;2000.0;890.0;325.0;14
07.07.2021;2200;;4 630;completed;Charlotteanderson1993@yahoo.com;44336;5;3;240.0;3500.0;890.0;7
26.04.2021;2098;;3 030;completed;Liamjackson66@mail.ru;44289;4;3;890.0;1900.0;240.0;4
10.05.2021;3059;;5 380;completed;liamtaylor88@gmail.com;44269;3;3;240.0;4900.0;240.0;5
01.04.2021;2487;;3 040;completed;Isabellamartinez33@mail.ru;44287;4;3;2000.0;800.0;240.0;4
02.06.2021;3037;;3 387;completed;Williamwilliams0@mail.ru;44349;6;3;587.0;800.0;2000.0;6
12.02.2022;2386;;3 990;completed;Lucasanderson88@outlook.com;44604;14;3;890.0;1100.0;2000.0;14
15.06.2021;2337;;4 600;completed;Williamlopez2007@yandex.ru;44362;6;3;1900.0;800.0;1900.0;6
04.04.2021;2074;;7 900;completed;Avasmith12@yahoo.com;44290;4;3;1100.0;4900.0;1900.0;4
25.01.2022;1655;;3 387;completed;Charlottemartinez2007@yandex.ru;44438;8;3;800.0;2000.0;587.0;13
08.01.2022;2685;;6 900;completed;sophiawilliams2007@gmail.com;44569;13;2;2000.0;;4900.0;13
30.05.2021;1967;;4 412;completed;Avamartinez13@yahoo.com;44346;5;3;587.0;3500.0;325.0;5
10.04.2021;1606;;2 012;completed;Williamtaylor12@yahoo.com;44296;4;3;1100.0;587.0;325.0;4
08.12.2021;3783;;2 440;returned;Charlottebrown12@yahoo.com;44293;4;3;1100.0;1100.0;240.0;12
01.11.2021;4151;;3 687;returned;alexanderanderson1987@gmail.com;44431;8;3;587.0;2000.0;1100.0;11
03.09.2021;1703;;8 000;completed;Charlotteanderson0@yandex.ru;44327;5;3;1100.0;4900.0;2000.0;9
01.02.2022;3107;;8 987;completed;emmaanderson12@gmail.com;44486;10;3;587.0;3500.0;4900.0;14
13.12.2021;2551;;587;returned;Oliverjackson2007@yandex.ru;44543;12;1;;587.0;;12
07.03.2021;3413;;3 900;completed;Sophiamartinez2007@mail.ru;44262;3;3;800.0;2000.0;1100.0;3
08.01.2022;2073;;1 152;completed;Charlotteanderson2007@mail.ru;44569;13;3;325.0;240.0;587.0;13
21.11.2021;2794;;10 125;completed;williamanderson69@gmail.com;44358;6;3;325.0;4900.0;4900.0;11
05.06.2021;2519;;2 790;completed;Lucasjackson12@yahoo.com;44352;6;2;1900.0;890.0;;6
22.01.2022;2283;;1 425;completed;Alexandersmith0@mail.ru;44257;3;2;325.0;1100.0;;13
18.12.2021;3712;;4 625;completed;Avathomas33@yandex.ru;44548;12;3;800.0;3500.0;325.0;12
27.10.2021;2787;;6 800;completed;Lucasanderson1993@mail.ru;44496;10;3;4900.0;1100.0;800.0;10
28.12.2021;2076;;1 174;completed;Charlottesmith13@yandex.ru;44250;2;2;;587.0;587.0;12
27.01.2022;1779;;3 890;returned;olivermartinez1987@gmail.com;44393;7;3;890.0;1100.0;1900.0;13
01.03.2021;1855;;6 240;completed;Emmawilliams1987@mail.ru;44256;3;3;4900.0;240.0;1100.0;3
05.09.2021;4178;;2 812;completed;Isabellaanderson69@yahoo.com;44267;3;3;1900.0;587.0;325.0;9
07.12.2021;2242;;5 700;completed;Charlottejackson2007@yahoo.com;44537;12;3;1100.0;1100.0;3500.0;12
29.03.2021;4050;;1 365;completed;Olivertaylor69@outlook.com;44284;3;3;800.0;325.0;240.0;3
01.07.2021;3632;;2 225;completed;Isabellabrown88@yandex.ru;44378;7;3;1100.0;800.0;325.0;7
14.05.2021;2972;;565;completed;oliveranderson66@gmail.com;44292;4;2;;325.0;240.0;5
04.09.2021;3788;;2 912;returned;Oliverthomas12@yahoo.com;44344;5;3;587.0;2000.0;325.0;9
02.09.2021;2271;;5 640;completed;Olivermoore88@yahoo.com;44267;3;3;1900.0;3500.0;240.0;9
28.05.2021;2517;;3 425;completed;lucaslopez2007@gmail.com;44303;4;3;1100.0;325.0;2000.0;5
30.03.2021;2619;;1 040;completed;Avamartinez0@yandex.ru;44285;3;2;800.0;;240.0;3
19.12.2021;3990;;2 940;completed;liambrown33@gmail.com;44307;4;3;240.0;1900.0;800.0;12
21.08.2021;3257;;1 477;completed;Liamanderson66@yandex.ru;44302;4;2;890.0;;587.0;8
04.05.2021;3976;;1 930;returned;Liamsmith12@mail.ru;44320;5;3;890.0;240.0;800.0;5
27.10.2021;2609;;5 400;completed;Avathomas0@yahoo.com;44267;3;2;;3500.0;1900.0;10
06.03.2021;1931;;2 880;returned;Sophiasmith2007@outlook.com;44261;3;3;890.0;890.0;1100.0;3
22.12.2021;3187;;7 140;completed;emmamoore88@outlook.com;44294;4;3;4900.0;240.0;2000.0;12
10.09.2021;2741;;1 717;completed;Sophiajackson13@mail.ru;44268;3;3;240.0;587.0;890.0;9
18.12.2021;2033;;10 300;completed;Lucasmoore69@yandex.ru;44290;4;3;1900.0;3500.0;4900.0;12
18.08.2021;3301;;5 987;completed;Liamthomas13@mail.ru;44426;8;3;1900.0;587.0;3500.0;8
04.02.2022;3701;;6 590;returned;Charlottebrown33@mail.ru;44596;14;3;4900.0;890.0;800.0;14
07.05.2021;3474;;1 900;completed;Oliverthomas69@yahoo.com;44323;5;1;1900.0;;;5
19.01.2022;2966;;3 377;completed;oliveranderson2007@gmail.com;44286;3;3;587.0;1900.0;890.0;13
18.02.2021;2970;;1 425;completed;Alexandermartinez12@mail.ru;44245;2;2;325.0;1100.0;;2
08.05.2021;1494;;5 790;completed;Charlottemartinez69@gmail.com;44285;3;2;;4900.0;890.0;5
06.02.2022;2730;;3 477;completed;williamjackson33@gmail.com;44480;10;3;587.0;890.0;2000.0;14
22.04.2021;3103;;1 174;completed;liamwilliams13@gmail.com;44308;4;2;587.0;;587.0;4
18.02.2021;3325;;1 152;returned;Alexandermartinez69@yahoo.com;44245;2;3;587.0;325.0;240.0;2
17.11.2021;3554;;7 700;completed;Emmamoore12@outlook.com;44517;11;3;2000.0;800.0;4900.0;11
08.07.2021;4099;;2 315;completed;Isabellawilliams66@outlook.com;44330;5;3;1100.0;890.0;325.0;7
11.12.2021;3261;;6 240;completed;Avasmith13@outlook.com;44541;12;3;4900.0;1100.0;240.0;12
26.07.2021;1369;;3 340;returned;Avamartinez1987@mail.ru;44403;7;3;240.0;1100.0;2000.0;7
28.07.2021;2231;;5 465;completed;Isabellabrown33@outlook.com;44405;7;3;325.0;4900.0;240.0;7
17.07.2021;2245;;2 577;completed;emmathomas69@gmail.com;44315;4;3;1100.0;587.0;890.0;7
22.06.2021;3101;;6 500;completed;Lucasthomas12@yandex.ru;44348;6;3;1900.0;1100.0;3500.0;6
08.05.2021;3977;;6 287;completed;Avamoore2007@yandex.ru;44324;5;3;4900.0;800.0;587.0;5
04.05.2021;2595;;890;completed;Williamanderson66@outlook.com;44320;5;3;325.0;240.0;325.0;5
22.11.2021;3248;;2 890;completed;Lucaslopez88@outlook.com;44318;5;2;;890.0;2000.0;11
25.02.2021;3790;;2 812;completed;Avasmith66@yandex.ru;44252;2;3;587.0;1900.0;325.0;2
03.10.2021;1418;;5 280;completed;Isabellasmith33@yahoo.com;44472;10;3;890.0;890.0;3500.0;10
03.05.2021;1710;;4 200;completed;Olivermoore0@outlook.com;44319;5;3;2000.0;1100.0;1100.0;5
30.09.2021;2136;;3 090;completed;Avamartinez69@yahoo.com;44442;9;3;890.0;1100.0;1100.0;9
28.03.2021;2270;;1 712;completed;isabellataylor69@gmail.com;44283;3;3;325.0;800.0;587.0;3
17.03.2021;2320;;4 840;completed;Sophiasmith12@outlook.com;44272;3;3;1100.0;3500.0;240.0;3
20.05.2021;1904;;3 287;completed;sophiamoore1987@gmail.com;44297;4;3;800.0;1900.0;587.0;5
20.06.2021;1922;;6 030;completed;Williamthomas13@yandex.ru;44351;6;3;890.0;240.0;4900.0;6
14.05.2021;1350;;6 290;completed;Isabellamartinez69@outlook.com;44282;3;3;1900.0;890.0;3500.0;5
24.12.2021;3655;;1 152;completed;Isabellathomas1993@mail.ru;44275;3;3;240.0;587.0;325.0;12
04.07.2021;1549;;1 215;completed;Sophiamartinez33@outlook.com;44381;7;2;;325.0;890.0;7
09.01.2022;1581;;5 190;returned;Sophiabrown66@yahoo.com;44394;7;3;890.0;3500.0;800.0;13
30.03.2021;1945;;1 125;completed;isabellataylor69@gmail.com;44285;3;2;800.0;;325.0;3
07.02.2022;4092;;1 499;completed;Alexanderwilliams12@gmail.com;44505;11;3;587.0;587.0;325.0;14
07.01.2022;2408;;4 625;completed;sophiawilliams13@gmail.com;44294;4;3;800.0;325.0;3500.0;13
08.10.2021;3533;;4 300;completed;Lucastaylor2007@yahoo.com;44477;10;2;;3500.0;800.0;10
14.06.2021;1558;;3 990;completed;Sophiamoore66@mail.ru;44361;6;3;2000.0;890.0;1100.0;6
13.05.2021;4155;;1 580;completed;Sophiamoore13@outlook.com;44329;5;3;240.0;1100.0;240.0;5
09.05.2021;3283;;3 115;completed;Liamjackson13@outlook.com;44257;3;3;325.0;890.0;1900.0;5
03.08.2021;2034;;10 300;returned;Avaanderson88@outlook.com;44411;8;3;3500.0;1900.0;4900.0;8
21.02.2021;1383;;7 400;completed;lucastaylor1993@gmail.com;44248;2;3;3500.0;1900.0;2000.0;2
24.07.2021;2036;;7 400;completed;Lucasmartinez69@outlook.com;44275;3;3;1900.0;3500.0;2000.0;7
25.06.2021;3431;;1 370;completed;Emmawilliams1987@outlook.com;44372;6;3;890.0;240.0;240.0;6
21.12.2021;2660;;4 925;completed;Sophiamartinez1993@mail.ru;44551;12;3;1100.0;325.0;3500.0;12
16.01.2022;1360;;3 990;returned;avasmith13@gmail.com;44498;10;3;1100.0;2000.0;890.0;13
01.05.2021;1764;;4 150;completed;Lucasbrown1993@mail.ru;44317;5;3;325.0;3500.0;325.0;5
29.06.2021;3056;;6 377;completed;Charlottetaylor1987@mail.ru;44295;4;3;4900.0;587.0;890.0;6
18.07.2021;2591;;7 125;completed;Liamjackson2007@yandex.ru;44330;5;3;325.0;1900.0;4900.0;7
21.04.2021;3990;;3 040;completed;liambrown33@gmail.com;44307;4;3;800.0;2000.0;240.0;4
13.11.2021;3469;;325;completed;Isabellajackson1993@gmail.com;44407;7;1;;325.0;;11
14.09.2021;3111;;3 040;completed;emmaanderson69@gmail.com;44395;7;3;2000.0;800.0;240.0;9
01.10.2021;2904;;2 277;completed;Sophiasmith13@yahoo.com;44244;2;3;587.0;890.0;800.0;10
05.05.2021;3841;;2 827;completed;Lucasmoore2007@mail.ru;44321;5;3;587.0;2000.0;240.0;5
27.04.2021;3039;;6 300;completed;Alexanderanderson88@outlook.com;44313;4;3;800.0;2000.0;3500.0;4
20.05.2021;3683;;2 465;returned;Williamthomas12@yahoo.com;44292;4;3;325.0;1900.0;240.0;5
20.09.2021;2272;;1 627;completed;Lucastaylor33@yandex.ru;44297;4;3;800.0;587.0;240.0;9
09.01.2022;2394;;5 790;completed;Alexandertaylor66@yandex.ru;44570;13;2;890.0;4900.0;;13
01.06.2021;4229;;1 665;completed;Sophiamoore69@outlook.com;44262;3;3;240.0;325.0;1100.0;6
07.02.2022;3344;;3 800;completed;Alexanderbrown2007@outlook.com;44445;9;3;1100.0;1900.0;800.0;14
14.04.2021;1651;;8 000;completed;Emmabrown69@yandex.ru;44300;4;3;1100.0;2000.0;4900.0;4
09.04.2021;2115;;4 150;completed;Sophiawilliams33@gmail.com;44295;4;3;325.0;325.0;3500.0;4
23.10.2021;3445;;1 802;completed;Emmaanderson33@mail.ru;44492;10;3;890.0;587.0;325.0;10
19.06.2021;2068;;587;completed;alexanderthomas66@gmail.com;44366;6;1;;587.0;;6
16.12.2021;1434;;5 640;completed;williamlopez1987@gmail.com;44317;5;3;3500.0;240.0;1900.0;12
26.05.2021;2579;;3 100;returned;Williamanderson1993@yandex.ru;44324;5;2;2000.0;;1100.0;5
09.12.2021;1957;;3 340;completed;Lucasanderson88@mail.ru;44340;5;3;1100.0;240.0;2000.0;12
14.12.2021;1625;;6 390;completed;Charlottethomas12@mail.ru;44494;10;3;2000.0;890.0;3500.0;12
12.01.2022;3386;;4 540;completed;Avajackson1987@yahoo.com;44253;2;3;240.0;3500.0;800.0;13
24.03.2021;1926;;2 525;completed;Sophiasmith2007@yandex.ru;44279;3;3;325.0;1100.0;1100.0;3
29.10.2021;2115;;2 015;completed;Sophiawilliams33@gmail.com;44295;4;3;325.0;800.0;890.0;10
03.06.2021;3755;;3 030;completed;Olivertaylor13@mail.ru;44350;6;3;890.0;1900.0;240.0;6
17.08.2021;1312;;2 440;returned;Avabrown12@outlook.com;44425;8;3;240.0;1100.0;1100.0;8
22.05.2021;4003;;1 712;completed;Alexanderwilliams1987@yandex.ru;44248;2;3;325.0;587.0;800.0;5
03.12.2021;1342;;3 325;completed;Emmajackson13@mail.ru;44533;12;3;325.0;1100.0;1900.0;12
20.11.2021;3933;;4 600;completed;sophiamoore66@gmail.com;44520;11;2;3500.0;1100.0;;11
17.03.2021;3887;;10 125;completed;Isabellasmith12@yandex.ru;44272;3;3;325.0;4900.0;4900.0;3
19.01.2022;3221;;2 325;completed;Charlottelopez12@yahoo.com;44580;13;2;;325.0;2000.0;13
10.06.2021;3209;;4 887;returned;Alexanderwilliams88@yahoo.com;44357;6;3;800.0;587.0;3500.0;6
22.01.2022;3112;;6 890;completed;Charlottewilliams66@outlook.com;44583;13;3;4900.0;890.0;1100.0;13
22.05.2021;1404;;4 715;completed;Lucasmartinez88@outlook.com;44338;5;3;890.0;3500.0;325.0;5
15.08.2021;3414;;1 712;completed;Emmajackson0@yahoo.com;44423;8;3;587.0;800.0;325.0;8
02.11.2021;3781;;5 640;completed;williammartinez1987@gmail.com;44502;11;3;1900.0;240.0;3500.0;11
11.03.2021;3531;;4 840;completed;Alexanderjackson1993@outlook.com;44243;2;3;240.0;1100.0;3500.0;3
01.03.2021;2418;;7 300;completed;Oliverjackson2007@yahoo.com;44256;3;3;1900.0;3500.0;1900.0;3
22.12.2021;2823;;3 025;completed;Oliveranderson1987@yandex.ru;44264;3;3;325.0;1900.0;800.0;12
07.12.2021;2647;;1 215;completed;Olivertaylor69@yahoo.com;44279;3;2;325.0;890.0;;12
25.10.2021;3421;;2 140;returned;isabellajackson0@gmail.com;44494;10;3;800.0;240.0;1100.0;10
25.06.2021;4186;;6 680;completed;liamwilliams0@gmail.com;44350;6;3;890.0;890.0;4900.0;6
13.01.2022;3825;;4 715;completed;Charlottemartinez13@mail.ru;44574;13;3;3500.0;325.0;890.0;13
07.01.2022;1589;;7 240;returned;Oliverlopez2007@yahoo.com;44568;13;3;3500.0;3500.0;240.0;13
04.01.2022;3350;;5 000;completed;Lucasmoore88@yahoo.com;44439;8;3;1100.0;1900.0;2000.0;13
28.12.2021;3783;;1 174;completed;Charlottebrown12@yahoo.com;44293;4;2;587.0;587.0;;12
15.09.2021;2996;;6 800;completed;Sophiawilliams1993@yahoo.com;44454;9;3;800.0;1100.0;4900.0;9
27.08.2021;1792;;2 140;completed;lucasanderson33@gmail.com;44281;3;2;240.0;1900.0;;8
09.12.2021;1881;;6 287;completed;oliverthomas1993@gmail.com;44275;3;3;587.0;800.0;4900.0;12
09.02.2022;1388;;7 125;completed;lucasjackson88@gmail.com;44284;3;3;325.0;4900.0;1900.0;14
07.06.2021;1819;;1 414;completed;Liamsmith1987@mail.ru;44354;6;3;240.0;587.0;587.0;6
13.04.2021;3714;;240;completed;Lucasthomas88@outlook.com;44299;4;1;;;240.0;4
05.08.2021;1300;;7 225;returned;Avathomas1993@yandex.ru;44413;8;3;2000.0;4900.0;325.0;8
06.02.2022;2823;;6 587;completed;Oliveranderson1987@yandex.ru;44264;3;3;4900.0;1100.0;587.0;14
07.11.2021;2488;;2 890;completed;Avabrown13@yahoo.com;44330;5;2;2000.0;890.0;;11
29.09.2021;3353;;3 287;completed;Oliverlopez69@yandex.ru;44352;6;3;800.0;1900.0;587.0;9
21.09.2021;3285;;240;completed;Lucasmoore1993@yahoo.com;44361;6;1;;;240.0;9
30.08.2021;3822;;4 540;completed;Charlottelopez0@outlook.com;44438;8;3;3500.0;800.0;240.0;8
15.06.2021;2160;;3 174;completed;Charlottethomas88@gmail.com;44293;4;3;2000.0;587.0;587.0;6
26.08.2021;3590;;4 387;completed;charlottethomas12@outlook.com;44269;3;3;587.0;1900.0;1900.0;8
22.03.2021;2687;;4 630;completed;Avalopez12@yahoo.com;44277;3;3;240.0;890.0;3500.0;3
19.08.2021;1734;;8 987;completed;Olivermoore66@outlook.com;44254;2;3;3500.0;4900.0;587.0;8
30.04.2021;1375;;4 087;completed;Williamtaylor1993@outlook.com;44316;4;2;;3500.0;587.0;4
01.04.2021;2549;;7 890;completed;Isabellamartinez1993@yahoo.com;44287;4;3;890.0;3500.0;3500.0;4
28.06.2021;3878;;5 940;completed;Lucasbrown1993@yandex.ru;44375;6;3;240.0;4900.0;800.0;6
10.11.2021;3457;;2 487;completed;isabellajackson12@gmail.com;44510;11;3;587.0;1100.0;800.0;11
16.08.2021;1389;;2 940;completed;Isabellabrown1993@outlook.com;44424;8;3;800.0;1900.0;240.0;8
01.10.2021;1571;;4 790;completed;Lucasthomas12@yahoo.com;44365;6;3;2000.0;1900.0;890.0;10
05.06.2021;1588;;4 840;completed;williamthomas69@yahoo.com;44352;6;3;3500.0;240.0;1100.0;6
16.11.2021;3301;;5 727;completed;Liamthomas13@mail.ru;44426;8;3;4900.0;240.0;587.0;11
22.07.2021;3782;;4 125;completed;Emmabrown1987@yandex.ru;44399;7;3;1900.0;325.0;1900.0;7
17.04.2021;2349;;8 900;completed;emmajackson0@gmail.com;44263;3;3;2000.0;2000.0;4900.0;4
17.02.2021;1671;;1 152;completed;Lucassmith69@yandex.ru;44244;2;3;587.0;325.0;240.0;2
20.01.2022;3278;;3 990;returned;Isabellabrown2007@outlook.com;44322;5;3;2000.0;890.0;1100.0;13
10.06.2021;2872;;5 812;completed;liamlopez0@gmail.com;44357;6;3;325.0;4900.0;587.0;6
09.10.2021;3101;;4 100;completed;Lucasthomas12@yandex.ru;44348;6;3;1100.0;1100.0;1900.0;10
19.08.2021;2848;;2 140;completed;Lucassmith69@yahoo.com;44427;8;3;1100.0;800.0;240.0;8
03.02.2022;1908;;5 187;completed;Lucaslopez33@mail.ru;44595;14;3;1100.0;587.0;3500.0;14
22.06.2021;3297;;6 390;returned;Emmataylor1993@yandex.ru;44269;3;3;2000.0;3500.0;890.0;6
29.04.2021;1304;;3 000;completed;Charlottesmith1987@outlook.com;44315;4;3;1100.0;800.0;1100.0;4
08.05.2021;3211;;6 240;completed;Avalopez1987@mail.ru;44324;5;3;240.0;4900.0;1100.0;5
28.03.2021;2096;;2 277;completed;Charlottesmith69@mail.ru;44283;3;3;800.0;587.0;890.0;3
03.09.2021;3478;;5 900;returned;Alexandertaylor88@outlook.com;44391;7;3;2000.0;2000.0;1900.0;9
23.01.2022;1536;;6 680;completed;Avajackson1987@yandex.ru;44584;13;3;4900.0;890.0;890.0;13
17.05.2021;4062;;1 580;completed;Olivermartinez88@mail.ru;44333;5;3;240.0;1100.0;240.0;5
05.06.2021;3924;;5 100;completed;Charlottemartinez2007@yahoo.com;44352;6;3;1100.0;2000.0;2000.0;6
27.09.2021;2664;;9 500;completed;Lucastaylor1993@outlook.com;44466;9;3;1100.0;3500.0;4900.0;9
22.08.2021;2283;;3 340;completed;Alexandersmith0@mail.ru;44257;3;3;1100.0;240.0;2000.0;8
10.01.2022;3568;;6 087;completed;Isabellaanderson33@mail.ru;44571;13;3;2000.0;3500.0;587.0;13
06.08.2021;2349;;8 800;completed;emmajackson0@gmail.com;44263;3;3;4900.0;2000.0;1900.0;8
02.05.2021;3864;;11 700;completed;Williambrown66@yandex.ru;44318;5;3;4900.0;4900.0;1900.0;5
06.09.2021;3306;;3 587;completed;Emmataylor1993@yahoo.com;44439;8;3;1100.0;1900.0;587.0;9
07.09.2021;1704;;4 300;completed;charlottetaylor1993@gmail.com;44446;9;2;800.0;;3500.0;9
27.10.2021;1820;;3 040;completed;charlottetaylor13@gmail.com;44496;10;3;240.0;2000.0;800.0;10
25.08.2021;3071;;3 587;returned;liamwilliams88@gmail.com;44418;8;3;1100.0;587.0;1900.0;8
23.08.2021;4151;;6 030;completed;alexanderanderson1987@gmail.com;44431;8;3;4900.0;890.0;240.0;8
09.04.2021;4066;;1 125;completed;Isabellasmith1987@yandex.ru;44295;4;2;325.0;;800.0;4
14.07.2021;1574;;7 587;completed;Lucasanderson0@mail.ru;44345;5;3;587.0;3500.0;3500.0;7
02.01.2022;2037;;2 325;completed;Sophiathomas0@mail.ru;44563;13;2;;325.0;2000.0;13
31.07.2021;3802;;5 465;completed;isabellamoore12@gmail.com;44408;7;3;240.0;325.0;4900.0;7
26.04.2021;2268;;5 490;completed;charlottesmith66@gmail.com;44312;4;3;3500.0;1100.0;890.0;4
09.01.2022;4144;;2 225;completed;Sophiamoore13@outlook.com;44570;13;2;325.0;;1900.0;13
03.08.2021;4109;;4 887;completed;Williamanderson12@yandex.ru;44411;8;3;3500.0;800.0;587.0;8
15.08.2021;2170;;6 390;completed;Williamlopez33@yahoo.com;44260;3;3;3500.0;890.0;2000.0;8
08.02.2022;3996;;1 477;completed;avathomas88@gmail.com;44354;6;2;;587.0;890.0;14
31.07.2021;4067;;2 827;completed;Charlottebrown33@yahoo.com;44357;6;3;587.0;240.0;2000.0;7
08.06.2021;2669;;6 600;completed;liammoore0@gmail.com;44355;6;3;1100.0;3500.0;2000.0;6
04.03.2021;3189;;3 387;completed;Lucaswilliams33@gmail.com;44259;3;3;800.0;587.0;2000.0;3
20.11.2021;2060;;8 640;completed;Williamthomas12@outlook.com;44421;8;3;3500.0;4900.0;240.0;11
21.03.2021;2159;;4 200;completed;Isabellataylor33@mail.ru;44276;3;3;1100.0;2000.0;1100.0;3
09.02.2022;2226;;3 115;completed;Williamtaylor69@outlook.com;44601;14;3;325.0;890.0;1900.0;14
03.12.2021;2697;;8 900;completed;williambrown12@gmail.com;44526;11;3;2000.0;2000.0;4900.0;12
07.11.2021;2346;;2 315;completed;Charlottemartinez2007@outlook.com;44297;4;3;325.0;890.0;1100.0;11
08.08.2021;2941;;3 890;completed;isabellawilliams1993@gmail.com;44416;8;3;1100.0;1900.0;890.0;8
02.09.2021;3333;;2 230;completed;charlottejackson0@gmail.com;44441;9;3;890.0;1100.0;240.0;9
14.06.2021;2042;;1 717;completed;Emmawilliams69@yandex.ru;44361;6;3;890.0;240.0;587.0;6
11.02.2022;2051;;6 390;completed;Liamsmith2007@yandex.ru;44313;4;3;2000.0;3500.0;890.0;14
01.11.2021;3820;;8 900;completed;Emmaanderson66@gmail.com;44501;11;3;2000.0;4900.0;2000.0;11
04.12.2021;3257;;8 700;completed;Liamanderson66@yandex.ru;44302;4;3;1900.0;4900.0;1900.0;12
01.11.2021;1427;;3 800;completed;williammartinez88@yahoo.com;44379;7;3;1900.0;800.0;1100.0;11
18.08.2021;1293;;2 812;completed;Alexanderthomas69@yandex.ru;44426;8;3;1900.0;587.0;325.0;8
14.03.2021;3576;;2 487;completed;Olivermoore12@yandex.ru;44269;3;3;800.0;587.0;1100.0;3
25.01.2022;3646;;10 400;returned;Oliversmith1993@yahoo.com;44586;13;3;4900.0;3500.0;2000.0;13
28.12.2021;1477;;1 130;completed;Liamwilliams69@yandex.ru;44318;5;2;890.0;240.0;;12
26.09.2021;1892;;2 140;completed;Sophiajackson88@yandex.ru;44428;8;3;240.0;800.0;1100.0;9
18.06.2021;2375;;5 187;completed;Isabellabrown88@outlook.com;44365;6;3;1100.0;3500.0;587.0;6
26.05.2021;2338;;5 280;completed;Sophiasmith69@outlook.com;44342;5;3;3500.0;890.0;890.0;5
07.08.2021;1268;;6 030;completed;Charlottethomas66@outlook.com;44311;4;3;4900.0;240.0;890.0;8
10.08.2021;3978;;2 325;completed;avamoore88@gmail.com;44360;6;2;;2000.0;325.0;8
27.03.2021;4173;;2 000;completed;Lucassmith66@yandex.ru;44282;3;1;;;2000.0;3
11.12.2021;2990;;11 900;completed;Williambrown2007@yandex.ru;44294;4;3;4900.0;3500.0;3500.0;12
26.05.2021;3206;;5 500;returned;Isabellabrown1987@outlook.com;44342;5;2;2000.0;3500.0;;5
24.10.2021;2010;;2 812;completed;Alexandertaylor1993@outlook.com;44446;9;3;325.0;1900.0;587.0;10
16.02.2021;2749;;2 727;completed;Alexanderwilliams0@yandex.ru;44243;2;3;240.0;587.0;1900.0;2
09.05.2021;2297;;4 674;completed;Liamanderson88@outlook.com;44325;5;3;587.0;587.0;3500.0;5
14.04.2021;2609;;1 499;completed;Avathomas0@yahoo.com;44267;3;3;325.0;587.0;587.0;4
06.11.2021;2819;;5 640;returned;Lucaswilliams12@yahoo.com;44506;11;3;240.0;1900.0;3500.0;11
11.11.2021;2915;;2 812;returned;liamlopez1987@gmail.com;44511;11;3;587.0;1900.0;325.0;11
23.10.2021;1270;;4 600;completed;Charlottesmith33@mail.ru;44291;4;2;3500.0;1100.0;;10
14.02.2022;2660;;3 387;completed;Sophiamartinez1993@mail.ru;44551;12;3;587.0;2000.0;800.0;14
25.05.2021;1397;;2 827;returned;Emmasmith66@mail.ru;44252;2;3;587.0;2000.0;240.0;5
08.03.2021;1534;;4 140;completed;alexanderthomas66@gmail.com;44263;3;3;2000.0;1900.0;240.0;3
23.03.2021;1336;;3 500;completed;williamwilliams33@gmail.com;44278;3;3;800.0;1900.0;800.0;3
05.07.2021;1545;;2 012;completed;Charlottejackson2007@yahoo.com;44382;7;3;325.0;587.0;1100.0;7
25.11.2021;3385;;5 940;completed;Isabellataylor69@outlook.com;44281;3;3;800.0;240.0;4900.0;11
11.07.2021;2948;;5 900;completed;Lucaslopez13@outlook.com;44262;3;3;1900.0;2000.0;2000.0;7
24.04.2021;2913;;4 674;completed;williamanderson66@gmail.com;44310;4;3;3500.0;587.0;587.0;4
16.08.2021;2133;;6 377;completed;Liamjackson66@yandex.ru;44424;8;3;587.0;890.0;4900.0;8
23.11.2021;3500;;4 100;completed;Alexanderbrown12@outlook.com;44348;6;3;1100.0;1100.0;1900.0;11
10.08.2021;3210;;6 287;completed;emmabrown2007@gmail.com;44418;8;3;800.0;587.0;4900.0;8
11.12.2021;1577;;5 790;completed;Oliverjackson12@mail.ru;44388;7;2;;890.0;4900.0;12
22.03.2021;2340;;10 400;completed;charlottesmith2007@gmail.com;44277;3;3;4900.0;3500.0;2000.0;3
12.07.2021;3573;;7 690;completed;Charlottebrown69@mail.ru;44379;7;3;4900.0;1900.0;890.0;7
01.10.2021;2170;;4 630;completed;Williamlopez33@yahoo.com;44260;3;3;3500.0;240.0;890.0;10
27.05.2021;4043;;6 390;completed;isabellajackson88@gmail.com;44249;2;3;2000.0;890.0;3500.0;5
20.05.2021;2578;;4 977;returned;Oliverwilliams1993@mail.ru;44336;5;3;890.0;3500.0;587.0;5
25.07.2021;1324;;3 687;completed;Liammartinez1993@yandex.ru;44402;7;3;2000.0;587.0;1100.0;7
23.07.2021;2934;;325;completed;Isabellajackson12@outlook.com;44272;3;1;325.0;;;7
23.01.2022;3799;;2 890;returned;Williammoore12@mail.ru;44282;3;2;890.0;2000.0;;13
05.01.2022;3168;;5 400;completed;lucasbrown33@gmail.com;44566;13;2;;3500.0;1900.0;13
08.03.2021;1627;;890;completed;Williamanderson1993@yandex.ru;44263;3;1;890.0;;;3
01.10.2021;3559;;1 414;completed;oliversmith1993@gmail.com;44470;10;3;240.0;587.0;587.0;10
19.05.2021;3552;;11 700;completed;Oliverwilliams66@yahoo.com;44335;5;3;4900.0;4900.0;1900.0;5
21.03.2021;2500;;3 030;completed;Williamlopez0@mail.ru;44276;3;3;240.0;890.0;1900.0;3
04.12.2021;3672;;480;completed;Sophiabrown88@yandex.ru;44534;12;2;;240.0;240.0;12
06.05.2021;2023;;3 740;completed;Sophiabrown1993@yahoo.com;44289;4;2;;240.0;3500.0;5
10.12.2021;2444;;4 540;completed;oliversmith2007@gmail.com;44400;7;3;800.0;240.0;3500.0;12
09.09.2021;1946;;9 200;returned;Sophiataylor66@outlook.com;44263;3;3;800.0;4900.0;3500.0;9
04.02.2022;2233;;1 174;completed;Liamwilliams2007@mail.ru;44356;6;2;587.0;587.0;;14
16.02.2021;1516;;3 100;completed;Lucasthomas13@yahoo.com;44243;2;2;1100.0;2000.0;;2
09.10.2021;1495;;7 125;completed;Isabellamartinez33@mail.ru;44453;9;3;325.0;4900.0;1900.0;10
04.11.2021;3097;;2 325;completed;oliverwilliams13@gmail.com;44504;11;2;325.0;;2000.0;11
31.01.2022;3104;;1 780;completed;Oliverthomas1993@yandex.ru;44592;13;2;890.0;;890.0;13
06.04.2021;2972;;3 325;completed;oliveranderson66@gmail.com;44292;4;3;1100.0;325.0;1900.0;4
06.02.2022;1714;;7 790;completed;isabellajackson13@gmail.com;44598;14;3;2000.0;4900.0;890.0;14
28.01.2022;3775;;3 825;returned;Alexandermartinez12@yahoo.com;44274;3;2;325.0;;3500.0;13
20.02.2021;2718;;9 290;completed;Isabellathomas2007@yandex.ru;44247;2;3;3500.0;4900.0;890.0;2
29.03.2021;2461;;2 140;completed;Lucaswilliams88@outlook.com;44284;3;2;;1900.0;240.0;3
14.03.2021;3026;;8 000;completed;Avasmith12@yahoo.com;44269;3;3;1100.0;4900.0;2000.0;3
16.09.2021;1582;;9 200;completed;Alexandermoore0@yandex.ru;44455;9;3;4900.0;3500.0;800.0;9
23.03.2021;3064;;1 387;completed;Isabellaanderson13@yandex.ru;44278;3;2;587.0;800.0;;3
20.11.2021;3616;;5 700;completed;Oliverjackson33@mail.ru;44247;2;2;4900.0;;800.0;11
05.01.2022;2321;;2 140;completed;Isabellaanderson33@mail.ru;44318;5;2;1900.0;;240.0;13
03.04.2021;3292;;7 690;returned;Williamanderson13@mail.ru;44289;4;3;890.0;1900.0;4900.0;4
03.11.2021;2114;;8 100;completed;Olivertaylor88@outlook.com;44503;11;3;1100.0;3500.0;3500.0;11
07.12.2021;3652;;3 100;completed;Oliversmith0@gmail.com;44537;12;2;;2000.0;1100.0;12
05.10.2021;1807;;4 000;completed;Oliverlopez12@outlook.com;44274;3;2;;2000.0;2000.0;10
16.07.2021;3342;;6 890;returned;Oliversmith12@mail.ru;44393;7;3;890.0;1100.0;4900.0;7
11.10.2021;3263;;1 237;completed;Alexandermoore66@mail.ru;44480;10;3;325.0;587.0;325.0;10
25.10.2021;1791;;1 340;completed;Lucassmith2007@mail.ru;44494;10;2;;240.0;1100.0;10
05.12.2021;2238;;1 387;completed;Alexandertaylor66@outlook.com;44535;12;2;800.0;587.0;;12
07.10.2021;2997;;1 930;completed;lucaslopez33@gmail.com;44248;2;3;890.0;240.0;800.0;10
16.02.2021;1594;;1 340;completed;Lucasanderson69@mail.ru;44243;2;2;;240.0;1100.0;2
13.10.2021;1964;;1 750;completed;Liamanderson33@yandex.ru;44473;10;3;325.0;1100.0;325.0;10
28.06.2021;1607;;2 727;completed;Emmathomas2007@outlook.com;44375;6;3;587.0;1900.0;240.0;6
05.02.2022;3349;;4 387;returned;alexanderthomas66@gmail.com;44424;8;3;1900.0;1900.0;587.0;14
31.12.2021;2228;;4 125;completed;Emmathomas33@yahoo.com;44561;12;3;325.0;1900.0;1900.0;12
14.12.2021;1606;;10 690;completed;Williamtaylor12@yahoo.com;44296;4;3;4900.0;890.0;4900.0;12
14.07.2021;1505;;6 600;completed;williamanderson0@gmail.com;44391;7;3;3500.0;1100.0;2000.0;7
01.06.2021;3304;;9 500;completed;Lucasjackson12@outlook.com;44348;6;3;4900.0;1100.0;3500.0;6
05.10.2021;1541;;2 187;completed;Olivertaylor88@outlook.com;44436;8;3;800.0;587.0;800.0;10
24.01.2022;3116;;1 387;completed;Lucasthomas2007@mail.ru;44257;3;2;800.0;;587.0;13
28.12.2021;3527;;1 100;completed;Isabellajackson1993@gmail.com;44451;9;1;;;1100.0;12
16.01.2022;2015;;7 900;completed;Isabellasmith13@mail.ru;44300;4;3;4900.0;1900.0;1100.0;13
29.12.2021;1647;;6 115;completed;Emmawilliams88@mail.ru;44559;12;3;4900.0;890.0;325.0;12
12.10.2021;4172;;5 812;returned;Alexanderthomas88@yahoo.com;44481;10;3;4900.0;587.0;325.0;10
13.07.2021;1921;;4 887;completed;Sophialopez2007@yahoo.com;44390;7;3;587.0;800.0;3500.0;7
23.09.2021;2905;;3 890;completed;Liamwilliams66@gmail.com;44392;7;3;1900.0;1100.0;890.0;9
03.07.2021;1267;;6 377;completed;emmataylor12@gmail.com;44350;6;3;4900.0;890.0;587.0;7
25.12.2021;2552;;6 500;completed;charlottemartinez12@gmail.com;44397;7;3;4900.0;800.0;800.0;12
12.04.2021;4051;;4 900;completed;Charlottewilliams69@yahoo.com;44298;4;3;1900.0;1900.0;1100.0;4
10.01.2022;1374;;3 425;completed;Oliverjackson2007@outlook.com;44571;13;3;1100.0;325.0;2000.0;13
02.06.2021;3904;;10 400;completed;Charlottesmith69@mail.ru;44349;6;3;4900.0;2000.0;3500.0;6
10.04.2021;2393;;6 500;completed;Alexanderjackson88@yandex.ru;44296;4;3;1900.0;1100.0;3500.0;4
31.05.2021;2202;;7 600;completed;Sophiawilliams1987@yandex.ru;44347;5;3;800.0;4900.0;1900.0;5
24.03.2021;3706;;8 400;returned;Isabellataylor69@yahoo.com;44279;3;2;3500.0;;4900.0;3
23.06.2021;2143;;5 190;completed;Avawilliams13@mail.ru;44304;4;3;890.0;800.0;3500.0;6
28.12.2021;2990;;6 074;completed;Williambrown2007@yandex.ru;44294;4;3;587.0;4900.0;587.0;12
27.05.2021;1889;;1 665;returned;Emmathomas1987@outlook.com;44343;5;3;325.0;1100.0;240.0;5
19.04.2021;3289;;3 800;returned;Liamjackson1993@yandex.ru;44305;4;3;1900.0;1100.0;800.0;4
16.05.2021;3922;;2 230;completed;Oliverthomas88@outlook.com;44259;3;3;1100.0;890.0;240.0;5
12.05.2021;3196;;2 400;completed;Olivertaylor13@yahoo.com;44252;2;3;800.0;800.0;800.0;5
25.01.2022;1918;;7 690;completed;Williammoore33@yahoo.com;44556;12;3;4900.0;890.0;1900.0;13
21.01.2022;3399;;2 550;completed;Oliverthomas12@yahoo.com;44258;3;3;325.0;1900.0;325.0;13
08.04.2021;3639;;5 487;completed;Emmalopez0@mail.ru;44294;4;2;587.0;4900.0;;4
05.03.2021;2342;;1 365;completed;alexandermoore69@gmail.com;44260;3;3;325.0;800.0;240.0;3
14.06.2021;3285;;5 487;completed;Lucasmoore1993@yahoo.com;44361;6;2;;4900.0;587.0;6
26.06.2021;2080;;1 215;completed;Isabellataylor33@yahoo.com;44373;6;2;890.0;;325.0;6
21.03.2021;4231;;5 727;completed;Lucasanderson1987@mail.ru;44276;3;3;4900.0;587.0;240.0;3
01.02.2022;2262;;7 600;completed;Oliveranderson13@outlook.com;44442;9;3;4900.0;1900.0;800.0;14
10.12.2021;1292;;5 900;completed;Avalopez0@mail.ru;44527;11;3;2000.0;1900.0;2000.0;12
05.08.2021;1448;;2 790;completed;lucasbrown0@gmail.com;44413;8;2;;890.0;1900.0;8
28.09.2021;3562;;6 600;completed;Sophiaanderson69@yahoo.com;44467;9;3;3500.0;2000.0;1100.0;9
25.01.2022;3496;;4 600;completed;Oliveranderson0@outlook.com;44344;5;3;800.0;1900.0;1900.0;13
08.12.2021;1256;;2 940;completed;Emmamoore0@mail.ru;44294;4;3;1900.0;800.0;240.0;12
30.04.2021;3764;;0;returned;Williammoore1993@yandex.ru;44316;4;0;;;;4
13.05.2021;1868;;2 225;returned;Avaanderson1993@yahoo.com;44329;5;3;325.0;800.0;1100.0;5
22.11.2021;2168;;3 690;completed;Isabellataylor69@mail.ru;44522;11;3;890.0;2000.0;800.0;11
03.12.2021;2684;;5 700;completed;Liammoore13@mail.ru;44533;12;2;800.0;4900.0;;12
20.02.2021;3050;;4 587;completed;Charlottemoore13@yahoo.com;44247;2;3;2000.0;587.0;2000.0;2
01.08.2021;2475;;1 340;completed;Isabellamoore66@outlook.com;44268;3;2;1100.0;240.0;;8
26.04.2021;2188;;3 387;completed;Lucasbrown66@yandex.ru;44312;4;3;2000.0;587.0;800.0;4
17.09.2021;3964;;912;completed;Avamartinez1993@mail.ru;44301;4;2;;587.0;325.0;9
27.07.2021;2795;;5 490;completed;Sophiamoore1987@mail.ru;44404;7;3;890.0;1100.0;3500.0;7
25.03.2021;1513;;7 325;completed;avathomas2007@gmail.com;44280;3;3;3500.0;3500.0;325.0;3
13.09.2021;3497;;1 925;completed;Charlottelopez13@yandex.ru;44452;9;3;800.0;800.0;325.0;9
05.03.2021;2324;;7 125;completed;Lucasanderson1987@gmail.com;44260;3;3;1900.0;325.0;4900.0;3
09.10.2021;3337;;2 800;completed;Emmabrown0@mail.ru;44290;4;2;;800.0;2000.0;10
26.01.2022;4082;;890;completed;Isabellabrown2007@yahoo.com;44253;2;1;;890.0;;13
15.02.2022;2963;;2 487;completed;Charlottewilliams2007@mail.ru;44607;14;3;1100.0;587.0;800.0;14
21.11.2021;2149;;2 225;completed;Emmasmith1993@mail.ru;44521;11;3;800.0;1100.0;325.0;11
16.03.2021;4008;;6 390;completed;Isabellalopez12@outlook.com;44271;3;3;890.0;2000.0;3500.0;3
05.12.2021;1987;;1 425;completed;Oliveranderson0@yahoo.com;44261;3;2;325.0;1100.0;;12
30.08.2021;1299;;7 690;completed;alexanderanderson1987@gmail.com;44312;4;3;1900.0;890.0;4900.0;8
23.07.2021;3642;;6 800;completed;charlottejackson12@gmail.com;44400;7;3;800.0;1100.0;4900.0;7
13.12.2021;3892;;1 990;completed;Isabellathomas69@yandex.ru;44329;5;2;890.0;;1100.0;12
09.08.2021;4066;;2 487;completed;Isabellasmith1987@yandex.ru;44295;4;3;1100.0;800.0;587.0;8
16.05.2021;2908;;5 727;completed;Lucasmoore88@yahoo.com;44332;5;3;240.0;587.0;4900.0;5
10.06.2021;3360;;7 125;returned;Alexandermartinez66@yandex.ru;44357;6;3;325.0;4900.0;1900.0;6
04.11.2021;4146;;4 977;returned;Isabellamartinez66@yahoo.com;44467;9;3;3500.0;587.0;890.0;11
24.05.2021;3014;;3 740;completed;Sophiaanderson1993@outlook.com;44340;5;2;3500.0;240.0;;5
03.10.2021;2010;;2 064;completed;Alexandertaylor1993@outlook.com;44446;9;3;587.0;587.0;890.0;10
18.05.2021;3236;;5 280;completed;Alexanderbrown1987@yahoo.com;44334;5;3;890.0;3500.0;890.0;5
17.07.2021;3356;;2 487;completed;Charlottebrown0@yahoo.com;44342;5;3;587.0;800.0;1100.0;7
11.12.2021;2676;;7 487;completed;Lucasanderson0@mail.ru;44541;12;3;587.0;2000.0;4900.0;12
21.10.2021;3703;;10 040;completed;Charlottelopez0@mail.ru;44490;10;3;4900.0;240.0;4900.0;10
03.06.2021;3386;;3 030;completed;Avajackson1987@yahoo.com;44253;2;3;1900.0;240.0;890.0;6
18.11.2021;4173;;7 325;completed;Lucassmith66@yandex.ru;44282;3;3;3500.0;3500.0;325.0;11
24.12.2021;1870;;4 390;completed;lucasthomas0@gmail.com;44291;4;2;;3500.0;890.0;12
30.08.2021;1655;;4 630;completed;Charlottemartinez2007@yandex.ru;44438;8;3;240.0;3500.0;890.0;8
20.08.2021;3336;;3 115;completed;isabellajackson88@gmail.com;44299;4;3;890.0;1900.0;325.0;8
29.03.2021;3661;;5 400;completed;Alexandermoore12@yahoo.com;44284;3;3;3500.0;1100.0;800.0;3
20.03.2021;2036;;2 380;completed;Lucasmartinez69@outlook.com;44275;3;3;240.0;240.0;1900.0;3
26.09.2021;2156;;8 987;completed;Lucaswilliams88@yandex.ru;44308;4;3;587.0;4900.0;3500.0;9
30.12.2021;3129;;1 900;completed;Olivermartinez1987@yahoo.com;44450;9;2;1100.0;;800.0;12
22.09.2021;1266;;975;completed;Charlottejackson66@yahoo.com;44461;9;3;325.0;325.0;325.0;9
05.10.2021;1305;;1 125;completed;Williammartinez2007@mail.ru;44385;7;2;325.0;;800.0;10
20.07.2021;1984;;2 487;completed;Lucasmoore2007@mail.ru;44397;7;2;1900.0;587.0;;7
19.12.2021;3313;;3 240;returned;Williammartinez88@outlook.com;44291;4;3;1900.0;1100.0;240.0;12
11.08.2021;2202;;1 455;completed;Sophiawilliams1987@yandex.ru;44347;5;3;325.0;890.0;240.0;8
19.02.2021;3972;;3 340;completed;Williamlopez88@yahoo.com;44246;2;3;1100.0;240.0;2000.0;2
22.02.2021;3256;;8 700;completed;Charlottejackson88@mail.ru;44249;2;3;1900.0;4900.0;1900.0;2
28.09.2021;2836;;13 300;completed;alexandermartinez88@gmail.com;44467;9;3;4900.0;3500.0;4900.0;9
18.04.2021;3175;;3 900;completed;Sophialopez33@outlook.com;44304;4;2;2000.0;;1900.0;4
23.01.2022;2889;;5 700;completed;liamanderson12@gmail.com;44584;13;2;800.0;4900.0;;13
09.09.2021;3859;;1 100;completed;Olivermartinez2007@mail.ru;44361;6;1;1100.0;;;9
10.12.2021;1567;;3 387;completed;Liamwilliams66@gmail.com;44540;12;3;800.0;587.0;2000.0;12
23.03.2021;3983;;8 800;completed;Charlottetaylor12@yandex.ru;44278;3;3;4900.0;2000.0;1900.0;3
17.01.2022;3837;;6 377;completed;sophiaanderson88@gmail.com;44445;9;3;890.0;587.0;4900.0;13
13.02.2022;1431;;4 925;completed;Emmabrown1993@mail.ru;44524;11;3;325.0;3500.0;1100.0;14
18.11.2021;2416;;2 277;completed;liammoore33@gmail.com;44472;10;3;587.0;890.0;800.0;11
24.06.2021;3338;;7 500;completed;Sophiamoore33@yandex.ru;44255;2;3;2000.0;2000.0;3500.0;6
14.12.2021;2650;;5 400;completed;liammoore0@gmail.com;44295;4;2;;3500.0;1900.0;12
22.01.2022;2016;;6 300;completed;Oliverwilliams33@yahoo.com;44454;9;3;2000.0;3500.0;800.0;13
02.07.2021;3876;;3 690;completed;Liamthomas13@yandex.ru;44317;5;3;890.0;2000.0;800.0;7
25.08.2021;1510;;7 500;completed;Charlottemartinez33@yandex.ru;44433;8;3;2000.0;2000.0;3500.0;8
10.08.2021;3631;;2 012;completed;Sophiabrown12@gmail.com;44418;8;3;1100.0;325.0;587.0;8
15.12.2021;2529;;2 015;completed;Avataylor1987@yandex.ru;44545;12;3;325.0;800.0;890.0;12
03.06.2021;1267;;8 400;completed;emmataylor12@gmail.com;44350;6;2;4900.0;3500.0;;6
07.05.2021;2960;;9 200;completed;Charlottelopez2007@yahoo.com;44323;5;3;4900.0;3500.0;800.0;5
21.09.2021;3661;;1 387;completed;Alexandermoore12@yahoo.com;44284;3;2;;587.0;800.0;9
06.05.2021;3061;;6 074;completed;Avajackson66@yandex.ru;44322;5;3;587.0;587.0;4900.0;5
30.07.2021;2005;;5 740;completed;Isabellamoore1987@yandex.ru;44249;2;3;2000.0;240.0;3500.0;7
03.03.2021;3017;;5 190;completed;isabellathomas1987@gmail.com;44258;3;3;800.0;3500.0;890.0;3
17.05.2021;2392;;1 690;completed;Emmalopez13@yahoo.com;44270;3;2;800.0;890.0;;5
25.06.2021;3720;;4 840;completed;isabellajackson66@gmail.com;44354;6;3;1100.0;240.0;3500.0;6
11.05.2021;3829;;4 800;completed;Oliverbrown33@yandex.ru;44289;4;3;800.0;2000.0;2000.0;5
01.04.2021;1941;;7 140;completed;Avalopez1993@yandex.ru;44287;4;3;240.0;2000.0;4900.0;4
03.08.2021;3938;;11 700;completed;Charlottethomas1987@outlook.com;44411;8;3;4900.0;4900.0;1900.0;8
08.01.2022;2284;;5 727;completed;Oliverbrown1993@gmail.com;44314;4;3;587.0;4900.0;240.0;13
30.03.2021;4192;;1 100;completed;alexandertaylor2007@gmail.com;44285;3;1;;1100.0;;3
31.07.2021;1271;;7 800;completed;Lucassmith1993@yahoo.com;44287;4;3;3500.0;3500.0;800.0;7
08.07.2021;3650;;4 790;completed;Avataylor69@yahoo.com;44385;7;3;1900.0;2000.0;890.0;7
15.05.2021;2322;;3 340;completed;Lucasjackson2007@gmail.com;44331;5;3;240.0;2000.0;1100.0;5
29.05.2021;1806;;2 240;completed;Olivermartinez69@yahoo.com;44249;2;2;;240.0;2000.0;5
17.02.2021;1334;;6 115;completed;Avabrown66@outlook.com;44244;2;3;325.0;890.0;4900.0;2
17.02.2021;2815;;7 690;completed;Isabellabrown0@outlook.com;44244;2;3;4900.0;1900.0;890.0;2
19.05.2021;2675;;5 000;completed;Avathomas1993@yahoo.com;44335;5;3;1900.0;1100.0;2000.0;5
15.12.2021;1779;;7 400;completed;olivermartinez1987@gmail.com;44393;7;3;3500.0;2000.0;1900.0;12
07.06.2021;4039;;5 812;completed;Sophiasmith66@yandex.ru;44268;3;3;587.0;4900.0;325.0;6
23.05.2021;2429;;7 790;completed;Alexanderlopez66@yahoo.com;44285;3;3;890.0;4900.0;2000.0;5
07.06.2021;3276;;5 100;completed;isabellasmith0@gmail.com;44354;6;3;800.0;800.0;3500.0;6
14.12.2021;3757;;5 987;completed;Liamthomas0@yandex.ru;44544;12;3;3500.0;587.0;1900.0;12
30.08.2021;3750;;3 030;completed;Olivermoore0@outlook.com;44438;8;3;890.0;240.0;1900.0;8
20.03.2021;3655;;2 012;completed;Isabellathomas1993@mail.ru;44275;3;3;587.0;325.0;1100.0;3
13.09.2021;4222;;5 490;completed;Avataylor0@mail.ru;44452;9;3;3500.0;890.0;1100.0;9
08.09.2021;3124;;4 600;completed;Emmathomas13@gmail.com;44447;9;3;1900.0;1900.0;800.0;9
05.07.2021;1968;;2 487;returned;Isabellataylor66@yandex.ru;44382;7;2;587.0;;1900.0;7
01.11.2021;2083;;13 300;completed;Isabellalopez88@outlook.com;44501;11;3;4900.0;3500.0;4900.0;11
02.04.2021;1739;;1 387;completed;Isabellamartinez33@mail.ru;44288;4;2;587.0;;800.0;4
23.02.2021;3502;;3 000;completed;Avathomas1987@mail.ru;44250;2;2;1900.0;1100.0;;2
12.01.2022;1877;;5 640;completed;Alexanderjackson12@outlook.com;44529;11;3;1900.0;240.0;3500.0;13
01.06.2021;3550;;4 040;completed;Oliverwilliams0@yandex.ru;44348;6;3;240.0;1900.0;1900.0;6
18.12.2021;3365;;3 100;completed;Avajackson12@yahoo.com;44314;4;2;1100.0;2000.0;;12
20.01.2022;2558;;3 477;returned;Emmalopez66@mail.ru;44581;13;3;587.0;890.0;2000.0;13
19.06.2021;2478;;5 987;completed;Williambrown69@yahoo.com;44291;4;3;587.0;3500.0;1900.0;6
06.04.2021;3962;;5 800;completed;Charlottesmith12@yandex.ru;44292;4;3;1900.0;1900.0;2000.0;4
26.08.2021;2042;;1 580;completed;Emmawilliams69@yandex.ru;44361;6;3;1100.0;240.0;240.0;8
15.05.2021;1551;;6 030;completed;avathomas69@gmail.com;44331;5;3;4900.0;240.0;890.0;5
04.07.2021;3035;;2 015;completed;Avasmith88@mail.ru;44381;7;3;325.0;890.0;800.0;7
03.03.2021;3399;;3 340;completed;Oliverthomas12@yahoo.com;44258;3;3;1100.0;240.0;2000.0;3
01.10.2021;4202;;4 715;completed;Charlottejackson33@yandex.ru;44276;3;3;3500.0;325.0;890.0;10
07.09.2021;2010;;7 387;completed;Alexandertaylor1993@outlook.com;44446;9;3;587.0;4900.0;1900.0;9
19.11.2021;3892;;5 812;completed;Isabellathomas69@yandex.ru;44329;5;3;587.0;4900.0;325.0;11
12.01.2022;3673;;6 800;returned;charlottethomas2007@gmail.com;44274;3;3;1100.0;4900.0;800.0;13
08.10.2021;2985;;3 425;completed;isabellamoore66@gmail.com;44317;5;3;325.0;2000.0;1100.0;10
07.06.2021;2495;;10 300;completed;Avamartinez69@yandex.ru;44354;6;3;3500.0;4900.0;1900.0;6
08.02.2022;3423;;2 650;completed;liamsmith1987@outlook.com;44600;14;3;325.0;2000.0;325.0;14
14.03.2021;3483;;5 000;completed;Lucasmoore1993@outlook.com;44269;3;3;1100.0;2000.0;1900.0;3
15.04.2021;1801;;1 665;completed;Williamthomas12@yahoo.com;44301;4;3;1100.0;240.0;325.0;4
27.06.2021;2598;;7 387;completed;Sophiabrown88@yahoo.com;44374;6;3;4900.0;1900.0;587.0;6
20.03.2021;3908;;480;completed;Avajackson2007@yandex.ru;44275;3;2;240.0;240.0;;3
02.08.2021;1451;;9 290;completed;isabellamartinez1993@gmail.com;44381;7;3;4900.0;3500.0;890.0;8
25.10.2021;3197;;6 300;completed;Olivermartinez2007@mail.ru;44243;2;3;800.0;3500.0;2000.0;10
01.05.2021;2061;;587;completed;lucaslopez0@gmail.com;44293;4;1;587.0;;;5
20.12.2021;3496;;3 825;completed;Oliveranderson0@outlook.com;44344;5;2;3500.0;325.0;;12
07.12.2021;1443;;3 040;returned;Avalopez2007@yandex.ru;44537;12;3;240.0;800.0;2000.0;12
20.09.2021;3735;;1 152;completed;avabrown1987@gmail.com;44459;9;3;240.0;587.0;325.0;9
25.07.2021;1265;;2 890;returned;Williambrown69@yandex.ru;44402;7;2;;2000.0;890.0;7
23.04.2021;2166;;2 700;completed;Sophiaanderson1993@yandex.ru;44309;4;2;1900.0;800.0;;4
23.05.2021;1906;;2 020;completed;Olivertaylor1987@mail.ru;44339;5;3;890.0;890.0;240.0;5
05.10.2021;3052;;1 840;returned;Alexanderlopez12@yandex.ru;44281;3;3;240.0;800.0;800.0;10
06.05.2021;2290;;7 690;completed;Liamtaylor1987@yahoo.com;44282;3;3;4900.0;890.0;1900.0;5
18.04.2021;3617;;6 890;completed;Emmamartinez0@outlook.com;44304;4;3;4900.0;1100.0;890.0;4
27.11.2021;1292;;2 325;completed;Avalopez0@mail.ru;44527;11;2;;2000.0;325.0;11
04.02.2022;3677;;3 215;returned;Olivertaylor2007@yahoo.com;44544;12;3;325.0;890.0;2000.0;14
06.11.2021;1286;;3 025;returned;williamwilliams1987@gmail.com;44288;4;3;1900.0;325.0;800.0;11
08.07.2021;2474;;2 890;completed;Charlottetaylor0@yandex.ru;44385;7;2;890.0;2000.0;;7
02.09.2021;3133;;4 900;completed;Liamthomas12@mail.ru;44265;3;3;1100.0;1900.0;1900.0;9
08.07.2021;1352;;5 825;completed;Isabellathomas0@yandex.ru;44322;5;3;2000.0;3500.0;325.0;7
24.10.2021;4021;;2 650;completed;Williamwilliams88@yahoo.com;44273;3;3;2000.0;325.0;325.0;10
08.12.2021;3922;;10 400;completed;Oliverthomas88@outlook.com;44259;3;3;3500.0;4900.0;2000.0;12
20.06.2021;3836;;2 240;completed;Oliverlopez13@yandex.ru;44367;6;2;240.0;2000.0;;6
05.09.2021;1680;;6 587;completed;Alexanderjackson12@mail.ru;44444;9;3;1100.0;587.0;4900.0;9
27.10.2021;4224;;6 800;completed;Lucasbrown69@yandex.ru;44496;10;3;800.0;1100.0;4900.0;10
05.08.2021;2973;;11 700;completed;Charlottetaylor0@yandex.ru;44408;7;3;4900.0;4900.0;1900.0;8
28.05.2021;2989;;3 100;completed;Williamjackson69@yandex.ru;44329;5;2;2000.0;1100.0;;5
14.05.2021;3791;;1 802;completed;Liamjackson0@yandex.ru;44330;5;3;587.0;325.0;890.0;5
28.11.2021;1639;;2 700;completed;Oliversmith2007@mail.ru;44528;11;2;;800.0;1900.0;11
19.12.2021;3049;;7 400;completed;Alexandersmith66@yahoo.com;44248;2;3;2000.0;1900.0;3500.0;12
25.03.2021;3657;;6 377;completed;williambrown33@gmail.com;44280;3;3;587.0;890.0;4900.0;3
14.07.2021;1485;;5 490;completed;avaanderson0@gmail.com;44384;7;3;3500.0;890.0;1100.0;7
26.10.2021;2648;;1 802;completed;Avabrown88@yahoo.com;44495;10;3;325.0;587.0;890.0;10
18.11.2021;2289;;6 800;completed;Sophiabrown33@outlook.com;44518;11;2;1900.0;4900.0;;11
06.03.2021;3006;;4 240;completed;Lucassmith12@yahoo.com;44261;3;3;2000.0;240.0;2000.0;3
16.09.2021;3878;;1 040;completed;Lucasbrown1993@yandex.ru;44375;6;2;;240.0;800.0;9
13.03.2021;2796;;2 787;returned;Liamsmith66@mail.ru;44268;3;3;1100.0;587.0;1100.0;3
18.11.2021;3169;;2 187;returned;Alexandermartinez69@mail.ru;44518;11;3;800.0;587.0;800.0;11
07.01.2022;3541;;2 487;completed;Charlottejackson12@yandex.ru;44568;13;2;1900.0;;587.0;13
27.06.2021;2965;;2 587;completed;Sophiabrown88@yandex.ru;44374;6;2;587.0;2000.0;;6
20.10.2021;2706;;7 890;completed;Oliverlopez33@outlook.com;44489;10;3;3500.0;890.0;3500.0;10
15.06.2021;2472;;1 690;completed;Alexanderbrown33@outlook.com;44362;6;2;;890.0;800.0;6
06.10.2021;3234;;3 477;completed;Charlottelopez66@outlook.com;44417;8;3;890.0;587.0;2000.0;10
20.05.2021;2868;;1 130;returned;Alexandermartinez0@yandex.ru;44295;4;2;240.0;;890.0;5
13.11.2021;3525;;480;completed;Isabellamoore13@yahoo.com;44313;4;2;;240.0;240.0;11
24.03.2021;2459;;6 500;completed;lucastaylor66@gmail.com;44279;3;3;800.0;800.0;4900.0;3
20.05.2021;3980;;3 800;completed;Sophiawilliams0@mail.ru;44316;4;3;1900.0;800.0;1100.0;5
11.12.2021;2559;;2 525;completed;Sophiasmith1993@yandex.ru;44541;12;3;1100.0;1100.0;325.0;12
04.08.2021;1350;;3 030;completed;Isabellamartinez69@outlook.com;44282;3;3;1900.0;890.0;240.0;8
05.04.2021;2254;;565;completed;Alexanderjackson66@yandex.ru;44253;2;2;;325.0;240.0;4
05.08.2021;3000;;3 780;completed;Charlottemoore33@mail.ru;44413;8;3;890.0;890.0;2000.0;8
14.02.2022;3864;;2 790;completed;Williambrown66@yandex.ru;44318;5;2;890.0;1900.0;;14
30.10.2021;2984;;4 625;completed;Charlottelopez0@outlook.com;44499;10;3;325.0;3500.0;800.0;10
13.10.2021;1968;;6 680;completed;Isabellataylor66@yandex.ru;44382;7;3;890.0;4900.0;890.0;10
11.11.2021;4136;;4 715;returned;Williamtaylor0@yandex.ru;44310;4;3;325.0;890.0;3500.0;11
03.03.2021;3316;;3 687;completed;Isabellamartinez1987@gmail.com;44258;3;3;2000.0;587.0;1100.0;3
17.12.2021;2818;;1 425;completed;Liammartinez13@outlook.com;44323;5;2;;325.0;1100.0;12
04.06.2021;1922;;5 487;returned;Williamthomas13@yandex.ru;44351;6;2;;4900.0;587.0;6
15.06.2021;2369;;0;completed;alexandermoore1993@gmail.com;44287;4;0;;;;6
23.11.2021;3114;;6 030;completed;isabellathomas66@gmail.com;44413;8;3;240.0;890.0;4900.0;11
24.02.2021;1749;;4 412;completed;Charlotteanderson12@outlook.com;44251;2;3;587.0;325.0;3500.0;2
13.08.2021;3516;;10 600;completed;Liamtaylor69@mail.ru;44421;8;3;4900.0;800.0;4900.0;8
13.07.2021;3416;;1 687;completed;Williamwilliams88@yahoo.com;44390;7;2;;1100.0;587.0;7
23.12.2021;3872;;10 900;completed;Williambrown88@outlook.com;44349;6;3;4900.0;4900.0;1100.0;12
26.01.2022;3673;;2 790;completed;charlottethomas2007@gmail.com;44274;3;2;1900.0;890.0;;13
24.03.2021;2853;;1 840;completed;Avabrown2007@yandex.ru;44279;3;3;800.0;240.0;800.0;3
27.01.2022;2799;;2 012;completed;Lucasbrown2007@outlook.com;44588;13;3;1100.0;587.0;325.0;13
19.03.2021;2224;;3 025;completed;avathomas66@gmail.com;44274;3;3;800.0;1900.0;325.0;3
28.06.2021;3372;;6 300;completed;Alexandermartinez66@yandex.ru;44375;6;3;2000.0;800.0;3500.0;6
25.08.2021;3057;;2 800;completed;Alexandersmith13@outlook.com;44433;8;2;;800.0;2000.0;8
01.08.2021;2531;;2 020;returned;olivertaylor12@gmail.com;44409;8;3;890.0;240.0;890.0;8
13.12.2021;2506;;5 490;completed;liamthomas0@gmail.com;44297;4;3;1100.0;890.0;3500.0;12
17.02.2021;2482;;7 587;completed;charlottetaylor66@gmail.com;44244;2;3;3500.0;587.0;3500.0;2
16.06.2021;3500;;2 880;completed;Alexanderbrown12@outlook.com;44348;6;3;1100.0;890.0;890.0;6
13.06.2021;3264;;3 287;completed;isabellaanderson13@gmail.com;44257;3;3;800.0;587.0;1900.0;6
26.08.2021;2751;;2 880;completed;charlotteanderson1987@gmail.com;44434;8;3;1100.0;890.0;890.0;8
25.06.2021;3637;;3 325;completed;Sophiaanderson0@yandex.ru;44372;6;3;1100.0;1900.0;325.0;6
21.07.2021;2674;;6 800;completed;Avamoore13@yahoo.com;44398;7;2;1900.0;4900.0;;7
18.12.2021;3683;;4 040;completed;Williamthomas12@yahoo.com;44292;4;3;240.0;1900.0;1900.0;12
20.08.2021;2099;;8 400;returned;lucasmartinez12@gmail.com;44414;8;2;4900.0;;3500.0;8
02.05.2021;3968;;6 325;completed;Lucaswilliams0@mail.ru;44318;5;3;4900.0;325.0;1100.0;5
14.02.2022;3377;;4 325;completed;Alexandersmith12@mail.ru;44369;6;3;2000.0;2000.0;325.0;14
04.02.2022;3847;;6 800;completed;Sophiamartinez33@yahoo.com;44320;5;3;1100.0;4900.0;800.0;14
11.02.2022;2434;;4 887;completed;Emmamoore1987@yandex.ru;44603;14;3;800.0;3500.0;587.0;14
10.04.2021;3745;;6 287;completed;Sophiabrown88@yandex.ru;44296;4;3;800.0;587.0;4900.0;4
28.01.2022;2126;;5 465;completed;Oliverlopez1993@yandex.ru;44271;3;3;325.0;240.0;4900.0;13
08.04.2021;1256;;3 740;completed;Emmamoore0@mail.ru;44294;4;2;;3500.0;240.0;4
17.05.2021;2612;;4 900;completed;Alexandersmith66@yandex.ru;44333;5;3;1100.0;1900.0;1900.0;5
03.05.2021;3192;;7 500;completed;Sophialopez33@mail.ru;44319;5;3;2000.0;2000.0;3500.0;5
21.09.2021;3323;;4 887;completed;Isabellataylor1993@outlook.com;44284;3;3;800.0;587.0;3500.0;9
01.07.2021;2576;;6 240;completed;Charlottetaylor2007@yahoo.com;44247;2;3;4900.0;240.0;1100.0;7
10.09.2021;4016;;2 587;completed;Alexanderwilliams1993@outlook.com;44449;9;2;587.0;2000.0;;9
25.08.2021;3330;;7 790;returned;Charlottemoore33@outlook.com;44433;8;3;890.0;2000.0;4900.0;8
24.02.2021;3600;;3 825;completed;Sophiabrown66@yahoo.com;44251;2;2;;325.0;3500.0;2
25.06.2021;3173;;3 025;completed;emmabrown12@gmail.com;44372;6;3;325.0;800.0;1900.0;6
26.08.2021;1445;;1 387;completed;isabellawilliams33@gmail.com;44327;5;2;;587.0;800.0;8
06.12.2021;2099;;4 600;completed;lucasmartinez12@gmail.com;44414;8;2;1100.0;;3500.0;12
10.08.2021;3110;;3 040;completed;Sophiawilliams1987@yandex.ru;44418;8;3;240.0;2000.0;800.0;8
06.07.2021;2004;;4 240;completed;Sophiabrown66@yahoo.com;44383;7;3;2000.0;2000.0;240.0;7
21.01.2022;3405;;0;completed;Oliversmith1993@yahoo.com;44418;8;0;;;;13
24.05.2021;2055;;8 640;completed;Lucaslopez1993@mail.ru;44340;5;3;4900.0;240.0;3500.0;5
23.05.2021;4107;;1 174;completed;Oliverlopez33@outlook.com;44339;5;2;587.0;587.0;;5
17.03.2021;3768;;3 590;completed;Liammoore66@yahoo.com;44272;3;3;890.0;1900.0;800.0;3
14.02.2022;1776;;2 020;completed;Alexandermartinez33@yandex.ru;44438;8;3;890.0;890.0;240.0;14
22.08.2021;3509;;2 487;completed;Alexandermartinez0@outlook.com;44430;8;2;1900.0;587.0;;8
27.01.2022;4164;;6 600;completed;Charlottewilliams1987@yahoo.com;44588;13;3;1100.0;3500.0;2000.0;13
03.07.2021;3807;;1 930;completed;sophiaanderson12@gmail.com;44380;7;3;240.0;890.0;800.0;7
28.09.2021;2657;;7 387;completed;avawilliams66@gmail.com;44334;5;3;4900.0;587.0;1900.0;9
10.12.2021;3197;;4 977;completed;Olivermartinez2007@mail.ru;44243;2;3;587.0;3500.0;890.0;12
23.10.2021;1675;;5 100;completed;lucasbrown2007@gmail.com;44492;10;3;3500.0;800.0;800.0;10
08.07.2021;3850;;6 890;completed;Alexandertaylor12@mail.ru;44284;3;3;890.0;4900.0;1100.0;7
11.10.2021;2730;;1 152;completed;williamjackson33@gmail.com;44480;10;3;587.0;240.0;325.0;10
26.05.2021;3356;;2 790;completed;Charlottebrown0@yahoo.com;44342;5;2;890.0;;1900.0;5
18.03.2021;1959;;5 987;completed;Emmajackson1987@yahoo.com;44273;3;3;1900.0;587.0;3500.0;3
27.05.2021;3390;;4 630;completed;williamjackson1987@gmail.com;44343;5;3;240.0;3500.0;890.0;5
02.11.2021;3993;;6 000;completed;sophiamartinez13@gmail.com;44243;2;2;;4900.0;1100.0;11
11.05.2021;1445;;912;completed;isabellawilliams33@gmail.com;44327;5;2;;325.0;587.0;5
09.11.2021;3267;;4 800;completed;Alexanderwilliams12@outlook.com;44509;11;3;2000.0;800.0;2000.0;11
21.07.2021;3313;;6 074;completed;Williammartinez88@outlook.com;44291;4;3;587.0;4900.0;587.0;7
11.11.2021;2994;;2 465;completed;Liamthomas2007@mail.ru;44271;3;3;1900.0;240.0;325.0;11
10.07.2021;2778;;6 377;completed;Alexandermoore1987@yahoo.com;44387;7;3;4900.0;890.0;587.0;7
27.09.2021;1371;;1 100;completed;Avamartinez1987@yandex.ru;44300;4;1;;;1100.0;9
10.01.2022;3291;;1 425;returned;Emmaanderson1993@yandex.ru;44384;7;2;;1100.0;325.0;13
05.11.2021;1840;;5 100;completed;williambrown33@gmail.com;44259;3;3;1100.0;2000.0;2000.0;11
29.03.2021;3850;;1 687;completed;Alexandertaylor12@mail.ru;44284;3;2;;1100.0;587.0;3
23.02.2021;2076;;10 690;completed;Charlottesmith13@yandex.ru;44250;2;3;4900.0;890.0;4900.0;2
21.06.2021;3446;;3 100;completed;Emmataylor1987@yahoo.com;44368;6;2;2000.0;1100.0;;6
09.06.2021;2233;;1 215;completed;Liamwilliams2007@mail.ru;44356;6;2;325.0;;890.0;6
19.08.2021;2355;;2 827;returned;Emmajackson1993@outlook.com;44427;8;3;240.0;2000.0;587.0;8
04.04.2021;2033;;5 100;completed;Lucasmoore69@yandex.ru;44290;4;3;2000.0;1100.0;2000.0;4
23.04.2021;1875;;3 000;completed;Emmathomas66@outlook.com;44309;4;2;;1900.0;1100.0;4
11.10.2021;2647;;480;completed;Olivertaylor69@yahoo.com;44279;3;2;;240.0;240.0;10
09.02.2022;1625;;5 812;completed;Charlottethomas12@mail.ru;44494;10;3;587.0;4900.0;325.0;14
10.06.2021;3640;;4 300;completed;emmamartinez88@gmail.com;44357;6;2;800.0;3500.0;;6
13.06.2021;2829;;1 067;completed;Olivertaylor1987@mail.ru;44304;4;3;240.0;587.0;240.0;6
30.10.2021;3400;;2 727;completed;lucasanderson66@gmail.com;44365;6;3;587.0;1900.0;240.0;10
19.04.2021;1584;;2 240;completed;avamoore2007@gmail.com;44305;4;2;240.0;2000.0;;4
05.09.2021;3486;;8 800;completed;Sophiamartinez1987@outlook.com;44426;8;3;2000.0;4900.0;1900.0;9
04.05.2021;1584;;3 990;completed;avamoore2007@gmail.com;44305;4;3;1100.0;2000.0;890.0;5
04.10.2021;3913;;6 290;completed;Williamtaylor66@outlook.com;44473;10;3;1900.0;890.0;3500.0;10
16.04.2021;3257;;2 240;completed;Liamanderson66@yandex.ru;44302;4;2;240.0;2000.0;;4
30.09.2021;3920;;1 477;completed;sophiasmith33@gmail.com;44450;9;2;890.0;;587.0;9
04.10.2021;1445;;3 587;completed;isabellawilliams33@gmail.com;44327;5;3;1100.0;587.0;1900.0;10
06.04.2021;1808;;5 700;returned;Liamanderson0@outlook.com;44292;4;3;1100.0;1100.0;3500.0;4
25.06.2021;3419;;2 187;completed;Lucasanderson1993@mail.ru;44372;6;3;587.0;800.0;800.0;6
13.10.2021;2672;;8 640;completed;Liamanderson13@outlook.com;44276;3;3;3500.0;4900.0;240.0;10
15.04.2021;3760;;6 377;completed;Williammoore1987@yandex.ru;44301;4;3;890.0;587.0;4900.0;4
30.08.2021;2698;;7 700;completed;Charlottebrown66@mail.ru;44438;8;3;800.0;4900.0;2000.0;8
07.07.2021;3106;;5 700;completed;Williammartinez1987@yandex.ru;44268;3;2;;800.0;4900.0;7
27.08.2021;3274;;5 187;completed;Isabellawilliams0@mail.ru;44435;8;3;1100.0;3500.0;587.0;8
25.02.2021;1397;;1 780;completed;Emmasmith66@mail.ru;44252;2;2;890.0;890.0;;2
18.06.2021;1571;;1 580;completed;Lucasthomas12@yahoo.com;44365;6;3;240.0;1100.0;240.0;6
29.01.2022;3429;;2 315;completed;Sophiajackson1993@yahoo.com;44313;4;3;325.0;890.0;1100.0;13
20.02.2021;2056;;2 380;completed;Isabellathomas13@outlook.com;44247;2;3;240.0;1900.0;240.0;2
21.08.2021;2790;;3 600;completed;Alexanderthomas33@yandex.ru;44384;7;3;800.0;800.0;2000.0;8
06.08.2021;2578;;6 800;completed;Oliverwilliams1993@mail.ru;44336;5;3;4900.0;800.0;1100.0;8
30.07.2021;3469;;2 790;completed;Isabellajackson1993@gmail.com;44407;7;2;1900.0;;890.0;7
16.03.2021;2994;;1 930;completed;Liamthomas2007@mail.ru;44271;3;3;240.0;800.0;890.0;3
09.02.2022;2370;;3 115;completed;Williamwilliams2007@yandex.ru;44258;3;3;1900.0;890.0;325.0;14
03.01.2022;1751;;6 890;completed;Alexandermartinez13@mail.ru;44438;8;3;4900.0;1100.0;890.0;13
03.03.2021;3934;;4 625;completed;Avamartinez1987@mail.ru;44258;3;3;800.0;325.0;3500.0;3
12.11.2021;2426;;9 500;completed;williammartinez13@gmail.com;44512;11;3;3500.0;4900.0;1100.0;11
04.05.2021;2106;;5 812;completed;Isabellawilliams12@mail.ru;44255;2;3;4900.0;587.0;325.0;5
22.03.2021;3775;;10 300;completed;Alexandermartinez12@yahoo.com;44274;3;3;3500.0;4900.0;1900.0;3
31.10.2021;1786;;8 000;completed;Olivertaylor12@mail.ru;44500;10;3;1100.0;4900.0;2000.0;10
15.12.2021;3811;;4 387;completed;Emmawilliams12@mail.ru;44392;7;3;1900.0;1900.0;587.0;12
09.08.2021;2723;;2 465;completed;Williamanderson1987@outlook.com;44417;8;3;1900.0;325.0;240.0;8
15.09.2021;3345;;4 087;completed;Charlottejackson1987@mail.ru;44417;8;2;587.0;;3500.0;9
28.09.2021;4146;;6 290;completed;Isabellamartinez66@yahoo.com;44467;9;3;1900.0;890.0;3500.0;9
29.11.2021;3155;;2 315;completed;Charlottetaylor0@yandex.ru;44529;11;3;325.0;1100.0;890.0;11
12.10.2021;3282;;1 125;completed;Charlotteanderson66@gmail.com;44313;4;2;;325.0;800.0;10
29.03.2021;3945;;3 890;completed;alexanderbrown2007@gmail.com;44284;3;3;890.0;1900.0;1100.0;3
08.06.2021;2449;;1 499;completed;oliverwilliams88@gmail.com;44319;5;3;325.0;587.0;587.0;6
05.01.2022;2556;;3 990;completed;Alexandermoore2007@yahoo.com;44384;7;3;2000.0;890.0;1100.0;13
21.07.2021;2847;;4 600;completed;Lucastaylor0@outlook.com;44398;7;2;3500.0;;1100.0;7
01.05.2021;1936;;3 325;completed;Lucassmith12@yandex.ru;44317;5;3;325.0;1100.0;1900.0;5
26.12.2021;2190;;2 440;completed;emmasmith12@gmail.com;44402;7;3;1100.0;1100.0;240.0;12
30.11.2021;3483;;6 377;completed;Lucasmoore1993@outlook.com;44269;3;3;4900.0;587.0;890.0;11
30.08.2021;1244;;4 300;completed;Oliveranderson1993@yandex.ru;44323;5;2;;3500.0;800.0;8
30.07.2021;1862;;1 450;completed;emmamoore13@gmail.com;44279;3;3;800.0;325.0;325.0;7
11.07.2021;2402;;5 825;completed;Avasmith1993@mail.ru;44388;7;3;325.0;2000.0;3500.0;7
20.03.2021;1881;;1 974;completed;oliverthomas1993@gmail.com;44275;3;3;587.0;587.0;800.0;3
27.12.2021;2173;;4 412;completed;Alexanderwilliams1993@mail.ru;44557;12;3;3500.0;587.0;325.0;12
01.06.2021;3643;;7 387;completed;williamthomas13@gmail.com;44348;6;3;4900.0;587.0;1900.0;6
19.06.2021;3540;;4 790;completed;Isabellataylor0@mail.ru;44366;6;3;2000.0;1900.0;890.0;6
03.10.2021;2092;;6 087;completed;Sophialopez69@outlook.com;44472;10;3;2000.0;3500.0;587.0;10
13.03.2021;1365;;3 115;completed;Liamwilliams0@yahoo.com;44268;3;3;890.0;325.0;1900.0;3
29.12.2021;2965;;2 277;completed;Sophiabrown88@yandex.ru;44374;6;3;587.0;800.0;890.0;12
10.10.2021;2505;;1 237;completed;Charlottemartinez33@yandex.ru;44479;10;3;325.0;587.0;325.0;10
27.09.2021;3707;;3 040;completed;Isabellamartinez33@outlook.com;44259;3;3;800.0;2000.0;240.0;9
01.09.2021;2975;;3 000;completed;Isabellabrown66@outlook.com;44440;9;3;800.0;1100.0;1100.0;9
27.12.2021;3705;;3 130;completed;Alexanderlopez1993@outlook.com;44295;4;3;240.0;2000.0;890.0;12
03.10.2021;4207;;4 387;completed;Alexandertaylor88@outlook.com;44390;7;3;1900.0;587.0;1900.0;10
20.05.2021;2043;;565;completed;alexandermoore12@gmail.com;44336;5;2;240.0;;325.0;5
07.04.2021;2947;;1 900;completed;Olivermoore33@yahoo.com;44293;4;2;;800.0;1100.0;4
26.03.2021;2501;;7 040;completed;Oliverwilliams13@yahoo.com;44281;3;3;1900.0;240.0;4900.0;3
11.01.2022;1322;;1 237;completed;Isabellasmith12@outlook.com;44474;10;3;325.0;325.0;587.0;13
06.10.2021;2828;;4 600;completed;Williamanderson12@yandex.ru;44245;2;2;1100.0;3500.0;;10
28.09.2021;1845;;565;completed;Lucasmoore0@gmail.com;44467;9;2;240.0;325.0;;9
05.06.2021;2810;;2 315;completed;Williamlopez88@outlook.com;44352;6;3;325.0;890.0;1100.0;6
17.04.2021;1766;;6 030;completed;Isabellalopez88@outlook.com;44303;4;3;4900.0;240.0;890.0;4
19.07.2021;1832;;3 000;completed;Williamsmith1987@yandex.ru;44396;7;2;1900.0;;1100.0;7
07.05.2021;2344;;7 600;completed;oliveranderson2007@gmail.com;44323;5;3;1900.0;4900.0;800.0;5
19.12.2021;3762;;2 064;completed;Williammartinez66@outlook.com;44427;8;3;587.0;890.0;587.0;12
16.12.2021;3832;;2 727;completed;Charlottewilliams33@outlook.com;44546;12;3;587.0;1900.0;240.0;12
17.01.2022;3834;;2 525;returned;Charlottethomas69@outlook.com;44529;11;3;1100.0;1100.0;325.0;13
07.07.2021;1485;;3 740;completed;avaanderson0@gmail.com;44384;7;2;240.0;3500.0;;7
11.11.2021;2031;;6 200;completed;Avabrown2007@yandex.ru;44434;8;3;3500.0;1900.0;800.0;11
13.08.2021;4026;;7 790;completed;Isabellajackson0@yahoo.com;44421;8;3;2000.0;890.0;4900.0;8
15.06.2021;2150;;2 240;completed;Lucasanderson69@outlook.com;44276;3;2;240.0;;2000.0;6
09.06.2021;3770;;7 600;completed;Isabellamartinez88@outlook.com;44284;3;3;1900.0;4900.0;800.0;6
10.01.2022;3614;;4 977;completed;Avaanderson0@outlook.com;44367;6;3;3500.0;890.0;587.0;13
26.11.2021;3206;;9 500;completed;Isabellabrown1987@outlook.com;44342;5;3;1100.0;3500.0;4900.0;11
24.06.2021;1258;;2 230;completed;Isabellataylor1987@yandex.ru;44371;6;3;890.0;1100.0;240.0;6
31.07.2021;4195;;6 074;completed;Charlottesmith88@mail.ru;44319;5;3;4900.0;587.0;587.0;7
20.09.2021;1963;;2 727;completed;Sophialopez88@outlook.com;44459;9;3;240.0;587.0;1900.0;9
16.03.2021;2927;;2 790;returned;avamartinez66@gmail.com;44271;3;3;890.0;800.0;1100.0;3
04.08.2021;1603;;5 140;completed;Charlottesmith1987@yandex.ru;44412;8;2;;240.0;4900.0;8
11.04.2021;2506;;4 600;completed;liamthomas0@gmail.com;44297;4;2;;3500.0;1100.0;4
11.10.2021;1337;;2 790;completed;Sophiaanderson69@outlook.com;44480;10;3;800.0;1100.0;890.0;10
18.05.2021;2657;;7 700;completed;avawilliams66@gmail.com;44334;5;3;2000.0;4900.0;800.0;5
04.01.2022;1643;;5 225;completed;lucassmith13@gmail.com;44255;2;2;;4900.0;325.0;13
23.10.2021;3194;;7 140;completed;liammartinez88@gmail.com;44346;5;3;2000.0;240.0;4900.0;10
28.05.2021;2432;;6 000;completed;Emmathomas66@mail.ru;44344;5;2;;1100.0;4900.0;5
22.07.2021;1996;;1 215;returned;Emmalopez69@yandex.ru;44347;5;2;325.0;890.0;;7
13.02.2022;3462;;2 580;completed;Avataylor2007@yahoo.com;44388;7;3;890.0;890.0;800.0;14
14.07.2021;2063;;2 225;completed;Charlottelopez33@mail.ru;44391;7;3;1100.0;800.0;325.0;7
16.08.2021;3474;;5 100;completed;Oliverthomas69@yahoo.com;44323;5;3;2000.0;1100.0;2000.0;8
30.11.2021;4012;;3 100;completed;Charlottewilliams66@outlook.com;44433;8;2;1100.0;;2000.0;11
21.06.2021;1912;;2 367;completed;lucastaylor1987@gmail.com;44368;6;3;890.0;890.0;587.0;6
13.12.2021;3684;;1 974;completed;Alexandersmith2007@outlook.com;44543;12;3;587.0;800.0;587.0;12
21.03.2021;2857;;5 225;completed;Charlottebrown33@yandex.ru;44276;3;2;4900.0;;325.0;3
08.04.2021;3412;;7 500;completed;Sophiamoore0@yandex.ru;44284;3;3;2000.0;2000.0;3500.0;4
21.08.2021;2212;;1 040;completed;Liambrown88@mail.ru;44285;3;2;240.0;800.0;;8
25.10.2021;1531;;8 725;completed;emmataylor12@gmail.com;44494;10;3;4900.0;3500.0;325.0;10
10.12.2021;4180;;5 280;returned;Williamthomas1987@mail.ru;44540;12;3;890.0;890.0;3500.0;12
01.03.2021;1488;;7 387;completed;Oliverthomas13@mail.ru;44256;3;3;1900.0;4900.0;587.0;3
03.04.2021;1246;;240;completed;Avasmith2007@outlook.com;44289;4;1;;240.0;;4
30.10.2021;1243;;3 990;completed;Lucasbrown69@yahoo.com;44499;10;3;2000.0;890.0;1100.0;10
11.12.2021;4154;;6 890;completed;Charlotteanderson88@outlook.com;44541;12;3;1100.0;4900.0;890.0;12
30.03.2021;2537;;6 074;completed;Charlottethomas69@yahoo.com;44285;3;3;4900.0;587.0;587.0;3
28.03.2021;3475;;3 040;completed;Liammartinez1987@yandex.ru;44283;3;3;2000.0;800.0;240.0;3
25.08.2021;4145;;912;completed;Williammartinez69@yandex.ru;44433;8;2;;587.0;325.0;8
28.12.2021;2314;;2 015;completed;Alexandermartinez33@mail.ru;44440;9;3;325.0;800.0;890.0;12
05.07.2021;1864;;3 990;completed;emmalopez1993@gmail.com;44298;4;3;2000.0;890.0;1100.0;7
22.10.2021;1357;;2 015;returned;charlottejackson13@gmail.com;44491;10;3;325.0;890.0;800.0;10
20.06.2021;1995;;1 215;returned;liammartinez0@gmail.com;44367;6;2;325.0;;890.0;6
01.10.2021;1751;;805;returned;Alexandermartinez13@mail.ru;44438;8;3;325.0;240.0;240.0;10
13.04.2021;2458;;3 025;completed;Williamwilliams1993@mail.ru;44299;4;3;325.0;800.0;1900.0;4
03.02.2022;2555;;5 700;completed;Williamtaylor0@outlook.com;44402;7;2;;4900.0;800.0;14
23.10.2021;2815;;6 200;completed;Isabellabrown0@outlook.com;44244;2;3;1900.0;3500.0;800.0;10
21.07.2021;3239;;7 125;completed;Williambrown33@outlook.com;44292;4;3;1900.0;325.0;4900.0;7
20.07.2021;2977;;5 825;completed;olivertaylor13@gmail.com;44364;6;3;3500.0;2000.0;325.0;7
02.06.2021;1838;;2 565;completed;Emmamoore13@mail.ru;44349;6;3;2000.0;325.0;240.0;6
09.07.2021;1641;;800;returned;Avathomas13@mail.ru;44386;7;1;800.0;;;7
12.05.2021;2107;;3 780;completed;Sophiabrown1987@yandex.ru;44328;5;3;2000.0;890.0;890.0;5
28.08.2021;1880;;3 590;completed;Sophiamoore88@outlook.com;44390;7;3;800.0;1900.0;890.0;8
14.01.2022;3700;;4 540;completed;Charlottethomas0@outlook.com;44575;13;3;800.0;3500.0;240.0;13
08.08.2021;4150;;2 140;returned;Sophiamoore1987@yahoo.com;44416;8;2;;1900.0;240.0;8
19.05.2021;2062;;6 800;completed;Isabellataylor13@yandex.ru;44335;5;2;4900.0;;1900.0;5
19.03.2021;1279;;3 687;completed;Alexanderthomas33@outlook.com;44274;3;3;587.0;2000.0;1100.0;3
25.10.2021;4013;;2 790;completed;Isabellawilliams33@outlook.com;44494;10;3;800.0;1100.0;890.0;10
12.11.2021;3274;;2 140;completed;Isabellawilliams0@mail.ru;44435;8;2;1900.0;;240.0;11
01.08.2021;2801;;1 665;completed;Lucasmoore66@yandex.ru;44373;6;3;325.0;240.0;1100.0;8
27.06.2021;3446;;5 280;completed;Emmataylor1987@yahoo.com;44368;6;3;890.0;3500.0;890.0;6
25.11.2021;3827;;5 812;completed;Lucaslopez69@yahoo.com;44525;11;3;4900.0;587.0;325.0;11
04.01.2022;3212;;827;completed;alexandermartinez2007@gmail.com;44488;10;2;587.0;;240.0;13
13.09.2021;2806;;6 900;completed;Liamtaylor12@yandex.ru;44371;6;2;2000.0;4900.0;;9
02.06.2021;3872;;9 800;completed;Williambrown88@outlook.com;44349;6;2;4900.0;4900.0;;6
05.06.2021;1437;;14 700;completed;liamtaylor13@gmail.com;44352;6;3;4900.0;4900.0;4900.0;6
03.05.2021;1592;;2 480;completed;Avawilliams33@yahoo.com;44262;3;3;240.0;240.0;2000.0;5
02.09.2021;3078;;1 237;completed;Alexanderanderson13@yandex.ru;44441;9;3;325.0;587.0;325.0;9
22.12.2021;3291;;2 367;returned;Emmaanderson1993@yandex.ru;44384;7;3;890.0;587.0;890.0;12
07.07.2021;3285;;8 700;completed;Lucasmoore1993@yahoo.com;44361;6;3;4900.0;1900.0;1900.0;7
20.10.2021;2041;;5 487;completed;Alexanderanderson88@yandex.ru;44489;10;2;4900.0;;587.0;10
29.04.2021;2727;;10 125;completed;Liamanderson66@outlook.com;44315;4;3;4900.0;325.0;4900.0;4
09.06.2021;3236;;2 787;completed;Alexanderbrown1987@yahoo.com;44334;5;3;1100.0;1100.0;587.0;6
16.06.2021;1991;;6 087;completed;liammoore2007@gmail.com;44363;6;3;587.0;3500.0;2000.0;6
01.11.2021;2917;;8 640;completed;Alexanderthomas33@yandex.ru;44301;4;3;4900.0;240.0;3500.0;11
19.02.2021;1449;;6 087;completed;Sophiaanderson88@yahoo.com;44246;2;3;3500.0;2000.0;587.0;2
19.10.2021;1426;;3 477;completed;Isabellajackson1987@yahoo.com;44488;10;3;890.0;587.0;2000.0;10
25.08.2021;1934;;6 587;completed;Emmalopez33@mail.ru;44279;3;3;587.0;1100.0;4900.0;8
07.01.2022;3690;;4 065;returned;Oliverthomas0@yandex.ru;44568;13;3;325.0;240.0;3500.0;13
28.02.2021;3772;;3 040;completed;Sophialopez88@yahoo.com;44255;2;3;240.0;800.0;2000.0;2
29.06.2021;2593;;5 190;returned;Isabellasmith0@yandex.ru;44376;6;3;3500.0;800.0;890.0;6
24.01.2022;4208;;6 800;completed;Liammoore13@outlook.com;44455;9;2;;1900.0;4900.0;13
25.04.2021;4123;;7 587;completed;Olivermoore33@yahoo.com;44245;2;3;3500.0;587.0;3500.0;4
17.12.2021;3687;;650;completed;Charlottebrown66@yahoo.com;44354;6;2;325.0;;325.0;12
11.04.2021;1269;;4 065;returned;Williamlopez12@yandex.ru;44297;4;3;3500.0;325.0;240.0;4
03.05.2021;2587;;8 800;completed;Isabellasmith33@outlook.com;44319;5;3;2000.0;1900.0;4900.0;5
05.06.2021;1291;;1 477;completed;Avataylor33@mail.ru;44352;6;2;;587.0;890.0;6
17.02.2021;2904;;3 680;completed;Sophiasmith13@yahoo.com;44244;2;3;1900.0;890.0;890.0;2
04.03.2021;3613;;7 700;completed;isabellalopez69@gmail.com;44259;3;3;2000.0;4900.0;800.0;3
05.04.2021;1270;;3 690;completed;Charlottesmith33@mail.ru;44291;4;3;2000.0;800.0;890.0;4
08.06.2021;1407;;1 927;completed;Williamjackson0@yandex.ru;44355;6;3;1100.0;240.0;587.0;6
20.04.2021;2340;;7 140;completed;charlottesmith2007@gmail.com;44277;3;3;2000.0;240.0;4900.0;4
25.01.2022;3377;;3 825;completed;Alexandersmith12@mail.ru;44369;6;2;3500.0;;325.0;13
03.05.2021;2604;;5 400;completed;Emmataylor33@yandex.ru;44301;4;3;800.0;3500.0;1100.0;5
07.11.2021;3417;;8 725;completed;Charlotteanderson1987@yahoo.com;44349;6;3;4900.0;3500.0;325.0;11
27.10.2021;3768;;1 927;completed;Liammoore66@yahoo.com;44272;3;3;587.0;1100.0;240.0;10
10.09.2021;3901;;3 590;completed;sophiamoore1987@gmail.com;44449;9;3;890.0;1900.0;800.0;9
26.05.2021;2850;;2 400;completed;Williammoore69@yahoo.com;44342;5;3;800.0;800.0;800.0;5
07.11.2021;1493;;3 125;completed;Williamjackson2007@yandex.ru;44507;11;3;2000.0;325.0;800.0;11
17.03.2021;3618;;5 400;completed;Emmajackson1993@yandex.ru;44272;3;2;3500.0;;1900.0;3
05.07.2021;2240;;2 812;completed;Williammoore12@mail.ru;44302;4;3;325.0;1900.0;587.0;7
23.08.2021;3192;;6 030;completed;Sophialopez33@mail.ru;44319;5;3;4900.0;890.0;240.0;8
26.06.2021;2735;;5 380;returned;Olivermartinez0@mail.ru;44373;6;3;4900.0;240.0;240.0;6
13.05.2021;2934;;5 465;completed;Isabellajackson12@outlook.com;44272;3;3;325.0;4900.0;240.0;5
19.02.2021;1474;;1 930;completed;lucasmartinez69@gmail.com;44246;2;3;800.0;890.0;240.0;2
26.04.2021;2682;;6 290;completed;Charlotteanderson2007@outlook.com;44312;4;3;890.0;3500.0;1900.0;4
26.05.2021;2689;;1 125;completed;Charlotteanderson33@yahoo.com;44342;5;2;325.0;800.0;;5
18.11.2021;1235;;2 140;completed;Williamlopez66@yahoo.com;44518;11;3;1100.0;800.0;240.0;11
22.11.2021;1684;;5 100;completed;Oliverbrown13@outlook.com;44522;11;3;3500.0;800.0;800.0;11
08.05.2021;3689;;9 800;completed;Olivertaylor12@yahoo.com;44305;4;2;4900.0;;4900.0;5
05.08.2021;2746;;4 325;returned;liammoore69@gmail.com;44273;3;3;2000.0;2000.0;325.0;8
11.05.2021;3704;;7 000;completed;Lucastaylor12@outlook.com;44327;5;2;;3500.0;3500.0;5
24.02.2021;4177;;4 600;completed;Avalopez33@yandex.ru;44251;2;2;3500.0;;1100.0;2
02.07.2021;3573;;3 040;completed;Charlottebrown69@mail.ru;44379;7;3;800.0;240.0;2000.0;7
15.09.2021;3912;;13 300;completed;williamlopez88@gmail.com;44454;9;3;4900.0;4900.0;3500.0;9
30.06.2021;1606;;1 425;completed;Williamtaylor12@yahoo.com;44296;4;2;325.0;1100.0;;6
30.03.2021;2212;;1 387;completed;Liambrown88@mail.ru;44285;3;2;;587.0;800.0;3
14.04.2021;2886;;2 487;completed;Lucasthomas33@yandex.ru;44300;4;3;800.0;1100.0;587.0;4
14.03.2021;2079;;4 100;completed;Liamthomas1993@yahoo.com;44269;3;3;1100.0;1100.0;1900.0;3
10.11.2021;3191;;5 187;completed;Charlottemoore12@outlook.com;44510;11;3;3500.0;1100.0;587.0;11
15.10.2021;3718;;2 015;completed;Alexandersmith0@yandex.ru;44484;10;3;800.0;890.0;325.0;10
10.11.2021;2233;;11 900;completed;Liamwilliams2007@mail.ru;44356;6;3;3500.0;3500.0;4900.0;11
11.12.2021;1585;;2 325;completed;Charlottemoore2007@yahoo.com;44484;10;2;;325.0;2000.0;12
05.09.2021;1448;;4 840;completed;lucasbrown0@gmail.com;44413;8;3;1100.0;3500.0;240.0;9
13.06.2021;1365;;2 700;completed;Liamwilliams0@yahoo.com;44268;3;2;1900.0;800.0;;6
16.02.2021;3177;;3 387;completed;Isabellamartinez69@outlook.com;44243;2;3;2000.0;800.0;587.0;2
28.08.2021;1638;;4 327;completed;Charlottewilliams1987@mail.ru;44251;2;3;240.0;3500.0;587.0;8
12.09.2021;4186;;5 640;returned;liamwilliams0@gmail.com;44350;6;3;240.0;3500.0;1900.0;9
22.05.2021;3808;;3 100;completed;Liamlopez66@yahoo.com;44338;5;2;1100.0;2000.0;;5
21.12.2021;2129;;6 087;completed;Liamthomas69@yandex.ru;44352;6;3;587.0;2000.0;3500.0;12
01.10.2021;4035;;3 040;returned;Avaanderson33@yandex.ru;44320;5;3;240.0;2000.0;800.0;10
31.01.2022;2694;;4 327;completed;Liammoore12@yahoo.com;44277;3;3;240.0;587.0;3500.0;13
24.09.2021;3924;;10 125;completed;Charlottemartinez2007@yahoo.com;44352;6;3;4900.0;325.0;4900.0;9
18.01.2022;2076;;6 200;completed;Charlottesmith13@yandex.ru;44250;2;3;1900.0;800.0;3500.0;13
30.03.2021;1594;;1 780;completed;Lucasanderson69@mail.ru;44243;2;2;890.0;890.0;;3
21.09.2021;2004;;2 587;completed;Sophiabrown66@yahoo.com;44383;7;2;587.0;2000.0;;9
13.10.2021;3566;;4 800;completed;Avawilliams88@mail.ru;44482;10;3;800.0;2000.0;2000.0;10
18.11.2021;3245;;2 225;completed;liamtaylor0@gmail.com;44260;3;3;325.0;800.0;1100.0;11
24.07.2021;3763;;8 640;completed;Sophiamartinez0@yahoo.com;44356;6;3;4900.0;240.0;3500.0;7
16.09.2021;3286;;2 140;completed;charlottelopez1993@gmail.com;44385;7;2;240.0;1900.0;;9
17.11.2021;3514;;2 550;completed;Emmathomas13@mail.ru;44517;11;3;1900.0;325.0;325.0;11
03.01.2022;1401;;3 687;completed;Sophiaanderson13@yahoo.com;44564;13;3;2000.0;587.0;1100.0;13
14.02.2022;3990;;9 200;completed;liambrown33@gmail.com;44307;4;3;4900.0;800.0;3500.0;14
09.09.2021;2322;;4 900;completed;Lucasjackson2007@gmail.com;44331;5;3;1900.0;1900.0;1100.0;9
24.02.2021;3171;;1 627;returned;Avabrown13@mail.ru;44251;2;3;800.0;587.0;240.0;2
21.10.2021;2439;;2 565;completed;Oliverbrown0@outlook.com;44490;10;3;240.0;2000.0;325.0;10
23.11.2021;1761;;2 827;completed;Charlottetaylor1987@yandex.ru;44347;5;3;2000.0;587.0;240.0;11
16.11.2021;2232;;4 715;completed;Williambrown12@outlook.com;44516;11;3;325.0;3500.0;890.0;11
18.09.2021;2967;;2 440;completed;Sophiataylor1987@outlook.com;44333;5;3;1100.0;1100.0;240.0;9
07.04.2021;2160;;5 740;completed;Charlottethomas88@gmail.com;44293;4;3;3500.0;240.0;2000.0;4
02.05.2021;1466;;3 825;returned;Isabellasmith1993@mail.ru;44318;5;2;;325.0;3500.0;5
07.11.2021;3721;;2 787;completed;Alexanderthomas66@outlook.com;44507;11;3;587.0;1100.0;1100.0;11
27.04.2021;3429;;4 040;completed;Sophiajackson1993@yahoo.com;44313;4;3;240.0;1900.0;1900.0;4
07.05.2021;2818;;6 287;completed;Liammartinez13@outlook.com;44323;5;3;4900.0;587.0;800.0;5
05.04.2021;1728;;4 087;completed;Liammartinez0@mail.ru;44291;4;2;;3500.0;587.0;4
11.01.2022;4007;;2 230;completed;Williamjackson1987@yandex.ru;44572;13;3;890.0;240.0;1100.0;13
06.09.2021;3477;;4 387;completed;alexandersmith1987@gmail.com;44376;6;3;1900.0;587.0;1900.0;9
09.10.2021;1940;;1 237;returned;Williamthomas33@yandex.ru;44334;5;3;587.0;325.0;325.0;10
09.09.2021;2380;;8 400;completed;Williamthomas0@outlook.com;44448;9;2;;4900.0;3500.0;9
26.07.2021;2414;;6 377;returned;Williamsmith88@outlook.com;44273;3;3;4900.0;890.0;587.0;7
25.05.2021;1734;;3 287;completed;Olivermoore66@outlook.com;44254;2;3;800.0;1900.0;587.0;5
23.01.2022;1273;;5 000;completed;Lucassmith1987@yahoo.com;44281;3;3;1900.0;1100.0;2000.0;13
17.10.2021;3828;;4 790;completed;Avamartinez33@yandex.ru;44486;10;3;890.0;1900.0;2000.0;10
03.10.2021;2165;;5 727;completed;Sophiataylor12@yahoo.com;44472;10;3;4900.0;240.0;587.0;10
23.07.2021;1397;;3 130;completed;Emmasmith66@mail.ru;44252;2;3;2000.0;890.0;240.0;7
31.05.2021;3340;;4 600;completed;Emmalopez1987@mail.ru;44347;5;2;3500.0;1100.0;;5
01.09.2021;2314;;14 700;returned;Alexandermartinez33@mail.ru;44440;9;3;4900.0;4900.0;4900.0;9
03.06.2021;2405;;2 225;completed;Sophiataylor66@mail.ru;44350;6;3;325.0;1100.0;800.0;6
29.11.2021;2608;;4 087;completed;Olivertaylor88@outlook.com;44529;11;2;;3500.0;587.0;11
19.06.2021;2125;;4 390;completed;williamjackson33@gmail.com;44366;6;2;3500.0;890.0;;6
19.10.2021;1388;;10 400;completed;lucasjackson88@gmail.com;44284;3;3;3500.0;2000.0;4900.0;10
16.09.2021;3783;;3 287;completed;Charlottebrown12@yahoo.com;44293;4;3;587.0;800.0;1900.0;9
03.09.2021;2262;;3 900;completed;Oliveranderson13@outlook.com;44442;9;2;2000.0;;1900.0;9
23.05.2021;3729;;4 700;completed;Sophiataylor66@yahoo.com;44320;5;3;1900.0;2000.0;800.0;5
26.09.2021;1745;;5 700;completed;Oliverjackson69@outlook.com;44455;9;2;4900.0;800.0;;9
25.08.2021;3038;;5 465;completed;charlottemartinez0@gmail.com;44433;8;3;4900.0;240.0;325.0;8
21.12.2021;1755;;2 230;completed;Isabellabrown66@yahoo.com;44312;4;3;240.0;1100.0;890.0;12
07.11.2021;3523;;4 040;completed;Avamoore69@mail.ru;44272;3;3;1900.0;1900.0;240.0;11
23.09.2021;2678;;3 825;returned;Charlottelopez1987@outlook.com;44462;9;2;;325.0;3500.0;9
22.04.2021;4057;;3 477;completed;sophiathomas33@gmail.com;44308;4;3;2000.0;890.0;587.0;4
20.02.2021;2316;;1 717;completed;Williamjackson1987@mail.ru;44247;2;3;587.0;890.0;240.0;2
14.02.2022;3396;;5 465;completed;Olivermartinez69@yahoo.com;44332;5;3;240.0;325.0;4900.0;14
11.09.2021;2385;;4 390;completed;williamjackson1987@gmail.com;44450;9;2;890.0;3500.0;;9
05.12.2021;2677;;6 890;completed;Isabellabrown69@yahoo.com;44535;12;3;890.0;1100.0;4900.0;12
19.01.2022;2366;;2 240;completed;Liamwilliams88@mail.ru;44330;5;2;2000.0;240.0;;13
03.07.2021;3025;;1 040;completed;alexandertaylor1987@gmail.com;44360;6;2;240.0;;800.0;7
15.05.2021;1627;;1 365;completed;Williamanderson1993@yandex.ru;44263;3;3;800.0;325.0;240.0;5
04.06.2021;4188;;5 400;completed;Olivertaylor33@mail.ru;44351;6;2;3500.0;;1900.0;6
16.12.2021;2680;;10 400;completed;Williamanderson12@yahoo.com;44546;12;3;2000.0;4900.0;3500.0;12
14.06.2021;3859;;7 387;completed;Olivermartinez2007@mail.ru;44361;6;3;4900.0;587.0;1900.0;6
12.12.2021;2457;;2 187;returned;lucasmartinez88@gmail.com;44440;9;3;800.0;800.0;587.0;12
15.10.2021;4010;;3 387;completed;Isabellasmith13@yandex.ru;44484;10;3;2000.0;800.0;587.0;10
28.05.2021;3082;;3 587;completed;Charlottebrown12@yandex.ru;44318;5;3;1100.0;1900.0;587.0;5
19.02.2021;3535;;3 040;completed;Sophiaanderson0@mail.ru;44246;2;3;800.0;2000.0;240.0;2
21.03.2021;2150;;2 200;completed;Lucasanderson69@outlook.com;44276;3;2;1100.0;1100.0;;3
31.05.2021;1395;;3 690;completed;Emmalopez0@yahoo.com;44347;5;3;890.0;800.0;2000.0;5
13.01.2022;1934;;7 040;completed;Emmalopez33@mail.ru;44279;3;3;1900.0;240.0;4900.0;13
17.02.2021;1896;;5 700;completed;Sophiawilliams0@mail.ru;44244;2;2;800.0;4900.0;;2
08.10.2021;2906;;3 115;completed;Oliverlopez66@outlook.com;44277;3;3;325.0;1900.0;890.0;10
12.03.2021;4178;;2 550;completed;Isabellaanderson69@yahoo.com;44267;3;3;1900.0;325.0;325.0;3
16.04.2021;2846;;4 800;returned;Alexandermoore69@outlook.com;44302;4;3;2000.0;800.0;2000.0;4
14.09.2021;1495;;9 000;completed;Isabellamartinez33@mail.ru;44453;9;3;3500.0;3500.0;2000.0;9
17.04.2021;3450;;1 974;completed;Emmaanderson66@mail.ru;44303;4;3;587.0;800.0;587.0;4
09.03.2021;3676;;3 900;completed;Avajackson13@yahoo.com;44264;3;3;2000.0;1100.0;800.0;3
11.06.2021;3713;;2 890;completed;Charlottewilliams2007@mail.ru;44245;2;2;;2000.0;890.0;6
06.10.2021;3583;;3 040;returned;Olivermoore12@yahoo.com;44290;4;3;240.0;2000.0;800.0;10
23.01.2022;1329;;1 925;returned;Emmathomas66@outlook.com;44584;13;3;325.0;800.0;800.0;13
01.02.2022;1739;;7 587;completed;Isabellamartinez33@mail.ru;44288;4;3;3500.0;587.0;3500.0;14
27.05.2021;2572;;3 377;completed;Liamthomas66@yandex.ru;44281;3;3;587.0;1900.0;890.0;5
10.11.2021;3026;;6 287;completed;Avasmith12@yahoo.com;44269;3;3;800.0;4900.0;587.0;11
26.11.2021;1435;;2 577;returned;Emmabrown0@yandex.ru;44526;11;3;587.0;890.0;1100.0;11
24.03.2021;2647;;5 500;completed;Olivertaylor69@yahoo.com;44279;3;2;;3500.0;2000.0;3
27.06.2021;1628;;3 100;completed;Avalopez13@mail.ru;44374;6;2;1100.0;2000.0;;6
16.09.2021;2371;;7 140;completed;alexanderbrown66@gmail.com;44455;9;3;2000.0;240.0;4900.0;9
04.02.2022;2111;;2 240;completed;Lucastaylor88@yandex.ru;44472;10;2;2000.0;240.0;;14
23.11.2021;2182;;3 340;completed;Emmabrown88@outlook.com;44515;11;3;2000.0;240.0;1100.0;11
06.04.2021;2347;;2 577;completed;Isabellalopez1987@mail.ru;44272;3;3;587.0;890.0;1100.0;4
28.09.2021;3403;;3 387;completed;Sophiaanderson0@yahoo.com;44467;9;3;800.0;2000.0;587.0;9
18.02.2021;2152;;3 890;completed;Liammartinez69@yahoo.com;44245;2;3;1900.0;890.0;1100.0;2
10.09.2021;3596;;3 340;completed;Oliverthomas33@mail.ru;44449;9;3;1100.0;2000.0;240.0;9
23.05.2021;3609;;5 487;completed;Williamjackson1987@outlook.com;44339;5;2;587.0;;4900.0;5
07.09.2021;4022;;3 800;completed;sophiamartinez0@gmail.com;44374;6;3;1900.0;1100.0;800.0;9
20.03.2021;3042;;2 367;completed;Sophiathomas69@yahoo.com;44275;3;3;890.0;890.0;587.0;3
09.05.2021;1468;;3 477;completed;Liambrown13@yandex.ru;44325;5;3;890.0;587.0;2000.0;5
22.06.2021;2602;;6 300;completed;Avathomas88@yandex.ru;44296;4;3;800.0;3500.0;2000.0;6
13.11.2021;4071;;4 125;completed;Oliverthomas13@yandex.ru;44513;11;3;1900.0;325.0;1900.0;11
21.01.2022;1842;;9 500;completed;Liamlopez1993@outlook.com;44247;2;3;3500.0;1100.0;4900.0;13
13.01.2022;2580;;912;completed;Isabellalopez0@mail.ru;44357;6;2;;587.0;325.0;13
01.09.2021;2457;;5 465;completed;lucasmartinez88@gmail.com;44440;9;3;240.0;325.0;4900.0;9
26.12.2021;1918;;1 600;completed;Williammoore33@yahoo.com;44556;12;2;800.0;;800.0;12
02.08.2021;3433;;6 200;completed;sophiabrown13@gmail.com;44410;8;3;3500.0;1900.0;800.0;8
04.02.2022;2845;;3 680;completed;Alexanderthomas66@yahoo.com;44596;14;3;890.0;890.0;1900.0;14
19.01.2022;3459;;3 425;completed;sophiamoore33@gmail.com;44488;10;3;1100.0;2000.0;325.0;13
05.04.2021;4085;;1 125;completed;Sophiaanderson88@mail.ru;44291;4;2;;800.0;325.0;4
04.11.2021;3044;;6 115;completed;Avaanderson12@yandex.ru;44504;11;3;4900.0;325.0;890.0;11
19.10.2021;2194;;11 700;completed;Oliverlopez33@mail.ru;44289;4;3;4900.0;1900.0;4900.0;10
04.07.2021;4219;;7 600;completed;Williammartinez33@yahoo.com;44381;7;3;800.0;1900.0;4900.0;7
13.08.2021;2060;;3 100;completed;Williamthomas12@outlook.com;44421;8;2;2000.0;1100.0;;8
18.05.2021;1475;;3 325;completed;charlottebrown33@gmail.com;44251;2;3;1900.0;1100.0;325.0;5
03.11.2021;2899;;4 065;returned;Isabellaanderson12@mail.ru;44287;4;3;325.0;240.0;3500.0;11
25.03.2021;3197;;2 790;completed;Olivermartinez2007@mail.ru;44243;2;2;1900.0;;890.0;3
05.03.2021;2662;;7 140;completed;oliverwilliams0@gmail.com;44260;3;3;240.0;2000.0;4900.0;3
03.06.2021;1848;;3 800;completed;alexanderwilliams13@gmail.com;44308;4;3;800.0;1100.0;1900.0;6
24.06.2021;2345;;3 377;completed;Williamjackson88@gmail.com;44371;6;3;1900.0;587.0;890.0;6
17.09.2021;1677;;4 700;completed;Sophiasmith13@mail.ru;44456;9;3;800.0;1900.0;2000.0;9
26.09.2021;2776;;2 565;completed;sophiathomas0@gmail.com;44379;7;3;325.0;240.0;2000.0;9
06.01.2022;3368;;3 780;completed;alexandermoore1993@gmail.com;44272;3;3;890.0;890.0;2000.0;13
04.04.2021;3583;;827;completed;Olivermoore12@yahoo.com;44290;4;2;587.0;;240.0;4
08.07.2021;3546;;3 477;completed;Liamjackson1993@mail.ru;44385;7;3;587.0;2000.0;890.0;7
22.12.2021;2261;;3 074;completed;Sophiamoore1987@outlook.com;44316;4;3;587.0;587.0;1900.0;12
25.04.2021;2209;;6 680;completed;Oliverbrown0@yahoo.com;44311;4;3;890.0;890.0;4900.0;4
24.08.2021;2150;;1 100;completed;Lucasanderson69@outlook.com;44276;3;1;;1100.0;;8
19.01.2022;3054;;1 665;completed;Sophiajackson2007@mail.ru;44247;2;3;325.0;240.0;1100.0;13
13.03.2021;2955;;9 500;completed;avawilliams66@gmail.com;44268;3;3;3500.0;1100.0;4900.0;3
17.05.2021;1470;;3 980;completed;Emmataylor88@yahoo.com;44277;3;3;240.0;3500.0;240.0;5
07.09.2021;2703;;8 400;completed;Avalopez13@yahoo.com;44282;3;2;3500.0;4900.0;;9
04.11.2021;3249;;6 800;returned;Charlottejackson88@mail.ru;44504;11;3;4900.0;1100.0;800.0;11
16.01.2022;2346;;1 840;completed;Charlottemartinez2007@outlook.com;44297;4;3;800.0;240.0;800.0;13
14.09.2021;2946;;800;completed;Oliverthomas12@mail.ru;44244;2;1;800.0;;;9
08.09.2021;1818;;4 977;completed;Isabellalopez12@outlook.com;44246;2;3;3500.0;587.0;890.0;9
14.01.2022;1730;;8 640;completed;Lucasbrown66@yahoo.com;44264;3;3;3500.0;4900.0;240.0;13
11.02.2022;2332;;6 900;completed;Williammartinez2007@outlook.com;44335;5;2;;4900.0;2000.0;14
18.01.2022;2498;;3 825;completed;williamwilliams1987@gmail.com;44579;13;2;325.0;3500.0;;13
26.04.2021;3088;;7 700;completed;Emmamoore66@yandex.ru;44259;3;3;800.0;4900.0;2000.0;4
17.01.2022;4093;;6 800;completed;Alexanderthomas33@mail.ru;44324;5;3;4900.0;1100.0;800.0;13
28.10.2021;1771;;1 802;returned;Emmawilliams2007@yandex.ru;44289;4;3;587.0;325.0;890.0;10
25.12.2021;2813;;3 500;completed;Liamthomas88@yandex.ru;44503;11;3;1900.0;800.0;800.0;12
23.11.2021;3106;;4 412;completed;Williammartinez1987@yandex.ru;44268;3;3;587.0;325.0;3500.0;11
01.07.2021;1578;;3 115;completed;Lucassmith66@yandex.ru;44378;7;3;1900.0;325.0;890.0;7
11.09.2021;3129;;2 140;completed;Olivermartinez1987@yahoo.com;44450;9;2;;240.0;1900.0;9
16.01.2022;1506;;1 425;completed;Liamlopez69@mail.ru;44277;3;2;325.0;1100.0;;13
27.08.2021;3425;;5 187;completed;Liammoore1993@yandex.ru;44435;8;3;3500.0;1100.0;587.0;8
27.02.2021;3359;;3 587;completed;Charlottemoore1993@yandex.ru;44254;2;3;1100.0;587.0;1900.0;2
01.05.2021;1434;;4 487;completed;williamlopez1987@gmail.com;44317;5;3;1900.0;587.0;2000.0;5
20.04.2021;3785;;5 187;completed;Williamsmith2007@mail.ru;44306;4;3;3500.0;587.0;1100.0;4
30.09.2021;1712;;1 580;completed;Avamoore1993@outlook.com;44469;9;3;240.0;1100.0;240.0;9
20.06.2021;3209;;1 840;completed;Alexanderwilliams88@yahoo.com;44357;6;3;800.0;240.0;800.0;6
26.10.2021;2085;;9 290;completed;Isabellaanderson0@mail.ru;44389;7;3;4900.0;3500.0;890.0;10
08.08.2021;2196;;3 215;completed;alexanderlopez69@gmail.com;44408;7;3;2000.0;325.0;890.0;8
07.03.2021;3492;;1 712;completed;Alexandermartinez12@yandex.ru;44262;3;3;587.0;325.0;800.0;3
19.02.2021;1399;;2 487;completed;Oliverthomas1987@yandex.ru;44246;2;3;800.0;1100.0;587.0;2
18.09.2021;2634;;7 487;completed;isabellawilliams1987@gmail.com;44249;2;3;4900.0;2000.0;587.0;9
29.10.2021;2446;;3 780;completed;charlottelopez66@gmail.com;44498;10;3;2000.0;890.0;890.0;10
03.08.2021;1721;;1 665;completed;liamsmith1993@gmail.com;44298;4;3;1100.0;325.0;240.0;8
28.03.2021;4227;;1 687;completed;Avamartinez88@outlook.com;44283;3;2;;1100.0;587.0;3
25.01.2022;1676;;6 287;completed;isabellasmith1987@gmail.com;44319;5;3;587.0;4900.0;800.0;13
08.12.2021;1788;;2 487;completed;emmawilliams69@gmail.com;44307;4;2;587.0;1900.0;;12
17.08.2021;3269;;2 487;returned;oliverlopez88@gmail.com;44425;8;2;1900.0;;587.0;8
27.12.2021;2771;;3 387;completed;Avalopez66@mail.ru;44460;9;3;800.0;587.0;2000.0;12
28.09.2021;3286;;2 812;completed;charlottelopez1993@gmail.com;44385;7;3;587.0;325.0;1900.0;9
09.10.2021;2100;;7 600;completed;Isabellathomas12@mail.ru;44424;8;3;4900.0;1900.0;800.0;10
03.02.2022;1937;;4 240;completed;Lucasthomas0@outlook.com;44420;8;3;2000.0;240.0;2000.0;14
17.08.2021;1306;;10 125;returned;Isabellamartinez88@outlook.com;44425;8;3;4900.0;4900.0;325.0;8
12.03.2021;4063;;3 800;returned;Liamtaylor2007@yandex.ru;44267;3;3;1900.0;1100.0;800.0;3
28.01.2022;3483;;2 225;completed;Lucasmoore1993@outlook.com;44269;3;2;325.0;;1900.0;13
20.04.2021;3153;;6 587;completed;alexanderanderson1987@gmail.com;44306;4;3;1100.0;587.0;4900.0;4
01.07.2021;2141;;6 325;completed;Emmalopez12@yahoo.com;44378;7;3;325.0;4900.0;1100.0;7
24.04.2021;3926;;4 540;completed;sophialopez1987@gmail.com;44310;4;3;3500.0;800.0;240.0;4
24.05.2021;4021;;3 477;completed;Williamwilliams88@yahoo.com;44273;3;3;890.0;2000.0;587.0;5
28.02.2021;3730;;6 325;completed;Lucastaylor88@outlook.com;44255;2;3;1100.0;325.0;4900.0;2
13.10.2021;3662;;4 700;completed;Liambrown33@yahoo.com;44256;3;3;1900.0;2000.0;800.0;10
31.03.2021;3059;;3 287;completed;liamtaylor88@gmail.com;44269;3;3;800.0;1900.0;587.0;3
02.03.2021;3264;;2 940;completed;isabellaanderson13@gmail.com;44257;3;3;240.0;800.0;1900.0;3
25.04.2021;1268;;6 074;completed;Charlottethomas66@outlook.com;44311;4;3;587.0;587.0;4900.0;4
09.01.2022;3916;;5 187;completed;Sophiamartinez12@mail.ru;44388;7;3;1100.0;587.0;3500.0;13
22.04.2021;3163;;4 540;completed;Isabellasmith88@yahoo.com;44308;4;3;800.0;3500.0;240.0;4
06.07.2021;2942;;8 640;completed;Alexanderlopez13@yandex.ru;44346;5;3;3500.0;240.0;4900.0;7
27.03.2021;3734;;4 200;returned;emmabrown69@gmail.com;44282;3;3;1100.0;2000.0;1100.0;3
06.02.2022;2249;;5 225;completed;Isabellajackson13@yahoo.com;44598;14;2;4900.0;325.0;;14
21.10.2021;2174;;1 040;completed;Alexandertaylor2007@mail.ru;44330;5;2;;240.0;800.0;10
24.11.2021;3565;;2 020;completed;Isabellabrown88@mail.ru;44457;9;3;890.0;240.0;890.0;11
15.09.2021;2586;;3 300;completed;Isabellataylor33@outlook.com;44276;3;3;1100.0;1100.0;1100.0;9
18.12.2021;2271;;8 987;completed;Olivermoore88@yahoo.com;44267;3;3;3500.0;587.0;4900.0;12
31.05.2021;1996;;3 900;completed;Emmalopez69@yandex.ru;44347;5;3;1100.0;800.0;2000.0;5
09.04.2021;3705;;4 887;completed;Alexanderlopez1993@outlook.com;44295;4;3;800.0;587.0;3500.0;4
21.01.2022;1515;;13 300;completed;alexandertaylor69@gmail.com;44582;13;3;4900.0;3500.0;4900.0;13
13.01.2022;1753;;3 990;completed;liamthomas0@gmail.com;44574;13;3;2000.0;890.0;1100.0;13
04.02.2022;3505;;9 500;completed;Isabellamartinez1987@mail.ru;44257;3;3;4900.0;1100.0;3500.0;14
02.11.2021;2049;;3 100;completed;isabellathomas0@gmail.com;44317;5;2;1100.0;2000.0;;11
03.10.2021;1349;;1 455;completed;Charlottebrown1987@outlook.com;44358;6;3;240.0;325.0;890.0;10
14.12.2021;2062;;1 900;completed;Isabellataylor13@yandex.ru;44335;5;1;1900.0;;;12
29.09.2021;4171;;7 600;completed;Williamlopez88@outlook.com;44468;9;3;1900.0;4900.0;800.0;9
26.02.2021;1686;;2 440;completed;Oliverthomas88@mail.ru;44253;2;3;1100.0;240.0;1100.0;2
01.06.2021;2062;;6 377;completed;Isabellataylor13@yandex.ru;44335;5;3;4900.0;587.0;890.0;6
04.12.2021;4207;;6 587;completed;Alexandertaylor88@outlook.com;44390;7;3;1100.0;4900.0;587.0;12
24.11.2021;3029;;10 900;completed;Oliverbrown12@yahoo.com;44331;5;3;4900.0;1100.0;4900.0;11
13.12.2021;3532;;2 277;completed;Avabrown66@yahoo.com;44458;9;3;890.0;587.0;800.0;12
20.01.2022;4028;;3 687;returned;sophiaanderson1987@gmail.com;44355;6;3;1100.0;587.0;2000.0;13
15.11.2021;2787;;7 790;completed;Lucasanderson1993@mail.ru;44496;10;3;890.0;4900.0;2000.0;11
15.05.2021;3493;;6 200;completed;Lucastaylor66@mail.ru;44331;5;3;800.0;1900.0;3500.0;5
15.07.2021;2393;;4 900;completed;Alexanderjackson88@yandex.ru;44296;4;1;;4900.0;;7
24.06.2021;2694;;587;completed;Liammoore12@yahoo.com;44277;3;1;;;587.0;6
03.02.2022;1792;;3 000;completed;lucasanderson33@gmail.com;44281;3;2;1900.0;;1100.0;14
16.07.2021;1604;;6 390;returned;Avataylor2007@yahoo.com;44393;7;3;3500.0;2000.0;890.0;7
16.07.2021;1779;;3 340;completed;olivermartinez1987@gmail.com;44393;7;3;1100.0;240.0;2000.0;7
21.01.2022;1775;;1 040;completed;Emmalopez33@yahoo.com;44582;13;2;800.0;240.0;;13
17.03.2021;3571;;3 125;completed;lucasmoore33@gmail.com;44272;3;3;800.0;325.0;2000.0;3
05.02.2022;3757;;4 240;completed;Liamthomas0@yandex.ru;44544;12;3;2000.0;2000.0;240.0;14
14.03.2021;3357;;2 490;returned;Charlottemartinez66@yahoo.com;44269;3;3;890.0;800.0;800.0;3
06.08.2021;2759;;7 890;completed;Avabrown12@yandex.ru;44414;8;3;3500.0;3500.0;890.0;8
30.10.2021;4179;;3 740;completed;Williamlopez12@outlook.com;44499;10;2;3500.0;240.0;;10
11.05.2021;2691;;2 940;completed;Avaanderson33@yahoo.com;44326;5;3;800.0;1900.0;240.0;5
28.04.2021;1730;;5 280;returned;Lucasbrown66@yahoo.com;44264;3;3;890.0;3500.0;890.0;4
14.03.2021;3141;;3 500;returned;Liamanderson0@yandex.ru;44243;2;3;1900.0;800.0;800.0;3
09.05.2021;3855;;10 125;completed;Alexanderjackson33@yahoo.com;44325;5;3;325.0;4900.0;4900.0;5
02.02.2022;3724;;3 240;returned;Oliversmith69@mail.ru;44594;14;3;240.0;1100.0;1900.0;14
08.09.2021;3233;;10 040;completed;Isabellaanderson1993@gmail.com;44447;9;3;4900.0;4900.0;240.0;9
19.10.2021;3212;;3 130;completed;alexandermartinez2007@gmail.com;44488;10;3;2000.0;890.0;240.0;10
25.01.2022;3434;;6 377;completed;Emmabrown66@yandex.ru;44305;4;3;4900.0;587.0;890.0;13
11.06.2021;1612;;650;completed;Sophiamartinez2007@yandex.ru;44358;6;2;;325.0;325.0;6
02.07.2021;3370;;2 315;completed;charlottethomas13@gmail.com;44276;3;3;890.0;1100.0;325.0;7
17.11.2021;1482;;5 740;completed;Charlottebrown0@yahoo.com;44517;11;3;2000.0;240.0;3500.0;11
22.11.2021;2255;;2 880;completed;Sophiajackson88@mail.ru;44515;11;3;890.0;890.0;1100.0;11
14.03.2021;3297;;2 020;completed;Emmataylor1993@yandex.ru;44269;3;3;890.0;240.0;890.0;3
11.05.2021;1718;;4 587;returned;Emmabrown88@yahoo.com;44327;5;3;2000.0;2000.0;587.0;5
08.05.2021;2945;;2 800;completed;Williamwilliams69@yandex.ru;44324;5;2;;800.0;2000.0;5
09.10.2021;2370;;2 565;completed;Williamwilliams2007@yandex.ru;44258;3;3;2000.0;325.0;240.0;10
30.07.2021;1889;;6 300;completed;Emmathomas1987@outlook.com;44343;5;3;2000.0;800.0;3500.0;7
04.12.2021;1293;;5 187;completed;Alexanderthomas69@yandex.ru;44426;8;3;587.0;1100.0;3500.0;12
28.09.2021;1351;;10 400;completed;Charlottetaylor1993@yandex.ru;44372;6;3;3500.0;2000.0;4900.0;9
27.12.2021;2779;;2 700;completed;Isabellaanderson12@mail.ru;44253;2;3;800.0;1100.0;800.0;12
02.02.2022;3834;;4 900;completed;Charlottethomas69@outlook.com;44529;11;1;;4900.0;;14
15.07.2021;2688;;1 717;returned;Charlottewilliams13@yandex.ru;44392;7;3;240.0;587.0;890.0;7
16.01.2022;2451;;1 687;completed;lucasjackson66@gmail.com;44577;13;2;;587.0;1100.0;13
15.06.2021;1871;;10 400;completed;Liamsmith0@outlook.com;44320;5;3;4900.0;2000.0;3500.0;6
12.08.2021;1937;;5 550;completed;Lucasthomas0@outlook.com;44420;8;3;4900.0;325.0;325.0;8
15.10.2021;3702;;2 325;completed;Isabellamartinez88@yahoo.com;44484;10;2;325.0;;2000.0;10
14.03.2021;3795;;5 400;returned;Avawilliams2007@outlook.com;44269;3;2;;3500.0;1900.0;3
06.05.2021;2348;;6 025;completed;Sophiawilliams1987@yandex.ru;44322;5;3;325.0;4900.0;800.0;5
23.06.2021;3245;;1 690;completed;liamtaylor0@gmail.com;44260;3;2;800.0;;890.0;6
16.02.2021;3682;;5 400;completed;Avamoore13@yahoo.com;44243;2;2;1900.0;3500.0;;2
15.02.2022;2206;;3 040;completed;Lucasmartinez2007@yandex.ru;44607;14;3;800.0;2000.0;240.0;14
04.04.2021;2541;;6 287;completed;Alexanderwilliams1993@yahoo.com;44290;4;3;4900.0;800.0;587.0;4
07.10.2021;4177;;1 900;completed;Avalopez33@yandex.ru;44251;2;2;;800.0;1100.0;10
05.06.2021;3353;;2 587;completed;Oliverlopez69@yandex.ru;44352;6;2;587.0;;2000.0;6
02.02.2022;1326;;2 787;completed;Avaanderson1987@mail.ru;44391;7;3;587.0;1100.0;1100.0;14
07.06.2021;3338;;2 465;completed;Sophiamoore33@yandex.ru;44255;2;3;240.0;1900.0;325.0;6
22.02.2021;2310;;2 187;completed;Emmalopez88@mail.ru;44249;2;3;800.0;800.0;587.0;2
31.07.2021;3638;;8 900;completed;williamthomas1993@gmail.com;44360;6;3;2000.0;4900.0;2000.0;7
16.01.2022;1848;;3 125;completed;alexanderwilliams13@gmail.com;44308;4;3;800.0;325.0;2000.0;13
17.07.2021;1741;;2 580;completed;Isabellabrown66@yandex.ru;44394;7;3;890.0;800.0;890.0;7
13.07.2021;3341;;3 740;completed;Avathomas33@yahoo.com;44390;7;2;;240.0;3500.0;7
16.02.2021;1723;;6 030;completed;Emmajackson1993@yandex.ru;44243;2;3;890.0;240.0;4900.0;2
25.10.2021;4038;;6 600;completed;williamtaylor66@gmail.com;44494;10;3;2000.0;3500.0;1100.0;10
24.11.2021;2571;;3 130;completed;Isabellasmith12@yahoo.com;44435;8;3;2000.0;890.0;240.0;11
13.07.2021;3369;;5 940;completed;Isabellasmith66@yandex.ru;44265;3;3;800.0;240.0;4900.0;7
30.01.2022;1489;;6 800;completed;avawilliams88@gmail.com;44591;13;3;800.0;1100.0;4900.0;13
22.05.2021;4031;;3 687;completed;Sophiajackson69@yandex.ru;44338;5;3;2000.0;1100.0;587.0;5
13.12.2021;3840;;1 900;completed;avamoore33@gmail.com;44543;12;2;1100.0;;800.0;12
20.03.2021;1535;;1 927;completed;Charlottejackson2007@outlook.com;44275;3;3;1100.0;587.0;240.0;3
30.01.2022;2404;;1 387;completed;Charlottemartinez0@yandex.ru;44591;13;2;587.0;800.0;;13
12.07.2021;2085;;4 150;returned;Isabellaanderson0@mail.ru;44389;7;3;325.0;325.0;3500.0;7
27.05.2021;1969;;2 440;completed;Alexanderjackson13@mail.ru;44343;5;3;240.0;1100.0;1100.0;5
24.12.2021;1314;;2 580;completed;williamthomas33@gmail.com;44454;9;3;800.0;890.0;890.0;12
04.05.2021;4035;;2 577;completed;Avaanderson33@yandex.ru;44320;5;3;587.0;1100.0;890.0;5
19.09.2021;3532;;4 487;completed;Avabrown66@yahoo.com;44458;9;3;1900.0;587.0;2000.0;9
02.05.2021;2257;;6 300;completed;Charlottewilliams88@yandex.ru;44299;4;3;3500.0;2000.0;800.0;5
14.04.2021;2330;;1 125;completed;Charlottetaylor1987@yandex.ru;44300;4;2;800.0;325.0;;4
27.10.2021;1469;;3 590;completed;Avamartinez2007@yandex.ru;44496;10;3;800.0;890.0;1900.0;10
29.01.2022;1528;;4 840;completed;Isabellajackson13@mail.ru;44322;5;3;240.0;3500.0;1100.0;13
03.04.2021;2814;;10 400;completed;Oliverwilliams0@yandex.ru;44289;4;3;4900.0;3500.0;2000.0;4
24.01.2022;3550;;5 727;completed;Oliverwilliams0@yandex.ru;44348;6;3;4900.0;587.0;240.0;13
20.05.2021;2200;;10 400;completed;Charlotteanderson1993@yahoo.com;44336;5;3;3500.0;4900.0;2000.0;5
27.02.2021;3007;;890;completed;Sophiajackson69@yahoo.com;44254;2;3;325.0;325.0;240.0;2
23.01.2022;3614;;3 040;completed;Avaanderson0@outlook.com;44367;6;3;800.0;2000.0;240.0;13
04.01.2022;2936;;6 890;completed;Lucasbrown66@yahoo.com;44565;13;3;1100.0;890.0;4900.0;13
07.11.2021;3355;;5 190;completed;Oliversmith66@yahoo.com;44507;11;3;800.0;890.0;3500.0;11
20.10.2021;1250;;1 365;completed;Liamlopez13@outlook.com;44489;10;3;800.0;325.0;240.0;10
07.08.2021;3311;;2 315;completed;Avajackson1993@gmail.com;44415;8;3;325.0;1100.0;890.0;8
06.07.2021;2331;;3 825;completed;Sophiamartinez1993@yahoo.com;44383;7;2;3500.0;325.0;;7
06.03.2021;1590;;2 465;completed;Alexanderlopez12@mail.ru;44261;3;3;240.0;1900.0;325.0;3
19.12.2021;1456;;1 365;completed;Avaanderson12@mail.ru;44549;12;3;240.0;800.0;325.0;12
16.07.2021;3076;;7 040;completed;Alexanderjackson0@mail.ru;44393;7;3;1900.0;4900.0;240.0;7
25.02.2021;1253;;2 015;completed;Emmasmith1987@mail.ru;44252;2;3;800.0;325.0;890.0;2
31.03.2021;1494;;1 237;completed;Charlottemartinez69@gmail.com;44285;3;3;587.0;325.0;325.0;3
06.06.2021;1452;;4 000;completed;Williamanderson2007@yahoo.com;44353;6;2;;2000.0;2000.0;6
23.01.2022;1913;;5 225;completed;Avaanderson1987@yahoo.com;44276;3;2;4900.0;;325.0;13
12.08.2021;3660;;1 067;completed;Charlotteanderson0@outlook.com;44365;6;3;587.0;240.0;240.0;8
15.01.2022;1963;;2 487;completed;Sophialopez88@outlook.com;44459;9;2;587.0;;1900.0;13
27.05.2021;1287;;5 490;completed;Emmalopez1993@outlook.com;44343;5;3;890.0;3500.0;1100.0;5
11.01.2022;3704;;4 625;completed;Lucastaylor12@outlook.com;44327;5;3;3500.0;325.0;800.0;13
21.08.2021;2340;;6 300;completed;charlottesmith2007@gmail.com;44277;3;3;3500.0;800.0;2000.0;8
07.06.2021;1727;;2 487;returned;Lucaslopez1987@outlook.com;44354;6;3;800.0;587.0;1100.0;6
30.08.2021;2931;;3 680;completed;Isabellamartinez0@yandex.ru;44438;8;3;890.0;1900.0;890.0;8
15.01.2022;3599;;5 490;completed;charlottejackson66@gmail.com;44306;4;3;1100.0;3500.0;890.0;13
17.03.2021;1646;;6 800;completed;Oliverthomas33@mail.ru;44272;3;2;4900.0;;1900.0;3
04.02.2022;4013;;3 590;returned;Isabellawilliams33@outlook.com;44494;10;3;890.0;1900.0;800.0;14
07.09.2021;2564;;2 480;completed;lucastaylor13@gmail.com;44446;9;3;2000.0;240.0;240.0;9
21.01.2022;2393;;7 225;completed;Alexanderjackson88@yandex.ru;44296;4;3;4900.0;2000.0;325.0;13
03.06.2021;3589;;5 190;completed;Sophiataylor12@outlook.com;44344;5;3;3500.0;800.0;890.0;6
25.06.2021;2235;;4 925;completed;Emmamoore66@mail.ru;44324;5;3;325.0;1100.0;3500.0;6
25.02.2021;2137;;1 125;completed;Sophiajackson12@yandex.ru;44252;2;2;800.0;325.0;;2
15.02.2022;3046;;2 020;completed;Sophiawilliams69@yandex.ru;44607;14;3;240.0;890.0;890.0;14
06.08.2021;4015;;8 640;completed;Charlottesmith0@yahoo.com;44414;8;3;3500.0;4900.0;240.0;8
03.05.2021;2592;;5 550;completed;Lucastaylor33@yandex.ru;44319;5;3;325.0;325.0;4900.0;5
20.10.2021;1808;;5 400;completed;Liamanderson0@outlook.com;44292;4;3;800.0;3500.0;1100.0;10
23.12.2021;3718;;3 040;completed;Alexandersmith0@yandex.ru;44484;10;3;2000.0;800.0;240.0;12
06.02.2022;1656;;10 400;returned;Emmamoore1987@outlook.com;44428;8;3;2000.0;3500.0;4900.0;14
30.07.2021;3537;;1 580;completed;Alexanderlopez0@mail.ru;44407;7;3;1100.0;240.0;240.0;7
26.12.2021;2747;;7 225;completed;Sophiasmith88@mail.ru;44556;12;3;2000.0;4900.0;325.0;12
11.04.2021;3422;;1 750;completed;Isabellawilliams0@yahoo.com;44297;4;3;1100.0;325.0;325.0;4
19.12.2021;2153;;4 412;completed;emmabrown2007@outlook.com;44304;4;3;325.0;587.0;3500.0;12
19.12.2021;1283;;5 725;completed;Isabellalopez1987@outlook.com;44518;11;3;1900.0;325.0;3500.0;12
12.06.2021;1447;;6 800;completed;liamanderson33@gmail.com;44289;4;2;4900.0;;1900.0;6
15.07.2021;3769;;2 790;completed;charlottetaylor12@yahoo.com;44392;7;3;800.0;890.0;1100.0;7
13.11.2021;1941;;4 600;completed;Avalopez1993@yandex.ru;44287;4;2;3500.0;1100.0;;11
02.07.2021;2776;;4 900;completed;sophiathomas0@gmail.com;44379;7;1;;4900.0;;7
23.11.2021;2203;;5 640;completed;Alexanderwilliams1993@mail.ru;44285;3;3;1900.0;3500.0;240.0;11
12.10.2021;4217;;9 800;returned;Olivermartinez66@yandex.ru;44481;10;2;;4900.0;4900.0;10
08.03.2021;1903;;4 125;completed;oliverlopez88@gmail.com;44263;3;3;325.0;1900.0;1900.0;3
20.01.2022;2920;;3 800;returned;liammartinez1993@gmail.com;44245;2;2;1900.0;;1900.0;13
09.06.2021;3777;;7 600;completed;Alexanderjackson12@yahoo.com;44356;6;3;1900.0;4900.0;800.0;6
18.06.2021;3786;;6 890;completed;Isabellabrown13@mail.ru;44365;6;3;1100.0;890.0;4900.0;6
04.12.2021;3147;;6 087;completed;Charlottethomas1993@outlook.com;44321;5;3;3500.0;587.0;2000.0;12
19.04.2021;2339;;9 290;completed;Avawilliams69@yandex.ru;44305;4;3;4900.0;3500.0;890.0;4
24.10.2021;2491;;2 700;completed;Sophiajackson1993@mail.ru;44493;10;2;1900.0;;800.0;10
25.01.2022;3329;;912;completed;Emmasmith12@yandex.ru;44313;4;2;325.0;587.0;;13
27.01.2022;3974;;2 140;completed;sophiajackson1987@gmail.com;44333;5;2;;1900.0;240.0;13
18.10.2021;3480;;3 074;completed;Liamanderson1993@yandex.ru;44443;9;3;587.0;1900.0;587.0;10
