Дата транзакции;id Клиента;№ операции;Сумма;Статус;email Клиента;Дата первой продажи;Номер когорты;Количество товаров;Товар 1;Товар 2;Товар 3;Товар 3.1;Месяц;Товар 1.1;Товар 2.1;Товар 3.2;Доставка;Unnamed: 18;Unnamed: 19;Unnamed: 20;Unnamed: 21;Unnamed: 22;Unnamed: 23;Unnamed: 24;Unnamed: 25;Unnamed: 26;Unnamed: 27;Unnamed: 28;Unnamed: 29;Unnamed: 30;Unnamed: 31;Unnamed: 32;Unnamed: 33;Unnamed: 34;Unnamed: 35;Unnamed: 36;Unnamed: 37;Unnamed: 38;Unnamed: 39;Unnamed: 40;Unnamed: 41;Unnamed: 42;Unnamed: 43;Unnamed: 44;Unnamed: 45;Unnamed: 46;Продукт 1;Продукт 2;Продукт 3;Продукт 4;Продукт 5;Продукт 6;Продукт 7;Продукт 8;Продукт 9;Продукт 10;Продукт 11;Продукт 12;Продукт 13;Продукт 14;Продукт 15;Продукт 16;Продукт 17
18.03.2021;1 686,00;;5 725;completed;Oliverthomas88@mail.ru;26.02.2021;2;3;1900.0;325.0;3500.0;;3;Маття-латте - 5 шт.;Маття-латте - 1 шт.;Омолаживающий барсучий эликсир;0;;;;;;;;;;;;;;;;;;;;;;;;;;;;;;;;;;;;;;;;;;;;;;
16.11.2021;2185;;1262;completed;lucasbrown1993@gmail.com;18.04.2021;4;2;;325.0;587.0;;11;Маття-латте - 1 шт.;Маття-латте - 1 шт.;Фиточай с чабрецом - 4 пакетика;350;;;;;;;;;;;;;;;;;;;;;;;;;;;;;;;;;;;;;;;;;;;;;;
26.01.2022;2169;;2 815;completed;Liamanderson33@mail.ru;26.01.2022;13;3;325.0;240.0;1900.0;;13;Маття-латте - 1 шт.;Маття-латте - 1 шт.;Маття-латте - 5 шт.;350;;;;;;;;;;;;;;;;;;;;;;;;;;;;;;;;;;;;;;;;;;;;;;
16.09.2021;2304;;4 700;completed;Liamjackson13@outlook.com;16.09.2021;9;3;1900.0;2000.0;800.0;;9;Маття-латте - 5 шт.;Омолаживающий барсучий эликсир;Фиточай с чабрецом - 4 пакетика;0;;;;;;;;;;;;;;;;;;;;;;;;;;;;;;;;;;;;;;;;;;;;;;
08.05.2021;2161;;5 465;completed;Liamlopez33@yahoo.com;22.04.2021;4;3;325.0;240.0;4900.0;;5;Маття-латте - 1 шт.;Маття-латте - 1 шт.;Омолаживающий барсучий эликсир;0;;;;;;;;;;;;;;;;;;;;;;;;;;;;;;;;;;;;;;;;;;;;;;
11.06.2021;3706;;4 840;completed;Isabellataylor69@yahoo.com;24.03.2021;3;3;3500.0;1100.0;240.0;;6;Омолаживающий барсучий эликсир;Маття-латте - 5 шт.;Маття-латте - 1 шт.;0;;;;;;;;;;;;;;;;;;;;;;;;;;;;;;;;;;;;;;;;;;;;;;
16.04.2021;2276;;1 477;completed;Isabellamoore1987@outlook.com;16.04.2021;4;2;;587.0;890.0;;4;Маття-латте - 1 шт.;Фиточай с чабрецом - 4 пакетика;Фиточай с чабрецом - 4 пакетика;0;;;;;;;;;;;;;;;;;;;;;;;;;;;;;;;;;;;;;;;;;;;;;;
22.02.2021;3367;;6 025;completed;Williammoore66@yandex.ru;22.02.2021;2;3;4900.0;800.0;325.0;;2;Омолаживающий барсучий эликсир;Фиточай с чабрецом - 4 пакетика;Маття-латте - 1 шт.;0;;;;;;;;;;;;;;;;;;;;;;;;;;;;;;;;;;;;;;;;;;;;;;
19.06.2021;3287;;1 712;completed;Williamlopez1987@yahoo.com;19.06.2021;6;3;587.0;800.0;325.0;;6;Фиточай с чабрецом - 4 пакетика;Фиточай с чабрецом - 4 пакетика;Маття-латте - 1 шт.;0;;;;;;;;;;;;;;;;;;;;;;;;;;;;;;;;;;;;;;;;;;;;;;
26.07.2021;3888;;6 175;completed;Isabellathomas13@yandex.ru;26.07.2021;7;3;2000.0;325.0;3500.0;;7;Омолаживающий барсучий эликсир;Маття-латте - 1 шт.;Омолаживающий барсучий эликсир;350;;;;;;;;;;;;;;;;;;;;;;;;;;;;;;;;;;;;;;;;;;;;;;
15.10.2021;2745;;4 700;completed;Liambrown66@mail.ru;16.04.2021;4;3;800.0;1900.0;2000.0;;10;Фиточай с чабрецом - 4 пакетика;Маття-латте - 5 шт.;Омолаживающий барсучий эликсир;0;;;;;;;;;;;;;;;;;;;;;;;;;;;;;;;;;;;;;;;;;;;;;;
20.05.2021;2088;;9 000;completed;Liamtaylor2007@yandex.ru;20.05.2021;5;3;3500.0;3500.0;2000.0;;5;Омолаживающий барсучий эликсир;Омолаживающий барсучий эликсир;Омолаживающий барсучий эликсир;0;;;;;;;;;;;;;;;;;;;;;;;;;;;;;;;;;;;;;;;;;;;;;;
14.06.2021;3764;;4 387;completed;Williammoore1993@yandex.ru;30.04.2021;4;3;1900.0;1900.0;587.0;;6;Маття-латте - 5 шт.;Маття-латте - 5 шт.;Фиточай с чабрецом - 4 пакетика;0;;;;;;;;;;;;;;;;;;;;;;;;;;;;;;;;;;;;;;;;;;;;;;
16.11.2021;3570;;2 111;completed;Sophialopez0@outlook.com;29.04.2021;4;3;587.0;587.0;587.0;;11;Фиточай с чабрецом - 4 пакетика;Фиточай с чабрецом - 4 пакетика;Фиточай с чабрецом - 4 пакетика;350;;;;;;;;;;;;;;;;;;;;;;;;;;;;;;;;;;;;;;;;;;;;;;
08.09.2021;3092;;2 015;completed;sophiathomas0@gmail.com;08.09.2021;9;3;240.0;1100.0;325.0;;9;Маття-латте - 1 шт.;Маття-латте - 5 шт.;Маття-латте - 1 шт.;350;;;;;;;;;;;;;;;;;;;;;;;;;;;;;;;;;;;;;;;;;;;;;;
26.11.2021;2112;;5 837;completed;Alexandermoore1993@mail.ru;26.11.2021;11;2;;587.0;4900.0;;11;Маття-латте - 1 шт.;Фиточай с чабрецом - 4 пакетика;Омолаживающий барсучий эликсир;350;;;;;;;;;;;;;;;;;;;;;;;;;;;;;;;;;;;;;;;;;;;;;;
21.01.2022;4061;;5 465;completed;Liamwilliams12@yahoo.com;21.01.2022;13;3;240.0;325.0;4900.0;;13;Маття-латте - 1 шт.;Маття-латте - 1 шт.;Омолаживающий барсучий эликсир;0;;;;;;;;;;;;;;;;;;;;;;;;;;;;;;;;;;;;;;;;;;;;;;
17.03.2021;1410;;4 800;completed;Isabellaanderson88@mail.ru;17.03.2021;3;3;2000.0;2000.0;800.0;;3;Омолаживающий барсучий эликсир;Омолаживающий барсучий эликсир;Фиточай с чабрецом - 4 пакетика;0;;;;;;;;;;;;;;;;;;;;;;;;;;;;;;;;;;;;;;;;;;;;;;
15.09.2021;2750;;5 940;completed;Charlottetaylor69@yandex.ru;27.04.2021;4;3;800.0;4900.0;240.0;;9;Фиточай с чабрецом - 4 пакетика;Омолаживающий барсучий эликсир;Маття-латте - 1 шт.;0;;;;;;;;;;;;;;;;;;;;;;;;;;;;;;;;;;;;;;;;;;;;;;
21.02.2021;2997;;1 802;completed;lucaslopez33@gmail.com;21.02.2021;2;3;587.0;890.0;325.0;;2;Фиточай с чабрецом - 4 пакетика;Фиточай с чабрецом - 4 пакетика;Маття-латте - 1 шт.;0;;;;;;;;;;;;;;;;;;;;;;;;;;;;;;;;;;;;;;;;;;;;;;
02.09.2021;1514;;8 987;completed;alexanderlopez88@gmail.com;02.09.2021;9;3;4900.0;587.0;3500.0;;9;Омолаживающий барсучий эликсир;Фиточай с чабрецом - 4 пакетика;Омолаживающий барсучий эликсир;0;;;;;;;;;;;;;;;;;;;;;;;;;;;;;;;;;;;;;;;;;;;;;;
20.12.2021;1840;;3 590;completed;williambrown33@gmail.com;04.03.2021;3;3;1900.0;890.0;800.0;;12;Маття-латте - 5 шт.;Фиточай с чабрецом - 4 пакетика;Фиточай с чабрецом - 4 пакетика;0;;;;;;;;;;;;;;;;;;;;;;;;;;;;;;;;;;;;;;;;;;;;;;
18.09.2021;2362;;6 900;completed;Alexanderwilliams2007@mail.ru;12.07.2021;7;2;;4900.0;2000.0;;9;Маття-латте - 1 шт.;Омолаживающий барсучий эликсир;Омолаживающий барсучий эликсир;0;;;;;;;;;;;;;;;;;;;;;;;;;;;;;;;;;;;;;;;;;;;;;;
24.05.2021;1957;;1 802;completed;Lucasanderson88@mail.ru;24.05.2021;5;3;325.0;890.0;587.0;;5;Маття-латте - 1 шт.;Фиточай с чабрецом - 4 пакетика;Фиточай с чабрецом - 4 пакетика;0;;;;;;;;;;;;;;;;;;;;;;;;;;;;;;;;;;;;;;;;;;;;;;
16.02.2021;3174;;6 850;completed;Sophiasmith33@mail.ru;16.02.2021;2;3;1900.0;3500.0;1100.0;;2;Маття-латте - 5 шт.;Омолаживающий барсучий эликсир;Маття-латте - 5 шт.;350;;;;;;;;;;;;;;;;;;;;;;;;;;;;;;;;;;;;;;;;;;;;;;
08.08.2021;3650;;2 037;completed;Avataylor69@yahoo.com;08.07.2021;7;2;;587.0;1100.0;;8;Маття-латте - 1 шт.;Фиточай с чабрецом - 4 пакетика;Маття-латте - 5 шт.;350;;;;;;;;;;;;;;;;;;;;;;;;;;;;;;;;;;;;;;;;;;;;;;
28.04.2021;1272;;1 365;returned;Oliversmith88@yahoo.com;28.04.2021;4;3;800.0;325.0;240.0;;4;Фиточай с чабрецом - 4 пакетика;Маття-латте - 1 шт.;Маття-латте - 1 шт.;0;;;;;;;;;;;;;;;;;;;;;;;;;;;;;;;;;;;;;;;;;;;;;;
14.03.2021;3590;;1 900;completed;charlottethomas12@outlook.com;14.03.2021;3;2;800.0;1100.0;;;3;Фиточай с чабрецом - 4 пакетика;Маття-латте - 5 шт.;Маття-латте - 1 шт.;0;;;;;;;;;;;;;;;;;;;;;;;;;;;;;;;;;;;;;;;;;;;;;;
01.06.2021;2797;;5 487;completed;avawilliams2007@yahoo.com;01.06.2021;6;2;4900.0;587.0;;;6;Омолаживающий барсучий эликсир;Фиточай с чабрецом - 4 пакетика;Маття-латте - 1 шт.;0;;;;;;;;;;;;;;;;;;;;;;;;;;;;;;;;;;;;;;;;;;;;;;
17.06.2021;3894;;2 225;completed;Avasmith1993@mail.ru;17.06.2021;6;2;325.0;1900.0;;;6;Маття-латте - 1 шт.;Маття-латте - 5 шт.;Маття-латте - 1 шт.;0;;;;;;;;;;;;;;;;;;;;;;;;;;;;;;;;;;;;;;;;;;;;;;
21.02.2021;3019;;5 140;completed;Avaanderson1993@mail.ru;21.02.2021;2;3;2000.0;1900.0;890.0;;2;Омолаживающий барсучий эликсир;Маття-латте - 5 шт.;Фиточай с чабрецом - 4 пакетика;350;;;;;;;;;;;;;;;;;;;;;;;;;;;;;;;;;;;;;;;;;;;;;;
25.05.2021;1383;;6 640;completed;lucastaylor1993@gmail.com;21.02.2021;2;3;1900.0;3500.0;890.0;;5;Маття-латте - 5 шт.;Омолаживающий барсучий эликсир;Фиточай с чабрецом - 4 пакетика;350;;;;;;;;;;;;;;;;;;;;;;;;;;;;;;;;;;;;;;;;;;;;;;
08.08.2021;1236;;4 925;completed;alexanderwilliams88@gmail.com;08.08.2021;8;3;325.0;1100.0;3500.0;;8;Маття-латте - 1 шт.;Маття-латте - 5 шт.;Омолаживающий барсучий эликсир;0;;;;;;;;;;;;;;;;;;;;;;;;;;;;;;;;;;;;;;;;;;;;;;
25.05.2021;3082;;2 487;completed;Charlottebrown12@yandex.ru;02.05.2021;5;2;1900.0;587.0;;;5;Маття-латте - 5 шт.;Фиточай с чабрецом - 4 пакетика;Маття-латте - 1 шт.;0;;;;;;;;;;;;;;;;;;;;;;;;;;;;;;;;;;;;;;;;;;;;;;
09.09.2021;4025;;5 537;completed;Oliverwilliams1993@mail.ru;09.09.2021;9;3;3500.0;1100.0;587.0;;9;Омолаживающий барсучий эликсир;Маття-латте - 5 шт.;Фиточай с чабрецом - 4 пакетика;350;;;;;;;;;;;;;;;;;;;;;;;;;;;;;;;;;;;;;;;;;;;;;;
09.10.2021;2599;;5 540;completed;Isabellajackson2007@mail.ru;30.08.2021;8;3;3500.0;890.0;800.0;;10;Омолаживающий барсучий эликсир;Фиточай с чабрецом - 4 пакетика;Фиточай с чабрецом - 4 пакетика;350;;;;;;;;;;;;;;;;;;;;;;;;;;;;;;;;;;;;;;;;;;;;;;
14.11.2021;1248;;6 680;completed;isabellajackson33@gmail.com;31.03.2021;3;3;890.0;4900.0;890.0;;11;Фиточай с чабрецом - 4 пакетика;Омолаживающий барсучий эликсир;Фиточай с чабрецом - 4 пакетика;0;;;;;;;;;;;;;;;;;;;;;;;;;;;;;;;;;;;;;;;;;;;;;;
02.02.2022;1576;;7 700;completed;Liamjackson69@yandex.ru;02.02.2022;14;3;800.0;2000.0;4900.0;;14;Фиточай с чабрецом - 4 пакетика;Омолаживающий барсучий эликсир;Омолаживающий барсучий эликсир;0;;;;;;;;;;;;;;;;;;;;;;;;;;;;;;;;;;;;;;;;;;;;;;
13.01.2022;2503;;4 540;completed;Isabellasmith13@mail.ru;13.01.2022;13;3;3500.0;240.0;800.0;;13;Омолаживающий барсучий эликсир;Маття-латте - 1 шт.;Фиточай с чабрецом - 4 пакетика;0;;;;;;;;;;;;;;;;;;;;;;;;;;;;;;;;;;;;;;;;;;;;;;
09.11.2021;2888;;6 162;completed;Sophiajackson2007@yahoo.com;09.05.2021;5;3;587.0;325.0;4900.0;;11;Фиточай с чабрецом - 4 пакетика;Маття-латте - 1 шт.;Омолаживающий барсучий эликсир;350;;;;;;;;;;;;;;;;;;;;;;;;;;;;;;;;;;;;;;;;;;;;;;
01.06.2021;3290;;5 850;returned;Charlottemartinez2007@gmail.com;01.06.2021;6;2;;2000.0;3500.0;;6;Маття-латте - 1 шт.;Омолаживающий барсучий эликсир;Омолаживающий барсучий эликсир;350;;;;;;;;;;;;;;;;;;;;;;;;;;;;;;;;;;;;;;;;;;;;;;
07.01.2022;3611;;5 140;completed;Alexanderanderson33@yahoo.com;07.01.2022;13;2;;240.0;4900.0;;13;Маття-латте - 1 шт.;Маття-латте - 1 шт.;Омолаживающий барсучий эликсир;0;;;;;;;;;;;;;;;;;;;;;;;;;;;;;;;;;;;;;;;;;;;;;;
27.03.2021;2703;;4 350;completed;Avalopez13@yahoo.com;27.03.2021;3;2;2000.0;;2000.0;;3;Омолаживающий барсучий эликсир;Маття-латте - 1 шт.;Омолаживающий барсучий эликсир;350;;;;;;;;;;;;;;;;;;;;;;;;;;;;;;;;;;;;;;;;;;;;;;
15.04.2021;3019;;2 140;returned;Avaanderson1993@mail.ru;21.02.2021;2;3;1100.0;800.0;240.0;;4;Маття-латте - 5 шт.;Фиточай с чабрецом - 4 пакетика;Маття-латте - 1 шт.;0;;;;;;;;;;;;;;;;;;;;;;;;;;;;;;;;;;;;;;;;;;;;;;
08.03.2021;2319;;3 240;completed;Lucaswilliams33@yahoo.com;08.03.2021;3;2;2000.0;890.0;;;3;Омолаживающий барсучий эликсир;Фиточай с чабрецом - 4 пакетика;Маття-латте - 1 шт.;350;;;;;;;;;;;;;;;;;;;;;;;;;;;;;;;;;;;;;;;;;;;;;;
11.12.2021;1453;;2 840;completed;Isabellataylor1987@yandex.ru;22.05.2021;5;3;890.0;800.0;800.0;;12;Фиточай с чабрецом - 4 пакетика;Фиточай с чабрецом - 4 пакетика;Фиточай с чабрецом - 4 пакетика;350;;;;;;;;;;;;;;;;;;;;;;;;;;;;;;;;;;;;;;;;;;;;;;
27.03.2021;2094;;7 387;completed;Liammartinez33@yahoo.com;18.03.2021;3;3;1900.0;4900.0;587.0;;3;Маття-латте - 5 шт.;Омолаживающий барсучий эликсир;Фиточай с чабрецом - 4 пакетика;0;;;;;;;;;;;;;;;;;;;;;;;;;;;;;;;;;;;;;;;;;;;;;;
27.11.2021;4041;;4 600;completed;Olivermoore69@yahoo.com;27.11.2021;11;3;1900.0;800.0;1900.0;;11;Маття-латте - 5 шт.;Фиточай с чабрецом - 4 пакетика;Маття-латте - 5 шт.;0;;;;;;;;;;;;;;;;;;;;;;;;;;;;;;;;;;;;;;;;;;;;;;
20.10.2021;1896;;1 690;completed;Sophiawilliams0@mail.ru;17.02.2021;2;2;240.0;;1100.0;;10;Маття-латте - 1 шт.;Маття-латте - 1 шт.;Маття-латте - 5 шт.;350;;;;;;;;;;;;;;;;;;;;;;;;;;;;;;;;;;;;;;;;;;;;;;
31.08.2021;1937;;8 240;completed;Lucasthomas0@outlook.com;12.08.2021;8;3;3500.0;890.0;3500.0;;8;Омолаживающий барсучий эликсир;Фиточай с чабрецом - 4 пакетика;Омолаживающий барсучий эликсир;350;;;;;;;;;;;;;;;;;;;;;;;;;;;;;;;;;;;;;;;;;;;;;;
29.05.2021;2920;;1 067;completed;liammartinez1993@gmail.com;18.02.2021;2;3;240.0;240.0;587.0;;5;Маття-латте - 1 шт.;Маття-латте - 1 шт.;Фиточай с чабрецом - 4 пакетика;0;;;;;;;;;;;;;;;;;;;;;;;;;;;;;;;;;;;;;;;;;;;;;;
30.06.2021;1385;;3 025;completed;Lucaswilliams2007@mail.ru;30.06.2021;6;3;325.0;1900.0;800.0;;6;Маття-латте - 1 шт.;Маття-латте - 5 шт.;Фиточай с чабрецом - 4 пакетика;0;;;;;;;;;;;;;;;;;;;;;;;;;;;;;;;;;;;;;;;;;;;;;;
27.11.2021;3943;;2 487;returned;Lucaslopez13@yandex.ru;27.11.2021;11;2;587.0;1900.0;;;11;Фиточай с чабрецом - 4 пакетика;Маття-латте - 5 шт.;Маття-латте - 1 шт.;0;;;;;;;;;;;;;;;;;;;;;;;;;;;;;;;;;;;;;;;;;;;;;;
03.09.2021;2862;;2 187;completed;Lucasmartinez1987@yandex.ru;03.09.2021;9;3;587.0;800.0;800.0;;9;Фиточай с чабрецом - 4 пакетика;Фиточай с чабрецом - 4 пакетика;Фиточай с чабрецом - 4 пакетика;0;;;;;;;;;;;;;;;;;;;;;;;;;;;;;;;;;;;;;;;;;;;;;;
10.03.2021;1681;;1 927;returned;Emmataylor13@mail.ru;10.03.2021;3;3;1100.0;240.0;587.0;;3;Маття-латте - 5 шт.;Маття-латте - 1 шт.;Фиточай с чабрецом - 4 пакетика;0;;;;;;;;;;;;;;;;;;;;;;;;;;;;;;;;;;;;;;;;;;;;;;
17.02.2021;1593;;2 325;completed;Charlottelopez13@mail.ru;17.02.2021;2;2;325.0;;2000.0;;2;Маття-латте - 1 шт.;Маття-латте - 1 шт.;Омолаживающий барсучий эликсир;0;;;;;;;;;;;;;;;;;;;;;;;;;;;;;;;;;;;;;;;;;;;;;;
26.12.2021;1548;;2 365;completed;Charlottejackson2007@outlook.com;26.12.2021;12;3;325.0;890.0;800.0;;12;Маття-латте - 1 шт.;Фиточай с чабрецом - 4 пакетика;Фиточай с чабрецом - 4 пакетика;350;;;;;;;;;;;;;;;;;;;;;;;;;;;;;;;;;;;;;;;;;;;;;;
01.08.2021;3678;;1 890;returned;Lucaslopez0@outlook.com;01.08.2021;8;3;325.0;325.0;890.0;;8;Маття-латте - 1 шт.;Маття-латте - 1 шт.;Фиточай с чабрецом - 4 пакетика;350;;;;;;;;;;;;;;;;;;;;;;;;;;;;;;;;;;;;;;;;;;;;;;
23.03.2021;1644;;4 327;completed;Lucasthomas1993@outlook.com;23.03.2021;3;3;3500.0;587.0;240.0;;3;Омолаживающий барсучий эликсир;Фиточай с чабрецом - 4 пакетика;Маття-латте - 1 шт.;0;;;;;;;;;;;;;;;;;;;;;;;;;;;;;;;;;;;;;;;;;;;;;;
20.09.2021;1658;;5 450;completed;liammoore0@gmail.com;20.09.2021;9;3;800.0;800.0;3500.0;;9;Фиточай с чабрецом - 4 пакетика;Фиточай с чабрецом - 4 пакетика;Омолаживающий барсучий эликсир;350;;;;;;;;;;;;;;;;;;;;;;;;;;;;;;;;;;;;;;;;;;;;;;
17.03.2021;2934;;3 425;completed;Isabellajackson12@outlook.com;17.03.2021;3;3;2000.0;1100.0;325.0;;3;Омолаживающий барсучий эликсир;Маття-латте - 5 шт.;Маття-латте - 1 шт.;0;;;;;;;;;;;;;;;;;;;;;;;;;;;;;;;;;;;;;;;;;;;;;;
20.11.2021;1321;;5 575;completed;Alexanderanderson12@mail.ru;14.09.2021;9;2;;325.0;4900.0;;11;Маття-латте - 1 шт.;Маття-латте - 1 шт.;Омолаживающий барсучий эликсир;350;;;;;;;;;;;;;;;;;;;;;;;;;;;;;;;;;;;;;;;;;;;;;;
29.04.2021;1286;;4 250;completed;williamwilliams1987@gmail.com;02.04.2021;4;3;2000.0;800.0;1100.0;;4;Омолаживающий барсучий эликсир;Фиточай с чабрецом - 4 пакетика;Маття-латте - 5 шт.;350;;;;;;;;;;;;;;;;;;;;;;;;;;;;;;;;;;;;;;;;;;;;;;
17.06.2021;3411;;2 915;returned;alexanderlopez12@gmail.com;17.06.2021;6;3;2000.0;325.0;240.0;;6;Омолаживающий барсучий эликсир;Маття-латте - 1 шт.;Маття-латте - 1 шт.;350;;;;;;;;;;;;;;;;;;;;;;;;;;;;;;;;;;;;;;;;;;;;;;
25.03.2021;2392;;10 900;completed;Emmalopez13@yahoo.com;15.03.2021;3;3;4900.0;1100.0;4900.0;;3;Омолаживающий барсучий эликсир;Маття-латте - 5 шт.;Омолаживающий барсучий эликсир;0;;;;;;;;;;;;;;;;;;;;;;;;;;;;;;;;;;;;;;;;;;;;;;
30.12.2021;3159;;4 175;returned;charlottelopez66@gmail.com;30.12.2021;12;2;;3500.0;325.0;;12;Маття-латте - 1 шт.;Омолаживающий барсучий эликсир;Маття-латте - 1 шт.;350;;;;;;;;;;;;;;;;;;;;;;;;;;;;;;;;;;;;;;;;;;;;;;
06.02.2022;1810;;1000;completed;Isabellaanderson12@outlook.com;06.02.2022;14;2;325.0;325.0;;;14;Маття-латте - 1 шт.;Маття-латте - 1 шт.;Маття-латте - 1 шт.;350;;;;;;;;;;;;;;;;;;;;;;;;;;;;;;;;;;;;;;;;;;;;;;
11.10.2021;3822;;2 627;returned;Charlottelopez0@outlook.com;30.08.2021;8;3;587.0;800.0;890.0;;10;Фиточай с чабрецом - 4 пакетика;Фиточай с чабрецом - 4 пакетика;Фиточай с чабрецом - 4 пакетика;350;;;;;;;;;;;;;;;;;;;;;;;;;;;;;;;;;;;;;;;;;;;;;;
12.12.2021;2464;;6 290;completed;Lucasanderson66@mail.ru;12.12.2021;12;3;1900.0;890.0;3500.0;;12;Маття-латте - 5 шт.;Фиточай с чабрецом - 4 пакетика;Омолаживающий барсучий эликсир;0;;;;;;;;;;;;;;;;;;;;;;;;;;;;;;;;;;;;;;;;;;;;;;
25.04.2021;3645;;4 715;completed;emmasmith33@gmail.com;25.04.2021;4;3;3500.0;325.0;890.0;;4;Омолаживающий барсучий эликсир;Маття-латте - 1 шт.;Фиточай с чабрецом - 4 пакетика;0;;;;;;;;;;;;;;;;;;;;;;;;;;;;;;;;;;;;;;;;;;;;;;
22.06.2021;1363;;2 730;completed;Isabellamoore66@yandex.ru;22.06.2021;6;3;240.0;1900.0;240.0;;6;Маття-латте - 1 шт.;Маття-латте - 5 шт.;Маття-латте - 1 шт.;350;;;;;;;;;;;;;;;;;;;;;;;;;;;;;;;;;;;;;;;;;;;;;;
12.04.2021;1721;;6 675;completed;liamsmith1993@gmail.com;12.04.2021;4;3;325.0;4900.0;1100.0;;4;Маття-латте - 1 шт.;Омолаживающий барсучий эликсир;Маття-латте - 5 шт.;350;;;;;;;;;;;;;;;;;;;;;;;;;;;;;;;;;;;;;;;;;;;;;;
24.02.2021;2978;;3 775;completed;sophiamartinez88@gmail.com;24.02.2021;2;3;1100.0;2000.0;325.0;;2;Маття-латте - 5 шт.;Омолаживающий барсучий эликсир;Маття-латте - 1 шт.;350;;;;;;;;;;;;;;;;;;;;;;;;;;;;;;;;;;;;;;;;;;;;;;
11.06.2021;3599;;7 400;completed;charlottejackson66@gmail.com;20.04.2021;4;3;2000.0;3500.0;1900.0;;6;Омолаживающий барсучий эликсир;Омолаживающий барсучий эликсир;Маття-латте - 5 шт.;0;;;;;;;;;;;;;;;;;;;;;;;;;;;;;;;;;;;;;;;;;;;;;;
14.07.2021;2507;;1 425;returned;charlottewilliams88@outlook.com;14.07.2021;7;2;325.0;1100.0;;;7;Маття-латте - 1 шт.;Маття-латте - 5 шт.;Маття-латте - 1 шт.;0;;;;;;;;;;;;;;;;;;;;;;;;;;;;;;;;;;;;;;;;;;;;;;
22.04.2021;2103;;7 240;returned;Lucasanderson69@yandex.ru;22.04.2021;4;3;3500.0;240.0;3500.0;;4;Омолаживающий барсучий эликсир;Маття-латте - 1 шт.;Омолаживающий барсучий эликсир;0;;;;;;;;;;;;;;;;;;;;;;;;;;;;;;;;;;;;;;;;;;;;;;
09.08.2021;2719;;6 800;completed;avataylor88@gmail.com;23.04.2021;4;3;4900.0;1100.0;800.0;;8;Омолаживающий барсучий эликсир;Маття-латте - 5 шт.;Фиточай с чабрецом - 4 пакетика;0;;;;;;;;;;;;;;;;;;;;;;;;;;;;;;;;;;;;;;;;;;;;;;
26.07.2021;2804;;2 624;completed;lucasbrown0@gmail.com;26.07.2021;7;3;587.0;1100.0;587.0;;7;Фиточай с чабрецом - 4 пакетика;Маття-латте - 5 шт.;Фиточай с чабрецом - 4 пакетика;350;;;;;;;;;;;;;;;;;;;;;;;;;;;;;;;;;;;;;;;;;;;;;;
09.01.2022;3674;;5 050;completed;Lucaslopez88@yahoo.com;09.01.2022;13;3;2000.0;800.0;1900.0;;13;Омолаживающий барсучий эликсир;Фиточай с чабрецом - 4 пакетика;Маття-латте - 5 шт.;350;;;;;;;;;;;;;;;;;;;;;;;;;;;;;;;;;;;;;;;;;;;;;;
18.09.2021;2956;;9 350;returned;Williamlopez33@yandex.ru;18.09.2021;9;3;3500.0;3500.0;2000.0;;9;Омолаживающий барсучий эликсир;Омолаживающий барсучий эликсир;Омолаживающий барсучий эликсир;350;;;;;;;;;;;;;;;;;;;;;;;;;;;;;;;;;;;;;;;;;;;;;;
28.08.2021;1541;;4 327;completed;Olivertaylor88@outlook.com;28.08.2021;8;3;3500.0;587.0;240.0;;8;Омолаживающий барсучий эликсир;Фиточай с чабрецом - 4 пакетика;Маття-латте - 1 шт.;0;;;;;;;;;;;;;;;;;;;;;;;;;;;;;;;;;;;;;;;;;;;;;;
13.06.2021;2129;;2 365;completed;Liamthomas69@yandex.ru;05.06.2021;6;3;890.0;325.0;800.0;;6;Фиточай с чабрецом - 4 пакетика;Маття-латте - 1 шт.;Фиточай с чабрецом - 4 пакетика;350;;;;;;;;;;;;;;;;;;;;;;;;;;;;;;;;;;;;;;;;;;;;;;
05.07.2021;2933;;1 712;completed;Isabellalopez66@mail.ru;05.07.2021;7;3;587.0;800.0;325.0;;7;Фиточай с чабрецом - 4 пакетика;Фиточай с чабрецом - 4 пакетика;Маття-латте - 1 шт.;0;;;;;;;;;;;;;;;;;;;;;;;;;;;;;;;;;;;;;;;;;;;;;;
03.07.2021;1441;;5 050;completed;Charlottejackson13@yahoo.com;03.07.2021;7;3;2000.0;800.0;1900.0;;7;Омолаживающий барсучий эликсир;Фиточай с чабрецом - 4 пакетика;Маття-латте - 5 шт.;350;;;;;;;;;;;;;;;;;;;;;;;;;;;;;;;;;;;;;;;;;;;;;;
01.08.2021;2596;;5 190;completed;Isabellaanderson66@mail.ru;01.08.2021;8;3;1100.0;240.0;3500.0;;8;Маття-латте - 5 шт.;Маття-латте - 1 шт.;Омолаживающий барсучий эликсир;350;;;;;;;;;;;;;;;;;;;;;;;;;;;;;;;;;;;;;;;;;;;;;;
26.06.2021;2395;;5 190;returned;Olivertaylor1987@outlook.com;26.06.2021;6;3;800.0;3500.0;890.0;;6;Фиточай с чабрецом - 4 пакетика;Омолаживающий барсучий эликсир;Фиточай с чабрецом - 4 пакетика;0;;;;;;;;;;;;;;;;;;;;;;;;;;;;;;;;;;;;;;;;;;;;;;
05.11.2021;3293;;9 350;completed;Avamartinez12@mail.ru;26.05.2021;5;3;3500.0;2000.0;3500.0;;11;Омолаживающий барсучий эликсир;Омолаживающий барсучий эликсир;Омолаживающий барсучий эликсир;350;;;;;;;;;;;;;;;;;;;;;;;;;;;;;;;;;;;;;;;;;;;;;;
25.02.2021;3196;;912;completed;Olivertaylor13@yahoo.com;25.02.2021;2;2;;587.0;325.0;;2;Маття-латте - 1 шт.;Фиточай с чабрецом - 4 пакетика;Маття-латте - 1 шт.;0;;;;;;;;;;;;;;;;;;;;;;;;;;;;;;;;;;;;;;;;;;;;;;
08.01.2022;3021;;3 125;completed;Avathomas1987@mail.ru;08.01.2022;13;3;800.0;2000.0;325.0;;13;Фиточай с чабрецом - 4 пакетика;Омолаживающий барсучий эликсир;Маття-латте - 1 шт.;0;;;;;;;;;;;;;;;;;;;;;;;;;;;;;;;;;;;;;;;;;;;;;;
05.09.2021;2838;;2 800;returned;Alexandermartinez0@mail.ru;29.04.2021;4;2;;800.0;2000.0;;9;Маття-латте - 1 шт.;Фиточай с чабрецом - 4 пакетика;Омолаживающий барсучий эликсир;0;;;;;;;;;;;;;;;;;;;;;;;;;;;;;;;;;;;;;;;;;;;;;;
15.09.2021;2016;;2 575;returned;Oliverwilliams33@yahoo.com;15.09.2021;9;3;800.0;325.0;1100.0;;9;Фиточай с чабрецом - 4 пакетика;Маття-латте - 1 шт.;Маття-латте - 5 шт.;350;;;;;;;;;;;;;;;;;;;;;;;;;;;;;;;;;;;;;;;;;;;;;;
09.07.2021;1595;;2 277;completed;alexanderanderson0@gmail.com;11.03.2021;3;3;240.0;1100.0;587.0;;7;Маття-латте - 1 шт.;Маття-латте - 5 шт.;Фиточай с чабрецом - 4 пакетика;350;;;;;;;;;;;;;;;;;;;;;;;;;;;;;;;;;;;;;;;;;;;;;;
02.07.2021;2047;;2 565;completed;lucasmartinez88@gmail.com;02.07.2021;7;3;325.0;240.0;2000.0;;7;Маття-латте - 1 шт.;Маття-латте - 1 шт.;Омолаживающий барсучий эликсир;0;;;;;;;;;;;;;;;;;;;;;;;;;;;;;;;;;;;;;;;;;;;;;;
02.07.2021;1261;;3 240;completed;Emmataylor2007@yahoo.com;02.07.2021;7;3;1900.0;240.0;1100.0;;7;Маття-латте - 5 шт.;Маття-латте - 1 шт.;Маття-латте - 5 шт.;0;;;;;;;;;;;;;;;;;;;;;;;;;;;;;;;;;;;;;;;;;;;;;;
19.02.2021;2019;;1 717;completed;Liamwilliams33@yahoo.com;19.02.2021;2;3;890.0;240.0;587.0;;2;Фиточай с чабрецом - 4 пакетика;Маття-латте - 1 шт.;Фиточай с чабрецом - 4 пакетика;0;;;;;;;;;;;;;;;;;;;;;;;;;;;;;;;;;;;;;;;;;;;;;;
28.05.2021;2972;;4 975;completed;oliveranderson66@gmail.com;06.04.2021;4;3;3500.0;800.0;325.0;;5;Омолаживающий барсучий эликсир;Фиточай с чабрецом - 4 пакетика;Маття-латте - 1 шт.;350;;;;;;;;;;;;;;;;;;;;;;;;;;;;;;;;;;;;;;;;;;;;;;
11.11.2021;3809;;1 125;completed;charlottemoore33@gmail.com;23.02.2021;2;2;800.0;325.0;;;11;Фиточай с чабрецом - 4 пакетика;Маття-латте - 1 шт.;Маття-латте - 1 шт.;0;;;;;;;;;;;;;;;;;;;;;;;;;;;;;;;;;;;;;;;;;;;;;;
09.02.2022;1801;;5 490;completed;Williamthomas12@yahoo.com;15.04.2021;4;2;240.0;4900.0;;;14;Маття-латте - 1 шт.;Омолаживающий барсучий эликсир;Маття-латте - 1 шт.;350;;;;;;;;;;;;;;;;;;;;;;;;;;;;;;;;;;;;;;;;;;;;;;
12.11.2021;3379;;6 050;completed;Isabellamoore66@yandex.ru;12.11.2021;11;2;800.0;;4900.0;;11;Фиточай с чабрецом - 4 пакетика;Маття-латте - 1 шт.;Омолаживающий барсучий эликсир;350;;;;;;;;;;;;;;;;;;;;;;;;;;;;;;;;;;;;;;;;;;;;;;
22.01.2022;4019;;4 630;completed;williamthomas88@gmail.com;02.07.2021;7;3;240.0;890.0;3500.0;;13;Маття-латте - 1 шт.;Фиточай с чабрецом - 4 пакетика;Омолаживающий барсучий эликсир;0;;;;;;;;;;;;;;;;;;;;;;;;;;;;;;;;;;;;;;;;;;;;;;
25.05.2021;1421;;4 415;completed;Alexandermartinez0@yahoo.com;25.05.2021;5;3;3500.0;240.0;325.0;;5;Омолаживающий барсучий эликсир;Маття-латте - 1 шт.;Маття-латте - 1 шт.;350;;;;;;;;;;;;;;;;;;;;;;;;;;;;;;;;;;;;;;;;;;;;;;
28.06.2021;2606;;6 437;completed;Charlottethomas0@yahoo.com;28.06.2021;6;3;2000.0;587.0;3500.0;;6;Омолаживающий барсучий эликсир;Фиточай с чабрецом - 4 пакетика;Омолаживающий барсучий эликсир;350;;;;;;;;;;;;;;;;;;;;;;;;;;;;;;;;;;;;;;;;;;;;;;
14.09.2021;2241;;325;completed;Alexandermartinez0@yandex.ru;14.09.2021;9;1;;325.0;;;9;Маття-латте - 1 шт.;Маття-латте - 1 шт.;Маття-латте - 1 шт.;0;;;;;;;;;;;;;;;;;;;;;;;;;;;;;;;;;;;;;;;;;;;;;;
17.02.2021;2946;;7 300;completed;Oliverthomas12@mail.ru;17.02.2021;2;3;3500.0;1900.0;1900.0;;2;Омолаживающий барсучий эликсир;Маття-латте - 5 шт.;Маття-латте - 5 шт.;0;;;;;;;;;;;;;;;;;;;;;;;;;;;;;;;;;;;;;;;;;;;;;;
12.02.2022;1965;;2 800;returned;Charlottejackson1987@yandex.ru;26.07.2021;7;2;2000.0;800.0;;;14;Омолаживающий барсучий эликсир;Фиточай с чабрецом - 4 пакетика;Маття-латте - 1 шт.;0;;;;;;;;;;;;;;;;;;;;;;;;;;;;;;;;;;;;;;;;;;;;;;
11.10.2021;2801;;2 700;completed;Lucasmoore66@yandex.ru;26.06.2021;6;2;1900.0;;800.0;;10;Маття-латте - 5 шт.;Маття-латте - 1 шт.;Фиточай с чабрецом - 4 пакетика;0;;;;;;;;;;;;;;;;;;;;;;;;;;;;;;;;;;;;;;;;;;;;;;
29.11.2021;3059;;3 680;returned;liamtaylor88@gmail.com;14.03.2021;3;3;1900.0;890.0;890.0;;11;Маття-латте - 5 шт.;Фиточай с чабрецом - 4 пакетика;Фиточай с чабрецом - 4 пакетика;0;;;;;;;;;;;;;;;;;;;;;;;;;;;;;;;;;;;;;;;;;;;;;;
08.11.2021;1407;;3 980;completed;Williamjackson0@yandex.ru;08.06.2021;6;3;3500.0;240.0;240.0;;11;Омолаживающий барсучий эликсир;Маття-латте - 1 шт.;Маття-латте - 1 шт.;0;;;;;;;;;;;;;;;;;;;;;;;;;;;;;;;;;;;;;;;;;;;;;;
30.12.2021;3916;;4 630;returned;Sophiamartinez12@mail.ru;11.07.2021;7;3;3500.0;890.0;240.0;;12;Омолаживающий барсучий эликсир;Фиточай с чабрецом - 4 пакетика;Маття-латте - 1 шт.;0;;;;;;;;;;;;;;;;;;;;;;;;;;;;;;;;;;;;;;;;;;;;;;
22.12.2021;1664;;4 625;completed;Alexanderthomas12@mail.ru;12.03.2021;3;3;3500.0;325.0;800.0;;12;Омолаживающий барсучий эликсир;Маття-латте - 1 шт.;Фиточай с чабрецом - 4 пакетика;0;;;;;;;;;;;;;;;;;;;;;;;;;;;;;;;;;;;;;;;;;;;;;;
18.05.2021;4060;;3 827;completed;Charlottewilliams88@mail.ru;18.05.2021;5;3;587.0;890.0;2000.0;;5;Фиточай с чабрецом - 4 пакетика;Фиточай с чабрецом - 4 пакетика;Омолаживающий барсучий эликсир;350;;;;;;;;;;;;;;;;;;;;;;;;;;;;;;;;;;;;;;;;;;;;;;
07.06.2021;3720;;1 425;completed;isabellajackson66@gmail.com;07.06.2021;6;2;325.0;1100.0;;;6;Маття-латте - 1 шт.;Маття-латте - 5 шт.;Маття-латте - 1 шт.;0;;;;;;;;;;;;;;;;;;;;;;;;;;;;;;;;;;;;;;;;;;;;;;
17.03.2021;3368;;7 400;completed;alexandermoore1993@gmail.com;17.03.2021;3;3;1900.0;3500.0;2000.0;;3;Маття-латте - 5 шт.;Омолаживающий барсучий эликсир;Омолаживающий барсучий эликсир;0;;;;;;;;;;;;;;;;;;;;;;;;;;;;;;;;;;;;;;;;;;;;;;
17.03.2021;3162;;9 200;completed;Liammoore1993@mail.ru;17.03.2021;3;3;4900.0;3500.0;800.0;;3;Омолаживающий барсучий эликсир;Омолаживающий барсучий эликсир;Фиточай с чабрецом - 4 пакетика;0;;;;;;;;;;;;;;;;;;;;;;;;;;;;;;;;;;;;;;;;;;;;;;
05.09.2021;4160;;6 587;completed;charlottethomas13@gmail.com;05.09.2021;9;3;587.0;1100.0;4900.0;;9;Фиточай с чабрецом - 4 пакетика;Маття-латте - 5 шт.;Омолаживающий барсучий эликсир;0;;;;;;;;;;;;;;;;;;;;;;;;;;;;;;;;;;;;;;;;;;;;;;
16.02.2021;3531;;2 812;completed;Alexanderjackson1993@outlook.com;16.02.2021;2;3;325.0;587.0;1900.0;;2;Маття-латте - 1 шт.;Фиточай с чабрецом - 4 пакетика;Маття-латте - 5 шт.;0;;;;;;;;;;;;;;;;;;;;;;;;;;;;;;;;;;;;;;;;;;;;;;
13.06.2021;3978;;5 730;completed;avamoore88@gmail.com;13.06.2021;6;3;4900.0;240.0;240.0;;6;Омолаживающий барсучий эликсир;Маття-латте - 1 шт.;Маття-латте - 1 шт.;350;;;;;;;;;;;;;;;;;;;;;;;;;;;;;;;;;;;;;;;;;;;;;;
21.09.2021;2771;;5 490;completed;Avalopez66@mail.ru;21.09.2021;9;2;4900.0;240.0;;;9;Омолаживающий барсучий эликсир;Маття-латте - 1 шт.;Маття-латте - 1 шт.;350;;;;;;;;;;;;;;;;;;;;;;;;;;;;;;;;;;;;;;;;;;;;;;
31.07.2021;2194;;3 740;completed;Oliverlopez33@mail.ru;03.04.2021;4;2;240.0;3500.0;;;7;Маття-латте - 1 шт.;Омолаживающий барсучий эликсир;Маття-латте - 1 шт.;0;;;;;;;;;;;;;;;;;;;;;;;;;;;;;;;;;;;;;;;;;;;;;;
05.09.2021;3799;;3 825;completed;Williammoore12@mail.ru;27.03.2021;3;2;;325.0;3500.0;;9;Маття-латте - 1 шт.;Маття-латте - 1 шт.;Омолаживающий барсучий эликсир;0;;;;;;;;;;;;;;;;;;;;;;;;;;;;;;;;;;;;;;;;;;;;;;
12.01.2022;4027;;7 700;completed;Alexanderwilliams88@yandex.ru;14.04.2021;4;3;2000.0;4900.0;800.0;;13;Омолаживающий барсучий эликсир;Омолаживающий барсучий эликсир;Фиточай с чабрецом - 4 пакетика;0;;;;;;;;;;;;;;;;;;;;;;;;;;;;;;;;;;;;;;;;;;;;;;
15.07.2021;3928;;8 750;returned;alexandersmith66@gmail.com;15.07.2021;7;2;3500.0;;4900.0;;7;Омолаживающий барсучий эликсир;Маття-латте - 1 шт.;Омолаживающий барсучий эликсир;350;;;;;;;;;;;;;;;;;;;;;;;;;;;;;;;;;;;;;;;;;;;;;;
03.05.2021;1343;;3 325;completed;Avathomas0@yandex.ru;03.05.2021;5;3;1900.0;325.0;1100.0;;5;Маття-латте - 5 шт.;Маття-латте - 1 шт.;Маття-латте - 5 шт.;0;;;;;;;;;;;;;;;;;;;;;;;;;;;;;;;;;;;;;;;;;;;;;;
09.03.2021;3761;;3 025;completed;williamwilliams1987@gmail.com;09.03.2021;3;3;1900.0;325.0;800.0;;3;Маття-латте - 5 шт.;Маття-латте - 1 шт.;Фиточай с чабрецом - 4 пакетика;0;;;;;;;;;;;;;;;;;;;;;;;;;;;;;;;;;;;;;;;;;;;;;;
27.03.2021;2290;;2 140;completed;Liamtaylor1987@yahoo.com;27.03.2021;3;3;240.0;1100.0;800.0;;3;Маття-латте - 1 шт.;Маття-латте - 5 шт.;Фиточай с чабрецом - 4 пакетика;0;;;;;;;;;;;;;;;;;;;;;;;;;;;;;;;;;;;;;;;;;;;;;;
05.02.2022;3375;;3 290;returned;Oliverjackson1987@yandex.ru;05.02.2022;14;3;240.0;800.0;1900.0;;14;Маття-латте - 1 шт.;Фиточай с чабрецом - 4 пакетика;Маття-латте - 5 шт.;350;;;;;;;;;;;;;;;;;;;;;;;;;;;;;;;;;;;;;;;;;;;;;;
13.03.2021;3981;;4 412;completed;Emmathomas69@mail.ru;08.03.2021;3;3;3500.0;587.0;325.0;;3;Омолаживающий барсучий эликсир;Фиточай с чабрецом - 4 пакетика;Маття-латте - 1 шт.;0;;;;;;;;;;;;;;;;;;;;;;;;;;;;;;;;;;;;;;;;;;;;;;
12.01.2022;2461;;5 187;completed;Lucaswilliams88@outlook.com;29.03.2021;3;3;1100.0;587.0;3500.0;;13;Маття-латте - 5 шт.;Фиточай с чабрецом - 4 пакетика;Омолаживающий барсучий эликсир;0;;;;;;;;;;;;;;;;;;;;;;;;;;;;;;;;;;;;;;;;;;;;;;
21.06.2021;1562;;3 825;completed;isabellathomas33@gmail.com;21.06.2021;6;2;325.0;;3500.0;;6;Маття-латте - 1 шт.;Маття-латте - 1 шт.;Омолаживающий барсучий эликсир;0;;;;;;;;;;;;;;;;;;;;;;;;;;;;;;;;;;;;;;;;;;;;;;
03.12.2021;3310;;3 287;completed;isabellalopez69@gmail.com;03.12.2021;12;3;1900.0;587.0;800.0;;12;Маття-латте - 5 шт.;Фиточай с чабрецом - 4 пакетика;Фиточай с чабрецом - 4 пакетика;0;;;;;;;;;;;;;;;;;;;;;;;;;;;;;;;;;;;;;;;;;;;;;;
10.11.2021;1842;;6 727;completed;Liamlopez1993@outlook.com;20.02.2021;2;3;890.0;4900.0;587.0;;11;Фиточай с чабрецом - 4 пакетика;Омолаживающий барсучий эликсир;Фиточай с чабрецом - 4 пакетика;350;;;;;;;;;;;;;;;;;;;;;;;;;;;;;;;;;;;;;;;;;;;;;;
24.09.2021;1411;;5 450;completed;Charlottejackson12@yandex.ru;01.09.2021;9;3;800.0;800.0;3500.0;;9;Фиточай с чабрецом - 4 пакетика;Фиточай с чабрецом - 4 пакетика;Омолаживающий барсучий эликсир;350;;;;;;;;;;;;;;;;;;;;;;;;;;;;;;;;;;;;;;;;;;;;;;
05.02.2022;1660;;9 550;completed;williamlopez13@gmail.com;12.07.2021;7;3;3500.0;800.0;4900.0;;14;Омолаживающий барсучий эликсир;Фиточай с чабрецом - 4 пакетика;Омолаживающий барсучий эликсир;350;;;;;;;;;;;;;;;;;;;;;;;;;;;;;;;;;;;;;;;;;;;;;;
31.08.2021;3350;;6 200;completed;Lucasmoore88@yahoo.com;31.08.2021;8;3;3500.0;1900.0;800.0;;8;Омолаживающий барсучий эликсир;Маття-латте - 5 шт.;Фиточай с чабрецом - 4 пакетика;0;;;;;;;;;;;;;;;;;;;;;;;;;;;;;;;;;;;;;;;;;;;;;;
17.04.2021;3495;;2 015;completed;Olivertaylor66@yandex.ru;17.04.2021;4;3;325.0;1100.0;240.0;;4;Маття-латте - 1 шт.;Маття-латте - 5 шт.;Маття-латте - 1 шт.;350;;;;;;;;;;;;;;;;;;;;;;;;;;;;;;;;;;;;;;;;;;;;;;
25.03.2021;3045;;2 190;completed;Charlotteanderson1993@mail.ru;25.03.2021;3;3;800.0;240.0;800.0;;3;Фиточай с чабрецом - 4 пакетика;Маття-латте - 1 шт.;Фиточай с чабрецом - 4 пакетика;350;;;;;;;;;;;;;;;;;;;;;;;;;;;;;;;;;;;;;;;;;;;;;;
20.07.2021;2552;;3 890;completed;charlottemartinez12@gmail.com;20.07.2021;7;3;1900.0;890.0;1100.0;;7;Маття-латте - 5 шт.;Фиточай с чабрецом - 4 пакетика;Маття-латте - 5 шт.;0;;;;;;;;;;;;;;;;;;;;;;;;;;;;;;;;;;;;;;;;;;;;;;
06.11.2021;2124;;4 975;completed;williammoore2007@gmail.com;06.11.2021;11;3;800.0;325.0;3500.0;;11;Фиточай с чабрецом - 4 пакетика;Маття-латте - 1 шт.;Омолаживающий барсучий эликсир;350;;;;;;;;;;;;;;;;;;;;;;;;;;;;;;;;;;;;;;;;;;;;;;
23.02.2021;3392;;1 802;completed;Liamlopez0@yahoo.com;23.02.2021;2;3;325.0;587.0;890.0;;2;Маття-латте - 1 шт.;Фиточай с чабрецом - 4 пакетика;Фиточай с чабрецом - 4 пакетика;0;;;;;;;;;;;;;;;;;;;;;;;;;;;;;;;;;;;;;;;;;;;;;;
06.08.2021;3794;;6 500;completed;Oliverthomas1993@yahoo.com;06.08.2021;8;3;800.0;800.0;4900.0;;8;Фиточай с чабрецом - 4 пакетика;Фиточай с чабрецом - 4 пакетика;Омолаживающий барсучий эликсир;0;;;;;;;;;;;;;;;;;;;;;;;;;;;;;;;;;;;;;;;;;;;;;;
01.03.2021;1954;;4 600;completed;Isabellathomas0@yahoo.com;01.03.2021;3;3;800.0;1900.0;1900.0;;3;Фиточай с чабрецом - 4 пакетика;Маття-латте - 5 шт.;Маття-латте - 5 шт.;0;;;;;;;;;;;;;;;;;;;;;;;;;;;;;;;;;;;;;;;;;;;;;;
06.12.2021;2659;;8 640;completed;Liamtaylor1993@yahoo.com;24.07.2021;7;3;240.0;4900.0;3500.0;;12;Маття-латте - 1 шт.;Омолаживающий барсучий эликсир;Омолаживающий барсучий эликсир;0;;;;;;;;;;;;;;;;;;;;;;;;;;;;;;;;;;;;;;;;;;;;;;
06.05.2021;3598;;2 487;completed;Sophiamoore33@yandex.ru;06.05.2021;5;2;587.0;1900.0;;;5;Фиточай с чабрецом - 4 пакетика;Маття-латте - 5 шт.;Маття-латте - 1 шт.;0;;;;;;;;;;;;;;;;;;;;;;;;;;;;;;;;;;;;;;;;;;;;;;
16.07.2021;3925;;1 480;completed;Lucaswilliams69@mail.ru;16.07.2021;7;2;240.0;;890.0;;7;Маття-латте - 1 шт.;Маття-латте - 1 шт.;Фиточай с чабрецом - 4 пакетика;350;;;;;;;;;;;;;;;;;;;;;;;;;;;;;;;;;;;;;;;;;;;;;;
02.06.2021;2245;;9 150;returned;emmathomas69@gmail.com;29.04.2021;4;3;4900.0;1900.0;2000.0;;6;Омолаживающий барсучий эликсир;Маття-латте - 5 шт.;Омолаживающий барсучий эликсир;350;;;;;;;;;;;;;;;;;;;;;;;;;;;;;;;;;;;;;;;;;;;;;;
16.04.2021;2639;;10 950;completed;Charlottetaylor1993@yahoo.com;16.04.2021;4;3;4900.0;4900.0;800.0;;4;Омолаживающий барсучий эликсир;Омолаживающий барсучий эликсир;Фиточай с чабрецом - 4 пакетика;350;;;;;;;;;;;;;;;;;;;;;;;;;;;;;;;;;;;;;;;;;;;;;;
22.08.2021;3271;;7 487;returned;Sophiabrown13@mail.ru;22.08.2021;8;3;4900.0;587.0;2000.0;;8;Омолаживающий барсучий эликсир;Фиточай с чабрецом - 4 пакетика;Омолаживающий барсучий эликсир;0;;;;;;;;;;;;;;;;;;;;;;;;;;;;;;;;;;;;;;;;;;;;;;
12.12.2021;1607;;4 087;completed;Emmathomas2007@outlook.com;28.06.2021;6;2;;587.0;3500.0;;12;Маття-латте - 1 шт.;Фиточай с чабрецом - 4 пакетика;Омолаживающий барсучий эликсир;0;;;;;;;;;;;;;;;;;;;;;;;;;;;;;;;;;;;;;;;;;;;;;;
28.09.2021;3900;;890;completed;Oliverwilliams69@yandex.ru;28.09.2021;9;1;;;890.0;;9;Маття-латте - 1 шт.;Маття-латте - 1 шт.;Фиточай с чабрецом - 4 пакетика;0;;;;;;;;;;;;;;;;;;;;;;;;;;;;;;;;;;;;;;;;;;;;;;
22.03.2021;2204;;2 015;returned;Lucasanderson2007@yahoo.com;22.03.2021;3;3;325.0;890.0;800.0;;3;Маття-латте - 1 шт.;Фиточай с чабрецом - 4 пакетика;Фиточай с чабрецом - 4 пакетика;0;;;;;;;;;;;;;;;;;;;;;;;;;;;;;;;;;;;;;;;;;;;;;;
07.01.2022;1440;;5 240;completed;Isabellataylor66@mail.ru;07.01.2022;13;3;2000.0;2000.0;890.0;;13;Омолаживающий барсучий эликсир;Омолаживающий барсучий эликсир;Фиточай с чабрецом - 4 пакетика;350;;;;;;;;;;;;;;;;;;;;;;;;;;;;;;;;;;;;;;;;;;;;;;
26.12.2021;4173;;1 480;completed;Lucassmith66@yandex.ru;27.03.2021;3;2;;240.0;890.0;;12;Маття-латте - 1 шт.;Маття-латте - 1 шт.;Фиточай с чабрецом - 4 пакетика;350;;;;;;;;;;;;;;;;;;;;;;;;;;;;;;;;;;;;;;;;;;;;;;
23.10.2021;3870;;1 475;returned;Alexanderwilliams13@outlook.com;23.10.2021;10;2;325.0;;800.0;;10;Маття-латте - 1 шт.;Маття-латте - 1 шт.;Фиточай с чабрецом - 4 пакетика;350;;;;;;;;;;;;;;;;;;;;;;;;;;;;;;;;;;;;;;;;;;;;;;
03.12.2021;4066;;10 900;completed;Isabellasmith1987@yandex.ru;09.04.2021;4;3;4900.0;1100.0;4900.0;;12;Омолаживающий барсучий эликсир;Маття-латте - 5 шт.;Омолаживающий барсучий эликсир;0;;;;;;;;;;;;;;;;;;;;;;;;;;;;;;;;;;;;;;;;;;;;;;
07.07.2021;2351;;2 670;completed;sophiasmith66@gmail.com;07.07.2021;7;3;890.0;890.0;890.0;;7;Фиточай с чабрецом - 4 пакетика;Фиточай с чабрецом - 4 пакетика;Фиточай с чабрецом - 4 пакетика;0;;;;;;;;;;;;;;;;;;;;;;;;;;;;;;;;;;;;;;;;;;;;;;
26.02.2021;2069;;2 565;completed;Alexanderlopez1987@outlook.com;26.02.2021;2;3;240.0;2000.0;325.0;;2;Маття-латте - 1 шт.;Омолаживающий барсучий эликсир;Маття-латте - 1 шт.;0;;;;;;;;;;;;;;;;;;;;;;;;;;;;;;;;;;;;;;;;;;;;;;
04.05.2021;2382;;3 130;returned;Charlottetaylor13@mail.ru;04.05.2021;5;3;240.0;2000.0;890.0;;5;Маття-латте - 1 шт.;Омолаживающий барсучий эликсир;Фиточай с чабрецом - 4 пакетика;0;;;;;;;;;;;;;;;;;;;;;;;;;;;;;;;;;;;;;;;;;;;;;;
08.02.2022;2433;;6 675;completed;Sophiasmith1993@mail.ru;04.05.2021;5;3;325.0;1100.0;4900.0;;14;Маття-латте - 1 шт.;Маття-латте - 5 шт.;Омолаживающий барсучий эликсир;350;;;;;;;;;;;;;;;;;;;;;;;;;;;;;;;;;;;;;;;;;;;;;;
16.08.2021;3736;;6 600;completed;Charlottewilliams69@outlook.com;26.02.2021;2;3;2000.0;3500.0;1100.0;;8;Омолаживающий барсучий эликсир;Омолаживающий барсучий эликсир;Маття-латте - 5 шт.;0;;;;;;;;;;;;;;;;;;;;;;;;;;;;;;;;;;;;;;;;;;;;;;
06.04.2021;3683;;2 280;completed;Williamthomas12@yahoo.com;06.04.2021;4;3;890.0;240.0;800.0;;4;Фиточай с чабрецом - 4 пакетика;Маття-латте - 1 шт.;Фиточай с чабрецом - 4 пакетика;350;;;;;;;;;;;;;;;;;;;;;;;;;;;;;;;;;;;;;;;;;;;;;;
25.08.2021;1505;;2 140;completed;williamanderson0@gmail.com;14.07.2021;7;3;800.0;240.0;1100.0;;8;Фиточай с чабрецом - 4 пакетика;Маття-латте - 1 шт.;Маття-латте - 5 шт.;0;;;;;;;;;;;;;;;;;;;;;;;;;;;;;;;;;;;;;;;;;;;;;;
31.10.2021;1617;;7 150;completed;isabellabrown66@gmail.com;31.05.2021;5;3;4900.0;1100.0;800.0;;10;Омолаживающий барсучий эликсир;Маття-латте - 5 шт.;Фиточай с чабрецом - 4 пакетика;350;;;;;;;;;;;;;;;;;;;;;;;;;;;;;;;;;;;;;;;;;;;;;;
28.10.2021;1844;;6 600;completed;liamanderson13@gmail.com;11.08.2021;8;3;3500.0;1100.0;2000.0;;10;Омолаживающий барсучий эликсир;Маття-латте - 5 шт.;Омолаживающий барсучий эликсир;0;;;;;;;;;;;;;;;;;;;;;;;;;;;;;;;;;;;;;;;;;;;;;;
27.11.2021;3912;;5 640;completed;williamlopez88@gmail.com;15.09.2021;9;3;240.0;1900.0;3500.0;;11;Маття-латте - 1 шт.;Маття-латте - 5 шт.;Омолаживающий барсучий эликсир;0;;;;;;;;;;;;;;;;;;;;;;;;;;;;;;;;;;;;;;;;;;;;;;
30.11.2021;1591;;5 187;returned;Liammartinez1993@outlook.com;05.03.2021;3;3;1100.0;3500.0;587.0;;11;Маття-латте - 5 шт.;Омолаживающий барсучий эликсир;Фиточай с чабрецом - 4 пакетика;0;;;;;;;;;;;;;;;;;;;;;;;;;;;;;;;;;;;;;;;;;;;;;;
19.10.2021;4027;;6 390;completed;Alexanderwilliams88@yandex.ru;14.04.2021;4;3;3500.0;2000.0;890.0;;10;Омолаживающий барсучий эликсир;Омолаживающий барсучий эликсир;Фиточай с чабрецом - 4 пакетика;0;;;;;;;;;;;;;;;;;;;;;;;;;;;;;;;;;;;;;;;;;;;;;;
02.11.2021;3819;;3 890;completed;Lucasanderson1987@mail.ru;02.11.2021;11;3;890.0;1900.0;1100.0;;11;Фиточай с чабрецом - 4 пакетика;Маття-латте - 5 шт.;Маття-латте - 5 шт.;0;;;;;;;;;;;;;;;;;;;;;;;;;;;;;;;;;;;;;;;;;;;;;;
20.12.2021;2262;;3 025;returned;Oliveranderson13@outlook.com;03.09.2021;9;3;1900.0;325.0;800.0;;12;Маття-латте - 5 шт.;Маття-латте - 1 шт.;Фиточай с чабрецом - 4 пакетика;0;;;;;;;;;;;;;;;;;;;;;;;;;;;;;;;;;;;;;;;;;;;;;;
11.12.2021;1271;;5 987;completed;Lucassmith1993@yahoo.com;01.04.2021;4;3;587.0;3500.0;1900.0;;12;Фиточай с чабрецом - 4 пакетика;Омолаживающий барсучий эликсир;Маття-латте - 5 шт.;0;;;;;;;;;;;;;;;;;;;;;;;;;;;;;;;;;;;;;;;;;;;;;;
24.05.2021;2844;;3 162;completed;Liamthomas33@yandex.ru;24.05.2021;5;3;587.0;325.0;1900.0;;5;Фиточай с чабрецом - 4 пакетика;Маття-латте - 1 шт.;Маття-латте - 5 шт.;350;;;;;;;;;;;;;;;;;;;;;;;;;;;;;;;;;;;;;;;;;;;;;;
10.03.2021;3133;;1 712;completed;Liamthomas12@mail.ru;10.03.2021;3;3;587.0;325.0;800.0;;3;Фиточай с чабрецом - 4 пакетика;Маття-латте - 1 шт.;Фиточай с чабрецом - 4 пакетика;0;;;;;;;;;;;;;;;;;;;;;;;;;;;;;;;;;;;;;;;;;;;;;;
20.03.2021;3126;;6 337;completed;Charlottelopez69@yandex.ru;20.03.2021;3;3;1900.0;3500.0;587.0;;3;Маття-латте - 5 шт.;Омолаживающий барсучий эликсир;Фиточай с чабрецом - 4 пакетика;350;;;;;;;;;;;;;;;;;;;;;;;;;;;;;;;;;;;;;;;;;;;;;;
09.06.2021;4108;;7 900;completed;emmawilliams0@gmail.com;09.03.2021;3;3;1900.0;4900.0;1100.0;;6;Маття-латте - 5 шт.;Омолаживающий барсучий эликсир;Маття-латте - 5 шт.;0;;;;;;;;;;;;;;;;;;;;;;;;;;;;;;;;;;;;;;;;;;;;;;
06.07.2021;3741;;2 140;completed;liamsmith88@gmail.com;06.07.2021;7;2;240.0;1900.0;;;7;Маття-латте - 1 шт.;Маття-латте - 5 шт.;Маття-латте - 1 шт.;0;;;;;;;;;;;;;;;;;;;;;;;;;;;;;;;;;;;;;;;;;;;;;;
23.04.2021;3307;;5 550;returned;alexandermartinez1993@gmail.com;23.04.2021;4;3;325.0;4900.0;325.0;;4;Маття-латте - 1 шт.;Омолаживающий барсучий эликсир;Маття-латте - 1 шт.;0;;;;;;;;;;;;;;;;;;;;;;;;;;;;;;;;;;;;;;;;;;;;;;
12.12.2021;2947;;2 480;completed;Olivermoore33@yahoo.com;07.04.2021;4;3;240.0;2000.0;240.0;;12;Маття-латте - 1 шт.;Омолаживающий барсучий эликсир;Маття-латте - 1 шт.;0;;;;;;;;;;;;;;;;;;;;;;;;;;;;;;;;;;;;;;;;;;;;;;
02.03.2021;3283;;6 390;completed;Liamjackson13@outlook.com;02.03.2021;3;3;2000.0;3500.0;890.0;;3;Омолаживающий барсучий эликсир;Омолаживающий барсучий эликсир;Фиточай с чабрецом - 4 пакетика;0;;;;;;;;;;;;;;;;;;;;;;;;;;;;;;;;;;;;;;;;;;;;;;
19.04.2021;3689;;6 030;completed;Olivertaylor12@yahoo.com;19.04.2021;4;3;240.0;4900.0;890.0;;4;Маття-латте - 1 шт.;Омолаживающий барсучий эликсир;Фиточай с чабрецом - 4 пакетика;0;;;;;;;;;;;;;;;;;;;;;;;;;;;;;;;;;;;;;;;;;;;;;;
05.11.2021;3889;;3 587;completed;Isabellalopez33@mail.ru;05.11.2021;11;3;587.0;1100.0;1900.0;;11;Фиточай с чабрецом - 4 пакетика;Маття-латте - 5 шт.;Маття-латте - 5 шт.;0;;;;;;;;;;;;;;;;;;;;;;;;;;;;;;;;;;;;;;;;;;;;;;
20.06.2021;2107;;4 412;completed;Sophiabrown1987@yandex.ru;12.05.2021;5;3;3500.0;587.0;325.0;;6;Омолаживающий барсучий эликсир;Фиточай с чабрецом - 4 пакетика;Маття-латте - 1 шт.;0;;;;;;;;;;;;;;;;;;;;;;;;;;;;;;;;;;;;;;;;;;;;;;
04.04.2021;1797;;2 940;completed;Oliversmith69@mail.ru;04.04.2021;4;3;1900.0;800.0;240.0;;4;Маття-латте - 5 шт.;Фиточай с чабрецом - 4 пакетика;Маття-латте - 1 шт.;0;;;;;;;;;;;;;;;;;;;;;;;;;;;;;;;;;;;;;;;;;;;;;;
08.09.2021;3235;;6 240;completed;Sophiaanderson12@outlook.com;26.06.2021;6;3;240.0;4900.0;1100.0;;9;Маття-латте - 1 шт.;Омолаживающий барсучий эликсир;Маття-латте - 5 шт.;0;;;;;;;;;;;;;;;;;;;;;;;;;;;;;;;;;;;;;;;;;;;;;;
11.03.2021;2897;;6 025;completed;Oliverbrown13@mail.ru;11.03.2021;3;3;800.0;325.0;4900.0;;3;Фиточай с чабрецом - 4 пакетика;Маття-латте - 1 шт.;Омолаживающий барсучий эликсир;0;;;;;;;;;;;;;;;;;;;;;;;;;;;;;;;;;;;;;;;;;;;;;;
06.01.2022;1562;;4 200;completed;isabellathomas33@gmail.com;21.06.2021;6;3;2000.0;1100.0;1100.0;;13;Омолаживающий барсучий эликсир;Маття-латте - 5 шт.;Маття-латте - 5 шт.;0;;;;;;;;;;;;;;;;;;;;;;;;;;;;;;;;;;;;;;;;;;;;;;
23.09.2021;2634;;7 350;completed;isabellawilliams1987@gmail.com;22.02.2021;2;2;3500.0;;3500.0;;9;Омолаживающий барсучий эликсир;Маття-латте - 1 шт.;Омолаживающий барсучий эликсир;350;;;;;;;;;;;;;;;;;;;;;;;;;;;;;;;;;;;;;;;;;;;;;;
10.11.2021;2475;;1 802;returned;Isabellamoore66@outlook.com;13.03.2021;3;3;587.0;890.0;325.0;;11;Фиточай с чабрецом - 4 пакетика;Фиточай с чабрецом - 4 пакетика;Маття-латте - 1 шт.;0;;;;;;;;;;;;;;;;;;;;;;;;;;;;;;;;;;;;;;;;;;;;;;
09.03.2021;2372;;1000;completed;charlottesmith13@gmail.com;09.03.2021;3;2;325.0;325.0;;;3;Маття-латте - 1 шт.;Маття-латте - 1 шт.;Маття-латте - 1 шт.;350;;;;;;;;;;;;;;;;;;;;;;;;;;;;;;;;;;;;;;;;;;;;;;
14.08.2021;1572;;3 990;completed;Olivermartinez2007@mail.ru;14.08.2021;8;3;1100.0;2000.0;890.0;;8;Маття-латте - 5 шт.;Омолаживающий барсучий эликсир;Фиточай с чабрецом - 4 пакетика;0;;;;;;;;;;;;;;;;;;;;;;;;;;;;;;;;;;;;;;;;;;;;;;
04.11.2021;3119;;5 540;completed;sophiamoore13@gmail.com;04.11.2021;11;3;3500.0;800.0;890.0;;11;Омолаживающий барсучий эликсир;Фиточай с чабрецом - 4 пакетика;Фиточай с чабрецом - 4 пакетика;350;;;;;;;;;;;;;;;;;;;;;;;;;;;;;;;;;;;;;;;;;;;;;;
04.07.2021;1449;;1 370;returned;Sophiaanderson88@yahoo.com;19.02.2021;2;3;240.0;240.0;890.0;;7;Маття-латте - 1 шт.;Маття-латте - 1 шт.;Фиточай с чабрецом - 4 пакетика;0;;;;;;;;;;;;;;;;;;;;;;;;;;;;;;;;;;;;;;;;;;;;;;
15.10.2021;1585;;2 230;completed;Charlottemoore2007@yahoo.com;15.10.2021;10;3;240.0;890.0;1100.0;;10;Маття-латте - 1 шт.;Фиточай с чабрецом - 4 пакетика;Маття-латте - 5 шт.;0;;;;;;;;;;;;;;;;;;;;;;;;;;;;;;;;;;;;;;;;;;;;;;
28.04.2021;2284;;7 040;completed;Oliverbrown1993@gmail.com;28.04.2021;4;3;1900.0;240.0;4900.0;;4;Маття-латте - 5 шт.;Маття-латте - 1 шт.;Омолаживающий барсучий эликсир;0;;;;;;;;;;;;;;;;;;;;;;;;;;;;;;;;;;;;;;;;;;;;;;
01.04.2021;2369;;7 487;completed;alexandermoore1993@gmail.com;01.04.2021;4;3;2000.0;4900.0;587.0;;4;Омолаживающий барсучий эликсир;Омолаживающий барсучий эликсир;Фиточай с чабрецом - 4 пакетика;0;;;;;;;;;;;;;;;;;;;;;;;;;;;;;;;;;;;;;;;;;;;;;;
08.02.2022;1760;;5 450;completed;Williamlopez69@outlook.com;25.07.2021;7;3;800.0;3500.0;800.0;;14;Фиточай с чабрецом - 4 пакетика;Омолаживающий барсучий эликсир;Фиточай с чабрецом - 4 пакетика;350;;;;;;;;;;;;;;;;;;;;;;;;;;;;;;;;;;;;;;;;;;;;;;
22.02.2021;1587;;1 630;completed;Oliverthomas33@mail.ru;22.02.2021;2;3;240.0;240.0;800.0;;2;Маття-латте - 1 шт.;Маття-латте - 1 шт.;Фиточай с чабрецом - 4 пакетика;350;;;;;;;;;;;;;;;;;;;;;;;;;;;;;;;;;;;;;;;;;;;;;;
20.02.2021;3391;;3 000;returned;Isabellajackson0@outlook.com;20.02.2021;2;3;1100.0;800.0;1100.0;;2;Маття-латте - 5 шт.;Фиточай с чабрецом - 4 пакетика;Маття-латте - 5 шт.;0;;;;;;;;;;;;;;;;;;;;;;;;;;;;;;;;;;;;;;;;;;;;;;
22.11.2021;3197;;6 680;completed;Olivermartinez2007@mail.ru;16.02.2021;2;3;4900.0;890.0;890.0;;11;Омолаживающий барсучий эликсир;Фиточай с чабрецом - 4 пакетика;Фиточай с чабрецом - 4 пакетика;0;;;;;;;;;;;;;;;;;;;;;;;;;;;;;;;;;;;;;;;;;;;;;;
24.03.2021;1862;;2 315;completed;emmamoore13@gmail.com;24.03.2021;3;3;1100.0;890.0;325.0;;3;Маття-латте - 5 шт.;Фиточай с чабрецом - 4 пакетика;Маття-латте - 1 шт.;0;;;;;;;;;;;;;;;;;;;;;;;;;;;;;;;;;;;;;;;;;;;;;;
19.10.2021;2366;;2 890;completed;Liamwilliams88@mail.ru;14.05.2021;5;2;;890.0;2000.0;;10;Маття-латте - 1 шт.;Фиточай с чабрецом - 4 пакетика;Омолаживающий барсучий эликсир;0;;;;;;;;;;;;;;;;;;;;;;;;;;;;;;;;;;;;;;;;;;;;;;
20.01.2022;3717;;2 225;completed;Liamanderson69@outlook.com;20.01.2022;13;2;;1900.0;325.0;;13;Маття-латте - 1 шт.;Маття-латте - 5 шт.;Маття-латте - 1 шт.;0;;;;;;;;;;;;;;;;;;;;;;;;;;;;;;;;;;;;;;;;;;;;;;
02.10.2021;2177;;3 325;completed;Liamtaylor0@yahoo.com;02.10.2021;10;3;1100.0;325.0;1900.0;;10;Маття-латте - 5 шт.;Маття-латте - 1 шт.;Маття-латте - 5 шт.;0;;;;;;;;;;;;;;;;;;;;;;;;;;;;;;;;;;;;;;;;;;;;;;
22.04.2021;2763;;6 000;returned;alexanderanderson1987@gmail.com;22.04.2021;4;3;2000.0;2000.0;2000.0;;4;Омолаживающий барсучий эликсир;Омолаживающий барсучий эликсир;Омолаживающий барсучий эликсир;0;;;;;;;;;;;;;;;;;;;;;;;;;;;;;;;;;;;;;;;;;;;;;;
26.12.2021;2717;;1 717;completed;Charlottelopez2007@yandex.ru;09.07.2021;7;3;587.0;890.0;240.0;;12;Фиточай с чабрецом - 4 пакетика;Фиточай с чабрецом - 4 пакетика;Маття-латте - 1 шт.;0;;;;;;;;;;;;;;;;;;;;;;;;;;;;;;;;;;;;;;;;;;;;;;
08.06.2021;2224;;9 550;returned;avathomas66@gmail.com;19.03.2021;3;3;3500.0;800.0;4900.0;;6;Омолаживающий барсучий эликсир;Фиточай с чабрецом - 4 пакетика;Омолаживающий барсучий эликсир;350;;;;;;;;;;;;;;;;;;;;;;;;;;;;;;;;;;;;;;;;;;;;;;
24.11.2021;1758;;6 587;returned;alexandersmith12@gmail.com;11.08.2021;8;3;4900.0;587.0;1100.0;;11;Омолаживающий барсучий эликсир;Фиточай с чабрецом - 4 пакетика;Маття-латте - 5 шт.;0;;;;;;;;;;;;;;;;;;;;;;;;;;;;;;;;;;;;;;;;;;;;;;
22.02.2021;3699;;5 465;completed;liambrown12@gmail.com;22.02.2021;2;3;325.0;4900.0;240.0;;2;Маття-латте - 1 шт.;Омолаживающий барсучий эликсир;Маття-латте - 1 шт.;0;;;;;;;;;;;;;;;;;;;;;;;;;;;;;;;;;;;;;;;;;;;;;;
17.11.2021;2187;;2 067;returned;Williammartinez12@yahoo.com;13.03.2021;3;3;587.0;890.0;240.0;;11;Фиточай с чабрецом - 4 пакетика;Фиточай с чабрецом - 4 пакетика;Маття-латте - 1 шт.;350;;;;;;;;;;;;;;;;;;;;;;;;;;;;;;;;;;;;;;;;;;;;;;
16.04.2021;2745;;2 665;completed;Liambrown66@mail.ru;16.04.2021;4;3;1100.0;890.0;325.0;;4;Маття-латте - 5 шт.;Фиточай с чабрецом - 4 пакетика;Маття-латте - 1 шт.;350;;;;;;;;;;;;;;;;;;;;;;;;;;;;;;;;;;;;;;;;;;;;;;
05.01.2022;2298;;4 900;completed;Alexanderlopez88@mail.ru;05.01.2022;13;3;1900.0;1100.0;1900.0;;13;Маття-латте - 5 шт.;Маття-латте - 5 шт.;Маття-латте - 5 шт.;0;;;;;;;;;;;;;;;;;;;;;;;;;;;;;;;;;;;;;;;;;;;;;;
26.11.2021;3813;;2 020;completed;Isabellasmith13@yahoo.com;26.11.2021;11;3;890.0;890.0;240.0;;11;Фиточай с чабрецом - 4 пакетика;Фиточай с чабрецом - 4 пакетика;Маття-латте - 1 шт.;0;;;;;;;;;;;;;;;;;;;;;;;;;;;;;;;;;;;;;;;;;;;;;;
16.05.2021;1993;;4 090;completed;Emmamartinez0@outlook.com;16.05.2021;5;2;3500.0;;240.0;;5;Омолаживающий барсучий эликсир;Маття-латте - 1 шт.;Маття-латте - 1 шт.;350;;;;;;;;;;;;;;;;;;;;;;;;;;;;;;;;;;;;;;;;;;;;;;
20.09.2021;1594;;4 700;completed;Lucasanderson69@mail.ru;16.02.2021;2;3;1900.0;800.0;2000.0;;9;Маття-латте - 5 шт.;Фиточай с чабрецом - 4 пакетика;Омолаживающий барсучий эликсир;0;;;;;;;;;;;;;;;;;;;;;;;;;;;;;;;;;;;;;;;;;;;;;;
24.08.2021;3810;;3 740;completed;Oliverthomas2007@yahoo.com;24.08.2021;8;2;3500.0;240.0;;;8;Омолаживающий барсучий эликсир;Маття-латте - 1 шт.;Маття-латте - 1 шт.;0;;;;;;;;;;;;;;;;;;;;;;;;;;;;;;;;;;;;;;;;;;;;;;
07.04.2021;3918;;9 337;completed;Emmamartinez0@outlook.com;18.02.2021;2;3;4900.0;587.0;3500.0;;4;Омолаживающий барсучий эликсир;Фиточай с чабрецом - 4 пакетика;Омолаживающий барсучий эликсир;350;;;;;;;;;;;;;;;;;;;;;;;;;;;;;;;;;;;;;;;;;;;;;;
02.07.2021;1725;;5 490;returned;Williammoore69@yandex.ru;02.07.2021;7;2;;240.0;4900.0;;7;Маття-латте - 1 шт.;Маття-латте - 1 шт.;Омолаживающий барсучий эликсир;350;;;;;;;;;;;;;;;;;;;;;;;;;;;;;;;;;;;;;;;;;;;;;;
31.03.2021;4176;;2 587;completed;alexanderlopez33@gmail.com;31.03.2021;3;2;587.0;2000.0;;;3;Фиточай с чабрецом - 4 пакетика;Омолаживающий барсучий эликсир;Маття-латте - 1 шт.;0;;;;;;;;;;;;;;;;;;;;;;;;;;;;;;;;;;;;;;;;;;;;;;
27.07.2021;2856;;6 900;returned;Charlottetaylor1987@outlook.com;27.07.2021;7;2;;4900.0;2000.0;;7;Маття-латте - 1 шт.;Омолаживающий барсучий эликсир;Омолаживающий барсучий эликсир;0;;;;;;;;;;;;;;;;;;;;;;;;;;;;;;;;;;;;;;;;;;;;;;
26.12.2021;3017;;3 162;returned;isabellathomas1987@gmail.com;03.03.2021;3;3;325.0;1900.0;587.0;;12;Маття-латте - 1 шт.;Маття-латте - 5 шт.;Фиточай с чабрецом - 4 пакетика;350;;;;;;;;;;;;;;;;;;;;;;;;;;;;;;;;;;;;;;;;;;;;;;
31.10.2021;2935;;4 737;completed;isabellasmith1987@gmail.com;23.09.2021;9;3;1900.0;1900.0;587.0;;10;Маття-латте - 5 шт.;Маття-латте - 5 шт.;Фиточай с чабрецом - 4 пакетика;350;;;;;;;;;;;;;;;;;;;;;;;;;;;;;;;;;;;;;;;;;;;;;;
23.08.2021;3785;;3 377;returned;Williamsmith2007@mail.ru;20.04.2021;4;3;587.0;1900.0;890.0;;8;Фиточай с чабрецом - 4 пакетика;Маття-латте - 5 шт.;Фиточай с чабрецом - 4 пакетика;0;;;;;;;;;;;;;;;;;;;;;;;;;;;;;;;;;;;;;;;;;;;;;;
02.04.2021;1632;;1 280;completed;Isabellathomas1987@outlook.com;02.04.2021;4;3;240.0;240.0;800.0;;4;Маття-латте - 1 шт.;Маття-латте - 1 шт.;Фиточай с чабрецом - 4 пакетика;0;;;;;;;;;;;;;;;;;;;;;;;;;;;;;;;;;;;;;;;;;;;;;;
26.12.2021;1552;;1 130;completed;Liamjackson69@yandex.ru;17.06.2021;6;2;240.0;;890.0;;12;Маття-латте - 1 шт.;Маття-латте - 1 шт.;Фиточай с чабрецом - 4 пакетика;0;;;;;;;;;;;;;;;;;;;;;;;;;;;;;;;;;;;;;;;;;;;;;;
29.04.2021;2245;;1 152;returned;emmathomas69@gmail.com;29.04.2021;4;3;587.0;325.0;240.0;;4;Фиточай с чабрецом - 4 пакетика;Маття-латте - 1 шт.;Маття-латте - 1 шт.;0;;;;;;;;;;;;;;;;;;;;;;;;;;;;;;;;;;;;;;;;;;;;;;
24.02.2021;3923;;4 950;completed;Lucaswilliams13@yahoo.com;24.02.2021;2;3;800.0;1900.0;1900.0;;2;Фиточай с чабрецом - 4 пакетика;Маття-латте - 5 шт.;Маття-латте - 5 шт.;350;;;;;;;;;;;;;;;;;;;;;;;;;;;;;;;;;;;;;;;;;;;;;;
14.04.2021;3618;;3 000;completed;Emmajackson1993@yandex.ru;17.03.2021;3;3;800.0;1100.0;1100.0;;4;Фиточай с чабрецом - 4 пакетика;Маття-латте - 5 шт.;Маття-латте - 5 шт.;0;;;;;;;;;;;;;;;;;;;;;;;;;;;;;;;;;;;;;;;;;;;;;;
31.10.2021;3103;;8 700;completed;liamwilliams13@gmail.com;22.04.2021;4;3;4900.0;1900.0;1900.0;;10;Омолаживающий барсучий эликсир;Маття-латте - 5 шт.;Маття-латте - 5 шт.;0;;;;;;;;;;;;;;;;;;;;;;;;;;;;;;;;;;;;;;;;;;;;;;
23.11.2021;2612;;7 737;completed;Alexandersmith66@yandex.ru;17.05.2021;5;3;587.0;4900.0;1900.0;;11;Фиточай с чабрецом - 4 пакетика;Омолаживающий барсучий эликсир;Маття-латте - 5 шт.;350;;;;;;;;;;;;;;;;;;;;;;;;;;;;;;;;;;;;;;;;;;;;;;
21.02.2021;1699;;6 140;completed;Liammoore1987@mail.ru;21.02.2021;2;2;890.0;4900.0;;;2;Фиточай с чабрецом - 4 пакетика;Омолаживающий барсучий эликсир;Маття-латте - 1 шт.;350;;;;;;;;;;;;;;;;;;;;;;;;;;;;;;;;;;;;;;;;;;;;;;
05.09.2021;3476;;6 600;completed;Emmamoore2007@yandex.ru;11.05.2021;5;3;3500.0;1100.0;2000.0;;9;Омолаживающий барсучий эликсир;Маття-латте - 5 шт.;Омолаживающий барсучий эликсир;0;;;;;;;;;;;;;;;;;;;;;;;;;;;;;;;;;;;;;;;;;;;;;;
19.05.2021;2726;;1000;completed;emmabrown2007@outlook.com;01.03.2021;3;2;;325.0;325.0;;5;Маття-латте - 1 шт.;Маття-латте - 1 шт.;Маття-латте - 1 шт.;350;;;;;;;;;;;;;;;;;;;;;;;;;;;;;;;;;;;;;;;;;;;;;;
25.07.2021;2621;;3 162;completed;liamanderson1987@gmail.com;25.07.2021;7;3;325.0;587.0;1900.0;;7;Маття-латте - 1 шт.;Фиточай с чабрецом - 4 пакетика;Маття-латте - 5 шт.;350;;;;;;;;;;;;;;;;;;;;;;;;;;;;;;;;;;;;;;;;;;;;;;
01.07.2021;1262;;10 690;completed;alexanderthomas33@gmail.com;01.07.2021;7;3;4900.0;4900.0;890.0;;7;Омолаживающий барсучий эликсир;Омолаживающий барсучий эликсир;Фиточай с чабрецом - 4 пакетика;0;;;;;;;;;;;;;;;;;;;;;;;;;;;;;;;;;;;;;;;;;;;;;;
13.05.2021;3892;;5 275;completed;Isabellathomas69@yandex.ru;13.05.2021;5;3;3500.0;325.0;1100.0;;5;Омолаживающий барсучий эликсир;Маття-латте - 1 шт.;Маття-латте - 5 шт.;350;;;;;;;;;;;;;;;;;;;;;;;;;;;;;;;;;;;;;;;;;;;;;;
19.02.2021;2123;;7 040;completed;Lucasjackson1993@yahoo.com;19.02.2021;2;3;240.0;1900.0;4900.0;;2;Маття-латте - 1 шт.;Маття-латте - 5 шт.;Омолаживающий барсучий эликсир;0;;;;;;;;;;;;;;;;;;;;;;;;;;;;;;;;;;;;;;;;;;;;;;
05.08.2021;1350;;7 950;completed;Isabellamartinez69@outlook.com;27.03.2021;3;3;1900.0;4900.0;800.0;;8;Маття-латте - 5 шт.;Омолаживающий барсучий эликсир;Фиточай с чабрецом - 4 пакетика;350;;;;;;;;;;;;;;;;;;;;;;;;;;;;;;;;;;;;;;;;;;;;;;
12.04.2021;1570;;3 377;completed;Isabellalopez2007@yahoo.com;12.04.2021;4;3;890.0;587.0;1900.0;;4;Фиточай с чабрецом - 4 пакетика;Фиточай с чабрецом - 4 пакетика;Маття-латте - 5 шт.;0;;;;;;;;;;;;;;;;;;;;;;;;;;;;;;;;;;;;;;;;;;;;;;
17.11.2021;4038;;6 740;returned;williamtaylor66@gmail.com;25.10.2021;10;3;2000.0;3500.0;890.0;;11;Омолаживающий барсучий эликсир;Омолаживающий барсучий эликсир;Фиточай с чабрецом - 4 пакетика;350;;;;;;;;;;;;;;;;;;;;;;;;;;;;;;;;;;;;;;;;;;;;;;
18.11.2021;1408;;4 540;completed;Isabellamoore2007@outlook.com;30.07.2021;7;3;800.0;3500.0;240.0;;11;Фиточай с чабрецом - 4 пакетика;Омолаживающий барсучий эликсир;Маття-латте - 1 шт.;0;;;;;;;;;;;;;;;;;;;;;;;;;;;;;;;;;;;;;;;;;;;;;;
10.01.2022;1280;;2 100;completed;Sophiamoore13@yandex.ru;25.05.2021;5;3;325.0;1100.0;325.0;;13;Маття-латте - 1 шт.;Маття-латте - 5 шт.;Маття-латте - 1 шт.;350;;;;;;;;;;;;;;;;;;;;;;;;;;;;;;;;;;;;;;;;;;;;;;
26.06.2021;3410;;7 790;completed;Charlottelopez1987@yandex.ru;04.05.2021;5;3;4900.0;890.0;2000.0;;6;Омолаживающий барсучий эликсир;Фиточай с чабрецом - 4 пакетика;Омолаживающий барсучий эликсир;0;;;;;;;;;;;;;;;;;;;;;;;;;;;;;;;;;;;;;;;;;;;;;;
17.03.2021;3054;;2 665;completed;Sophiajackson2007@mail.ru;20.02.2021;2;3;325.0;890.0;1100.0;;3;Маття-латте - 1 шт.;Фиточай с чабрецом - 4 пакетика;Маття-латте - 5 шт.;350;;;;;;;;;;;;;;;;;;;;;;;;;;;;;;;;;;;;;;;;;;;;;;
29.11.2021;2481;;5 487;completed;alexanderwilliams1987@gmail.com;29.11.2021;11;2;4900.0;587.0;;;11;Омолаживающий барсучий эликсир;Фиточай с чабрецом - 4 пакетика;Маття-латте - 1 шт.;0;;;;;;;;;;;;;;;;;;;;;;;;;;;;;;;;;;;;;;;;;;;;;;
11.02.2022;2064;;4 715;completed;Sophiasmith66@yahoo.com;31.03.2021;3;3;325.0;3500.0;890.0;;14;Маття-латте - 1 шт.;Омолаживающий барсучий эликсир;Фиточай с чабрецом - 4 пакетика;0;;;;;;;;;;;;;;;;;;;;;;;;;;;;;;;;;;;;;;;;;;;;;;
28.01.2022;4148;;3 040;returned;Alexanderlopez69@yandex.ru;28.01.2022;13;3;2000.0;800.0;240.0;;13;Омолаживающий барсучий эликсир;Фиточай с чабрецом - 4 пакетика;Маття-латте - 1 шт.;0;;;;;;;;;;;;;;;;;;;;;;;;;;;;;;;;;;;;;;;;;;;;;;
22.12.2021;2597;;1 524;completed;Sophiajackson69@yandex.ru;05.07.2021;7;2;587.0;;587.0;;12;Фиточай с чабрецом - 4 пакетика;Маття-латте - 1 шт.;Фиточай с чабрецом - 4 пакетика;350;;;;;;;;;;;;;;;;;;;;;;;;;;;;;;;;;;;;;;;;;;;;;;
31.05.2021;1761;;7 600;completed;Charlottetaylor1987@yandex.ru;31.05.2021;5;3;1900.0;800.0;4900.0;;5;Маття-латте - 5 шт.;Фиточай с чабрецом - 4 пакетика;Омолаживающий барсучий эликсир;0;;;;;;;;;;;;;;;;;;;;;;;;;;;;;;;;;;;;;;;;;;;;;;
26.11.2021;2635;;6 937;completed;Williamanderson69@outlook.com;26.11.2021;11;3;587.0;4900.0;1100.0;;11;Фиточай с чабрецом - 4 пакетика;Омолаживающий барсучий эликсир;Маття-латте - 5 шт.;350;;;;;;;;;;;;;;;;;;;;;;;;;;;;;;;;;;;;;;;;;;;;;;
15.10.2021;1418;;3 380;completed;Isabellasmith33@yahoo.com;03.10.2021;10;3;240.0;890.0;1900.0;;10;Маття-латте - 1 шт.;Фиточай с чабрецом - 4 пакетика;Маття-латте - 5 шт.;350;;;;;;;;;;;;;;;;;;;;;;;;;;;;;;;;;;;;;;;;;;;;;;
14.08.2021;2939;;5 740;completed;Oliverbrown2007@mail.ru;14.08.2021;8;3;2000.0;240.0;3500.0;;8;Омолаживающий барсучий эликсир;Маття-латте - 1 шт.;Омолаживающий барсучий эликсир;0;;;;;;;;;;;;;;;;;;;;;;;;;;;;;;;;;;;;;;;;;;;;;;
13.03.2021;2475;;6 850;completed;Isabellamoore66@outlook.com;13.03.2021;3;3;3500.0;1100.0;1900.0;;3;Омолаживающий барсучий эликсир;Маття-латте - 5 шт.;Маття-латте - 5 шт.;350;;;;;;;;;;;;;;;;;;;;;;;;;;;;;;;;;;;;;;;;;;;;;;
08.09.2021;2103;;4 740;completed;Lucasanderson69@yandex.ru;22.04.2021;4;2;;3500.0;890.0;;9;Маття-латте - 1 шт.;Омолаживающий барсучий эликсир;Фиточай с чабрецом - 4 пакетика;350;;;;;;;;;;;;;;;;;;;;;;;;;;;;;;;;;;;;;;;;;;;;;;
01.08.2021;1771;;9 200;completed;Emmawilliams2007@yandex.ru;03.04.2021;4;3;4900.0;800.0;3500.0;;8;Омолаживающий барсучий эликсир;Фиточай с чабрецом - 4 пакетика;Омолаживающий барсучий эликсир;0;;;;;;;;;;;;;;;;;;;;;;;;;;;;;;;;;;;;;;;;;;;;;;
02.03.2021;1398;;3 050;completed;Avaanderson66@yandex.ru;02.03.2021;3;2;1900.0;800.0;;;3;Маття-латте - 5 шт.;Фиточай с чабрецом - 4 пакетика;Маття-латте - 1 шт.;350;;;;;;;;;;;;;;;;;;;;;;;;;;;;;;;;;;;;;;;;;;;;;;
06.05.2021;1616;;9 150;completed;Oliveranderson13@mail.ru;06.05.2021;5;3;1900.0;2000.0;4900.0;;5;Маття-латте - 5 шт.;Омолаживающий барсучий эликсир;Омолаживающий барсучий эликсир;350;;;;;;;;;;;;;;;;;;;;;;;;;;;;;;;;;;;;;;;;;;;;;;
25.05.2021;1280;;10 300;completed;Sophiamoore13@yandex.ru;25.05.2021;5;3;3500.0;1900.0;4900.0;;5;Омолаживающий барсучий эликсир;Маття-латте - 5 шт.;Омолаживающий барсучий эликсир;0;;;;;;;;;;;;;;;;;;;;;;;;;;;;;;;;;;;;;;;;;;;;;;
30.01.2022;2195;;2 140;completed;sophiamoore0@gmail.com;30.04.2021;4;3;1100.0;240.0;800.0;;13;Маття-латте - 5 шт.;Маття-латте - 1 шт.;Фиточай с чабрецом - 4 пакетика;0;;;;;;;;;;;;;;;;;;;;;;;;;;;;;;;;;;;;;;;;;;;;;;
02.02.2022;2056;;7 937;returned;Isabellathomas13@outlook.com;20.02.2021;2;3;587.0;3500.0;3500.0;;14;Фиточай с чабрецом - 4 пакетика;Омолаживающий барсучий эликсир;Омолаживающий барсучий эликсир;350;;;;;;;;;;;;;;;;;;;;;;;;;;;;;;;;;;;;;;;;;;;;;;
11.02.2022;1307;;2 840;completed;Charlottelopez0@mail.ru;11.02.2022;14;3;800.0;890.0;800.0;;14;Фиточай с чабрецом - 4 пакетика;Фиточай с чабрецом - 4 пакетика;Фиточай с чабрецом - 4 пакетика;350;;;;;;;;;;;;;;;;;;;;;;;;;;;;;;;;;;;;;;;;;;;;;;
15.02.2022;2317;;2 550;completed;Liamlopez13@outlook.com;23.02.2021;2;3;325.0;1900.0;325.0;;14;Маття-латте - 1 шт.;Маття-латте - 5 шт.;Маття-латте - 1 шт.;0;;;;;;;;;;;;;;;;;;;;;;;;;;;;;;;;;;;;;;;;;;;;;;
20.09.2021;1436;;1 455;completed;Liamjackson33@yahoo.com;20.09.2021;9;3;240.0;890.0;325.0;;9;Маття-латте - 1 шт.;Фиточай с чабрецом - 4 пакетика;Маття-латте - 1 шт.;0;;;;;;;;;;;;;;;;;;;;;;;;;;;;;;;;;;;;;;;;;;;;;;
19.03.2021;1645;;1 890;completed;avasmith0@gmail.com;19.03.2021;3;3;890.0;325.0;325.0;;3;Фиточай с чабрецом - 4 пакетика;Маття-латте - 1 шт.;Маття-латте - 1 шт.;350;;;;;;;;;;;;;;;;;;;;;;;;;;;;;;;;;;;;;;;;;;;;;;
05.10.2021;1441;;3 287;completed;Charlottejackson13@yahoo.com;03.07.2021;7;3;1900.0;800.0;587.0;;10;Маття-латте - 5 шт.;Фиточай с чабрецом - 4 пакетика;Фиточай с чабрецом - 4 пакетика;0;;;;;;;;;;;;;;;;;;;;;;;;;;;;;;;;;;;;;;;;;;;;;;
09.10.2021;2017;;6 465;completed;Avajackson13@yahoo.com;09.10.2021;10;3;890.0;4900.0;325.0;;10;Фиточай с чабрецом - 4 пакетика;Омолаживающий барсучий эликсир;Маття-латте - 1 шт.;350;;;;;;;;;;;;;;;;;;;;;;;;;;;;;;;;;;;;;;;;;;;;;;
09.11.2021;4106;;2 100;completed;Alexandertaylor13@mail.ru;09.11.2021;11;3;1100.0;325.0;325.0;;11;Маття-латте - 5 шт.;Маття-латте - 1 шт.;Маття-латте - 1 шт.;350;;;;;;;;;;;;;;;;;;;;;;;;;;;;;;;;;;;;;;;;;;;;;;
18.04.2021;2390;;2 815;completed;Liamtaylor33@outlook.com;18.04.2021;4;3;325.0;240.0;1900.0;;4;Маття-латте - 1 шт.;Маття-латте - 1 шт.;Маття-латте - 5 шт.;350;;;;;;;;;;;;;;;;;;;;;;;;;;;;;;;;;;;;;;;;;;;;;;
05.11.2021;1258;;13 650;completed;Isabellataylor1987@yandex.ru;24.06.2021;6;3;4900.0;4900.0;3500.0;;11;Омолаживающий барсучий эликсир;Омолаживающий барсучий эликсир;Омолаживающий барсучий эликсир;350;;;;;;;;;;;;;;;;;;;;;;;;;;;;;;;;;;;;;;;;;;;;;;
20.07.2021;1728;;7 837;completed;Liammartinez0@mail.ru;05.04.2021;4;3;2000.0;587.0;4900.0;;7;Омолаживающий барсучий эликсир;Фиточай с чабрецом - 4 пакетика;Омолаживающий барсучий эликсир;350;;;;;;;;;;;;;;;;;;;;;;;;;;;;;;;;;;;;;;;;;;;;;;
03.08.2021;3767;;2 577;completed;Charlottebrown1993@outlook.com;12.06.2021;6;3;587.0;890.0;1100.0;;8;Фиточай с чабрецом - 4 пакетика;Фиточай с чабрецом - 4 пакетика;Маття-латте - 5 шт.;0;;;;;;;;;;;;;;;;;;;;;;;;;;;;;;;;;;;;;;;;;;;;;;
16.09.2021;3211;;912;completed;Avalopez1987@mail.ru;08.05.2021;5;2;;325.0;587.0;;9;Маття-латте - 1 шт.;Маття-латте - 1 шт.;Фиточай с чабрецом - 4 пакетика;0;;;;;;;;;;;;;;;;;;;;;;;;;;;;;;;;;;;;;;;;;;;;;;
06.12.2021;1838;;6 390;completed;Emmamoore13@mail.ru;02.06.2021;6;3;2000.0;890.0;3500.0;;12;Омолаживающий барсучий эликсир;Фиточай с чабрецом - 4 пакетика;Омолаживающий барсучий эликсир;0;;;;;;;;;;;;;;;;;;;;;;;;;;;;;;;;;;;;;;;;;;;;;;
23.06.2021;2471;;5 490;completed;Emmamoore13@yandex.ru;23.06.2021;6;2;4900.0;240.0;;;6;Омолаживающий барсучий эликсир;Маття-латте - 1 шт.;Маття-латте - 1 шт.;350;;;;;;;;;;;;;;;;;;;;;;;;;;;;;;;;;;;;;;;;;;;;;;
06.07.2021;2462;;7 390;completed;Isabellaanderson1987@gmail.com;06.07.2021;7;3;4900.0;240.0;1900.0;;7;Омолаживающий барсучий эликсир;Маття-латте - 1 шт.;Маття-латте - 5 шт.;350;;;;;;;;;;;;;;;;;;;;;;;;;;;;;;;;;;;;;;;;;;;;;;
04.01.2022;2235;;5 225;completed;Emmamoore66@mail.ru;08.05.2021;5;2;325.0;;4900.0;;13;Маття-латте - 1 шт.;Маття-латте - 1 шт.;Омолаживающий барсучий эликсир;0;;;;;;;;;;;;;;;;;;;;;;;;;;;;;;;;;;;;;;;;;;;;;;
30.07.2021;3478;;6 650;returned;Alexandertaylor88@outlook.com;14.07.2021;7;3;2000.0;3500.0;800.0;;7;Омолаживающий барсучий эликсир;Омолаживающий барсучий эликсир;Фиточай с чабрецом - 4 пакетика;350;;;;;;;;;;;;;;;;;;;;;;;;;;;;;;;;;;;;;;;;;;;;;;
02.03.2021;3993;;1 365;completed;sophiamartinez13@gmail.com;16.02.2021;2;3;240.0;325.0;800.0;;3;Маття-латте - 1 шт.;Маття-латте - 1 шт.;Фиточай с чабрецом - 4 пакетика;0;;;;;;;;;;;;;;;;;;;;;;;;;;;;;;;;;;;;;;;;;;;;;;
01.05.2021;3513;;587;completed;Sophiawilliams33@yandex.ru;01.05.2021;5;1;;;587.0;;5;Маття-латте - 1 шт.;Маття-латте - 1 шт.;Фиточай с чабрецом - 4 пакетика;0;;;;;;;;;;;;;;;;;;;;;;;;;;;;;;;;;;;;;;;;;;;;;;
13.07.2021;2921;;7 790;returned;Avataylor1987@mail.ru;13.07.2021;7;3;890.0;2000.0;4900.0;;7;Фиточай с чабрецом - 4 пакетика;Омолаживающий барсучий эликсир;Омолаживающий барсучий эликсир;0;;;;;;;;;;;;;;;;;;;;;;;;;;;;;;;;;;;;;;;;;;;;;;
24.12.2021;1422;;5 990;completed;Sophiabrown88@yahoo.com;27.06.2021;6;3;1900.0;240.0;3500.0;;12;Маття-латте - 5 шт.;Маття-латте - 1 шт.;Омолаживающий барсучий эликсир;350;;;;;;;;;;;;;;;;;;;;;;;;;;;;;;;;;;;;;;;;;;;;;;
12.05.2021;3876;;2 187;returned;Liamthomas13@yandex.ru;01.05.2021;5;3;800.0;800.0;587.0;;5;Фиточай с чабрецом - 4 пакетика;Фиточай с чабрецом - 4 пакетика;Фиточай с чабрецом - 4 пакетика;0;;;;;;;;;;;;;;;;;;;;;;;;;;;;;;;;;;;;;;;;;;;;;;
02.10.2021;3885;;9 290;completed;lucasthomas66@gmail.com;02.10.2021;10;3;4900.0;890.0;3500.0;;10;Омолаживающий барсучий эликсир;Фиточай с чабрецом - 4 пакетика;Омолаживающий барсучий эликсир;0;;;;;;;;;;;;;;;;;;;;;;;;;;;;;;;;;;;;;;;;;;;;;;
31.12.2021;3318;;6 140;completed;Alexanderthomas1987@outlook.com;30.03.2021;3;2;890.0;4900.0;;;12;Фиточай с чабрецом - 4 пакетика;Омолаживающий барсучий эликсир;Маття-латте - 1 шт.;350;;;;;;;;;;;;;;;;;;;;;;;;;;;;;;;;;;;;;;;;;;;;;;
08.07.2021;3590;;5 465;returned;charlottethomas12@outlook.com;14.03.2021;3;3;240.0;325.0;4900.0;;7;Маття-латте - 1 шт.;Маття-латте - 1 шт.;Омолаживающий барсучий эликсир;0;;;;;;;;;;;;;;;;;;;;;;;;;;;;;;;;;;;;;;;;;;;;;;
21.03.2021;2566;;4 450;completed;Oliverjackson69@mail.ru;21.03.2021;3;3;1100.0;1900.0;1100.0;;3;Маття-латте - 5 шт.;Маття-латте - 5 шт.;Маття-латте - 5 шт.;350;;;;;;;;;;;;;;;;;;;;;;;;;;;;;;;;;;;;;;;;;;;;;;
17.09.2021;2973;;2 800;completed;Charlottetaylor0@yandex.ru;31.07.2021;7;2;800.0;2000.0;;;9;Фиточай с чабрецом - 4 пакетика;Омолаживающий барсучий эликсир;Маття-латте - 1 шт.;0;;;;;;;;;;;;;;;;;;;;;;;;;;;;;;;;;;;;;;;;;;;;;;
22.02.2021;2005;;6 287;completed;Isabellamoore1987@yandex.ru;22.02.2021;2;3;587.0;4900.0;800.0;;2;Фиточай с чабрецом - 4 пакетика;Омолаживающий барсучий эликсир;Фиточай с чабрецом - 4 пакетика;0;;;;;;;;;;;;;;;;;;;;;;;;;;;;;;;;;;;;;;;;;;;;;;
24.02.2021;1638;;7 900;completed;Charlottewilliams1987@mail.ru;24.02.2021;2;3;1100.0;4900.0;1900.0;;2;Маття-латте - 5 шт.;Омолаживающий барсучий эликсир;Маття-латте - 5 шт.;0;;;;;;;;;;;;;;;;;;;;;;;;;;;;;;;;;;;;;;;;;;;;;;
09.03.2021;2288;;3 690;returned;Emmasmith1993@outlook.com;09.03.2021;3;3;2000.0;800.0;890.0;;3;Омолаживающий барсучий эликсир;Фиточай с чабрецом - 4 пакетика;Фиточай с чабрецом - 4 пакетика;0;;;;;;;;;;;;;;;;;;;;;;;;;;;;;;;;;;;;;;;;;;;;;;
05.10.2021;2312;;6 800;completed;Olivermartinez2007@outlook.com;17.02.2021;2;2;1900.0;4900.0;;;10;Маття-латте - 5 шт.;Омолаживающий барсучий эликсир;Маття-латте - 1 шт.;0;;;;;;;;;;;;;;;;;;;;;;;;;;;;;;;;;;;;;;;;;;;;;;
12.09.2021;4181;;2 140;completed;Sophiathomas1993@yahoo.com;12.09.2021;9;2;1900.0;;240.0;;9;Маття-латте - 5 шт.;Маття-латте - 1 шт.;Маття-латте - 1 шт.;0;;;;;;;;;;;;;;;;;;;;;;;;;;;;;;;;;;;;;;;;;;;;;;
01.07.2021;3055;;4 587;returned;Sophiathomas2007@mail.ru;01.07.2021;7;3;587.0;2000.0;2000.0;;7;Фиточай с чабрецом - 4 пакетика;Омолаживающий барсучий эликсир;Омолаживающий барсучий эликсир;0;;;;;;;;;;;;;;;;;;;;;;;;;;;;;;;;;;;;;;;;;;;;;;
29.05.2021;2245;;8 987;completed;emmathomas69@gmail.com;29.04.2021;4;3;4900.0;3500.0;587.0;;5;Омолаживающий барсучий эликсир;Омолаживающий барсучий эликсир;Фиточай с чабрецом - 4 пакетика;0;;;;;;;;;;;;;;;;;;;;;;;;;;;;;;;;;;;;;;;;;;;;;;
26.12.2021;3464;;6 500;completed;Avathomas0@yahoo.com;12.03.2021;3;3;4900.0;800.0;800.0;;12;Омолаживающий барсучий эликсир;Фиточай с чабрецом - 4 пакетика;Фиточай с чабрецом - 4 пакетика;0;;;;;;;;;;;;;;;;;;;;;;;;;;;;;;;;;;;;;;;;;;;;;;
24.08.2021;4089;;5 700;completed;Avabrown33@yandex.ru;07.08.2021;8;3;1100.0;3500.0;1100.0;;8;Маття-латте - 5 шт.;Омолаживающий барсучий эликсир;Маття-латте - 5 шт.;0;;;;;;;;;;;;;;;;;;;;;;;;;;;;;;;;;;;;;;;;;;;;;;
24.02.2021;1856;;5 490;completed;Sophiamartinez2007@yahoo.com;24.02.2021;2;2;;4900.0;240.0;;2;Маття-латте - 1 шт.;Омолаживающий барсучий эликсир;Маття-латте - 1 шт.;350;;;;;;;;;;;;;;;;;;;;;;;;;;;;;;;;;;;;;;;;;;;;;;
19.11.2021;3307;;2 365;completed;alexandermartinez1993@gmail.com;23.04.2021;4;3;325.0;890.0;800.0;;11;Маття-латте - 1 шт.;Фиточай с чабрецом - 4 пакетика;Фиточай с чабрецом - 4 пакетика;350;;;;;;;;;;;;;;;;;;;;;;;;;;;;;;;;;;;;;;;;;;;;;;
13.09.2021;2160;;2 830;completed;Charlottethomas88@gmail.com;07.04.2021;4;3;240.0;2000.0;240.0;;9;Маття-латте - 1 шт.;Омолаживающий барсучий эликсир;Маття-латте - 1 шт.;350;;;;;;;;;;;;;;;;;;;;;;;;;;;;;;;;;;;;;;;;;;;;;;
02.09.2021;3550;;3 740;completed;Oliverwilliams0@yandex.ru;01.06.2021;6;2;;3500.0;240.0;;9;Маття-латте - 1 шт.;Омолаживающий барсучий эликсир;Маття-латте - 1 шт.;0;;;;;;;;;;;;;;;;;;;;;;;;;;;;;;;;;;;;;;;;;;;;;;
18.10.2021;2010;;3 425;completed;Alexandertaylor1993@outlook.com;07.09.2021;9;3;325.0;2000.0;1100.0;;10;Маття-латте - 1 шт.;Омолаживающий барсучий эликсир;Маття-латте - 5 шт.;0;;;;;;;;;;;;;;;;;;;;;;;;;;;;;;;;;;;;;;;;;;;;;;
11.06.2021;3493;;4 925;returned;Lucastaylor66@mail.ru;15.05.2021;5;3;325.0;3500.0;1100.0;;6;Маття-латте - 1 шт.;Омолаживающий барсучий эликсир;Маття-латте - 5 шт.;0;;;;;;;;;;;;;;;;;;;;;;;;;;;;;;;;;;;;;;;;;;;;;;
16.10.2021;3740;;2 790;completed;Lucasanderson66@mail.ru;03.04.2021;4;3;240.0;1100.0;1100.0;;10;Маття-латте - 1 шт.;Маття-латте - 5 шт.;Маття-латте - 5 шт.;350;;;;;;;;;;;;;;;;;;;;;;;;;;;;;;;;;;;;;;;;;;;;;;
16.09.2021;3814;;2 930;completed;Avathomas2007@yandex.ru;16.09.2021;9;3;890.0;800.0;890.0;;9;Фиточай с чабрецом - 4 пакетика;Фиточай с чабрецом - 4 пакетика;Фиточай с чабрецом - 4 пакетика;350;;;;;;;;;;;;;;;;;;;;;;;;;;;;;;;;;;;;;;;;;;;;;;
11.06.2021;1797;;6 900;completed;Oliversmith69@mail.ru;04.04.2021;4;2;4900.0;2000.0;;;6;Омолаживающий барсучий эликсир;Омолаживающий барсучий эликсир;Маття-латте - 1 шт.;0;;;;;;;;;;;;;;;;;;;;;;;;;;;;;;;;;;;;;;;;;;;;;;
27.04.2021;2051;;4 327;completed;Liamsmith2007@yandex.ru;27.04.2021;4;3;3500.0;587.0;240.0;;4;Омолаживающий барсучий эликсир;Фиточай с чабрецом - 4 пакетика;Маття-латте - 1 шт.;0;;;;;;;;;;;;;;;;;;;;;;;;;;;;;;;;;;;;;;;;;;;;;;
23.06.2021;3906;;1 455;completed;Avajackson88@yandex.ru;29.03.2021;3;3;240.0;325.0;890.0;;6;Маття-латте - 1 шт.;Маття-латте - 1 шт.;Фиточай с чабрецом - 4 пакетика;0;;;;;;;;;;;;;;;;;;;;;;;;;;;;;;;;;;;;;;;;;;;;;;
26.02.2021;2176;;6 377;completed;Emmataylor66@yahoo.com;26.02.2021;2;3;4900.0;890.0;587.0;;2;Омолаживающий барсучий эликсир;Фиточай с чабрецом - 4 пакетика;Фиточай с чабрецом - 4 пакетика;0;;;;;;;;;;;;;;;;;;;;;;;;;;;;;;;;;;;;;;;;;;;;;;
02.03.2021;3001;;1 340;completed;williamtaylor1993@gmail.com;02.03.2021;3;2;;240.0;1100.0;;3;Маття-латте - 1 шт.;Маття-латте - 1 шт.;Маття-латте - 5 шт.;0;;;;;;;;;;;;;;;;;;;;;;;;;;;;;;;;;;;;;;;;;;;;;;
11.07.2021;2725;;2 577;completed;Charlottethomas88@yandex.ru;11.07.2021;7;3;1100.0;890.0;587.0;;7;Маття-латте - 5 шт.;Фиточай с чабрецом - 4 пакетика;Фиточай с чабрецом - 4 пакетика;0;;;;;;;;;;;;;;;;;;;;;;;;;;;;;;;;;;;;;;;;;;;;;;
15.01.2022;1989;;9 640;completed;Isabellamartinez88@yandex.ru;15.06.2021;6;3;890.0;3500.0;4900.0;;13;Фиточай с чабрецом - 4 пакетика;Омолаживающий барсучий эликсир;Омолаживающий барсучий эликсир;350;;;;;;;;;;;;;;;;;;;;;;;;;;;;;;;;;;;;;;;;;;;;;;
17.11.2021;2960;;2 487;returned;Charlottelopez2007@yahoo.com;07.05.2021;5;2;1900.0;;587.0;;11;Маття-латте - 5 шт.;Маття-латте - 1 шт.;Фиточай с чабрецом - 4 пакетика;0;;;;;;;;;;;;;;;;;;;;;;;;;;;;;;;;;;;;;;;;;;;;;;
20.07.2021;2142;;6 325;completed;Charlottemoore12@outlook.com;20.07.2021;7;3;325.0;1100.0;4900.0;;7;Маття-латте - 1 шт.;Маття-латте - 5 шт.;Омолаживающий барсучий эликсир;0;;;;;;;;;;;;;;;;;;;;;;;;;;;;;;;;;;;;;;;;;;;;;;
17.07.2021;2983;;2 937;completed;Isabellajackson12@outlook.com;17.07.2021;7;2;587.0;2000.0;;;7;Фиточай с чабрецом - 4 пакетика;Омолаживающий барсучий эликсир;Маття-латте - 1 шт.;350;;;;;;;;;;;;;;;;;;;;;;;;;;;;;;;;;;;;;;;;;;;;;;
08.11.2021;3090;;3 940;completed;Oliversmith13@mail.ru;28.02.2021;2;3;890.0;1900.0;800.0;;11;Фиточай с чабрецом - 4 пакетика;Маття-латте - 5 шт.;Фиточай с чабрецом - 4 пакетика;350;;;;;;;;;;;;;;;;;;;;;;;;;;;;;;;;;;;;;;;;;;;;;;
05.04.2021;1382;;5 240;completed;williamthomas69@yahoo.com;05.04.2021;4;3;890.0;2000.0;2000.0;;4;Фиточай с чабрецом - 4 пакетика;Омолаживающий барсучий эликсир;Омолаживающий барсучий эликсир;350;;;;;;;;;;;;;;;;;;;;;;;;;;;;;;;;;;;;;;;;;;;;;;
23.03.2021;1841;;2 250;completed;olivertaylor88@gmail.com;23.03.2021;3;1;1900.0;;;;3;Маття-латте - 5 шт.;Маття-латте - 1 шт.;Маття-латте - 1 шт.;350;;;;;;;;;;;;;;;;;;;;;;;;;;;;;;;;;;;;;;;;;;;;;;
13.11.2021;2475;;3 125;completed;Isabellamoore66@outlook.com;13.03.2021;3;3;325.0;2000.0;800.0;;11;Маття-латте - 1 шт.;Омолаживающий барсучий эликсир;Фиточай с чабрецом - 4 пакетика;0;;;;;;;;;;;;;;;;;;;;;;;;;;;;;;;;;;;;;;;;;;;;;;
11.02.2022;1790;;2 730;completed;alexanderlopez1993@gmail.com;07.04.2021;4;3;1900.0;240.0;240.0;;14;Маття-латте - 5 шт.;Маття-латте - 1 шт.;Маття-латте - 1 шт.;350;;;;;;;;;;;;;;;;;;;;;;;;;;;;;;;;;;;;;;;;;;;;;;
30.10.2021;1655;;2 565;completed;Charlottemartinez2007@yandex.ru;30.08.2021;8;3;325.0;2000.0;240.0;;10;Маття-латте - 1 шт.;Омолаживающий барсучий эликсир;Маття-латте - 1 шт.;0;;;;;;;;;;;;;;;;;;;;;;;;;;;;;;;;;;;;;;;;;;;;;;
26.08.2021;3867;;4 600;completed;Charlottelopez88@yandex.ru;11.07.2021;7;2;1100.0;3500.0;;;8;Маття-латте - 5 шт.;Омолаживающий барсучий эликсир;Маття-латте - 1 шт.;0;;;;;;;;;;;;;;;;;;;;;;;;;;;;;;;;;;;;;;;;;;;;;;
04.09.2021;1830;;3 050;completed;Williamanderson69@mail.ru;05.03.2021;3;3;800.0;800.0;1100.0;;9;Фиточай с чабрецом - 4 пакетика;Фиточай с чабрецом - 4 пакетика;Маття-латте - 5 шт.;350;;;;;;;;;;;;;;;;;;;;;;;;;;;;;;;;;;;;;;;;;;;;;;
28.04.2021;3521;;1 125;completed;Isabellataylor66@yandex.ru;28.04.2021;4;2;800.0;325.0;;;4;Фиточай с чабрецом - 4 пакетика;Маття-латте - 1 шт.;Маття-латте - 1 шт.;0;;;;;;;;;;;;;;;;;;;;;;;;;;;;;;;;;;;;;;;;;;;;;;
08.07.2021;3286;;3 115;completed;charlottelopez1993@gmail.com;08.07.2021;7;3;1900.0;890.0;325.0;;7;Маття-латте - 5 шт.;Фиточай с чабрецом - 4 пакетика;Маття-латте - 1 шт.;0;;;;;;;;;;;;;;;;;;;;;;;;;;;;;;;;;;;;;;;;;;;;;;
02.09.2021;2521;;1 390;returned;Williamlopez0@yahoo.com;27.03.2021;3;2;240.0;800.0;;;9;Маття-латте - 1 шт.;Фиточай с чабрецом - 4 пакетика;Маття-латте - 1 шт.;350;;;;;;;;;;;;;;;;;;;;;;;;;;;;;;;;;;;;;;;;;;;;;;
16.08.2021;2100;;6 074;completed;Isabellathomas12@mail.ru;16.08.2021;8;3;587.0;587.0;4900.0;;8;Фиточай с чабрецом - 4 пакетика;Фиточай с чабрецом - 4 пакетика;Омолаживающий барсучий эликсир;0;;;;;;;;;;;;;;;;;;;;;;;;;;;;;;;;;;;;;;;;;;;;;;
28.10.2021;2179;;1 100;returned;Isabellabrown2007@yandex.ru;28.10.2021;10;1;;1100.0;;;10;Маття-латте - 1 шт.;Маття-латте - 5 шт.;Маття-латте - 1 шт.;0;;;;;;;;;;;;;;;;;;;;;;;;;;;;;;;;;;;;;;;;;;;;;;
11.07.2021;3050;;565;returned;Charlottemoore13@yahoo.com;20.02.2021;2;2;325.0;240.0;;;7;Маття-латте - 1 шт.;Маття-латте - 1 шт.;Маття-латте - 1 шт.;0;;;;;;;;;;;;;;;;;;;;;;;;;;;;;;;;;;;;;;;;;;;;;;
02.02.2022;1653;;7 225;completed;Lucaswilliams1987@mail.ru;09.04.2021;4;3;4900.0;325.0;2000.0;;14;Омолаживающий барсучий эликсир;Маття-латте - 1 шт.;Омолаживающий барсучий эликсир;0;;;;;;;;;;;;;;;;;;;;;;;;;;;;;;;;;;;;;;;;;;;;;;
02.01.2022;2682;;6 650;completed;Charlotteanderson2007@outlook.com;26.04.2021;4;3;3500.0;2000.0;800.0;;13;Омолаживающий барсучий эликсир;Омолаживающий барсучий эликсир;Фиточай с чабрецом - 4 пакетика;350;;;;;;;;;;;;;;;;;;;;;;;;;;;;;;;;;;;;;;;;;;;;;;
11.05.2021;4167;;8 400;completed;Lucasbrown1993@mail.ru;11.05.2021;5;2;;3500.0;4900.0;;5;Маття-латте - 1 шт.;Омолаживающий барсучий эликсир;Омолаживающий барсучий эликсир;0;;;;;;;;;;;;;;;;;;;;;;;;;;;;;;;;;;;;;;;;;;;;;;
03.12.2021;3436;;1 387;returned;Williamlopez1993@mail.ru;16.11.2021;11;2;800.0;587.0;;;12;Фиточай с чабрецом - 4 пакетика;Фиточай с чабрецом - 4 пакетика;Маття-латте - 1 шт.;0;;;;;;;;;;;;;;;;;;;;;;;;;;;;;;;;;;;;;;;;;;;;;;
08.01.2022;3884;;3 375;returned;Liambrown2007@mail.ru;08.01.2022;13;3;325.0;1900.0;800.0;;13;Маття-латте - 1 шт.;Маття-латте - 5 шт.;Фиточай с чабрецом - 4 пакетика;350;;;;;;;;;;;;;;;;;;;;;;;;;;;;;;;;;;;;;;;;;;;;;;
17.10.2021;3451;;2 915;completed;Charlottemoore69@yandex.ru;10.09.2021;9;3;325.0;240.0;2000.0;;10;Маття-латте - 1 шт.;Маття-латте - 1 шт.;Омолаживающий барсучий эликсир;350;;;;;;;;;;;;;;;;;;;;;;;;;;;;;;;;;;;;;;;;;;;;;;
29.11.2021;3699;;5 700;completed;liambrown12@gmail.com;22.02.2021;2;2;800.0;4900.0;;;11;Фиточай с чабрецом - 4 пакетика;Омолаживающий барсучий эликсир;Маття-латте - 1 шт.;0;;;;;;;;;;;;;;;;;;;;;;;;;;;;;;;;;;;;;;;;;;;;;;
05.06.2021;1533;;4 900;completed;Lucasanderson2007@outlook.com;05.06.2021;6;1;;;4900.0;;6;Маття-латте - 1 шт.;Маття-латте - 1 шт.;Омолаживающий барсучий эликсир;0;;;;;;;;;;;;;;;;;;;;;;;;;;;;;;;;;;;;;;;;;;;;;;
21.07.2021;3442;;3 377;completed;Liammartinez1993@mail.ru;21.07.2021;7;3;587.0;890.0;1900.0;;7;Фиточай с чабрецом - 4 пакетика;Фиточай с чабрецом - 4 пакетика;Маття-латте - 5 шт.;0;;;;;;;;;;;;;;;;;;;;;;;;;;;;;;;;;;;;;;;;;;;;;;
04.12.2021;3023;;1 780;completed;Sophialopez13@mail.ru;23.04.2021;4;2;890.0;890.0;;;12;Фиточай с чабрецом - 4 пакетика;Фиточай с чабрецом - 4 пакетика;Маття-латте - 1 шт.;0;;;;;;;;;;;;;;;;;;;;;;;;;;;;;;;;;;;;;;;;;;;;;;
28.11.2021;4027;;3 390;completed;Alexanderwilliams88@yandex.ru;14.04.2021;4;3;2000.0;800.0;240.0;;11;Омолаживающий барсучий эликсир;Фиточай с чабрецом - 4 пакетика;Маття-латте - 1 шт.;350;;;;;;;;;;;;;;;;;;;;;;;;;;;;;;;;;;;;;;;;;;;;;;
06.09.2021;3344;;2 550;completed;Alexanderbrown2007@outlook.com;06.09.2021;9;3;325.0;325.0;1900.0;;9;Маття-латте - 1 шт.;Маття-латте - 1 шт.;Маття-латте - 5 шт.;0;;;;;;;;;;;;;;;;;;;;;;;;;;;;;;;;;;;;;;;;;;;;;;
07.10.2021;2506;;4 925;completed;liamthomas0@gmail.com;11.04.2021;4;3;3500.0;1100.0;325.0;;10;Омолаживающий барсучий эликсир;Маття-латте - 5 шт.;Маття-латте - 1 шт.;0;;;;;;;;;;;;;;;;;;;;;;;;;;;;;;;;;;;;;;;;;;;;;;
18.12.2021;3668;;8 725;completed;Charlottejackson1993@yahoo.com;04.07.2021;7;3;3500.0;325.0;4900.0;;12;Омолаживающий барсучий эликсир;Маття-латте - 1 шт.;Омолаживающий барсучий эликсир;0;;;;;;;;;;;;;;;;;;;;;;;;;;;;;;;;;;;;;;;;;;;;;;
30.01.2022;3077;;5 840;completed;Emmasmith13@yahoo.com;30.01.2022;13;3;890.0;3500.0;1100.0;;13;Фиточай с чабрецом - 4 пакетика;Омолаживающий барсучий эликсир;Маття-латте - 5 шт.;350;;;;;;;;;;;;;;;;;;;;;;;;;;;;;;;;;;;;;;;;;;;;;;
26.02.2021;3386;;1 775;completed;Avajackson1987@yahoo.com;26.02.2021;2;2;1100.0;;325.0;;2;Маття-латте - 5 шт.;Маття-латте - 1 шт.;Маття-латте - 1 шт.;350;;;;;;;;;;;;;;;;;;;;;;;;;;;;;;;;;;;;;;;;;;;;;;
18.01.2022;3941;;4 600;completed;Lucasmartinez33@mail.ru;27.10.2021;10;2;1100.0;;3500.0;;13;Маття-латте - 5 шт.;Маття-латте - 1 шт.;Омолаживающий барсучий эликсир;0;;;;;;;;;;;;;;;;;;;;;;;;;;;;;;;;;;;;;;;;;;;;;;
04.10.2021;3274;;650;completed;Isabellawilliams0@mail.ru;27.08.2021;8;2;325.0;325.0;;;10;Маття-латте - 1 шт.;Маття-латте - 1 шт.;Маття-латте - 1 шт.;0;;;;;;;;;;;;;;;;;;;;;;;;;;;;;;;;;;;;;;;;;;;;;;
15.04.2021;3964;;3 290;returned;Avamartinez1993@mail.ru;15.04.2021;4;3;1900.0;240.0;800.0;;4;Маття-латте - 5 шт.;Маття-латте - 1 шт.;Фиточай с чабрецом - 4 пакетика;350;;;;;;;;;;;;;;;;;;;;;;;;;;;;;;;;;;;;;;;;;;;;;;
18.03.2021;2138;;9 500;completed;Emmabrown2007@mail.ru;18.03.2021;3;3;3500.0;1100.0;4900.0;;3;Омолаживающий барсучий эликсир;Маття-латте - 5 шт.;Омолаживающий барсучий эликсир;0;;;;;;;;;;;;;;;;;;;;;;;;;;;;;;;;;;;;;;;;;;;;;;
20.03.2021;2986;;2 190;completed;Lucasanderson66@mail.ru;17.02.2021;2;3;800.0;800.0;240.0;;3;Фиточай с чабрецом - 4 пакетика;Фиточай с чабрецом - 4 пакетика;Маття-латте - 1 шт.;350;;;;;;;;;;;;;;;;;;;;;;;;;;;;;;;;;;;;;;;;;;;;;;
31.12.2021;2032;;1 280;completed;Oliveranderson1993@yahoo.com;31.12.2021;12;3;800.0;240.0;240.0;;12;Фиточай с чабрецом - 4 пакетика;Маття-латте - 1 шт.;Маття-латте - 1 шт.;0;;;;;;;;;;;;;;;;;;;;;;;;;;;;;;;;;;;;;;;;;;;;;;
29.10.2021;3916;;6 290;completed;Sophiamartinez12@mail.ru;11.07.2021;7;3;1900.0;890.0;3500.0;;10;Маття-латте - 5 шт.;Фиточай с чабрецом - 4 пакетика;Омолаживающий барсучий эликсир;0;;;;;;;;;;;;;;;;;;;;;;;;;;;;;;;;;;;;;;;;;;;;;;
19.04.2021;3434;;4 762;completed;Emmabrown66@yandex.ru;19.04.2021;4;3;587.0;3500.0;325.0;;4;Фиточай с чабрецом - 4 пакетика;Омолаживающий барсучий эликсир;Маття-латте - 1 шт.;350;;;;;;;;;;;;;;;;;;;;;;;;;;;;;;;;;;;;;;;;;;;;;;
05.12.2021;2678;;2 277;completed;Charlottelopez1987@outlook.com;23.09.2021;9;3;240.0;587.0;1100.0;;12;Маття-латте - 1 шт.;Фиточай с чабрецом - 4 пакетика;Маття-латте - 5 шт.;350;;;;;;;;;;;;;;;;;;;;;;;;;;;;;;;;;;;;;;;;;;;;;;
22.08.2021;2115;;2 365;completed;Sophiawilliams33@gmail.com;09.04.2021;4;3;800.0;890.0;325.0;;8;Фиточай с чабрецом - 4 пакетика;Фиточай с чабрецом - 4 пакетика;Маття-латте - 1 шт.;350;;;;;;;;;;;;;;;;;;;;;;;;;;;;;;;;;;;;;;;;;;;;;;
29.10.2021;3281;;6 290;returned;Emmalopez12@outlook.com;29.10.2021;10;3;240.0;800.0;4900.0;;10;Маття-латте - 1 шт.;Фиточай с чабрецом - 4 пакетика;Омолаживающий барсучий эликсир;350;;;;;;;;;;;;;;;;;;;;;;;;;;;;;;;;;;;;;;;;;;;;;;
15.03.2021;2318;;6 025;returned;Avalopez2007@yahoo.com;15.03.2021;3;3;800.0;325.0;4900.0;;3;Фиточай с чабрецом - 4 пакетика;Маття-латте - 1 шт.;Омолаживающий барсучий эликсир;0;;;;;;;;;;;;;;;;;;;;;;;;;;;;;;;;;;;;;;;;;;;;;;
23.05.2021;3591;;4 925;completed;Sophiabrown1993@outlook.com;23.05.2021;5;3;325.0;1100.0;3500.0;;5;Маття-латте - 1 шт.;Маття-латте - 5 шт.;Омолаживающий барсучий эликсир;0;;;;;;;;;;;;;;;;;;;;;;;;;;;;;;;;;;;;;;;;;;;;;;
30.12.2021;3528;;4 490;completed;Sophiawilliams33@yahoo.com;30.12.2021;12;3;2000.0;240.0;1900.0;;12;Омолаживающий барсучий эликсир;Маття-латте - 1 шт.;Маття-латте - 5 шт.;350;;;;;;;;;;;;;;;;;;;;;;;;;;;;;;;;;;;;;;;;;;;;;;
30.07.2021;2534;;6 800;completed;Oliversmith12@mail.ru;30.07.2021;7;3;4900.0;1100.0;800.0;;7;Омолаживающий барсучий эликсир;Маття-латте - 5 шт.;Фиточай с чабрецом - 4 пакетика;0;;;;;;;;;;;;;;;;;;;;;;;;;;;;;;;;;;;;;;;;;;;;;;
25.03.2021;4087;;3 140;completed;isabellasmith0@gmail.com;25.03.2021;3;2;890.0;;1900.0;;3;Фиточай с чабрецом - 4 пакетика;Маття-латте - 1 шт.;Маття-латте - 5 шт.;350;;;;;;;;;;;;;;;;;;;;;;;;;;;;;;;;;;;;;;;;;;;;;;
04.08.2021;1922;;3 130;completed;Williamthomas13@yandex.ru;04.06.2021;6;3;240.0;2000.0;890.0;;8;Маття-латте - 1 шт.;Омолаживающий барсучий эликсир;Фиточай с чабрецом - 4 пакетика;0;;;;;;;;;;;;;;;;;;;;;;;;;;;;;;;;;;;;;;;;;;;;;;
15.12.2021;2646;;2 040;completed;Avamartinez2007@yahoo.com;15.12.2021;12;2;800.0;890.0;;;12;Фиточай с чабрецом - 4 пакетика;Фиточай с чабрецом - 4 пакетика;Маття-латте - 1 шт.;350;;;;;;;;;;;;;;;;;;;;;;;;;;;;;;;;;;;;;;;;;;;;;;
28.11.2021;1550;;1 974;completed;isabellamartinez66@gmail.com;28.11.2021;11;3;587.0;587.0;800.0;;11;Фиточай с чабрецом - 4 пакетика;Фиточай с чабрецом - 4 пакетика;Фиточай с чабрецом - 4 пакетика;0;;;;;;;;;;;;;;;;;;;;;;;;;;;;;;;;;;;;;;;;;;;;;;
06.10.2021;2349;;2 550;completed;emmajackson0@gmail.com;08.03.2021;3;2;1100.0;1100.0;;;10;Маття-латте - 5 шт.;Маття-латте - 5 шт.;Маття-латте - 1 шт.;350;;;;;;;;;;;;;;;;;;;;;;;;;;;;;;;;;;;;;;;;;;;;;;
13.09.2021;3958;;1 130;completed;Avasmith69@outlook.com;13.09.2021;9;2;;240.0;890.0;;9;Маття-латте - 1 шт.;Маття-латте - 1 шт.;Фиточай с чабрецом - 4 пакетика;0;;;;;;;;;;;;;;;;;;;;;;;;;;;;;;;;;;;;;;;;;;;;;;
17.02.2021;2536;;3 130;completed;Lucassmith1993@yahoo.com;17.02.2021;2;3;2000.0;240.0;890.0;;2;Омолаживающий барсучий эликсир;Маття-латте - 1 шт.;Фиточай с чабрецом - 4 пакетика;0;;;;;;;;;;;;;;;;;;;;;;;;;;;;;;;;;;;;;;;;;;;;;;
08.11.2021;1837;;4 540;completed;Liamlopez69@outlook.com;03.10.2021;10;3;240.0;3500.0;800.0;;11;Маття-латте - 1 шт.;Омолаживающий барсучий эликсир;Фиточай с чабрецом - 4 пакетика;0;;;;;;;;;;;;;;;;;;;;;;;;;;;;;;;;;;;;;;;;;;;;;;
20.02.2021;1851;;2 230;completed;Isabellajackson13@mail.ru;20.02.2021;2;3;240.0;1100.0;890.0;;2;Маття-латте - 1 шт.;Маття-латте - 5 шт.;Фиточай с чабрецом - 4 пакетика;0;;;;;;;;;;;;;;;;;;;;;;;;;;;;;;;;;;;;;;;;;;;;;;
23.08.2021;1527;;915;completed;Liamwilliams2007@yandex.ru;05.06.2021;6;2;;240.0;325.0;;8;Маття-латте - 1 шт.;Маття-латте - 1 шт.;Маття-латте - 1 шт.;350;;;;;;;;;;;;;;;;;;;;;;;;;;;;;;;;;;;;;;;;;;;;;;
16.01.2022;4159;;5 465;completed;Isabellamartinez88@yandex.ru;15.10.2021;10;3;4900.0;325.0;240.0;;13;Омолаживающий барсучий эликсир;Маття-латте - 1 шт.;Маття-латте - 1 шт.;0;;;;;;;;;;;;;;;;;;;;;;;;;;;;;;;;;;;;;;;;;;;;;;
17.04.2021;1941;;4 630;completed;Avalopez1993@yandex.ru;01.04.2021;4;3;3500.0;240.0;890.0;;4;Омолаживающий барсучий эликсир;Маття-латте - 1 шт.;Фиточай с чабрецом - 4 пакетика;0;;;;;;;;;;;;;;;;;;;;;;;;;;;;;;;;;;;;;;;;;;;;;;
01.12.2021;3567;;2 152;returned;Liamsmith13@mail.ru;01.12.2021;12;3;325.0;587.0;890.0;;12;Маття-латте - 1 шт.;Фиточай с чабрецом - 4 пакетика;Фиточай с чабрецом - 4 пакетика;350;;;;;;;;;;;;;;;;;;;;;;;;;;;;;;;;;;;;;;;;;;;;;;
09.05.2021;1304;;1000;completed;Charlottesmith1987@outlook.com;29.04.2021;4;2;325.0;325.0;;;5;Маття-латте - 1 шт.;Маття-латте - 1 шт.;Маття-латте - 1 шт.;350;;;;;;;;;;;;;;;;;;;;;;;;;;;;;;;;;;;;;;;;;;;;;;
25.03.2021;2839;;1 540;completed;Alexanderthomas33@outlook.com;25.03.2021;3;3;890.0;325.0;325.0;;3;Фиточай с чабрецом - 4 пакетика;Маття-латте - 1 шт.;Маття-латте - 1 шт.;0;;;;;;;;;;;;;;;;;;;;;;;;;;;;;;;;;;;;;;;;;;;;;;
02.07.2021;1868;;1 687;completed;Avaanderson1993@yahoo.com;13.05.2021;5;2;1100.0;587.0;;;7;Маття-латте - 5 шт.;Фиточай с чабрецом - 4 пакетика;Маття-латте - 1 шт.;0;;;;;;;;;;;;;;;;;;;;;;;;;;;;;;;;;;;;;;;;;;;;;;
25.08.2021;2191;;2 487;completed;emmalopez66@gmail.com;31.03.2021;3;2;1900.0;;587.0;;8;Маття-латте - 5 шт.;Маття-латте - 1 шт.;Фиточай с чабрецом - 4 пакетика;0;;;;;;;;;;;;;;;;;;;;;;;;;;;;;;;;;;;;;;;;;;;;;;
28.07.2021;2552;;5 050;returned;charlottemartinez12@gmail.com;20.07.2021;7;3;1900.0;800.0;2000.0;;7;Маття-латте - 5 шт.;Фиточай с чабрецом - 4 пакетика;Омолаживающий барсучий эликсир;350;;;;;;;;;;;;;;;;;;;;;;;;;;;;;;;;;;;;;;;;;;;;;;
28.02.2021;3090;;2 875;completed;Oliversmith13@mail.ru;28.02.2021;2;3;325.0;1100.0;1100.0;;2;Маття-латте - 1 шт.;Маття-латте - 5 шт.;Маття-латте - 5 шт.;350;;;;;;;;;;;;;;;;;;;;;;;;;;;;;;;;;;;;;;;;;;;;;;
26.10.2021;4080;;7 150;completed;Liamtaylor13@yandex.ru;26.10.2021;10;2;;4900.0;1900.0;;10;Маття-латте - 1 шт.;Омолаживающий барсучий эликсир;Маття-латте - 5 шт.;350;;;;;;;;;;;;;;;;;;;;;;;;;;;;;;;;;;;;;;;;;;;;;;
05.01.2022;2626;;5 727;completed;Williammoore1987@yandex.ru;05.01.2022;13;3;4900.0;240.0;587.0;;13;Омолаживающий барсучий эликсир;Маття-латте - 1 шт.;Фиточай с чабрецом - 4 пакетика;0;;;;;;;;;;;;;;;;;;;;;;;;;;;;;;;;;;;;;;;;;;;;;;
29.08.2021;2341;;4 030;completed;Liamthomas0@yandex.ru;29.08.2021;8;3;890.0;890.0;1900.0;;8;Фиточай с чабрецом - 4 пакетика;Фиточай с чабрецом - 4 пакетика;Маття-латте - 5 шт.;350;;;;;;;;;;;;;;;;;;;;;;;;;;;;;;;;;;;;;;;;;;;;;;
26.02.2021;1833;;4 600;completed;alexandersmith0@gmail.com;26.02.2021;2;2;3500.0;;1100.0;;2;Омолаживающий барсучий эликсир;Маття-латте - 1 шт.;Маття-латте - 5 шт.;0;;;;;;;;;;;;;;;;;;;;;;;;;;;;;;;;;;;;;;;;;;;;;;
29.03.2021;3412;;5 500;completed;Sophiamoore0@yandex.ru;29.03.2021;3;2;3500.0;;2000.0;;3;Омолаживающий барсучий эликсир;Маття-латте - 1 шт.;Омолаживающий барсучий эликсир;0;;;;;;;;;;;;;;;;;;;;;;;;;;;;;;;;;;;;;;;;;;;;;;
15.09.2021;1314;;8 450;completed;williamthomas33@gmail.com;15.09.2021;9;3;3500.0;3500.0;1100.0;;9;Омолаживающий барсучий эликсир;Омолаживающий барсучий эликсир;Маття-латте - 5 шт.;350;;;;;;;;;;;;;;;;;;;;;;;;;;;;;;;;;;;;;;;;;;;;;;
19.04.2021;2208;;8 990;completed;Liamanderson1993@yandex.ru;15.04.2021;4;3;3500.0;240.0;4900.0;;4;Омолаживающий барсучий эликсир;Маття-латте - 1 шт.;Омолаживающий барсучий эликсир;350;;;;;;;;;;;;;;;;;;;;;;;;;;;;;;;;;;;;;;;;;;;;;;
30.11.2021;3431;;1 627;completed;Emmawilliams1987@outlook.com;25.06.2021;6;3;587.0;240.0;800.0;;11;Фиточай с чабрецом - 4 пакетика;Маття-латте - 1 шт.;Фиточай с чабрецом - 4 пакетика;0;;;;;;;;;;;;;;;;;;;;;;;;;;;;;;;;;;;;;;;;;;;;;;
22.11.2021;2192;;2 367;completed;Sophiajackson66@mail.ru;29.03.2021;3;3;587.0;890.0;890.0;;11;Фиточай с чабрецом - 4 пакетика;Фиточай с чабрецом - 4 пакетика;Фиточай с чабрецом - 4 пакетика;0;;;;;;;;;;;;;;;;;;;;;;;;;;;;;;;;;;;;;;;;;;;;;;
30.10.2021;1480;;1 780;completed;Alexandermoore69@yandex.ru;11.05.2021;5;2;890.0;890.0;;;10;Фиточай с чабрецом - 4 пакетика;Фиточай с чабрецом - 4 пакетика;Маття-латте - 1 шт.;0;;;;;;;;;;;;;;;;;;;;;;;;;;;;;;;;;;;;;;;;;;;;;;
06.09.2021;3837;;1 990;completed;sophiaanderson88@gmail.com;06.09.2021;9;2;1100.0;890.0;;;9;Маття-латте - 5 шт.;Фиточай с чабрецом - 4 пакетика;Маття-латте - 1 шт.;0;;;;;;;;;;;;;;;;;;;;;;;;;;;;;;;;;;;;;;;;;;;;;;
24.05.2021;2642;;3 215;completed;Oliveranderson0@outlook.com;30.03.2021;3;3;2000.0;890.0;325.0;;5;Омолаживающий барсучий эликсир;Фиточай с чабрецом - 4 пакетика;Маття-латте - 1 шт.;0;;;;;;;;;;;;;;;;;;;;;;;;;;;;;;;;;;;;;;;;;;;;;;
05.01.2022;1800;;9 150;completed;Oliversmith0@gmail.com;05.01.2022;13;3;4900.0;1900.0;2000.0;;13;Омолаживающий барсучий эликсир;Маття-латте - 5 шт.;Омолаживающий барсучий эликсир;350;;;;;;;;;;;;;;;;;;;;;;;;;;;;;;;;;;;;;;;;;;;;;;
24.08.2021;3266;;4 715;completed;Sophiabrown0@outlook.com;24.08.2021;8;3;890.0;3500.0;325.0;;8;Фиточай с чабрецом - 4 пакетика;Омолаживающий барсучий эликсир;Маття-латте - 1 шт.;0;;;;;;;;;;;;;;;;;;;;;;;;;;;;;;;;;;;;;;;;;;;;;;
13.02.2022;2468;;3 130;returned;Alexanderanderson69@yandex.ru;08.07.2021;7;3;890.0;240.0;2000.0;;14;Фиточай с чабрецом - 4 пакетика;Маття-латте - 1 шт.;Омолаживающий барсучий эликсир;0;;;;;;;;;;;;;;;;;;;;;;;;;;;;;;;;;;;;;;;;;;;;;;
03.08.2021;1629;;4 387;returned;Lucaslopez1987@yahoo.com;03.08.2021;8;3;1900.0;587.0;1900.0;;8;Маття-латте - 5 шт.;Фиточай с чабрецом - 4 пакетика;Маття-латте - 5 шт.;0;;;;;;;;;;;;;;;;;;;;;;;;;;;;;;;;;;;;;;;;;;;;;;
27.05.2021;2035;;4 625;completed;Emmabrown88@outlook.com;27.05.2021;5;3;3500.0;800.0;325.0;;5;Омолаживающий барсучий эликсир;Фиточай с чабрецом - 4 пакетика;Маття-латте - 1 шт.;0;;;;;;;;;;;;;;;;;;;;;;;;;;;;;;;;;;;;;;;;;;;;;;
20.05.2021;1614;;1 040;completed;Emmaanderson1993@mail.ru;20.05.2021;5;2;800.0;;240.0;;5;Фиточай с чабрецом - 4 пакетика;Маття-латте - 1 шт.;Маття-латте - 1 шт.;0;;;;;;;;;;;;;;;;;;;;;;;;;;;;;;;;;;;;;;;;;;;;;;
11.12.2021;3543;;6 290;completed;Liammartinez1987@yahoo.com;11.12.2021;12;3;890.0;1900.0;3500.0;;12;Фиточай с чабрецом - 4 пакетика;Маття-латте - 5 шт.;Омолаживающий барсучий эликсир;0;;;;;;;;;;;;;;;;;;;;;;;;;;;;;;;;;;;;;;;;;;;;;;
17.05.2021;1525;;8 725;completed;Oliverlopez1993@yahoo.com;17.05.2021;5;3;4900.0;325.0;3500.0;;5;Омолаживающий барсучий эликсир;Маття-латте - 1 шт.;Омолаживающий барсучий эликсир;0;;;;;;;;;;;;;;;;;;;;;;;;;;;;;;;;;;;;;;;;;;;;;;
23.11.2021;2795;;1 627;completed;Sophiamoore1987@mail.ru;27.07.2021;7;3;240.0;800.0;587.0;;11;Маття-латте - 1 шт.;Фиточай с чабрецом - 4 пакетика;Фиточай с чабрецом - 4 пакетика;0;;;;;;;;;;;;;;;;;;;;;;;;;;;;;;;;;;;;;;;;;;;;;;
03.08.2021;3426;;2 487;completed;Lucassmith2007@yandex.ru;03.08.2021;8;3;1100.0;587.0;800.0;;8;Маття-латте - 5 шт.;Фиточай с чабрецом - 4 пакетика;Фиточай с чабрецом - 4 пакетика;0;;;;;;;;;;;;;;;;;;;;;;;;;;;;;;;;;;;;;;;;;;;;;;
20.11.2021;1410;;4 390;completed;Isabellaanderson88@mail.ru;17.03.2021;3;2;3500.0;890.0;;;11;Омолаживающий барсучий эликсир;Фиточай с чабрецом - 4 пакетика;Маття-латте - 1 шт.;0;;;;;;;;;;;;;;;;;;;;;;;;;;;;;;;;;;;;;;;;;;;;;;
19.03.2021;1807;;5 850;completed;Oliverlopez12@outlook.com;19.03.2021;3;2;2000.0;3500.0;;;3;Омолаживающий барсучий эликсир;Омолаживающий барсучий эликсир;Маття-латте - 1 шт.;350;;;;;;;;;;;;;;;;;;;;;;;;;;;;;;;;;;;;;;;;;;;;;;
21.11.2021;1896;;8 040;completed;Sophiawilliams0@mail.ru;17.02.2021;2;3;4900.0;890.0;1900.0;;11;Омолаживающий барсучий эликсир;Фиточай с чабрецом - 4 пакетика;Маття-латте - 5 шт.;350;;;;;;;;;;;;;;;;;;;;;;;;;;;;;;;;;;;;;;;;;;;;;;
08.10.2021;4011;;4 000;completed;Charlottethomas69@yahoo.com;02.03.2021;3;2;;2000.0;2000.0;;10;Маття-латте - 1 шт.;Омолаживающий барсучий эликсир;Омолаживающий барсучий эликсир;0;;;;;;;;;;;;;;;;;;;;;;;;;;;;;;;;;;;;;;;;;;;;;;
10.02.2022;1908;;4 250;returned;Lucaslopez33@mail.ru;03.02.2022;14;2;;2000.0;1900.0;;14;Маття-латте - 1 шт.;Омолаживающий барсучий эликсир;Маття-латте - 5 шт.;350;;;;;;;;;;;;;;;;;;;;;;;;;;;;;;;;;;;;;;;;;;;;;;
12.06.2021;3767;;5 250;completed;Charlottebrown1993@outlook.com;12.06.2021;6;3;1900.0;1900.0;1100.0;;6;Маття-латте - 5 шт.;Маття-латте - 5 шт.;Маття-латте - 5 шт.;350;;;;;;;;;;;;;;;;;;;;;;;;;;;;;;;;;;;;;;;;;;;;;;
02.08.2021;3195;;7 675;completed;oliverlopez33@gmail.com;02.08.2021;8;3;3500.0;3500.0;325.0;;8;Омолаживающий барсучий эликсир;Омолаживающий барсучий эликсир;Маття-латте - 1 шт.;350;;;;;;;;;;;;;;;;;;;;;;;;;;;;;;;;;;;;;;;;;;;;;;
31.07.2021;2256;;9 640;completed;Avasmith0@yandex.ru;14.07.2021;7;3;890.0;4900.0;3500.0;;7;Фиточай с чабрецом - 4 пакетика;Омолаживающий барсучий эликсир;Омолаживающий барсучий эликсир;350;;;;;;;;;;;;;;;;;;;;;;;;;;;;;;;;;;;;;;;;;;;;;;
02.07.2021;3121;;7 475;completed;Avamoore33@yandex.ru;02.07.2021;7;3;325.0;1900.0;4900.0;;7;Маття-латте - 1 шт.;Маття-латте - 5 шт.;Омолаживающий барсучий эликсир;350;;;;;;;;;;;;;;;;;;;;;;;;;;;;;;;;;;;;;;;;;;;;;;
16.03.2021;3798;;4 065;returned;Avalopez13@outlook.com;16.03.2021;3;3;240.0;325.0;3500.0;;3;Маття-латте - 1 шт.;Маття-латте - 1 шт.;Омолаживающий барсучий эликсир;0;;;;;;;;;;;;;;;;;;;;;;;;;;;;;;;;;;;;;;;;;;;;;;
26.02.2021;3653;;9 350;completed;Alexanderjackson66@yahoo.com;26.02.2021;2;3;2000.0;3500.0;3500.0;;2;Омолаживающий барсучий эликсир;Омолаживающий барсучий эликсир;Омолаживающий барсучий эликсир;350;;;;;;;;;;;;;;;;;;;;;;;;;;;;;;;;;;;;;;;;;;;;;;
05.07.2021;4090;;6 030;completed;Charlottelopez13@yahoo.com;03.06.2021;6;3;890.0;4900.0;240.0;;7;Фиточай с чабрецом - 4 пакетика;Омолаживающий барсучий эликсир;Маття-латте - 1 шт.;0;;;;;;;;;;;;;;;;;;;;;;;;;;;;;;;;;;;;;;;;;;;;;;
03.11.2021;3814;;5 237;completed;Avathomas2007@yandex.ru;16.09.2021;9;3;800.0;587.0;3500.0;;11;Фиточай с чабрецом - 4 пакетика;Фиточай с чабрецом - 4 пакетика;Омолаживающий барсучий эликсир;350;;;;;;;;;;;;;;;;;;;;;;;;;;;;;;;;;;;;;;;;;;;;;;
11.07.2021;1950;;2 380;completed;Oliverwilliams1987@yahoo.com;05.05.2021;5;3;240.0;240.0;1900.0;;7;Маття-латте - 1 шт.;Маття-латте - 1 шт.;Маття-латте - 5 шт.;0;;;;;;;;;;;;;;;;;;;;;;;;;;;;;;;;;;;;;;;;;;;;;;
21.09.2021;2545;;1 712;completed;Isabellajackson1993@mail.ru;21.09.2021;9;3;587.0;325.0;800.0;;9;Фиточай с чабрецом - 4 пакетика;Маття-латте - 1 шт.;Фиточай с чабрецом - 4 пакетика;0;;;;;;;;;;;;;;;;;;;;;;;;;;;;;;;;;;;;;;;;;;;;;;
18.02.2021;2920;;2 325;completed;liammartinez1993@gmail.com;18.02.2021;2;2;325.0;2000.0;;;2;Маття-латте - 1 шт.;Омолаживающий барсучий эликсир;Маття-латте - 1 шт.;0;;;;;;;;;;;;;;;;;;;;;;;;;;;;;;;;;;;;;;;;;;;;;;
28.12.2021;1725;;1 587;completed;Williammoore69@yandex.ru;02.07.2021;7;3;325.0;587.0;325.0;;12;Маття-латте - 1 шт.;Фиточай с чабрецом - 4 пакетика;Маття-латте - 1 шт.;350;;;;;;;;;;;;;;;;;;;;;;;;;;;;;;;;;;;;;;;;;;;;;;
23.11.2021;3326;;3 687;completed;emmamartinez33@yahoo.com;23.11.2021;11;3;2000.0;1100.0;587.0;;11;Омолаживающий барсучий эликсир;Маття-латте - 5 шт.;Фиточай с чабрецом - 4 пакетика;0;;;;;;;;;;;;;;;;;;;;;;;;;;;;;;;;;;;;;;;;;;;;;;
01.09.2021;3662;;1 775;completed;Liambrown33@yahoo.com;01.03.2021;3;2;325.0;1100.0;;;9;Маття-латте - 1 шт.;Маття-латте - 5 шт.;Маття-латте - 1 шт.;350;;;;;;;;;;;;;;;;;;;;;;;;;;;;;;;;;;;;;;;;;;;;;;
11.04.2021;1586;;1 365;completed;Sophiataylor1987@yahoo.com;11.04.2021;4;3;240.0;800.0;325.0;;4;Маття-латте - 1 шт.;Фиточай с чабрецом - 4 пакетика;Маття-латте - 1 шт.;0;;;;;;;;;;;;;;;;;;;;;;;;;;;;;;;;;;;;;;;;;;;;;;
06.04.2021;3239;;2 225;completed;Williambrown33@outlook.com;06.04.2021;4;2;325.0;;1900.0;;4;Маття-латте - 1 шт.;Маття-латте - 1 шт.;Маття-латте - 5 шт.;0;;;;;;;;;;;;;;;;;;;;;;;;;;;;;;;;;;;;;;;;;;;;;;
11.11.2021;1300;;1 215;completed;Avathomas1993@yandex.ru;05.08.2021;8;2;890.0;325.0;;;11;Фиточай с чабрецом - 4 пакетика;Маття-латте - 1 шт.;Маття-латте - 1 шт.;0;;;;;;;;;;;;;;;;;;;;;;;;;;;;;;;;;;;;;;;;;;;;;;
08.07.2021;2090;;3 140;returned;Alexandermartinez66@yandex.ru;08.07.2021;7;2;;1900.0;890.0;;7;Маття-латте - 1 шт.;Маття-латте - 5 шт.;Фиточай с чабрецом - 4 пакетика;350;;;;;;;;;;;;;;;;;;;;;;;;;;;;;;;;;;;;;;;;;;;;;;
05.02.2022;4113;;4 977;completed;Avathomas66@mail.ru;05.02.2022;14;3;3500.0;890.0;587.0;;14;Омолаживающий барсучий эликсир;Фиточай с чабрецом - 4 пакетика;Фиточай с чабрецом - 4 пакетика;0;;;;;;;;;;;;;;;;;;;;;;;;;;;;;;;;;;;;;;;;;;;;;;
17.10.2021;3882;;4 125;completed;Oliverbrown0@yandex.ru;17.10.2021;10;3;325.0;1900.0;1900.0;;10;Маття-латте - 1 шт.;Маття-латте - 5 шт.;Маття-латте - 5 шт.;0;;;;;;;;;;;;;;;;;;;;;;;;;;;;;;;;;;;;;;;;;;;;;;
14.05.2021;2366;;4 790;completed;Liamwilliams88@mail.ru;14.05.2021;5;3;890.0;2000.0;1900.0;;5;Фиточай с чабрецом - 4 пакетика;Омолаживающий барсучий эликсир;Маття-латте - 5 шт.;0;;;;;;;;;;;;;;;;;;;;;;;;;;;;;;;;;;;;;;;;;;;;;;
10.05.2021;4006;;10 300;completed;Alexanderanderson1987@yahoo.com;10.05.2021;5;3;1900.0;4900.0;3500.0;;5;Маття-латте - 5 шт.;Омолаживающий барсучий эликсир;Омолаживающий барсучий эликсир;0;;;;;;;;;;;;;;;;;;;;;;;;;;;;;;;;;;;;;;;;;;;;;;
07.12.2021;4123;;10 400;completed;Olivermoore33@yahoo.com;18.02.2021;2;3;3500.0;4900.0;2000.0;;12;Омолаживающий барсучий эликсир;Омолаживающий барсучий эликсир;Омолаживающий барсучий эликсир;0;;;;;;;;;;;;;;;;;;;;;;;;;;;;;;;;;;;;;;;;;;;;;;
04.10.2021;3592;;9 200;completed;Olivermartinez66@yahoo.com;04.10.2021;10;3;4900.0;800.0;3500.0;;10;Омолаживающий барсучий эликсир;Фиточай с чабрецом - 4 пакетика;Омолаживающий барсучий эликсир;0;;;;;;;;;;;;;;;;;;;;;;;;;;;;;;;;;;;;;;;;;;;;;;
01.06.2021;3500;;2 537;completed;Alexanderbrown12@outlook.com;01.06.2021;6;3;587.0;800.0;800.0;;6;Фиточай с чабрецом - 4 пакетика;Фиточай с чабрецом - 4 пакетика;Фиточай с чабрецом - 4 пакетика;350;;;;;;;;;;;;;;;;;;;;;;;;;;;;;;;;;;;;;;;;;;;;;;
22.06.2021;1859;;6 075;returned;Oliversmith13@yandex.ru;22.06.2021;6;3;3500.0;325.0;1900.0;;6;Омолаживающий барсучий эликсир;Маття-латте - 1 шт.;Маття-латте - 5 шт.;350;;;;;;;;;;;;;;;;;;;;;;;;;;;;;;;;;;;;;;;;;;;;;;
23.12.2021;3224;;4 140;completed;Avalopez2007@outlook.com;23.12.2021;12;3;1900.0;240.0;2000.0;;12;Маття-латте - 5 шт.;Маття-латте - 1 шт.;Омолаживающий барсучий эликсир;0;;;;;;;;;;;;;;;;;;;;;;;;;;;;;;;;;;;;;;;;;;;;;;
11.01.2022;1804;;5 190;completed;Avataylor1987@gmail.com;20.08.2021;8;3;890.0;3500.0;800.0;;13;Фиточай с чабрецом - 4 пакетика;Омолаживающий барсучий эликсир;Фиточай с чабрецом - 4 пакетика;0;;;;;;;;;;;;;;;;;;;;;;;;;;;;;;;;;;;;;;;;;;;;;;
22.05.2021;1453;;1 387;returned;Isabellataylor1987@yandex.ru;22.05.2021;5;2;587.0;;800.0;;5;Фиточай с чабрецом - 4 пакетика;Маття-латте - 1 шт.;Фиточай с чабрецом - 4 пакетика;0;;;;;;;;;;;;;;;;;;;;;;;;;;;;;;;;;;;;;;;;;;;;;;
05.10.2021;1322;;2 277;completed;Isabellasmith12@outlook.com;05.10.2021;10;3;240.0;587.0;1100.0;;10;Маття-латте - 1 шт.;Фиточай с чабрецом - 4 пакетика;Маття-латте - 5 шт.;350;;;;;;;;;;;;;;;;;;;;;;;;;;;;;;;;;;;;;;;;;;;;;;
03.04.2021;3914;;4 887;completed;isabellasmith2007@gmail.com;03.04.2021;4;3;587.0;3500.0;800.0;;4;Фиточай с чабрецом - 4 пакетика;Омолаживающий барсучий эликсир;Фиточай с чабрецом - 4 пакетика;0;;;;;;;;;;;;;;;;;;;;;;;;;;;;;;;;;;;;;;;;;;;;;;
22.12.2021;4131;;3 727;completed;sophiajackson33@gmail.com;22.12.2021;12;3;890.0;587.0;1900.0;;12;Фиточай с чабрецом - 4 пакетика;Фиточай с чабрецом - 4 пакетика;Маття-латте - 5 шт.;350;;;;;;;;;;;;;;;;;;;;;;;;;;;;;;;;;;;;;;;;;;;;;;
10.10.2021;2145;;890;completed;Olivermartinez88@outlook.com;10.10.2021;10;3;325.0;325.0;240.0;;10;Маття-латте - 1 шт.;Маття-латте - 1 шт.;Маття-латте - 1 шт.;0;;;;;;;;;;;;;;;;;;;;;;;;;;;;;;;;;;;;;;;;;;;;;;
11.03.2021;1517;;2 787;returned;Alexandermartinez1987@outlook.com;03.03.2021;3;3;1100.0;1100.0;587.0;;3;Маття-латте - 5 шт.;Маття-латте - 5 шт.;Фиточай с чабрецом - 4 пакетика;0;;;;;;;;;;;;;;;;;;;;;;;;;;;;;;;;;;;;;;;;;;;;;;
03.03.2021;1673;;9 050;completed;Sophiaanderson1987@yandex.ru;03.03.2021;3;3;1900.0;1900.0;4900.0;;3;Маття-латте - 5 шт.;Маття-латте - 5 шт.;Омолаживающий барсучий эликсир;350;;;;;;;;;;;;;;;;;;;;;;;;;;;;;;;;;;;;;;;;;;;;;;
27.10.2021;1637;;2 140;completed;Liamtaylor33@mail.ru;24.03.2021;3;3;800.0;1100.0;240.0;;10;Фиточай с чабрецом - 4 пакетика;Маття-латте - 5 шт.;Маття-латте - 1 шт.;0;;;;;;;;;;;;;;;;;;;;;;;;;;;;;;;;;;;;;;;;;;;;;;
27.04.2021;3525;;1 365;completed;Isabellamoore13@yahoo.com;27.04.2021;4;3;325.0;240.0;800.0;;4;Маття-латте - 1 шт.;Маття-латте - 1 шт.;Фиточай с чабрецом - 4 пакетика;0;;;;;;;;;;;;;;;;;;;;;;;;;;;;;;;;;;;;;;;;;;;;;;
25.07.2021;1265;;5 190;completed;Williambrown69@yandex.ru;25.07.2021;7;3;800.0;3500.0;890.0;;7;Фиточай с чабрецом - 4 пакетика;Омолаживающий барсучий эликсир;Фиточай с чабрецом - 4 пакетика;0;;;;;;;;;;;;;;;;;;;;;;;;;;;;;;;;;;;;;;;;;;;;;;
28.10.2021;3891;;5 900;completed;Lucastaylor13@mail.ru;24.07.2021;7;3;1900.0;2000.0;2000.0;;10;Маття-латте - 5 шт.;Омолаживающий барсучий эликсир;Омолаживающий барсучий эликсир;0;;;;;;;;;;;;;;;;;;;;;;;;;;;;;;;;;;;;;;;;;;;;;;
23.04.2021;3691;;6 950;completed;Oliverlopez13@mail.ru;23.04.2021;4;3;2000.0;1100.0;3500.0;;4;Омолаживающий барсучий эликсир;Маття-латте - 5 шт.;Омолаживающий барсучий эликсир;350;;;;;;;;;;;;;;;;;;;;;;;;;;;;;;;;;;;;;;;;;;;;;;
30.08.2021;1776;;4 150;completed;Alexandermartinez33@yandex.ru;30.08.2021;8;3;1900.0;1100.0;800.0;;8;Маття-латте - 5 шт.;Маття-латте - 5 шт.;Фиточай с чабрецом - 4 пакетика;350;;;;;;;;;;;;;;;;;;;;;;;;;;;;;;;;;;;;;;;;;;;;;;
12.07.2021;2362;;2 225;completed;Alexanderwilliams2007@mail.ru;12.07.2021;7;2;325.0;;1900.0;;7;Маття-латте - 1 шт.;Маття-латте - 1 шт.;Маття-латте - 5 шт.;0;;;;;;;;;;;;;;;;;;;;;;;;;;;;;;;;;;;;;;;;;;;;;;
19.09.2021;2036;;1 930;completed;Lucasmartinez69@outlook.com;20.03.2021;3;3;240.0;800.0;890.0;;9;Маття-латте - 1 шт.;Фиточай с чабрецом - 4 пакетика;Фиточай с чабрецом - 4 пакетика;0;;;;;;;;;;;;;;;;;;;;;;;;;;;;;;;;;;;;;;;;;;;;;;
10.01.2022;2760;;3 890;completed;Charlottewilliams0@yandex.ru;26.06.2021;6;3;1900.0;1100.0;890.0;;13;Маття-латте - 5 шт.;Маття-латте - 5 шт.;Фиточай с чабрецом - 4 пакетика;0;;;;;;;;;;;;;;;;;;;;;;;;;;;;;;;;;;;;;;;;;;;;;;
22.04.2021;2548;;3 000;completed;liamsmith1987@gmail.com;22.04.2021;4;2;1100.0;1900.0;;;4;Маття-латте - 5 шт.;Маття-латте - 5 шт.;Маття-латте - 1 шт.;0;;;;;;;;;;;;;;;;;;;;;;;;;;;;;;;;;;;;;;;;;;;;;;
20.12.2021;2339;;2 827;completed;Avawilliams69@yandex.ru;19.04.2021;4;3;240.0;2000.0;587.0;;12;Маття-латте - 1 шт.;Омолаживающий барсучий эликсир;Фиточай с чабрецом - 4 пакетика;0;;;;;;;;;;;;;;;;;;;;;;;;;;;;;;;;;;;;;;;;;;;;;;
19.11.2021;2167;;3 825;completed;Sophiajackson69@yahoo.com;19.11.2021;11;2;325.0;3500.0;;;11;Маття-латте - 1 шт.;Омолаживающий барсучий эликсир;Маття-латте - 1 шт.;0;;;;;;;;;;;;;;;;;;;;;;;;;;;;;;;;;;;;;;;;;;;;;;
03.04.2021;1652;;4 900;completed;Alexandermartinez13@mail.ru;03.04.2021;4;1;;;4900.0;;4;Маття-латте - 1 шт.;Маття-латте - 1 шт.;Омолаживающий барсучий эликсир;0;;;;;;;;;;;;;;;;;;;;;;;;;;;;;;;;;;;;;;;;;;;;;;
29.05.2021;4133;;7 675;completed;Isabellasmith33@outlook.com;29.05.2021;5;3;3500.0;3500.0;325.0;;5;Омолаживающий барсучий эликсир;Омолаживающий барсучий эликсир;Маття-латте - 1 шт.;350;;;;;;;;;;;;;;;;;;;;;;;;;;;;;;;;;;;;;;;;;;;;;;
23.07.2021;2623;;7 750;completed;Liamlopez33@yandex.ru;23.07.2021;7;3;2000.0;3500.0;1900.0;;7;Омолаживающий барсучий эликсир;Омолаживающий барсучий эликсир;Маття-латте - 5 шт.;350;;;;;;;;;;;;;;;;;;;;;;;;;;;;;;;;;;;;;;;;;;;;;;
11.07.2021;2308;;5 465;completed;Alexandermartinez13@outlook.com;11.07.2021;7;3;4900.0;240.0;325.0;;7;Омолаживающий барсучий эликсир;Маття-латте - 1 шт.;Маття-латте - 1 шт.;0;;;;;;;;;;;;;;;;;;;;;;;;;;;;;;;;;;;;;;;;;;;;;;
17.11.2021;1352;;2 400;completed;Isabellathomas0@yandex.ru;06.05.2021;5;3;800.0;800.0;800.0;;11;Фиточай с чабрецом - 4 пакетика;Фиточай с чабрецом - 4 пакетика;Фиточай с чабрецом - 4 пакетика;0;;;;;;;;;;;;;;;;;;;;;;;;;;;;;;;;;;;;;;;;;;;;;;
08.03.2021;3007;;3 115;completed;Sophiajackson69@yahoo.com;27.02.2021;2;3;890.0;325.0;1900.0;;3;Фиточай с чабрецом - 4 пакетика;Маття-латте - 1 шт.;Маття-латте - 5 шт.;0;;;;;;;;;;;;;;;;;;;;;;;;;;;;;;;;;;;;;;;;;;;;;;
28.06.2021;1619;;1 805;completed;Alexanderanderson1993@mail.ru;28.06.2021;6;3;240.0;890.0;325.0;;6;Маття-латте - 1 шт.;Фиточай с чабрецом - 4 пакетика;Маття-латте - 1 шт.;350;;;;;;;;;;;;;;;;;;;;;;;;;;;;;;;;;;;;;;;;;;;;;;
17.03.2021;3623;;6 115;completed;Isabellasmith33@yahoo.com;17.03.2021;3;3;4900.0;325.0;890.0;;3;Омолаживающий барсучий эликсир;Маття-латте - 1 шт.;Фиточай с чабрецом - 4 пакетика;0;;;;;;;;;;;;;;;;;;;;;;;;;;;;;;;;;;;;;;;;;;;;;;
27.04.2021;3858;;2 717;completed;Isabellathomas88@yahoo.com;27.04.2021;4;3;587.0;890.0;890.0;;4;Фиточай с чабрецом - 4 пакетика;Фиточай с чабрецом - 4 пакетика;Фиточай с чабрецом - 4 пакетика;350;;;;;;;;;;;;;;;;;;;;;;;;;;;;;;;;;;;;;;;;;;;;;;
20.12.2021;2059;;6 000;completed;Charlottejackson33@yahoo.com;23.07.2021;7;2;4900.0;;1100.0;;12;Омолаживающий барсучий эликсир;Маття-латте - 1 шт.;Маття-латте - 5 шт.;0;;;;;;;;;;;;;;;;;;;;;;;;;;;;;;;;;;;;;;;;;;;;;;
10.03.2021;2923;;3 680;completed;Avasmith69@yandex.ru;10.03.2021;3;3;890.0;1900.0;890.0;;3;Фиточай с чабрецом - 4 пакетика;Маття-латте - 5 шт.;Фиточай с чабрецом - 4 пакетика;0;;;;;;;;;;;;;;;;;;;;;;;;;;;;;;;;;;;;;;;;;;;;;;
18.03.2021;2414;;1 502;completed;Williamsmith88@outlook.com;18.03.2021;3;3;240.0;325.0;587.0;;3;Маття-латте - 1 шт.;Маття-латте - 1 шт.;Фиточай с чабрецом - 4 пакетика;350;;;;;;;;;;;;;;;;;;;;;;;;;;;;;;;;;;;;;;;;;;;;;;
02.06.2021;2280;;7 140;completed;Alexanderbrown33@yahoo.com;02.06.2021;6;3;2000.0;4900.0;240.0;;6;Омолаживающий барсучий эликсир;Омолаживающий барсучий эликсир;Маття-латте - 1 шт.;0;;;;;;;;;;;;;;;;;;;;;;;;;;;;;;;;;;;;;;;;;;;;;;
26.10.2021;3024;;4 065;completed;Williamsmith88@yahoo.com;26.10.2021;10;3;325.0;3500.0;240.0;;10;Маття-латте - 1 шт.;Омолаживающий барсучий эликсир;Маття-латте - 1 шт.;0;;;;;;;;;;;;;;;;;;;;;;;;;;;;;;;;;;;;;;;;;;;;;;
31.01.2022;3626;;4 300;returned;Liamsmith88@mail.ru;31.01.2022;13;2;800.0;3500.0;;;13;Фиточай с чабрецом - 4 пакетика;Омолаживающий барсучий эликсир;Маття-латте - 1 шт.;0;;;;;;;;;;;;;;;;;;;;;;;;;;;;;;;;;;;;;;;;;;;;;;
07.04.2021;2061;;1 340;completed;lucaslopez0@gmail.com;07.04.2021;4;2;1100.0;240.0;;;4;Маття-латте - 5 шт.;Маття-латте - 1 шт.;Маття-латте - 1 шт.;0;;;;;;;;;;;;;;;;;;;;;;;;;;;;;;;;;;;;;;;;;;;;;;
19.06.2021;2929;;3 262;completed;Alexanderbrown0@yahoo.com;19.06.2021;6;3;2000.0;587.0;325.0;;6;Омолаживающий барсучий эликсир;Фиточай с чабрецом - 4 пакетика;Маття-латте - 1 шт.;350;;;;;;;;;;;;;;;;;;;;;;;;;;;;;;;;;;;;;;;;;;;;;;
04.05.2021;4231;;1 237;completed;Lucasanderson1987@mail.ru;21.03.2021;3;3;325.0;587.0;325.0;;5;Маття-латте - 1 шт.;Фиточай с чабрецом - 4 пакетика;Маття-латте - 1 шт.;0;;;;;;;;;;;;;;;;;;;;;;;;;;;;;;;;;;;;;;;;;;;;;;
29.04.2021;3570;;2 915;completed;Sophialopez0@outlook.com;29.04.2021;4;3;325.0;240.0;2000.0;;4;Маття-латте - 1 шт.;Маття-латте - 1 шт.;Омолаживающий барсучий эликсир;350;;;;;;;;;;;;;;;;;;;;;;;;;;;;;;;;;;;;;;;;;;;;;;
11.12.2021;2825;;5 187;completed;Lucasmartinez66@outlook.com;11.12.2021;12;3;1100.0;587.0;3500.0;;12;Маття-латте - 5 шт.;Фиточай с чабрецом - 4 пакетика;Омолаживающий барсучий эликсир;0;;;;;;;;;;;;;;;;;;;;;;;;;;;;;;;;;;;;;;;;;;;;;;
29.09.2021;3131;;1 340;completed;Emmathomas0@mail.ru;11.07.2021;7;2;1100.0;;240.0;;9;Маття-латте - 5 шт.;Маття-латте - 1 шт.;Маття-латте - 1 шт.;0;;;;;;;;;;;;;;;;;;;;;;;;;;;;;;;;;;;;;;;;;;;;;;
15.11.2021;3665;;3 587;completed;Oliveranderson33@outlook.com;15.11.2021;11;3;1100.0;1900.0;587.0;;11;Маття-латте - 5 шт.;Маття-латте - 5 шт.;Фиточай с чабрецом - 4 пакетика;0;;;;;;;;;;;;;;;;;;;;;;;;;;;;;;;;;;;;;;;;;;;;;;
15.09.2021;2364;;2 787;completed;Alexanderbrown0@mail.ru;13.04.2021;4;3;587.0;1100.0;1100.0;;9;Фиточай с чабрецом - 4 пакетика;Маття-латте - 5 шт.;Маття-латте - 5 шт.;0;;;;;;;;;;;;;;;;;;;;;;;;;;;;;;;;;;;;;;;;;;;;;;
08.03.2021;3179;;5 900;completed;Oliversmith13@gmail.com;08.03.2021;3;3;2000.0;2000.0;1900.0;;3;Омолаживающий барсучий эликсир;Омолаживающий барсучий эликсир;Маття-латте - 5 шт.;0;;;;;;;;;;;;;;;;;;;;;;;;;;;;;;;;;;;;;;;;;;;;;;
31.03.2021;2171;;7 387;completed;Alexanderwilliams33@yahoo.com;31.03.2021;3;3;4900.0;1900.0;587.0;;3;Омолаживающий барсучий эликсир;Маття-латте - 5 шт.;Фиточай с чабрецом - 4 пакетика;0;;;;;;;;;;;;;;;;;;;;;;;;;;;;;;;;;;;;;;;;;;;;;;
23.06.2021;3610;;912;completed;Sophiataylor69@outlook.com;23.06.2021;6;2;587.0;325.0;;;6;Фиточай с чабрецом - 4 пакетика;Маття-латте - 1 шт.;Маття-латте - 1 шт.;0;;;;;;;;;;;;;;;;;;;;;;;;;;;;;;;;;;;;;;;;;;;;;;
04.12.2021;3029;;2 480;completed;Oliverbrown12@yahoo.com;15.05.2021;5;3;240.0;2000.0;240.0;;12;Маття-латте - 1 шт.;Омолаживающий барсучий эликсир;Маття-латте - 1 шт.;0;;;;;;;;;;;;;;;;;;;;;;;;;;;;;;;;;;;;;;;;;;;;;;
04.01.2022;2873;;800;completed;sophiamartinez69@gmail.com;09.09.2021;9;1;800.0;;;;13;Фиточай с чабрецом - 4 пакетика;Маття-латте - 1 шт.;Маття-латте - 1 шт.;0;;;;;;;;;;;;;;;;;;;;;;;;;;;;;;;;;;;;;;;;;;;;;;
26.05.2021;1986;;10 750;completed;Charlottejackson2007@yahoo.com;26.05.2021;5;3;3500.0;4900.0;2000.0;;5;Омолаживающий барсучий эликсир;Омолаживающий барсучий эликсир;Омолаживающий барсучий эликсир;350;;;;;;;;;;;;;;;;;;;;;;;;;;;;;;;;;;;;;;;;;;;;;;
19.03.2021;2718;;5 850;returned;Isabellathomas2007@yandex.ru;20.02.2021;2;2;3500.0;2000.0;;;3;Омолаживающий барсучий эликсир;Омолаживающий барсучий эликсир;Маття-латте - 1 шт.;350;;;;;;;;;;;;;;;;;;;;;;;;;;;;;;;;;;;;;;;;;;;;;;
18.09.2021;3282;;2 240;completed;Charlotteanderson66@gmail.com;27.04.2021;4;2;2000.0;240.0;;;9;Омолаживающий барсучий эликсир;Маття-латте - 1 шт.;Маття-латте - 1 шт.;0;;;;;;;;;;;;;;;;;;;;;;;;;;;;;;;;;;;;;;;;;;;;;;
07.05.2021;3320;;6 150;completed;Oliverwilliams88@outlook.com;07.05.2021;5;3;1900.0;1900.0;2000.0;;5;Маття-латте - 5 шт.;Маття-латте - 5 шт.;Омолаживающий барсучий эликсир;350;;;;;;;;;;;;;;;;;;;;;;;;;;;;;;;;;;;;;;;;;;;;;;
06.02.2022;3035;;8 000;completed;Avasmith88@mail.ru;04.07.2021;7;3;1100.0;4900.0;2000.0;;14;Маття-латте - 5 шт.;Омолаживающий барсучий эликсир;Омолаживающий барсучий эликсир;0;;;;;;;;;;;;;;;;;;;;;;;;;;;;;;;;;;;;;;;;;;;;;;
23.01.2022;1311;;5 237;completed;charlottemoore12@gmail.com;23.01.2022;13;3;3500.0;587.0;800.0;;13;Омолаживающий барсучий эликсир;Фиточай с чабрецом - 4 пакетика;Фиточай с чабрецом - 4 пакетика;350;;;;;;;;;;;;;;;;;;;;;;;;;;;;;;;;;;;;;;;;;;;;;;
22.05.2021;1746;;2 230;completed;Charlottethomas0@outlook.com;22.05.2021;5;3;1100.0;240.0;890.0;;5;Маття-латте - 5 шт.;Маття-латте - 1 шт.;Фиточай с чабрецом - 4 пакетика;0;;;;;;;;;;;;;;;;;;;;;;;;;;;;;;;;;;;;;;;;;;;;;;
07.12.2021;4139;;3 565;completed;alexanderanderson1993@gmail.com;07.12.2021;12;3;2000.0;890.0;325.0;;12;Омолаживающий барсучий эликсир;Фиточай с чабрецом - 4 пакетика;Маття-латте - 1 шт.;350;;;;;;;;;;;;;;;;;;;;;;;;;;;;;;;;;;;;;;;;;;;;;;
26.06.2021;3235;;4 575;completed;Sophiaanderson12@outlook.com;26.06.2021;6;3;2000.0;325.0;1900.0;;6;Омолаживающий барсучий эликсир;Маття-латте - 1 шт.;Маття-латте - 5 шт.;350;;;;;;;;;;;;;;;;;;;;;;;;;;;;;;;;;;;;;;;;;;;;;;
07.06.2021;3996;;675;completed;avathomas88@gmail.com;07.06.2021;6;1;;;325.0;;6;Маття-латте - 1 шт.;Маття-латте - 1 шт.;Маття-латте - 1 шт.;350;;;;;;;;;;;;;;;;;;;;;;;;;;;;;;;;;;;;;;;;;;;;;;
13.09.2021;2668;;2 187;completed;Lucasthomas88@mail.ru;13.09.2021;9;3;800.0;587.0;800.0;;9;Фиточай с чабрецом - 4 пакетика;Фиточай с чабрецом - 4 пакетика;Фиточай с чабрецом - 4 пакетика;0;;;;;;;;;;;;;;;;;;;;;;;;;;;;;;;;;;;;;;;;;;;;;;
22.08.2021;1767;;6 380;completed;Emmabrown88@yandex.ru;21.07.2021;7;3;4900.0;890.0;240.0;;8;Омолаживающий барсучий эликсир;Фиточай с чабрецом - 4 пакетика;Маття-латте - 1 шт.;350;;;;;;;;;;;;;;;;;;;;;;;;;;;;;;;;;;;;;;;;;;;;;;
24.06.2021;2806;;3 240;completed;Liamtaylor12@yandex.ru;24.06.2021;6;2;;2000.0;890.0;;6;Маття-латте - 1 шт.;Омолаживающий барсучий эликсир;Фиточай с чабрецом - 4 пакетика;350;;;;;;;;;;;;;;;;;;;;;;;;;;;;;;;;;;;;;;;;;;;;;;
09.09.2021;3287;;6 077;completed;Williamlopez1987@yahoo.com;19.06.2021;6;3;587.0;240.0;4900.0;;9;Фиточай с чабрецом - 4 пакетика;Маття-латте - 1 шт.;Омолаживающий барсучий эликсир;350;;;;;;;;;;;;;;;;;;;;;;;;;;;;;;;;;;;;;;;;;;;;;;
31.01.2022;4192;;8 900;completed;alexandertaylor2007@gmail.com;30.03.2021;3;3;2000.0;2000.0;4900.0;;13;Омолаживающий барсучий эликсир;Омолаживающий барсучий эликсир;Омолаживающий барсучий эликсир;0;;;;;;;;;;;;;;;;;;;;;;;;;;;;;;;;;;;;;;;;;;;;;;
25.05.2021;3999;;3 125;completed;Isabellamartinez33@mail.ru;20.05.2021;5;3;325.0;2000.0;800.0;;5;Маття-латте - 1 шт.;Омолаживающий барсучий эликсир;Фиточай с чабрецом - 4 пакетика;0;;;;;;;;;;;;;;;;;;;;;;;;;;;;;;;;;;;;;;;;;;;;;;
17.04.2021;2517;;3 680;completed;lucaslopez2007@gmail.com;17.04.2021;4;3;1900.0;890.0;890.0;;4;Маття-латте - 5 шт.;Фиточай с чабрецом - 4 пакетика;Фиточай с чабрецом - 4 пакетика;0;;;;;;;;;;;;;;;;;;;;;;;;;;;;;;;;;;;;;;;;;;;;;;
08.03.2021;1946;;7 837;completed;Sophiataylor66@outlook.com;08.03.2021;3;3;587.0;4900.0;2000.0;;3;Фиточай с чабрецом - 4 пакетика;Омолаживающий барсучий эликсир;Омолаживающий барсучий эликсир;350;;;;;;;;;;;;;;;;;;;;;;;;;;;;;;;;;;;;;;;;;;;;;;
10.09.2021;1748;;5 024;completed;alexandertaylor0@gmail.com;10.09.2021;9;3;587.0;587.0;3500.0;;9;Фиточай с чабрецом - 4 пакетика;Фиточай с чабрецом - 4 пакетика;Омолаживающий барсучий эликсир;350;;;;;;;;;;;;;;;;;;;;;;;;;;;;;;;;;;;;;;;;;;;;;;
04.08.2021;2018;;4 240;completed;Lucasmartinez0@gmail.com;04.08.2021;8;3;1900.0;1100.0;890.0;;8;Маття-латте - 5 шт.;Маття-латте - 5 шт.;Фиточай с чабрецом - 4 пакетика;350;;;;;;;;;;;;;;;;;;;;;;;;;;;;;;;;;;;;;;;;;;;;;;
02.10.2021;2001;;2 912;completed;Charlotteanderson1987@yahoo.com;18.03.2021;3;3;2000.0;587.0;325.0;;10;Омолаживающий барсучий эликсир;Фиточай с чабрецом - 4 пакетика;Маття-латте - 1 шт.;0;;;;;;;;;;;;;;;;;;;;;;;;;;;;;;;;;;;;;;;;;;;;;;
20.05.2021;3999;;3 900;returned;Isabellamartinez33@mail.ru;20.05.2021;5;3;2000.0;1100.0;800.0;;5;Омолаживающий барсучий эликсир;Маття-латте - 5 шт.;Фиточай с чабрецом - 4 пакетика;0;;;;;;;;;;;;;;;;;;;;;;;;;;;;;;;;;;;;;;;;;;;;;;
21.12.2021;3755;;5 727;completed;Olivertaylor13@mail.ru;03.06.2021;6;3;240.0;4900.0;587.0;;12;Маття-латте - 1 шт.;Омолаживающий барсучий эликсир;Фиточай с чабрецом - 4 пакетика;0;;;;;;;;;;;;;;;;;;;;;;;;;;;;;;;;;;;;;;;;;;;;;;
16.04.2021;4201;;7 225;completed;Emmamartinez1987@outlook.com;16.04.2021;4;3;325.0;2000.0;4900.0;;4;Маття-латте - 1 шт.;Омолаживающий барсучий эликсир;Омолаживающий барсучий эликсир;0;;;;;;;;;;;;;;;;;;;;;;;;;;;;;;;;;;;;;;;;;;;;;;
13.07.2021;1609;;1 340;completed;alexanderthomas12@gmail.com;13.07.2021;7;2;1100.0;240.0;;;7;Маття-латте - 5 шт.;Маття-латте - 1 шт.;Маття-латте - 1 шт.;0;;;;;;;;;;;;;;;;;;;;;;;;;;;;;;;;;;;;;;;;;;;;;;
11.05.2021;4116;;2 930;completed;Oliveranderson33@outlook.com;11.05.2021;5;3;800.0;890.0;890.0;;5;Фиточай с чабрецом - 4 пакетика;Фиточай с чабрецом - 4 пакетика;Фиточай с чабрецом - 4 пакетика;350;;;;;;;;;;;;;;;;;;;;;;;;;;;;;;;;;;;;;;;;;;;;;;
12.10.2021;1492;;8 040;completed;Liamsmith69@mail.ru;12.10.2021;10;3;4900.0;890.0;1900.0;;10;Омолаживающий барсучий эликсир;Фиточай с чабрецом - 4 пакетика;Маття-латте - 5 шт.;350;;;;;;;;;;;;;;;;;;;;;;;;;;;;;;;;;;;;;;;;;;;;;;
05.01.2022;3305;;6 937;completed;williamtaylor1993@gmail.com;05.04.2021;4;3;4900.0;1100.0;587.0;;13;Омолаживающий барсучий эликсир;Маття-латте - 5 шт.;Фиточай с чабрецом - 4 пакетика;350;;;;;;;;;;;;;;;;;;;;;;;;;;;;;;;;;;;;;;;;;;;;;;
04.02.2022;3649;;6 740;completed;Charlottesmith66@yandex.ru;04.02.2022;14;3;2000.0;890.0;3500.0;;14;Омолаживающий барсучий эликсир;Фиточай с чабрецом - 4 пакетика;Омолаживающий барсучий эликсир;350;;;;;;;;;;;;;;;;;;;;;;;;;;;;;;;;;;;;;;;;;;;;;;
15.06.2021;1998;;4 390;completed;Sophiabrown33@mail.ru;15.06.2021;6;2;3500.0;890.0;;;6;Омолаживающий барсучий эликсир;Фиточай с чабрецом - 4 пакетика;Маття-латте - 1 шт.;0;;;;;;;;;;;;;;;;;;;;;;;;;;;;;;;;;;;;;;;;;;;;;;
07.08.2021;1903;;7 400;completed;oliverlopez88@gmail.com;08.03.2021;3;3;3500.0;2000.0;1900.0;;8;Омолаживающий барсучий эликсир;Омолаживающий барсучий эликсир;Маття-латте - 5 шт.;0;;;;;;;;;;;;;;;;;;;;;;;;;;;;;;;;;;;;;;;;;;;;;;
07.08.2021;3070;;565;returned;sophiamoore69@gmail.com;27.07.2021;7;2;;325.0;240.0;;8;Маття-латте - 1 шт.;Маття-латте - 1 шт.;Маття-латте - 1 шт.;0;;;;;;;;;;;;;;;;;;;;;;;;;;;;;;;;;;;;;;;;;;;;;;
21.06.2021;2844;;2 717;completed;Liamthomas33@yandex.ru;24.05.2021;5;3;890.0;587.0;890.0;;6;Фиточай с чабрецом - 4 пакетика;Фиточай с чабрецом - 4 пакетика;Фиточай с чабрецом - 4 пакетика;350;;;;;;;;;;;;;;;;;;;;;;;;;;;;;;;;;;;;;;;;;;;;;;
06.04.2021;1769;;2 250;completed;Oliverbrown1993@outlook.com;06.04.2021;4;2;1100.0;800.0;;;4;Маття-латте - 5 шт.;Фиточай с чабрецом - 4 пакетика;Маття-латте - 1 шт.;350;;;;;;;;;;;;;;;;;;;;;;;;;;;;;;;;;;;;;;;;;;;;;;
09.08.2021;2886;;7 690;completed;Lucasthomas33@yandex.ru;14.04.2021;4;3;890.0;1900.0;4900.0;;8;Фиточай с чабрецом - 4 пакетика;Маття-латте - 5 шт.;Омолаживающий барсучий эликсир;0;;;;;;;;;;;;;;;;;;;;;;;;;;;;;;;;;;;;;;;;;;;;;;
17.11.2021;2321;;9 075;completed;Isabellaanderson33@mail.ru;02.05.2021;5;3;325.0;4900.0;3500.0;;11;Маття-латте - 1 шт.;Омолаживающий барсучий эликсир;Омолаживающий барсучий эликсир;350;;;;;;;;;;;;;;;;;;;;;;;;;;;;;;;;;;;;;;;;;;;;;;
03.10.2021;2416;;7 140;completed;liammoore33@gmail.com;03.10.2021;10;3;240.0;2000.0;4900.0;;10;Маття-латте - 1 шт.;Омолаживающий барсучий эликсир;Омолаживающий барсучий эликсир;0;;;;;;;;;;;;;;;;;;;;;;;;;;;;;;;;;;;;;;;;;;;;;;
18.02.2021;3087;;3 387;completed;Sophiabrown13@yahoo.com;18.02.2021;2;3;587.0;2000.0;800.0;;2;Фиточай с чабрецом - 4 пакетика;Омолаживающий барсучий эликсир;Фиточай с чабрецом - 4 пакетика;0;;;;;;;;;;;;;;;;;;;;;;;;;;;;;;;;;;;;;;;;;;;;;;
29.12.2021;2704;;3 130;completed;Avathomas1993@mail.ru;29.12.2021;12;3;240.0;890.0;2000.0;;12;Маття-латте - 1 шт.;Фиточай с чабрецом - 4 пакетика;Омолаживающий барсучий эликсир;0;;;;;;;;;;;;;;;;;;;;;;;;;;;;;;;;;;;;;;;;;;;;;;
16.01.2022;3692;;3 690;completed;Lucasmartinez1993@mail.ru;16.01.2022;13;3;2000.0;1100.0;240.0;;13;Омолаживающий барсучий эликсир;Маття-латте - 5 шт.;Маття-латте - 1 шт.;350;;;;;;;;;;;;;;;;;;;;;;;;;;;;;;;;;;;;;;;;;;;;;;
20.07.2021;2364;;7 125;completed;Alexanderbrown0@mail.ru;13.04.2021;4;3;325.0;1900.0;4900.0;;7;Маття-латте - 1 шт.;Маття-латте - 5 шт.;Омолаживающий барсучий эликсир;0;;;;;;;;;;;;;;;;;;;;;;;;;;;;;;;;;;;;;;;;;;;;;;
27.04.2021;3685;;2 225;completed;Avamartinez13@outlook.com;27.04.2021;4;3;1100.0;800.0;325.0;;4;Маття-латте - 5 шт.;Фиточай с чабрецом - 4 пакетика;Маття-латте - 1 шт.;0;;;;;;;;;;;;;;;;;;;;;;;;;;;;;;;;;;;;;;;;;;;;;;
25.04.2021;2192;;2 440;completed;Sophiajackson66@mail.ru;29.03.2021;3;3;1100.0;1100.0;240.0;;4;Маття-латте - 5 шт.;Маття-латте - 5 шт.;Маття-латте - 1 шт.;0;;;;;;;;;;;;;;;;;;;;;;;;;;;;;;;;;;;;;;;;;;;;;;
27.06.2021;1900;;5 750;completed;Williamsmith13@mail.ru;17.04.2021;4;2;;3500.0;1900.0;;6;Маття-латте - 1 шт.;Омолаживающий барсучий эликсир;Маття-латте - 5 шт.;350;;;;;;;;;;;;;;;;;;;;;;;;;;;;;;;;;;;;;;;;;;;;;;
26.06.2021;1269;;3 900;completed;Williamlopez12@yandex.ru;11.04.2021;4;2;2000.0;;1900.0;;6;Омолаживающий барсучий эликсир;Маття-латте - 1 шт.;Маття-латте - 5 шт.;0;;;;;;;;;;;;;;;;;;;;;;;;;;;;;;;;;;;;;;;;;;;;;;
08.07.2021;3464;;5 850;completed;Avathomas0@yahoo.com;12.03.2021;3;2;;3500.0;2000.0;;7;Маття-латте - 1 шт.;Омолаживающий барсучий эликсир;Омолаживающий барсучий эликсир;350;;;;;;;;;;;;;;;;;;;;;;;;;;;;;;;;;;;;;;;;;;;;;;
22.02.2021;2634;;2 700;completed;isabellawilliams1987@gmail.com;22.02.2021;2;3;800.0;1100.0;800.0;;2;Фиточай с чабрецом - 4 пакетика;Маття-латте - 5 шт.;Фиточай с чабрецом - 4 пакетика;0;;;;;;;;;;;;;;;;;;;;;;;;;;;;;;;;;;;;;;;;;;;;;;
31.07.2021;2196;;6 077;completed;alexanderlopez69@gmail.com;31.07.2021;7;3;587.0;4900.0;240.0;;7;Фиточай с чабрецом - 4 пакетика;Омолаживающий барсучий эликсир;Маття-латте - 1 шт.;350;;;;;;;;;;;;;;;;;;;;;;;;;;;;;;;;;;;;;;;;;;;;;;
20.04.2021;2312;;1 627;completed;Olivermartinez2007@outlook.com;17.02.2021;2;3;800.0;587.0;240.0;;4;Фиточай с чабрецом - 4 пакетика;Фиточай с чабрецом - 4 пакетика;Маття-латте - 1 шт.;0;;;;;;;;;;;;;;;;;;;;;;;;;;;;;;;;;;;;;;;;;;;;;;
25.12.2021;2952;;3 900;completed;sophiathomas0@gmail.com;25.12.2021;12;3;2000.0;1100.0;800.0;;12;Омолаживающий барсучий эликсир;Маття-латте - 5 шт.;Фиточай с чабрецом - 4 пакетика;0;;;;;;;;;;;;;;;;;;;;;;;;;;;;;;;;;;;;;;;;;;;;;;
18.11.2021;1460;;3 900;returned;Liamanderson69@outlook.com;16.02.2021;2;3;1100.0;2000.0;800.0;;11;Маття-латте - 5 шт.;Омолаживающий барсучий эликсир;Фиточай с чабрецом - 4 пакетика;0;;;;;;;;;;;;;;;;;;;;;;;;;;;;;;;;;;;;;;;;;;;;;;
13.03.2021;3106;;4 950;completed;Williammartinez1987@yandex.ru;13.03.2021;3;2;1100.0;;3500.0;;3;Маття-латте - 5 шт.;Маття-латте - 1 шт.;Омолаживающий барсучий эликсир;350;;;;;;;;;;;;;;;;;;;;;;;;;;;;;;;;;;;;;;;;;;;;;;
14.12.2021;4138;;7 700;completed;Emmaanderson12@outlook.com;04.03.2021;3;3;4900.0;800.0;2000.0;;12;Омолаживающий барсучий эликсир;Фиточай с чабрецом - 4 пакетика;Омолаживающий барсучий эликсир;0;;;;;;;;;;;;;;;;;;;;;;;;;;;;;;;;;;;;;;;;;;;;;;
08.09.2021;3039;;8 640;completed;Alexanderanderson88@outlook.com;27.04.2021;4;3;3500.0;240.0;4900.0;;9;Омолаживающий барсучий эликсир;Маття-латте - 1 шт.;Омолаживающий барсучий эликсир;0;;;;;;;;;;;;;;;;;;;;;;;;;;;;;;;;;;;;;;;;;;;;;;
28.02.2021;2286;;6 390;completed;Alexanderbrown2007@yahoo.com;28.02.2021;2;3;3500.0;890.0;2000.0;;2;Омолаживающий барсучий эликсир;Фиточай с чабрецом - 4 пакетика;Омолаживающий барсучий эликсир;0;;;;;;;;;;;;;;;;;;;;;;;;;;;;;;;;;;;;;;;;;;;;;;
04.04.2021;1974;;2 837;completed;williamsmith69@gmail.com;04.04.2021;4;3;800.0;1100.0;587.0;;4;Фиточай с чабрецом - 4 пакетика;Маття-латте - 5 шт.;Фиточай с чабрецом - 4 пакетика;350;;;;;;;;;;;;;;;;;;;;;;;;;;;;;;;;;;;;;;;;;;;;;;
07.08.2021;2752;;4 625;completed;avaanderson12@gmail.com;28.04.2021;4;3;800.0;3500.0;325.0;;8;Фиточай с чабрецом - 4 пакетика;Омолаживающий барсучий эликсир;Маття-латте - 1 шт.;0;;;;;;;;;;;;;;;;;;;;;;;;;;;;;;;;;;;;;;;;;;;;;;
07.11.2021;2278;;1 215;completed;Williammoore12@yahoo.com;31.05.2021;5;2;;325.0;890.0;;11;Маття-латте - 1 шт.;Маття-латте - 1 шт.;Фиточай с чабрецом - 4 пакетика;0;;;;;;;;;;;;;;;;;;;;;;;;;;;;;;;;;;;;;;;;;;;;;;
09.11.2021;1277;;9 000;completed;oliverwilliams69@gmail.com;04.04.2021;4;3;2000.0;3500.0;3500.0;;11;Омолаживающий барсучий эликсир;Омолаживающий барсучий эликсир;Омолаживающий барсучий эликсир;0;;;;;;;;;;;;;;;;;;;;;;;;;;;;;;;;;;;;;;;;;;;;;;
08.04.2021;2990;;7 800;completed;Williambrown2007@yandex.ru;08.04.2021;4;3;800.0;3500.0;3500.0;;4;Фиточай с чабрецом - 4 пакетика;Омолаживающий барсучий эликсир;Омолаживающий барсучий эликсир;0;;;;;;;;;;;;;;;;;;;;;;;;;;;;;;;;;;;;;;;;;;;;;;
04.06.2021;2749;;2 465;returned;Alexanderwilliams0@yandex.ru;16.02.2021;2;3;1900.0;240.0;325.0;;6;Маття-латте - 5 шт.;Маття-латте - 1 шт.;Маття-латте - 1 шт.;0;;;;;;;;;;;;;;;;;;;;;;;;;;;;;;;;;;;;;;;;;;;;;;
18.02.2021;3821;;4 040;completed;Avajackson88@mail.ru;17.02.2021;2;3;240.0;1900.0;1900.0;;2;Маття-латте - 1 шт.;Маття-латте - 5 шт.;Маття-латте - 5 шт.;0;;;;;;;;;;;;;;;;;;;;;;;;;;;;;;;;;;;;;;;;;;;;;;
14.04.2021;1371;;3 287;returned;Avamartinez1987@yandex.ru;14.04.2021;4;3;800.0;587.0;1900.0;;4;Фиточай с чабрецом - 4 пакетика;Фиточай с чабрецом - 4 пакетика;Маття-латте - 5 шт.;0;;;;;;;;;;;;;;;;;;;;;;;;;;;;;;;;;;;;;;;;;;;;;;
28.12.2021;1460;;1 690;completed;Liamanderson69@outlook.com;16.02.2021;2;2;800.0;;890.0;;12;Фиточай с чабрецом - 4 пакетика;Маття-латте - 1 шт.;Фиточай с чабрецом - 4 пакетика;0;;;;;;;;;;;;;;;;;;;;;;;;;;;;;;;;;;;;;;;;;;;;;;
18.08.2021;3921;;4 715;returned;Olivermoore69@outlook.com;18.08.2021;8;3;890.0;325.0;3500.0;;8;Фиточай с чабрецом - 4 пакетика;Маття-латте - 1 шт.;Омолаживающий барсучий эликсир;0;;;;;;;;;;;;;;;;;;;;;;;;;;;;;;;;;;;;;;;;;;;;;;
16.03.2021;2126;;1 687;completed;Oliverlopez1993@yandex.ru;16.03.2021;3;2;587.0;1100.0;;;3;Фиточай с чабрецом - 4 пакетика;Маття-латте - 5 шт.;Маття-латте - 1 шт.;0;;;;;;;;;;;;;;;;;;;;;;;;;;;;;;;;;;;;;;;;;;;;;;
13.01.2022;3558;;4 140;completed;Isabellabrown66@outlook.com;13.01.2022;13;3;240.0;1900.0;2000.0;;13;Маття-латте - 1 шт.;Маття-латте - 5 шт.;Омолаживающий барсучий эликсир;0;;;;;;;;;;;;;;;;;;;;;;;;;;;;;;;;;;;;;;;;;;;;;;
31.07.2021;2973;;2 812;completed;Charlottetaylor0@yandex.ru;31.07.2021;7;3;325.0;587.0;1900.0;;7;Маття-латте - 1 шт.;Фиточай с чабрецом - 4 пакетика;Маття-латте - 5 шт.;0;;;;;;;;;;;;;;;;;;;;;;;;;;;;;;;;;;;;;;;;;;;;;;
20.02.2021;3616;;4 415;completed;Oliverjackson33@mail.ru;20.02.2021;2;3;240.0;325.0;3500.0;;2;Маття-латте - 1 шт.;Маття-латте - 1 шт.;Омолаживающий барсучий эликсир;350;;;;;;;;;;;;;;;;;;;;;;;;;;;;;;;;;;;;;;;;;;;;;;
16.10.2021;3055;;5 487;completed;Sophiathomas2007@mail.ru;01.07.2021;7;2;;587.0;4900.0;;10;Маття-латте - 1 шт.;Фиточай с чабрецом - 4 пакетика;Омолаживающий барсучий эликсир;0;;;;;;;;;;;;;;;;;;;;;;;;;;;;;;;;;;;;;;;;;;;;;;
18.04.2021;2153;;1 455;completed;emmabrown2007@outlook.com;18.04.2021;4;3;240.0;890.0;325.0;;4;Маття-латте - 1 шт.;Фиточай с чабрецом - 4 пакетика;Маття-латте - 1 шт.;0;;;;;;;;;;;;;;;;;;;;;;;;;;;;;;;;;;;;;;;;;;;;;;
29.03.2021;2808;;2 012;completed;emmabrown69@gmail.com;29.03.2021;3;3;587.0;1100.0;325.0;;3;Фиточай с чабрецом - 4 пакетика;Маття-латте - 5 шт.;Маття-латте - 1 шт.;0;;;;;;;;;;;;;;;;;;;;;;;;;;;;;;;;;;;;;;;;;;;;;;
22.01.2022;2120;;7 690;completed;Charlottejackson0@outlook.com;22.01.2022;13;3;4900.0;1900.0;890.0;;13;Омолаживающий барсучий эликсир;Маття-латте - 5 шт.;Фиточай с чабрецом - 4 пакетика;0;;;;;;;;;;;;;;;;;;;;;;;;;;;;;;;;;;;;;;;;;;;;;;
15.06.2021;3709;;2 225;completed;Lucasbrown66@yandex.ru;15.06.2021;6;3;325.0;800.0;1100.0;;6;Маття-латте - 1 шт.;Фиточай с чабрецом - 4 пакетика;Маття-латте - 5 шт.;0;;;;;;;;;;;;;;;;;;;;;;;;;;;;;;;;;;;;;;;;;;;;;;
24.07.2021;1843;;1 477;returned;Emmataylor88@mail.ru;14.07.2021;7;2;890.0;587.0;;;7;Фиточай с чабрецом - 4 пакетика;Фиточай с чабрецом - 4 пакетика;Маття-латте - 1 шт.;0;;;;;;;;;;;;;;;;;;;;;;;;;;;;;;;;;;;;;;;;;;;;;;
20.04.2021;3599;;1 237;completed;charlottejackson66@gmail.com;20.04.2021;4;3;325.0;325.0;587.0;;4;Маття-латте - 1 шт.;Маття-латте - 1 шт.;Фиточай с чабрецом - 4 пакетика;0;;;;;;;;;;;;;;;;;;;;;;;;;;;;;;;;;;;;;;;;;;;;;;
07.01.2022;3860;;7 240;completed;avasmith1987@gmail.com;07.01.2022;13;3;1100.0;4900.0;890.0;;13;Маття-латте - 5 шт.;Омолаживающий барсучий эликсир;Фиточай с чабрецом - 4 пакетика;350;;;;;;;;;;;;;;;;;;;;;;;;;;;;;;;;;;;;;;;;;;;;;;
10.04.2021;3531;;480;completed;Alexanderjackson1993@outlook.com;16.02.2021;2;2;240.0;240.0;;;4;Маття-латте - 1 шт.;Маття-латте - 1 шт.;Маття-латте - 1 шт.;0;;;;;;;;;;;;;;;;;;;;;;;;;;;;;;;;;;;;;;;;;;;;;;
30.01.2022;2199;;6 115;completed;Charlottelopez13@yahoo.com;30.01.2022;13;3;890.0;4900.0;325.0;;13;Фиточай с чабрецом - 4 пакетика;Омолаживающий барсучий эликсир;Маття-латте - 1 шт.;0;;;;;;;;;;;;;;;;;;;;;;;;;;;;;;;;;;;;;;;;;;;;;;
27.09.2021;2583;;1 370;completed;Isabellabrown12@yandex.ru;27.09.2021;9;3;240.0;240.0;890.0;;9;Маття-латте - 1 шт.;Маття-латте - 1 шт.;Фиточай с чабрецом - 4 пакетика;0;;;;;;;;;;;;;;;;;;;;;;;;;;;;;;;;;;;;;;;;;;;;;;
18.04.2021;2326;;5 400;completed;Charlotteanderson88@outlook.com;18.04.2021;4;2;3500.0;1900.0;;;4;Омолаживающий барсучий эликсир;Маття-латте - 5 шт.;Маття-латте - 1 шт.;0;;;;;;;;;;;;;;;;;;;;;;;;;;;;;;;;;;;;;;;;;;;;;;
28.02.2021;1643;;9 150;completed;lucassmith13@gmail.com;28.02.2021;2;3;2000.0;4900.0;1900.0;;2;Омолаживающий барсучий эликсир;Омолаживающий барсучий эликсир;Маття-латте - 5 шт.;350;;;;;;;;;;;;;;;;;;;;;;;;;;;;;;;;;;;;;;;;;;;;;;
09.06.2021;3410;;4 327;completed;Charlottelopez1987@yandex.ru;04.05.2021;5;3;240.0;3500.0;587.0;;6;Маття-латте - 1 шт.;Омолаживающий барсучий эликсир;Фиточай с чабрецом - 4 пакетика;0;;;;;;;;;;;;;;;;;;;;;;;;;;;;;;;;;;;;;;;;;;;;;;
04.10.2021;4136;;5 000;completed;Williamtaylor0@yandex.ru;24.04.2021;4;3;1900.0;1100.0;2000.0;;10;Маття-латте - 5 шт.;Маття-латте - 5 шт.;Омолаживающий барсучий эликсир;0;;;;;;;;;;;;;;;;;;;;;;;;;;;;;;;;;;;;;;;;;;;;;;
11.09.2021;2311;;1 690;completed;Lucasthomas69@yandex.ru;11.09.2021;9;2;800.0;;890.0;;9;Фиточай с чабрецом - 4 пакетика;Маття-латте - 1 шт.;Фиточай с чабрецом - 4 пакетика;0;;;;;;;;;;;;;;;;;;;;;;;;;;;;;;;;;;;;;;;;;;;;;;
26.03.2021;4214;;8 987;completed;Emmamoore1987@yahoo.com;26.03.2021;3;3;3500.0;4900.0;587.0;;3;Омолаживающий барсучий эликсир;Омолаживающий барсучий эликсир;Фиточай с чабрецом - 4 пакетика;0;;;;;;;;;;;;;;;;;;;;;;;;;;;;;;;;;;;;;;;;;;;;;;
02.05.2021;3082;;4 340;returned;Charlottebrown12@yandex.ru;02.05.2021;5;3;1100.0;890.0;2000.0;;5;Маття-латте - 5 шт.;Фиточай с чабрецом - 4 пакетика;Омолаживающий барсучий эликсир;350;;;;;;;;;;;;;;;;;;;;;;;;;;;;;;;;;;;;;;;;;;;;;;
14.08.2021;1326;;7 325;completed;Avaanderson1987@mail.ru;14.07.2021;7;3;3500.0;325.0;3500.0;;8;Омолаживающий барсучий эликсир;Маття-латте - 1 шт.;Омолаживающий барсучий эликсир;0;;;;;;;;;;;;;;;;;;;;;;;;;;;;;;;;;;;;;;;;;;;;;;
11.11.2021;2344;;2 012;completed;oliveranderson2007@gmail.com;07.05.2021;5;3;325.0;587.0;1100.0;;11;Маття-латте - 1 шт.;Фиточай с чабрецом - 4 пакетика;Маття-латте - 5 шт.;0;;;;;;;;;;;;;;;;;;;;;;;;;;;;;;;;;;;;;;;;;;;;;;
09.09.2021;1799;;9 000;completed;Olivertaylor69@yahoo.com;30.08.2021;8;3;2000.0;3500.0;3500.0;;9;Омолаживающий барсучий эликсир;Омолаживающий барсучий эликсир;Омолаживающий барсучий эликсир;0;;;;;;;;;;;;;;;;;;;;;;;;;;;;;;;;;;;;;;;;;;;;;;
02.07.2021;2170;;2 225;completed;Williamlopez33@yahoo.com;05.03.2021;3;3;325.0;1100.0;800.0;;7;Маття-латте - 1 шт.;Маття-латте - 5 шт.;Фиточай с чабрецом - 4 пакетика;0;;;;;;;;;;;;;;;;;;;;;;;;;;;;;;;;;;;;;;;;;;;;;;
12.01.2022;2244;;7 450;completed;Emmawilliams1987@outlook.com;10.07.2021;7;3;1100.0;1100.0;4900.0;;13;Маття-латте - 5 шт.;Маття-латте - 5 шт.;Омолаживающий барсучий эликсир;350;;;;;;;;;;;;;;;;;;;;;;;;;;;;;;;;;;;;;;;;;;;;;;
29.01.2022;4109;;9 640;completed;Williamanderson12@yandex.ru;03.08.2021;8;3;4900.0;890.0;3500.0;;13;Омолаживающий барсучий эликсир;Фиточай с чабрецом - 4 пакетика;Омолаживающий барсучий эликсир;350;;;;;;;;;;;;;;;;;;;;;;;;;;;;;;;;;;;;;;;;;;;;;;
04.11.2021;4133;;8 050;completed;Isabellasmith33@outlook.com;29.05.2021;5;3;2000.0;4900.0;800.0;;11;Омолаживающий барсучий эликсир;Омолаживающий барсучий эликсир;Фиточай с чабрецом - 4 пакетика;350;;;;;;;;;;;;;;;;;;;;;;;;;;;;;;;;;;;;;;;;;;;;;;
01.09.2021;2427;;1 717;completed;Charlottejackson12@mail.ru;01.09.2021;9;3;890.0;240.0;587.0;;9;Фиточай с чабрецом - 4 пакетика;Маття-латте - 1 шт.;Фиточай с чабрецом - 4 пакетика;0;;;;;;;;;;;;;;;;;;;;;;;;;;;;;;;;;;;;;;;;;;;;;;
12.09.2021;3586;;7 125;returned;Oliverthomas69@mail.ru;27.03.2021;3;3;1900.0;4900.0;325.0;;9;Маття-латте - 5 шт.;Омолаживающий барсучий эликсир;Маття-латте - 1 шт.;0;;;;;;;;;;;;;;;;;;;;;;;;;;;;;;;;;;;;;;;;;;;;;;
13.03.2021;3079;;2 240;completed;Alexanderlopez66@mail.ru;13.03.2021;3;2;;2000.0;240.0;;3;Маття-латте - 1 шт.;Омолаживающий барсучий эликсир;Маття-латте - 1 шт.;0;;;;;;;;;;;;;;;;;;;;;;;;;;;;;;;;;;;;;;;;;;;;;;
28.08.2021;1640;;4 700;completed;Avabrown0@outlook.com;11.05.2021;5;3;1900.0;2000.0;800.0;;8;Маття-латте - 5 шт.;Омолаживающий барсучий эликсир;Фиточай с чабрецом - 4 пакетика;0;;;;;;;;;;;;;;;;;;;;;;;;;;;;;;;;;;;;;;;;;;;;;;
07.04.2021;2140;;1 390;completed;Avasmith12@mail.ru;07.04.2021;4;2;800.0;240.0;;;4;Фиточай с чабрецом - 4 пакетика;Маття-латте - 1 шт.;Маття-латте - 1 шт.;350;;;;;;;;;;;;;;;;;;;;;;;;;;;;;;;;;;;;;;;;;;;;;;
15.02.2022;1711;;1 750;completed;Emmathomas0@outlook.com;15.02.2022;14;3;1100.0;325.0;325.0;;14;Маття-латте - 5 шт.;Маття-латте - 1 шт.;Маття-латте - 1 шт.;0;;;;;;;;;;;;;;;;;;;;;;;;;;;;;;;;;;;;;;;;;;;;;;
25.10.2021;1723;;11 250;completed;Emmajackson1993@yandex.ru;16.02.2021;2;3;4900.0;4900.0;1100.0;;10;Омолаживающий барсучий эликсир;Омолаживающий барсучий эликсир;Маття-латте - 5 шт.;350;;;;;;;;;;;;;;;;;;;;;;;;;;;;;;;;;;;;;;;;;;;;;;
25.10.2021;2190;;325;completed;emmasmith12@gmail.com;25.07.2021;7;1;325.0;;;;10;Маття-латте - 1 шт.;Маття-латте - 1 шт.;Маття-латте - 1 шт.;0;;;;;;;;;;;;;;;;;;;;;;;;;;;;;;;;;;;;;;;;;;;;;;
15.08.2021;3434;;4 600;completed;Emmabrown66@yandex.ru;19.04.2021;4;2;3500.0;;1100.0;;8;Омолаживающий барсучий эликсир;Маття-латте - 1 шт.;Маття-латте - 5 шт.;0;;;;;;;;;;;;;;;;;;;;;;;;;;;;;;;;;;;;;;;;;;;;;;
07.10.2021;1776;;4 900;completed;Alexandermartinez33@yandex.ru;30.08.2021;8;1;4900.0;;;;10;Омолаживающий барсучий эликсир;Маття-латте - 1 шт.;Маття-латте - 1 шт.;0;;;;;;;;;;;;;;;;;;;;;;;;;;;;;;;;;;;;;;;;;;;;;;
02.07.2021;1244;;1 174;returned;Oliveranderson1993@yandex.ru;07.05.2021;5;2;587.0;;587.0;;7;Фиточай с чабрецом - 4 пакетика;Маття-латте - 1 шт.;Фиточай с чабрецом - 4 пакетика;0;;;;;;;;;;;;;;;;;;;;;;;;;;;;;;;;;;;;;;;;;;;;;;
28.08.2021;3101;;7 750;completed;Lucasthomas12@yandex.ru;01.06.2021;6;3;3500.0;2000.0;1900.0;;8;Омолаживающий барсучий эликсир;Омолаживающий барсучий эликсир;Маття-латте - 5 шт.;350;;;;;;;;;;;;;;;;;;;;;;;;;;;;;;;;;;;;;;;;;;;;;;
20.04.2021;2992;;5 740;completed;Lucaswilliams66@yandex.ru;20.04.2021;4;3;2000.0;3500.0;240.0;;4;Омолаживающий барсучий эликсир;Омолаживающий барсучий эликсир;Маття-латте - 1 шт.;0;;;;;;;;;;;;;;;;;;;;;;;;;;;;;;;;;;;;;;;;;;;;;;
25.08.2021;3970;;587;completed;emmabrown69@gmail.com;25.08.2021;8;1;;587.0;;;8;Маття-латте - 1 шт.;Фиточай с чабрецом - 4 пакетика;Маття-латте - 1 шт.;0;;;;;;;;;;;;;;;;;;;;;;;;;;;;;;;;;;;;;;;;;;;;;;
01.06.2021;3126;;2 580;completed;Charlottelopez69@yandex.ru;20.03.2021;3;3;240.0;1100.0;890.0;;6;Маття-латте - 1 шт.;Маття-латте - 5 шт.;Фиточай с чабрецом - 4 пакетика;350;;;;;;;;;;;;;;;;;;;;;;;;;;;;;;;;;;;;;;;;;;;;;;
12.07.2021;3303;;1 927;completed;Lucasbrown69@mail.ru;12.07.2021;7;3;240.0;1100.0;587.0;;7;Маття-латте - 1 шт.;Маття-латте - 5 шт.;Фиточай с чабрецом - 4 пакетика;0;;;;;;;;;;;;;;;;;;;;;;;;;;;;;;;;;;;;;;;;;;;;;;
01.05.2021;1759;;6 290;completed;Emmamartinez66@yandex.ru;01.05.2021;5;3;1900.0;3500.0;890.0;;5;Маття-латте - 5 шт.;Омолаживающий барсучий эликсир;Фиточай с чабрецом - 4 пакетика;0;;;;;;;;;;;;;;;;;;;;;;;;;;;;;;;;;;;;;;;;;;;;;;
11.01.2022;3979;;10 750;completed;Oliversmith0@mail.ru;11.01.2022;13;3;3500.0;4900.0;2000.0;;13;Омолаживающий барсучий эликсир;Омолаживающий барсучий эликсир;Омолаживающий барсучий эликсир;350;;;;;;;;;;;;;;;;;;;;;;;;;;;;;;;;;;;;;;;;;;;;;;
14.05.2021;2591;;4 625;completed;Liamjackson2007@yandex.ru;14.05.2021;5;3;3500.0;325.0;800.0;;5;Омолаживающий барсучий эликсир;Маття-латте - 1 шт.;Фиточай с чабрецом - 4 пакетика;0;;;;;;;;;;;;;;;;;;;;;;;;;;;;;;;;;;;;;;;;;;;;;;
31.12.2021;2791;;5 140;returned;Alexandersmith66@outlook.com;31.12.2021;12;3;2000.0;890.0;1900.0;;12;Омолаживающий барсучий эликсир;Фиточай с чабрецом - 4 пакетика;Маття-латте - 5 шт.;350;;;;;;;;;;;;;;;;;;;;;;;;;;;;;;;;;;;;;;;;;;;;;;
18.12.2021;3929;;7 900;completed;Avamoore33@outlook.com;18.12.2021;12;3;4900.0;1900.0;1100.0;;12;Омолаживающий барсучий эликсир;Маття-латте - 5 шт.;Маття-латте - 5 шт.;0;;;;;;;;;;;;;;;;;;;;;;;;;;;;;;;;;;;;;;;;;;;;;;
30.05.2021;1883;;8 725;completed;liamlopez12@gmail.com;30.05.2021;5;3;325.0;4900.0;3500.0;;5;Маття-латте - 1 шт.;Омолаживающий барсучий эликсир;Омолаживающий барсучий эликсир;0;;;;;;;;;;;;;;;;;;;;;;;;;;;;;;;;;;;;;;;;;;;;;;
15.12.2021;1527;;4 700;completed;Liamwilliams2007@yandex.ru;05.06.2021;6;3;800.0;2000.0;1900.0;;12;Фиточай с чабрецом - 4 пакетика;Омолаживающий барсучий эликсир;Маття-латте - 5 шт.;0;;;;;;;;;;;;;;;;;;;;;;;;;;;;;;;;;;;;;;;;;;;;;;
16.02.2022;3052;;2 800;completed;Alexanderlopez12@yandex.ru;26.03.2021;3;2;;800.0;2000.0;;14;Маття-латте - 1 шт.;Фиточай с чабрецом - 4 пакетика;Омолаживающий барсучий эликсир;0;;;;;;;;;;;;;;;;;;;;;;;;;;;;;;;;;;;;;;;;;;;;;;
15.11.2021;3408;;8 725;completed;Williammartinez13@yandex.ru;26.07.2021;7;3;4900.0;3500.0;325.0;;11;Омолаживающий барсучий эликсир;Омолаживающий барсучий эликсир;Маття-латте - 1 шт.;0;;;;;;;;;;;;;;;;;;;;;;;;;;;;;;;;;;;;;;;;;;;;;;
03.03.2021;1517;;3 030;completed;Alexandermartinez1987@outlook.com;03.03.2021;3;3;240.0;1900.0;890.0;;3;Маття-латте - 1 шт.;Маття-латте - 5 шт.;Фиточай с чабрецом - 4 пакетика;0;;;;;;;;;;;;;;;;;;;;;;;;;;;;;;;;;;;;;;;;;;;;;;
28.04.2021;1474;;4 387;completed;lucasmartinez69@gmail.com;19.02.2021;2;3;1900.0;587.0;1900.0;;4;Маття-латте - 5 шт.;Фиточай с чабрецом - 4 пакетика;Маття-латте - 5 шт.;0;;;;;;;;;;;;;;;;;;;;;;;;;;;;;;;;;;;;;;;;;;;;;;
10.06.2021;4067;;3 477;completed;Charlottebrown33@yahoo.com;10.06.2021;6;3;2000.0;587.0;890.0;;6;Омолаживающий барсучий эликсир;Фиточай с чабрецом - 4 пакетика;Фиточай с чабрецом - 4 пакетика;0;;;;;;;;;;;;;;;;;;;;;;;;;;;;;;;;;;;;;;;;;;;;;;
19.08.2021;1929;;1 840;completed;Isabellathomas88@outlook.com;19.08.2021;8;3;240.0;800.0;800.0;;8;Маття-латте - 1 шт.;Фиточай с чабрецом - 4 пакетика;Фиточай с чабрецом - 4 пакетика;0;;;;;;;;;;;;;;;;;;;;;;;;;;;;;;;;;;;;;;;;;;;;;;
05.05.2021;4029;;4 225;completed;Alexanderwilliams1993@mail.ru;05.05.2021;5;3;325.0;2000.0;1900.0;;5;Маття-латте - 1 шт.;Омолаживающий барсучий эликсир;Маття-латте - 5 шт.;0;;;;;;;;;;;;;;;;;;;;;;;;;;;;;;;;;;;;;;;;;;;;;;
11.07.2021;3916;;8 640;completed;Sophiamartinez12@mail.ru;11.07.2021;7;3;4900.0;3500.0;240.0;;7;Омолаживающий барсучий эликсир;Омолаживающий барсучий эликсир;Маття-латте - 1 шт.;0;;;;;;;;;;;;;;;;;;;;;;;;;;;;;;;;;;;;;;;;;;;;;;
30.08.2021;1751;;4 390;completed;Alexandermartinez13@mail.ru;30.08.2021;8;2;;890.0;3500.0;;8;Маття-латте - 1 шт.;Фиточай с чабрецом - 4 пакетика;Омолаживающий барсучий эликсир;0;;;;;;;;;;;;;;;;;;;;;;;;;;;;;;;;;;;;;;;;;;;;;;
07.07.2021;2003;;7 690;completed;Alexanderjackson88@outlook.com;07.07.2021;7;3;4900.0;890.0;1900.0;;7;Омолаживающий барсучий эликсир;Фиточай с чабрецом - 4 пакетика;Маття-латте - 5 шт.;0;;;;;;;;;;;;;;;;;;;;;;;;;;;;;;;;;;;;;;;;;;;;;;
22.08.2021;3949;;3 240;completed;Lucasbrown66@yahoo.com;22.08.2021;8;2;890.0;;2000.0;;8;Фиточай с чабрецом - 4 пакетика;Маття-латте - 1 шт.;Омолаживающий барсучий эликсир;350;;;;;;;;;;;;;;;;;;;;;;;;;;;;;;;;;;;;;;;;;;;;;;
06.08.2021;2333;;1 125;completed;avawilliams66@gmail.com;06.08.2021;8;2;;325.0;800.0;;8;Маття-латте - 1 шт.;Маття-латте - 1 шт.;Фиточай с чабрецом - 4 пакетика;0;;;;;;;;;;;;;;;;;;;;;;;;;;;;;;;;;;;;;;;;;;;;;;
04.02.2022;3269;;2 340;completed;oliverlopez88@gmail.com;17.08.2021;8;2;;890.0;1100.0;;14;Маття-латте - 1 шт.;Фиточай с чабрецом - 4 пакетика;Маття-латте - 5 шт.;350;;;;;;;;;;;;;;;;;;;;;;;;;;;;;;;;;;;;;;;;;;;;;;
12.11.2021;3089;;12 150;completed;Oliveranderson33@mail.ru;12.11.2021;11;3;4900.0;2000.0;4900.0;;11;Омолаживающий барсучий эликсир;Омолаживающий барсучий эликсир;Омолаживающий барсучий эликсир;350;;;;;;;;;;;;;;;;;;;;;;;;;;;;;;;;;;;;;;;;;;;;;;
20.08.2021;1461;;1 215;completed;Sophiasmith88@yahoo.com;02.06.2021;6;2;;325.0;890.0;;8;Маття-латте - 1 шт.;Маття-латте - 1 шт.;Фиточай с чабрецом - 4 пакетика;0;;;;;;;;;;;;;;;;;;;;;;;;;;;;;;;;;;;;;;;;;;;;;;
02.12.2021;2311;;1 717;completed;Lucasthomas69@yandex.ru;11.09.2021;9;3;240.0;890.0;587.0;;12;Маття-латте - 1 шт.;Фиточай с чабрецом - 4 пакетика;Фиточай с чабрецом - 4 пакетика;0;;;;;;;;;;;;;;;;;;;;;;;;;;;;;;;;;;;;;;;;;;;;;;
30.08.2021;3618;;3 980;returned;Emmajackson1993@yandex.ru;17.03.2021;3;3;3500.0;240.0;240.0;;8;Омолаживающий барсучий эликсир;Маття-латте - 1 шт.;Маття-латте - 1 шт.;0;;;;;;;;;;;;;;;;;;;;;;;;;;;;;;;;;;;;;;;;;;;;;;
22.05.2021;3587;;4 087;returned;Avamoore88@outlook.com;02.03.2021;3;2;;587.0;3500.0;;5;Маття-латте - 1 шт.;Фиточай с чабрецом - 4 пакетика;Омолаживающий барсучий эликсир;0;;;;;;;;;;;;;;;;;;;;;;;;;;;;;;;;;;;;;;;;;;;;;;
13.02.2022;2784;;6 075;completed;emmajackson2007@gmail.com;02.07.2021;7;3;1900.0;3500.0;325.0;;14;Маття-латте - 5 шт.;Омолаживающий барсучий эликсир;Маття-латте - 1 шт.;350;;;;;;;;;;;;;;;;;;;;;;;;;;;;;;;;;;;;;;;;;;;;;;
10.08.2021;3405;;2 225;completed;Oliversmith1993@yahoo.com;10.08.2021;8;3;800.0;1100.0;325.0;;8;Фиточай с чабрецом - 4 пакетика;Маття-латте - 5 шт.;Маття-латте - 1 шт.;0;;;;;;;;;;;;;;;;;;;;;;;;;;;;;;;;;;;;;;;;;;;;;;
09.01.2022;2167;;2 730;completed;Sophiajackson69@yahoo.com;19.11.2021;11;3;240.0;1900.0;240.0;;13;Маття-латте - 1 шт.;Маття-латте - 5 шт.;Маття-латте - 1 шт.;350;;;;;;;;;;;;;;;;;;;;;;;;;;;;;;;;;;;;;;;;;;;;;;
14.01.2022;3595;;4 100;completed;Lucasanderson2007@yandex.ru;14.01.2022;13;3;1900.0;1100.0;1100.0;;13;Маття-латте - 5 шт.;Маття-латте - 5 шт.;Маття-латте - 5 шт.;0;;;;;;;;;;;;;;;;;;;;;;;;;;;;;;;;;;;;;;;;;;;;;;
23.01.2022;2687;;4 325;completed;Avalopez12@yahoo.com;22.03.2021;3;3;325.0;2000.0;2000.0;;13;Маття-латте - 1 шт.;Омолаживающий барсучий эликсир;Омолаживающий барсучий эликсир;0;;;;;;;;;;;;;;;;;;;;;;;;;;;;;;;;;;;;;;;;;;;;;;
12.03.2021;3464;;6 600;completed;Avathomas0@yahoo.com;12.03.2021;3;3;3500.0;1100.0;2000.0;;3;Омолаживающий барсучий эликсир;Маття-латте - 5 шт.;Омолаживающий барсучий эликсир;0;;;;;;;;;;;;;;;;;;;;;;;;;;;;;;;;;;;;;;;;;;;;;;
08.09.2021;2435;;6 850;completed;Oliverbrown1993@yahoo.com;23.06.2021;6;3;1100.0;3500.0;1900.0;;9;Маття-латте - 5 шт.;Омолаживающий барсучий эликсир;Маття-латте - 5 шт.;350;;;;;;;;;;;;;;;;;;;;;;;;;;;;;;;;;;;;;;;;;;;;;;
05.05.2021;1826;;4 300;completed;Charlottemartinez2007@outlook.com;05.05.2021;5;2;3500.0;;800.0;;5;Омолаживающий барсучий эликсир;Маття-латте - 1 шт.;Фиточай с чабрецом - 4 пакетика;0;;;;;;;;;;;;;;;;;;;;;;;;;;;;;;;;;;;;;;;;;;;;;;
11.04.2021;2074;;4 390;returned;Avasmith12@yahoo.com;04.04.2021;4;3;1900.0;1900.0;240.0;;4;Маття-латте - 5 шт.;Маття-латте - 5 шт.;Маття-латте - 1 шт.;350;;;;;;;;;;;;;;;;;;;;;;;;;;;;;;;;;;;;;;;;;;;;;;
09.02.2022;1761;;1 805;completed;Charlottetaylor1987@yandex.ru;31.05.2021;5;3;890.0;240.0;325.0;;14;Фиточай с чабрецом - 4 пакетика;Маття-латте - 1 шт.;Маття-латте - 1 шт.;350;;;;;;;;;;;;;;;;;;;;;;;;;;;;;;;;;;;;;;;;;;;;;;
30.03.2021;3399;;4 900;completed;Oliverthomas12@yahoo.com;03.03.2021;3;3;1900.0;1900.0;1100.0;;3;Маття-латте - 5 шт.;Маття-латте - 5 шт.;Маття-латте - 5 шт.;0;;;;;;;;;;;;;;;;;;;;;;;;;;;;;;;;;;;;;;;;;;;;;;
24.05.2021;2575;;5 400;completed;Lucastaylor88@mail.ru;12.03.2021;3;3;3500.0;800.0;1100.0;;5;Омолаживающий барсучий эликсир;Фиточай с чабрецом - 4 пакетика;Маття-латте - 5 шт.;0;;;;;;;;;;;;;;;;;;;;;;;;;;;;;;;;;;;;;;;;;;;;;;
19.10.2021;2322;;4 740;completed;Lucasjackson2007@gmail.com;15.05.2021;5;2;;3500.0;890.0;;10;Маття-латте - 1 шт.;Омолаживающий барсучий эликсир;Фиточай с чабрецом - 4 пакетика;350;;;;;;;;;;;;;;;;;;;;;;;;;;;;;;;;;;;;;;;;;;;;;;
05.02.2022;2422;;1 630;returned;Sophiathomas88@mail.ru;06.06.2021;6;3;240.0;800.0;240.0;;14;Маття-латте - 1 шт.;Фиточай с чабрецом - 4 пакетика;Маття-латте - 1 шт.;350;;;;;;;;;;;;;;;;;;;;;;;;;;;;;;;;;;;;;;;;;;;;;;
29.09.2021;3907;;2 627;completed;Liamlopez69@mail.ru;29.09.2021;9;3;800.0;890.0;587.0;;9;Фиточай с чабрецом - 4 пакетика;Фиточай с чабрецом - 4 пакетика;Фиточай с чабрецом - 4 пакетика;350;;;;;;;;;;;;;;;;;;;;;;;;;;;;;;;;;;;;;;;;;;;;;;
21.12.2021;2273;;1 665;completed;Williambrown13@yahoo.com;06.12.2021;12;3;240.0;1100.0;325.0;;12;Маття-латте - 1 шт.;Маття-латте - 5 шт.;Маття-латте - 1 шт.;0;;;;;;;;;;;;;;;;;;;;;;;;;;;;;;;;;;;;;;;;;;;;;;
18.04.2021;2709;;1 125;completed;Williamthomas66@outlook.com;18.04.2021;4;2;;800.0;325.0;;4;Маття-латте - 1 шт.;Фиточай с чабрецом - 4 пакетика;Маття-латте - 1 шт.;0;;;;;;;;;;;;;;;;;;;;;;;;;;;;;;;;;;;;;;;;;;;;;;
06.12.2021;1470;;2 020;completed;Emmataylor88@yahoo.com;22.03.2021;3;3;890.0;890.0;240.0;;12;Фиточай с чабрецом - 4 пакетика;Фиточай с чабрецом - 4 пакетика;Маття-латте - 1 шт.;0;;;;;;;;;;;;;;;;;;;;;;;;;;;;;;;;;;;;;;;;;;;;;;
30.01.2022;3459;;1 067;completed;sophiamoore33@gmail.com;19.10.2021;10;3;240.0;587.0;240.0;;13;Маття-латте - 1 шт.;Фиточай с чабрецом - 4 пакетика;Маття-латте - 1 шт.;0;;;;;;;;;;;;;;;;;;;;;;;;;;;;;;;;;;;;;;;;;;;;;;
18.08.2021;1861;;3 587;completed;Alexandermoore0@yandex.ru;24.04.2021;4;3;1100.0;1900.0;587.0;;8;Маття-латте - 5 шт.;Маття-латте - 5 шт.;Фиточай с чабрецом - 4 пакетика;0;;;;;;;;;;;;;;;;;;;;;;;;;;;;;;;;;;;;;;;;;;;;;;
12.04.2021;1678;;240;completed;Emmathomas13@gmail.com;12.04.2021;4;1;;240.0;;;4;Маття-латте - 1 шт.;Маття-латте - 1 шт.;Маття-латте - 1 шт.;0;;;;;;;;;;;;;;;;;;;;;;;;;;;;;;;;;;;;;;;;;;;;;;
04.07.2021;2191;;5 490;completed;emmalopez66@gmail.com;31.03.2021;3;2;4900.0;240.0;;;7;Омолаживающий барсучий эликсир;Маття-латте - 1 шт.;Маття-латте - 1 шт.;350;;;;;;;;;;;;;;;;;;;;;;;;;;;;;;;;;;;;;;;;;;;;;;
31.08.2021;3598;;5 700;completed;Sophiamoore33@yandex.ru;06.05.2021;5;3;1100.0;1100.0;3500.0;;8;Маття-латте - 5 шт.;Маття-латте - 5 шт.;Омолаживающий барсучий эликсир;0;;;;;;;;;;;;;;;;;;;;;;;;;;;;;;;;;;;;;;;;;;;;;;
28.01.2022;3052;;7 790;returned;Alexanderlopez12@yandex.ru;26.03.2021;3;3;2000.0;890.0;4900.0;;13;Омолаживающий барсучий эликсир;Фиточай с чабрецом - 4 пакетика;Омолаживающий барсучий эликсир;0;;;;;;;;;;;;;;;;;;;;;;;;;;;;;;;;;;;;;;;;;;;;;;
27.09.2021;2030;;3 425;returned;Emmataylor0@yandex.ru;27.09.2021;9;3;2000.0;1100.0;325.0;;9;Омолаживающий барсучий эликсир;Маття-латте - 5 шт.;Маття-латте - 1 шт.;0;;;;;;;;;;;;;;;;;;;;;;;;;;;;;;;;;;;;;;;;;;;;;;
27.09.2021;1476;;1 365;completed;Williamsmith88@mail.ru;29.04.2021;4;3;240.0;800.0;325.0;;9;Маття-латте - 1 шт.;Фиточай с чабрецом - 4 пакетика;Маття-латте - 1 шт.;0;;;;;;;;;;;;;;;;;;;;;;;;;;;;;;;;;;;;;;;;;;;;;;
16.02.2022;1512;;5 840;returned;Emmawilliams88@mail.ru;13.04.2021;4;3;3500.0;1100.0;890.0;;14;Омолаживающий барсучий эликсир;Маття-латте - 5 шт.;Фиточай с чабрецом - 4 пакетика;350;;;;;;;;;;;;;;;;;;;;;;;;;;;;;;;;;;;;;;;;;;;;;;
10.05.2021;2393;;2 067;completed;Alexanderjackson88@yandex.ru;10.04.2021;4;3;890.0;587.0;240.0;;5;Фиточай с чабрецом - 4 пакетика;Фиточай с чабрецом - 4 пакетика;Маття-латте - 1 шт.;350;;;;;;;;;;;;;;;;;;;;;;;;;;;;;;;;;;;;;;;;;;;;;;
04.11.2021;2240;;8 987;completed;Williammoore12@mail.ru;16.04.2021;4;3;3500.0;587.0;4900.0;;11;Омолаживающий барсучий эликсир;Фиточай с чабрецом - 4 пакетика;Омолаживающий барсучий эликсир;0;;;;;;;;;;;;;;;;;;;;;;;;;;;;;;;;;;;;;;;;;;;;;;
15.05.2021;2413;;10 400;completed;Oliverthomas88@outlook.com;15.05.2021;5;3;3500.0;4900.0;2000.0;;5;Омолаживающий барсучий эликсир;Омолаживающий барсучий эликсир;Омолаживающий барсучий эликсир;0;;;;;;;;;;;;;;;;;;;;;;;;;;;;;;;;;;;;;;;;;;;;;;
02.10.2021;2143;;2 015;completed;Avawilliams13@mail.ru;18.04.2021;4;3;1100.0;325.0;240.0;;10;Маття-латте - 5 шт.;Маття-латте - 1 шт.;Маття-латте - 1 шт.;350;;;;;;;;;;;;;;;;;;;;;;;;;;;;;;;;;;;;;;;;;;;;;;
28.01.2022;2123;;5 275;completed;Lucasjackson1993@yahoo.com;19.02.2021;2;3;1100.0;325.0;3500.0;;13;Маття-латте - 5 шт.;Маття-латте - 1 шт.;Омолаживающий барсучий эликсир;350;;;;;;;;;;;;;;;;;;;;;;;;;;;;;;;;;;;;;;;;;;;;;;
03.10.2021;2111;;7 125;completed;Lucastaylor88@yandex.ru;03.10.2021;10;3;1900.0;4900.0;325.0;;10;Маття-латте - 5 шт.;Омолаживающий барсучий эликсир;Маття-латте - 1 шт.;0;;;;;;;;;;;;;;;;;;;;;;;;;;;;;;;;;;;;;;;;;;;;;;
23.04.2021;3512;;1 450;completed;sophiabrown1987@gmail.com;23.04.2021;4;3;800.0;325.0;325.0;;4;Фиточай с чабрецом - 4 пакетика;Маття-латте - 1 шт.;Маття-латте - 1 шт.;0;;;;;;;;;;;;;;;;;;;;;;;;;;;;;;;;;;;;;;;;;;;;;;
09.04.2021;4103;;3 440;returned;Lucaswilliams0@yandex.ru;09.04.2021;4;3;1100.0;1100.0;890.0;;4;Маття-латте - 5 шт.;Маття-латте - 5 шт.;Фиточай с чабрецом - 4 пакетика;350;;;;;;;;;;;;;;;;;;;;;;;;;;;;;;;;;;;;;;;;;;;;;;
14.02.2022;1805;;7 487;completed;Charlottelopez12@outlook.com;14.02.2022;14;3;4900.0;587.0;2000.0;;14;Омолаживающий барсучий эликсир;Фиточай с чабрецом - 4 пакетика;Омолаживающий барсучий эликсир;0;;;;;;;;;;;;;;;;;;;;;;;;;;;;;;;;;;;;;;;;;;;;;;
02.04.2021;1785;;2 367;completed;Williamjackson33@yahoo.com;02.04.2021;4;3;890.0;890.0;587.0;;4;Фиточай с чабрецом - 4 пакетика;Фиточай с чабрецом - 4 пакетика;Фиточай с чабрецом - 4 пакетика;0;;;;;;;;;;;;;;;;;;;;;;;;;;;;;;;;;;;;;;;;;;;;;;
13.10.2021;3776;;1 125;completed;Liamsmith2007@mail.ru;13.10.2021;10;2;;800.0;325.0;;10;Маття-латте - 1 шт.;Фиточай с чабрецом - 4 пакетика;Маття-латте - 1 шт.;0;;;;;;;;;;;;;;;;;;;;;;;;;;;;;;;;;;;;;;;;;;;;;;
10.05.2021;2134;;5 812;completed;Emmathomas1987@mail.ru;10.05.2021;5;3;4900.0;325.0;587.0;;5;Омолаживающий барсучий эликсир;Маття-латте - 1 шт.;Фиточай с чабрецом - 4 пакетика;0;;;;;;;;;;;;;;;;;;;;;;;;;;;;;;;;;;;;;;;;;;;;;;
28.01.2022;3001;;4 250;completed;williamtaylor1993@gmail.com;02.03.2021;3;3;2000.0;1100.0;800.0;;13;Омолаживающий барсучий эликсир;Маття-латте - 5 шт.;Фиточай с чабрецом - 4 пакетика;350;;;;;;;;;;;;;;;;;;;;;;;;;;;;;;;;;;;;;;;;;;;;;;
21.09.2021;2827;;8 990;completed;liamanderson1993@yahoo.com;21.09.2021;9;3;4900.0;3500.0;240.0;;9;Омолаживающий барсучий эликсир;Омолаживающий барсучий эликсир;Маття-латте - 1 шт.;350;;;;;;;;;;;;;;;;;;;;;;;;;;;;;;;;;;;;;;;;;;;;;;
02.03.2021;3116;;4 890;completed;Lucasthomas2007@mail.ru;02.03.2021;3;3;800.0;240.0;3500.0;;3;Фиточай с чабрецом - 4 пакетика;Маття-латте - 1 шт.;Омолаживающий барсучий эликсир;350;;;;;;;;;;;;;;;;;;;;;;;;;;;;;;;;;;;;;;;;;;;;;;
28.06.2021;3507;;4 700;completed;Emmalopez13@yahoo.com;28.06.2021;6;3;2000.0;800.0;1900.0;;6;Омолаживающий барсучий эликсир;Фиточай с чабрецом - 4 пакетика;Маття-латте - 5 шт.;0;;;;;;;;;;;;;;;;;;;;;;;;;;;;;;;;;;;;;;;;;;;;;;
30.10.2021;1439;;4 715;returned;Charlottemartinez13@yandex.ru;16.09.2021;9;3;325.0;890.0;3500.0;;10;Маття-латте - 1 шт.;Фиточай с чабрецом - 4 пакетика;Омолаживающий барсучий эликсир;0;;;;;;;;;;;;;;;;;;;;;;;;;;;;;;;;;;;;;;;;;;;;;;
04.05.2021;2603;;5 825;completed;lucasanderson2007@gmail.com;04.05.2021;5;3;2000.0;3500.0;325.0;;5;Омолаживающий барсучий эликсир;Омолаживающий барсучий эликсир;Маття-латте - 1 шт.;0;;;;;;;;;;;;;;;;;;;;;;;;;;;;;;;;;;;;;;;;;;;;;;
10.03.2021;3604;;2 062;completed;Emmamartinez1993@outlook.com;10.03.2021;3;3;325.0;587.0;800.0;;3;Маття-латте - 1 шт.;Фиточай с чабрецом - 4 пакетика;Фиточай с чабрецом - 4 пакетика;350;;;;;;;;;;;;;;;;;;;;;;;;;;;;;;;;;;;;;;;;;;;;;;
04.03.2021;3853;;1 450;completed;Avaanderson1993@mail.ru;04.03.2021;3;1;;;1100.0;;3;Маття-латте - 1 шт.;Маття-латте - 1 шт.;Маття-латте - 5 шт.;350;;;;;;;;;;;;;;;;;;;;;;;;;;;;;;;;;;;;;;;;;;;;;;
07.09.2021;3570;;5 812;completed;Sophialopez0@outlook.com;29.04.2021;4;3;325.0;4900.0;587.0;;9;Маття-латте - 1 шт.;Омолаживающий барсучий эликсир;Фиточай с чабрецом - 4 пакетика;0;;;;;;;;;;;;;;;;;;;;;;;;;;;;;;;;;;;;;;;;;;;;;;
06.10.2021;1540;;5 190;completed;Lucaswilliams1993@outlook.com;06.10.2021;10;3;890.0;800.0;3500.0;;10;Фиточай с чабрецом - 4 пакетика;Фиточай с чабрецом - 4 пакетика;Омолаживающий барсучий эликсир;0;;;;;;;;;;;;;;;;;;;;;;;;;;;;;;;;;;;;;;;;;;;;;;
26.08.2021;2590;;3 590;completed;isabellathomas12@gmail.com;22.08.2021;8;3;1900.0;890.0;800.0;;8;Маття-латте - 5 шт.;Фиточай с чабрецом - 4 пакетика;Фиточай с чабрецом - 4 пакетика;0;;;;;;;;;;;;;;;;;;;;;;;;;;;;;;;;;;;;;;;;;;;;;;
10.06.2021;1331;;2 230;completed;Charlottewilliams2007@yandex.ru;10.06.2021;6;3;1100.0;890.0;240.0;;6;Маття-латте - 5 шт.;Фиточай с чабрецом - 4 пакетика;Маття-латте - 1 шт.;0;;;;;;;;;;;;;;;;;;;;;;;;;;;;;;;;;;;;;;;;;;;;;;
13.09.2021;1808;;4 737;completed;Liamanderson0@outlook.com;06.04.2021;4;3;1900.0;1900.0;587.0;;9;Маття-латте - 5 шт.;Маття-латте - 5 шт.;Фиточай с чабрецом - 4 пакетика;350;;;;;;;;;;;;;;;;;;;;;;;;;;;;;;;;;;;;;;;;;;;;;;
21.04.2021;3064;;5 237;completed;Isabellaanderson13@yandex.ru;23.03.2021;3;3;587.0;3500.0;800.0;;4;Фиточай с чабрецом - 4 пакетика;Омолаживающий барсучий эликсир;Фиточай с чабрецом - 4 пакетика;350;;;;;;;;;;;;;;;;;;;;;;;;;;;;;;;;;;;;;;;;;;;;;;
23.11.2021;3821;;2 012;completed;Avajackson88@mail.ru;17.02.2021;2;3;587.0;325.0;1100.0;;11;Фиточай с чабрецом - 4 пакетика;Маття-латте - 1 шт.;Маття-латте - 5 шт.;0;;;;;;;;;;;;;;;;;;;;;;;;;;;;;;;;;;;;;;;;;;;;;;
21.05.2021;2779;;6 025;completed;Isabellaanderson12@mail.ru;26.02.2021;2;3;4900.0;800.0;325.0;;5;Омолаживающий барсучий эликсир;Фиточай с чабрецом - 4 пакетика;Маття-латте - 1 шт.;0;;;;;;;;;;;;;;;;;;;;;;;;;;;;;;;;;;;;;;;;;;;;;;
19.09.2021;1376;;6 850;completed;Emmaanderson0@yahoo.com;19.09.2021;9;3;1900.0;1100.0;3500.0;;9;Маття-латте - 5 шт.;Маття-латте - 5 шт.;Омолаживающий барсучий эликсир;350;;;;;;;;;;;;;;;;;;;;;;;;;;;;;;;;;;;;;;;;;;;;;;
18.10.2021;4046;;2 225;completed;Avajackson69@outlook.com;26.02.2021;2;2;;325.0;1900.0;;10;Маття-латте - 1 шт.;Маття-латте - 1 шт.;Маття-латте - 5 шт.;0;;;;;;;;;;;;;;;;;;;;;;;;;;;;;;;;;;;;;;;;;;;;;;
11.09.2021;1464;;4 040;completed;Liamjackson12@yahoo.com;11.09.2021;9;3;890.0;2000.0;800.0;;9;Фиточай с чабрецом - 4 пакетика;Омолаживающий барсучий эликсир;Фиточай с чабрецом - 4 пакетика;350;;;;;;;;;;;;;;;;;;;;;;;;;;;;;;;;;;;;;;;;;;;;;;
01.01.2022;2593;;7 600;completed;Isabellasmith0@yandex.ru;29.06.2021;6;3;800.0;1900.0;4900.0;;13;Фиточай с чабрецом - 4 пакетика;Маття-латте - 5 шт.;Омолаживающий барсучий эликсир;0;;;;;;;;;;;;;;;;;;;;;;;;;;;;;;;;;;;;;;;;;;;;;;
26.02.2021;2254;;2 930;completed;Alexanderjackson66@yandex.ru;26.02.2021;2;3;800.0;890.0;890.0;;2;Фиточай с чабрецом - 4 пакетика;Фиточай с чабрецом - 4 пакетика;Фиточай с чабрецом - 4 пакетика;350;;;;;;;;;;;;;;;;;;;;;;;;;;;;;;;;;;;;;;;;;;;;;;
24.06.2021;1512;;3 825;returned;Emmawilliams88@mail.ru;13.04.2021;4;2;3500.0;325.0;;;6;Омолаживающий барсучий эликсир;Маття-латте - 1 шт.;Маття-латте - 1 шт.;0;;;;;;;;;;;;;;;;;;;;;;;;;;;;;;;;;;;;;;;;;;;;;;
16.04.2021;2240;;7 387;completed;Williammoore12@mail.ru;16.04.2021;4;3;587.0;4900.0;1900.0;;4;Фиточай с чабрецом - 4 пакетика;Омолаживающий барсучий эликсир;Маття-латте - 5 шт.;0;;;;;;;;;;;;;;;;;;;;;;;;;;;;;;;;;;;;;;;;;;;;;;
29.12.2021;1523;;3 000;completed;Olivermartinez12@yandex.ru;25.09.2021;9;2;1100.0;;1900.0;;12;Маття-латте - 5 шт.;Маття-латте - 1 шт.;Маття-латте - 5 шт.;0;;;;;;;;;;;;;;;;;;;;;;;;;;;;;;;;;;;;;;;;;;;;;;
27.05.2021;1542;;3 325;completed;alexanderjackson66@gmail.com;27.05.2021;5;3;1900.0;325.0;1100.0;;5;Маття-латте - 5 шт.;Маття-латте - 1 шт.;Маття-латте - 5 шт.;0;;;;;;;;;;;;;;;;;;;;;;;;;;;;;;;;;;;;;;;;;;;;;;
09.01.2022;4087;;2 015;completed;isabellasmith0@gmail.com;25.03.2021;3;3;800.0;890.0;325.0;;13;Фиточай с чабрецом - 4 пакетика;Фиточай с чабрецом - 4 пакетика;Маття-латте - 1 шт.;0;;;;;;;;;;;;;;;;;;;;;;;;;;;;;;;;;;;;;;;;;;;;;;
16.12.2021;1783;;3 290;completed;avaanderson1993@gmail.com;16.12.2021;12;3;800.0;240.0;1900.0;;12;Фиточай с чабрецом - 4 пакетика;Маття-латте - 1 шт.;Маття-латте - 5 шт.;350;;;;;;;;;;;;;;;;;;;;;;;;;;;;;;;;;;;;;;;;;;;;;;
13.04.2021;2364;;3 287;returned;Alexanderbrown0@mail.ru;13.04.2021;4;3;800.0;587.0;1900.0;;4;Фиточай с чабрецом - 4 пакетика;Фиточай с чабрецом - 4 пакетика;Маття-латте - 5 шт.;0;;;;;;;;;;;;;;;;;;;;;;;;;;;;;;;;;;;;;;;;;;;;;;
04.04.2021;3337;;3 740;completed;Emmabrown0@mail.ru;04.04.2021;4;2;240.0;3500.0;;;4;Маття-латте - 1 шт.;Омолаживающий барсучий эликсир;Маття-латте - 1 шт.;0;;;;;;;;;;;;;;;;;;;;;;;;;;;;;;;;;;;;;;;;;;;;;;
01.08.2021;3203;;7 487;completed;olivermoore13@gmail.com;01.08.2021;8;3;587.0;4900.0;2000.0;;8;Фиточай с чабрецом - 4 пакетика;Омолаживающий барсучий эликсир;Омолаживающий барсучий эликсир;0;;;;;;;;;;;;;;;;;;;;;;;;;;;;;;;;;;;;;;;;;;;;;;
13.07.2021;1880;;4 437;completed;Sophiamoore88@outlook.com;13.07.2021;7;2;3500.0;;587.0;;7;Омолаживающий барсучий эликсир;Маття-латте - 1 шт.;Фиточай с чабрецом - 4 пакетика;350;;;;;;;;;;;;;;;;;;;;;;;;;;;;;;;;;;;;;;;;;;;;;;
09.12.2021;1621;;12 050;completed;Oliverwilliams1987@yandex.ru;09.12.2021;12;3;1900.0;4900.0;4900.0;;12;Маття-латте - 5 шт.;Омолаживающий барсучий эликсир;Омолаживающий барсучий эликсир;350;;;;;;;;;;;;;;;;;;;;;;;;;;;;;;;;;;;;;;;;;;;;;;
11.10.2021;2185;;4 540;completed;lucasbrown1993@gmail.com;18.04.2021;4;3;3500.0;800.0;240.0;;10;Омолаживающий барсучий эликсир;Фиточай с чабрецом - 4 пакетика;Маття-латте - 1 шт.;0;;;;;;;;;;;;;;;;;;;;;;;;;;;;;;;;;;;;;;;;;;;;;;
03.01.2022;3592;;590;completed;Olivermartinez66@yahoo.com;04.10.2021;10;1;;240.0;;;13;Маття-латте - 1 шт.;Маття-латте - 1 шт.;Маття-латте - 1 шт.;350;;;;;;;;;;;;;;;;;;;;;;;;;;;;;;;;;;;;;;;;;;;;;;
09.01.2022;3313;;1 627;completed;Williammartinez88@outlook.com;05.04.2021;4;3;587.0;240.0;800.0;;13;Фиточай с чабрецом - 4 пакетика;Маття-латте - 1 шт.;Фиточай с чабрецом - 4 пакетика;0;;;;;;;;;;;;;;;;;;;;;;;;;;;;;;;;;;;;;;;;;;;;;;
28.10.2021;2752;;6 030;completed;avaanderson12@gmail.com;28.04.2021;4;3;240.0;890.0;4900.0;;10;Маття-латте - 1 шт.;Фиточай с чабрецом - 4 пакетика;Омолаживающий барсучий эликсир;0;;;;;;;;;;;;;;;;;;;;;;;;;;;;;;;;;;;;;;;;;;;;;;
19.07.2021;2191;;3 890;completed;emmalopez66@gmail.com;31.03.2021;3;3;890.0;1100.0;1900.0;;7;Фиточай с чабрецом - 4 пакетика;Маття-латте - 5 шт.;Маття-латте - 5 шт.;0;;;;;;;;;;;;;;;;;;;;;;;;;;;;;;;;;;;;;;;;;;;;;;
01.10.2021;3779;;3 477;completed;Charlottejackson69@yahoo.com;27.03.2021;3;3;890.0;2000.0;587.0;;10;Фиточай с чабрецом - 4 пакетика;Омолаживающий барсучий эликсир;Фиточай с чабрецом - 4 пакетика;0;;;;;;;;;;;;;;;;;;;;;;;;;;;;;;;;;;;;;;;;;;;;;;
01.08.2021;1756;;2 565;completed;Alexanderanderson33@yandex.ru;01.08.2021;8;3;240.0;2000.0;325.0;;8;Маття-латте - 1 шт.;Омолаживающий барсучий эликсир;Маття-латте - 1 шт.;0;;;;;;;;;;;;;;;;;;;;;;;;;;;;;;;;;;;;;;;;;;;;;;
09.11.2021;1341;;890;returned;Alexandersmith33@yandex.ru;09.11.2021;11;1;;;890.0;;11;Маття-латте - 1 шт.;Маття-латте - 1 шт.;Фиточай с чабрецом - 4 пакетика;0;;;;;;;;;;;;;;;;;;;;;;;;;;;;;;;;;;;;;;;;;;;;;;
11.04.2021;1972;;6 390;completed;Williambrown88@outlook.com;11.04.2021;4;3;2000.0;3500.0;890.0;;4;Омолаживающий барсучий эликсир;Омолаживающий барсучий эликсир;Фиточай с чабрецом - 4 пакетика;0;;;;;;;;;;;;;;;;;;;;;;;;;;;;;;;;;;;;;;;;;;;;;;
13.10.2021;2450;;10 400;completed;Alexandermartinez0@outlook.com;13.10.2021;10;3;3500.0;4900.0;2000.0;;10;Омолаживающий барсучий эликсир;Омолаживающий барсучий эликсир;Омолаживающий барсучий эликсир;0;;;;;;;;;;;;;;;;;;;;;;;;;;;;;;;;;;;;;;;;;;;;;;
02.11.2021;3465;;915;completed;Sophiajackson88@yahoo.com;02.11.2021;11;2;;240.0;325.0;;11;Маття-латте - 1 шт.;Маття-латте - 1 шт.;Маття-латте - 1 шт.;350;;;;;;;;;;;;;;;;;;;;;;;;;;;;;;;;;;;;;;;;;;;;;;
02.12.2021;2772;;3 687;completed;Oliverthomas88@yahoo.com;16.02.2021;2;3;587.0;2000.0;1100.0;;12;Фиточай с чабрецом - 4 пакетика;Омолаживающий барсучий эликсир;Маття-латте - 5 шт.;0;;;;;;;;;;;;;;;;;;;;;;;;;;;;;;;;;;;;;;;;;;;;;;
23.06.2021;1881;;800;returned;oliverthomas1993@gmail.com;20.03.2021;3;1;;;800.0;;6;Маття-латте - 1 шт.;Маття-латте - 1 шт.;Фиточай с чабрецом - 4 пакетика;0;;;;;;;;;;;;;;;;;;;;;;;;;;;;;;;;;;;;;;;;;;;;;;
07.11.2021;1513;;8 900;completed;avathomas2007@gmail.com;25.03.2021;3;3;3500.0;3500.0;1900.0;;11;Омолаживающий барсучий эликсир;Омолаживающий барсучий эликсир;Маття-латте - 5 шт.;0;;;;;;;;;;;;;;;;;;;;;;;;;;;;;;;;;;;;;;;;;;;;;;
31.10.2021;2343;;2 587;completed;Avasmith13@outlook.com;31.10.2021;10;2;587.0;2000.0;;;10;Фиточай с чабрецом - 4 пакетика;Омолаживающий барсучий эликсир;Маття-латте - 1 шт.;0;;;;;;;;;;;;;;;;;;;;;;;;;;;;;;;;;;;;;;;;;;;;;;
22.07.2021;2437;;3 900;completed;Lucasthomas1987@outlook.com;02.04.2021;4;2;2000.0;;1900.0;;7;Омолаживающий барсучий эликсир;Маття-латте - 1 шт.;Маття-латте - 5 шт.;0;;;;;;;;;;;;;;;;;;;;;;;;;;;;;;;;;;;;;;;;;;;;;;
25.10.2021;3212;;4 625;completed;alexandermartinez2007@gmail.com;19.10.2021;10;3;3500.0;325.0;800.0;;10;Омолаживающий барсучий эликсир;Маття-латте - 1 шт.;Фиточай с чабрецом - 4 пакетика;0;;;;;;;;;;;;;;;;;;;;;;;;;;;;;;;;;;;;;;;;;;;;;;
11.08.2021;1459;;800;completed;Emmasmith1993@yandex.ru;11.08.2021;8;1;;;800.0;;8;Маття-латте - 1 шт.;Маття-латте - 1 шт.;Фиточай с чабрецом - 4 пакетика;0;;;;;;;;;;;;;;;;;;;;;;;;;;;;;;;;;;;;;;;;;;;;;;
09.08.2021;2533;;3 900;completed;Emmaanderson1987@mail.ru;09.08.2021;8;3;800.0;2000.0;1100.0;;8;Фиточай с чабрецом - 4 пакетика;Омолаживающий барсучий эликсир;Маття-латте - 5 шт.;0;;;;;;;;;;;;;;;;;;;;;;;;;;;;;;;;;;;;;;;;;;;;;;
10.05.2021;3388;;4 887;completed;Isabellamartinez0@yandex.ru;10.05.2021;5;3;3500.0;587.0;800.0;;5;Омолаживающий барсучий эликсир;Фиточай с чабрецом - 4 пакетика;Фиточай с чабрецом - 4 пакетика;0;;;;;;;;;;;;;;;;;;;;;;;;;;;;;;;;;;;;;;;;;;;;;;
30.09.2021;2508;;1 925;completed;lucasbrown69@gmail.com;14.03.2021;3;3;800.0;800.0;325.0;;9;Фиточай с чабрецом - 4 пакетика;Фиточай с чабрецом - 4 пакетика;Маття-латте - 1 шт.;0;;;;;;;;;;;;;;;;;;;;;;;;;;;;;;;;;;;;;;;;;;;;;;
07.12.2021;1292;;6 030;completed;Avalopez0@mail.ru;27.11.2021;11;3;890.0;240.0;4900.0;;12;Фиточай с чабрецом - 4 пакетика;Маття-латте - 1 шт.;Омолаживающий барсучий эликсир;0;;;;;;;;;;;;;;;;;;;;;;;;;;;;;;;;;;;;;;;;;;;;;;
14.09.2021;2656;;3 115;completed;Charlottemoore1987@mail.ru;14.09.2021;9;3;1900.0;890.0;325.0;;9;Маття-латте - 5 шт.;Фиточай с чабрецом - 4 пакетика;Маття-латте - 1 шт.;0;;;;;;;;;;;;;;;;;;;;;;;;;;;;;;;;;;;;;;;;;;;;;;
03.08.2021;2502;;3 115;completed;Lucastaylor33@outlook.com;03.08.2021;8;3;325.0;1900.0;890.0;;8;Маття-латте - 1 шт.;Маття-латте - 5 шт.;Фиточай с чабрецом - 4 пакетика;0;;;;;;;;;;;;;;;;;;;;;;;;;;;;;;;;;;;;;;;;;;;;;;
27.10.2021;2601;;6 590;completed;Sophiabrown69@outlook.com;27.10.2021;10;3;890.0;4900.0;800.0;;10;Фиточай с чабрецом - 4 пакетика;Омолаживающий барсучий эликсир;Фиточай с чабрецом - 4 пакетика;0;;;;;;;;;;;;;;;;;;;;;;;;;;;;;;;;;;;;;;;;;;;;;;
29.04.2021;2777;;1 802;returned;Emmabrown12@yahoo.com;29.04.2021;4;3;890.0;325.0;587.0;;4;Фиточай с чабрецом - 4 пакетика;Маття-латте - 1 шт.;Фиточай с чабрецом - 4 пакетика;0;;;;;;;;;;;;;;;;;;;;;;;;;;;;;;;;;;;;;;;;;;;;;;
18.10.2021;3559;;5 350;completed;oliversmith1993@gmail.com;01.10.2021;10;3;1900.0;1100.0;2000.0;;10;Маття-латте - 5 шт.;Маття-латте - 5 шт.;Омолаживающий барсучий эликсир;350;;;;;;;;;;;;;;;;;;;;;;;;;;;;;;;;;;;;;;;;;;;;;;
13.12.2021;1790;;2 140;completed;alexanderlopez1993@gmail.com;07.04.2021;4;3;240.0;1100.0;800.0;;12;Маття-латте - 1 шт.;Маття-латте - 5 шт.;Фиточай с чабрецом - 4 пакетика;0;;;;;;;;;;;;;;;;;;;;;;;;;;;;;;;;;;;;;;;;;;;;;;
26.03.2021;2572;;6 937;completed;Liamthomas66@yandex.ru;26.03.2021;3;3;4900.0;1100.0;587.0;;3;Омолаживающий барсучий эликсир;Маття-латте - 5 шт.;Фиточай с чабрецом - 4 пакетика;350;;;;;;;;;;;;;;;;;;;;;;;;;;;;;;;;;;;;;;;;;;;;;;
06.10.2021;4072;;3 040;completed;Liamanderson88@yandex.ru;28.02.2021;2;3;800.0;2000.0;240.0;;10;Фиточай с чабрецом - 4 пакетика;Омолаживающий барсучий эликсир;Маття-латте - 1 шт.;0;;;;;;;;;;;;;;;;;;;;;;;;;;;;;;;;;;;;;;;;;;;;;;
19.12.2021;2668;;3 130;completed;Lucasthomas88@mail.ru;13.09.2021;9;3;240.0;890.0;2000.0;;12;Маття-латте - 1 шт.;Фиточай с чабрецом - 4 пакетика;Омолаживающий барсучий эликсир;0;;;;;;;;;;;;;;;;;;;;;;;;;;;;;;;;;;;;;;;;;;;;;;
25.06.2021;1351;;650;completed;Charlottetaylor1993@yandex.ru;25.06.2021;6;2;325.0;;325.0;;6;Маття-латте - 1 шт.;Маття-латте - 1 шт.;Маття-латте - 1 шт.;0;;;;;;;;;;;;;;;;;;;;;;;;;;;;;;;;;;;;;;;;;;;;;;
30.12.2021;1530;;1 627;completed;Charlottemartinez0@yandex.ru;01.12.2021;12;3;800.0;587.0;240.0;;12;Фиточай с чабрецом - 4 пакетика;Фиточай с чабрецом - 4 пакетика;Маття-латте - 1 шт.;0;;;;;;;;;;;;;;;;;;;;;;;;;;;;;;;;;;;;;;;;;;;;;;
06.06.2021;2007;;9 640;completed;Lucasanderson33@yandex.ru;01.06.2021;6;3;4900.0;890.0;3500.0;;6;Омолаживающий барсучий эликсир;Фиточай с чабрецом - 4 пакетика;Омолаживающий барсучий эликсир;350;;;;;;;;;;;;;;;;;;;;;;;;;;;;;;;;;;;;;;;;;;;;;;
05.01.2022;2892;;8 400;completed;Liamanderson0@mail.ru;05.01.2022;13;2;;3500.0;4900.0;;13;Маття-латте - 1 шт.;Омолаживающий барсучий эликсир;Омолаживающий барсучий эликсир;0;;;;;;;;;;;;;;;;;;;;;;;;;;;;;;;;;;;;;;;;;;;;;;
09.09.2021;3675;;8 250;completed;Isabellalopez2007@mail.ru;09.09.2021;9;3;4900.0;1100.0;1900.0;;9;Омолаживающий барсучий эликсир;Маття-латте - 5 шт.;Маття-латте - 5 шт.;350;;;;;;;;;;;;;;;;;;;;;;;;;;;;;;;;;;;;;;;;;;;;;;
01.05.2021;3876;;2 587;completed;Liamthomas13@yandex.ru;01.05.2021;5;2;2000.0;587.0;;;5;Омолаживающий барсучий эликсир;Фиточай с чабрецом - 4 пакетика;Маття-латте - 1 шт.;0;;;;;;;;;;;;;;;;;;;;;;;;;;;;;;;;;;;;;;;;;;;;;;
23.10.2021;3291;;6 030;completed;Emmaanderson1993@yandex.ru;07.07.2021;7;3;240.0;4900.0;890.0;;10;Маття-латте - 1 шт.;Омолаживающий барсучий эликсир;Фиточай с чабрецом - 4 пакетика;0;;;;;;;;;;;;;;;;;;;;;;;;;;;;;;;;;;;;;;;;;;;;;;
16.09.2021;1481;;6 940;completed;Isabellathomas2007@yahoo.com;16.09.2021;9;3;4900.0;800.0;890.0;;9;Омолаживающий барсучий эликсир;Фиточай с чабрецом - 4 пакетика;Фиточай с чабрецом - 4 пакетика;350;;;;;;;;;;;;;;;;;;;;;;;;;;;;;;;;;;;;;;;;;;;;;;
05.07.2021;2597;;6 050;completed;Sophiajackson69@yandex.ru;05.07.2021;7;3;1100.0;1100.0;3500.0;;7;Маття-латте - 5 шт.;Маття-латте - 5 шт.;Омолаживающий барсучий эликсир;350;;;;;;;;;;;;;;;;;;;;;;;;;;;;;;;;;;;;;;;;;;;;;;
18.10.2021;2574;;5 700;completed;Charlotteanderson12@yahoo.com;05.04.2021;4;2;;800.0;4900.0;;10;Маття-латте - 1 шт.;Фиточай с чабрецом - 4 пакетика;Омолаживающий барсучий эликсир;0;;;;;;;;;;;;;;;;;;;;;;;;;;;;;;;;;;;;;;;;;;;;;;
27.04.2021;2750;;10 400;completed;Charlottetaylor69@yandex.ru;27.04.2021;4;3;4900.0;2000.0;3500.0;;4;Омолаживающий барсучий эликсир;Омолаживающий барсучий эликсир;Омолаживающий барсучий эликсир;0;;;;;;;;;;;;;;;;;;;;;;;;;;;;;;;;;;;;;;;;;;;;;;
24.10.2021;1284;;6 140;completed;williamthomas33@gmail.com;21.05.2021;5;2;890.0;4900.0;;;10;Фиточай с чабрецом - 4 пакетика;Омолаживающий барсучий эликсир;Маття-латте - 1 шт.;350;;;;;;;;;;;;;;;;;;;;;;;;;;;;;;;;;;;;;;;;;;;;;;
31.05.2021;2087;;1 990;completed;Charlottejackson69@yahoo.com;31.05.2021;5;2;1100.0;890.0;;;5;Маття-латте - 5 шт.;Фиточай с чабрецом - 4 пакетика;Маття-латте - 1 шт.;0;;;;;;;;;;;;;;;;;;;;;;;;;;;;;;;;;;;;;;;;;;;;;;
21.11.2021;1952;;1 827;completed;Alexanderbrown2007@yandex.ru;21.11.2021;11;2;890.0;587.0;;;11;Фиточай с чабрецом - 4 пакетика;Фиточай с чабрецом - 4 пакетика;Маття-латте - 1 шт.;350;;;;;;;;;;;;;;;;;;;;;;;;;;;;;;;;;;;;;;;;;;;;;;
24.02.2021;1475;;1 690;completed;charlottebrown33@gmail.com;24.02.2021;2;2;890.0;;800.0;;2;Фиточай с чабрецом - 4 пакетика;Маття-латте - 1 шт.;Фиточай с чабрецом - 4 пакетика;0;;;;;;;;;;;;;;;;;;;;;;;;;;;;;;;;;;;;;;;;;;;;;;
06.02.2022;3480;;7 737;completed;Liamanderson1993@yandex.ru;04.09.2021;9;3;587.0;1900.0;4900.0;;14;Фиточай с чабрецом - 4 пакетика;Маття-латте - 5 шт.;Омолаживающий барсучий эликсир;350;;;;;;;;;;;;;;;;;;;;;;;;;;;;;;;;;;;;;;;;;;;;;;
28.01.2022;1327;;4 240;completed;Williamlopez1987@yahoo.com;28.01.2022;13;3;2000.0;2000.0;240.0;;13;Омолаживающий барсучий эликсир;Омолаживающий барсучий эликсир;Маття-латте - 1 шт.;0;;;;;;;;;;;;;;;;;;;;;;;;;;;;;;;;;;;;;;;;;;;;;;
28.11.2021;1557;;10 300;completed;Emmawilliams1987@outlook.com;10.03.2021;3;3;4900.0;3500.0;1900.0;;11;Омолаживающий барсучий эликсир;Омолаживающий барсучий эликсир;Маття-латте - 5 шт.;0;;;;;;;;;;;;;;;;;;;;;;;;;;;;;;;;;;;;;;;;;;;;;;
07.05.2021;1244;;3 162;completed;Oliveranderson1993@yandex.ru;07.05.2021;5;3;325.0;587.0;1900.0;;5;Маття-латте - 1 шт.;Фиточай с чабрецом - 4 пакетика;Маття-латте - 5 шт.;350;;;;;;;;;;;;;;;;;;;;;;;;;;;;;;;;;;;;;;;;;;;;;;
30.10.2021;3088;;3 900;completed;Emmamoore66@yandex.ru;04.03.2021;3;2;1900.0;;2000.0;;10;Маття-латте - 5 шт.;Маття-латте - 1 шт.;Омолаживающий барсучий эликсир;0;;;;;;;;;;;;;;;;;;;;;;;;;;;;;;;;;;;;;;;;;;;;;;
26.03.2021;4114;;6 240;completed;Charlottetaylor88@mail.ru;26.03.2021;3;3;4900.0;240.0;1100.0;;3;Омолаживающий барсучий эликсир;Маття-латте - 1 шт.;Маття-латте - 5 шт.;0;;;;;;;;;;;;;;;;;;;;;;;;;;;;;;;;;;;;;;;;;;;;;;
02.02.2022;1800;;4 977;completed;Oliversmith0@gmail.com;05.01.2022;13;3;3500.0;587.0;890.0;;14;Омолаживающий барсучий эликсир;Фиточай с чабрецом - 4 пакетика;Фиточай с чабрецом - 4 пакетика;0;;;;;;;;;;;;;;;;;;;;;;;;;;;;;;;;;;;;;;;;;;;;;;
21.02.2021;4003;;5 825;completed;Alexanderwilliams1987@yandex.ru;21.02.2021;2;3;325.0;2000.0;3500.0;;2;Маття-латте - 1 шт.;Омолаживающий барсучий эликсир;Омолаживающий барсучий эликсир;0;;;;;;;;;;;;;;;;;;;;;;;;;;;;;;;;;;;;;;;;;;;;;;
18.06.2021;3400;;10 387;completed;lucasanderson66@gmail.com;18.06.2021;6;3;587.0;4900.0;4900.0;;6;Фиточай с чабрецом - 4 пакетика;Омолаживающий барсучий эликсир;Омолаживающий барсучий эликсир;0;;;;;;;;;;;;;;;;;;;;;;;;;;;;;;;;;;;;;;;;;;;;;;
26.01.2022;3575;;3 375;returned;Liammartinez12@yahoo.com;07.03.2021;3;3;1900.0;325.0;800.0;;13;Маття-латте - 5 шт.;Маття-латте - 1 шт.;Фиточай с чабрецом - 4 пакетика;350;;;;;;;;;;;;;;;;;;;;;;;;;;;;;;;;;;;;;;;;;;;;;;
08.03.2021;3331;;5 380;completed;Emmathomas88@outlook.com;08.03.2021;3;3;240.0;4900.0;240.0;;3;Маття-латте - 1 шт.;Омолаживающий барсучий эликсир;Маття-латте - 1 шт.;0;;;;;;;;;;;;;;;;;;;;;;;;;;;;;;;;;;;;;;;;;;;;;;
28.07.2021;3443;;6 850;completed;Alexanderbrown12@mail.ru;28.07.2021;7;3;1100.0;1900.0;3500.0;;7;Маття-латте - 5 шт.;Маття-латте - 5 шт.;Омолаживающий барсучий эликсир;350;;;;;;;;;;;;;;;;;;;;;;;;;;;;;;;;;;;;;;;;;;;;;;
08.09.2021;1868;;5 190;completed;Avaanderson1993@yahoo.com;13.05.2021;5;3;800.0;3500.0;890.0;;9;Фиточай с чабрецом - 4 пакетика;Омолаживающий барсучий эликсир;Фиточай с чабрецом - 4 пакетика;0;;;;;;;;;;;;;;;;;;;;;;;;;;;;;;;;;;;;;;;;;;;;;;
22.03.2021;1470;;10 950;completed;Emmataylor88@yahoo.com;22.03.2021;3;3;4900.0;4900.0;800.0;;3;Омолаживающий барсучий эликсир;Омолаживающий барсучий эликсир;Фиточай с чабрецом - 4 пакетика;350;;;;;;;;;;;;;;;;;;;;;;;;;;;;;;;;;;;;;;;;;;;;;;
24.11.2021;3429;;4 040;completed;Sophiajackson1993@yahoo.com;27.04.2021;4;3;890.0;800.0;2000.0;;11;Фиточай с чабрецом - 4 пакетика;Фиточай с чабрецом - 4 пакетика;Омолаживающий барсучий эликсир;350;;;;;;;;;;;;;;;;;;;;;;;;;;;;;;;;;;;;;;;;;;;;;;
28.10.2021;1761;;8 700;completed;Charlottetaylor1987@yandex.ru;31.05.2021;5;3;1900.0;4900.0;1900.0;;10;Маття-латте - 5 шт.;Омолаживающий барсучий эликсир;Маття-латте - 5 шт.;0;;;;;;;;;;;;;;;;;;;;;;;;;;;;;;;;;;;;;;;;;;;;;;
13.04.2021;3015;;2 912;completed;Williamwilliams1993@outlook.com;13.04.2021;4;3;2000.0;587.0;325.0;;4;Омолаживающий барсучий эликсир;Фиточай с чабрецом - 4 пакетика;Маття-латте - 1 шт.;0;;;;;;;;;;;;;;;;;;;;;;;;;;;;;;;;;;;;;;;;;;;;;;
18.10.2021;3971;;2 580;completed;Sophiamartinez66@outlook.com;27.08.2021;8;3;890.0;800.0;890.0;;10;Фиточай с чабрецом - 4 пакетика;Фиточай с чабрецом - 4 пакетика;Фиточай с чабрецом - 4 пакетика;0;;;;;;;;;;;;;;;;;;;;;;;;;;;;;;;;;;;;;;;;;;;;;;
05.11.2021;3151;;2 550;completed;Alexandermoore0@mail.ru;05.11.2021;11;3;1900.0;325.0;325.0;;11;Маття-латте - 5 шт.;Маття-латте - 1 шт.;Маття-латте - 1 шт.;0;;;;;;;;;;;;;;;;;;;;;;;;;;;;;;;;;;;;;;;;;;;;;;
05.06.2021;2631;;6 890;completed;Williamjackson0@yandex.ru;05.06.2021;6;3;4900.0;890.0;1100.0;;6;Омолаживающий барсучий эликсир;Фиточай с чабрецом - 4 пакетика;Маття-латте - 5 шт.;0;;;;;;;;;;;;;;;;;;;;;;;;;;;;;;;;;;;;;;;;;;;;;;
11.08.2021;2527;;6 500;completed;charlottemoore12@gmail.com;11.08.2021;8;3;800.0;4900.0;800.0;;8;Фиточай с чабрецом - 4 пакетика;Омолаживающий барсучий эликсир;Фиточай с чабрецом - 4 пакетика;0;;;;;;;;;;;;;;;;;;;;;;;;;;;;;;;;;;;;;;;;;;;;;;
16.01.2022;3776;;2 487;completed;Liamsmith2007@mail.ru;13.10.2021;10;3;587.0;800.0;1100.0;;13;Фиточай с чабрецом - 4 пакетика;Фиточай с чабрецом - 4 пакетика;Маття-латте - 5 шт.;0;;;;;;;;;;;;;;;;;;;;;;;;;;;;;;;;;;;;;;;;;;;;;;
31.12.2021;1470;;4 225;completed;Emmataylor88@yahoo.com;22.03.2021;3;3;325.0;2000.0;1900.0;;12;Маття-латте - 1 шт.;Омолаживающий барсучий эликсир;Маття-латте - 5 шт.;0;;;;;;;;;;;;;;;;;;;;;;;;;;;;;;;;;;;;;;;;;;;;;;
28.05.2021;3192;;3 000;completed;Sophialopez33@mail.ru;03.05.2021;5;2;;1900.0;1100.0;;5;Маття-латте - 1 шт.;Маття-латте - 5 шт.;Маття-латте - 5 шт.;0;;;;;;;;;;;;;;;;;;;;;;;;;;;;;;;;;;;;;;;;;;;;;;
22.02.2021;1894;;5 850;completed;Charlottemartinez1987@yahoo.com;22.02.2021;2;2;3500.0;2000.0;;;2;Омолаживающий барсучий эликсир;Омолаживающий барсучий эликсир;Маття-латте - 1 шт.;350;;;;;;;;;;;;;;;;;;;;;;;;;;;;;;;;;;;;;;;;;;;;;;
20.04.2021;1772;;9 290;completed;Avalopez2007@yandex.ru;20.04.2021;4;3;890.0;4900.0;3500.0;;4;Фиточай с чабрецом - 4 пакетика;Омолаживающий барсучий эликсир;Омолаживающий барсучий эликсир;0;;;;;;;;;;;;;;;;;;;;;;;;;;;;;;;;;;;;;;;;;;;;;;
25.11.2021;2287;;3 737;returned;Williamthomas1987@yandex.ru;25.11.2021;11;3;2000.0;587.0;800.0;;11;Омолаживающий барсучий эликсир;Фиточай с чабрецом - 4 пакетика;Фиточай с чабрецом - 4 пакетика;350;;;;;;;;;;;;;;;;;;;;;;;;;;;;;;;;;;;;;;;;;;;;;;
23.08.2021;2445;;2 815;completed;Alexanderthomas88@yandex.ru;23.08.2021;8;3;325.0;240.0;1900.0;;8;Маття-латте - 1 шт.;Маття-латте - 1 шт.;Маття-латте - 5 шт.;350;;;;;;;;;;;;;;;;;;;;;;;;;;;;;;;;;;;;;;;;;;;;;;
16.09.2021;1745;;6 587;completed;Oliverjackson69@outlook.com;16.09.2021;9;3;587.0;4900.0;1100.0;;9;Фиточай с чабрецом - 4 пакетика;Омолаживающий барсучий эликсир;Маття-латте - 5 шт.;0;;;;;;;;;;;;;;;;;;;;;;;;;;;;;;;;;;;;;;;;;;;;;;
07.07.2021;2053;;6 680;completed;alexandermoore66@gmail.com;15.06.2021;6;3;4900.0;890.0;890.0;;7;Омолаживающий барсучий эликсир;Фиточай с чабрецом - 4 пакетика;Фиточай с чабрецом - 4 пакетика;0;;;;;;;;;;;;;;;;;;;;;;;;;;;;;;;;;;;;;;;;;;;;;;
11.04.2021;1887;;2 915;completed;Olivermoore0@outlook.com;17.02.2021;2;3;325.0;240.0;2000.0;;4;Маття-латте - 1 шт.;Маття-латте - 1 шт.;Омолаживающий барсучий эликсир;350;;;;;;;;;;;;;;;;;;;;;;;;;;;;;;;;;;;;;;;;;;;;;;
03.05.2021;2938;;2 915;completed;Isabellaanderson1993@outlook.com;03.05.2021;5;3;325.0;2000.0;240.0;;5;Маття-латте - 1 шт.;Омолаживающий барсучий эликсир;Маття-латте - 1 шт.;350;;;;;;;;;;;;;;;;;;;;;;;;;;;;;;;;;;;;;;;;;;;;;;
30.09.2021;1425;;3 050;completed;Oliverlopez1993@mail.ru;30.09.2021;9;2;1900.0;800.0;;;9;Маття-латте - 5 шт.;Фиточай с чабрецом - 4 пакетика;Маття-латте - 1 шт.;350;;;;;;;;;;;;;;;;;;;;;;;;;;;;;;;;;;;;;;;;;;;;;;
30.03.2021;4166;;4 150;completed;Sophiabrown66@gmail.com;06.03.2021;3;2;;1900.0;1900.0;;3;Маття-латте - 1 шт.;Маття-латте - 5 шт.;Маття-латте - 5 шт.;350;;;;;;;;;;;;;;;;;;;;;;;;;;;;;;;;;;;;;;;;;;;;;;
26.01.2022;1254;;5 790;completed;Williamjackson66@yandex.ru;26.01.2022;13;2;4900.0;890.0;;;13;Омолаживающий барсучий эликсир;Фиточай с чабрецом - 4 пакетика;Маття-латте - 1 шт.;0;;;;;;;;;;;;;;;;;;;;;;;;;;;;;;;;;;;;;;;;;;;;;;
25.02.2021;2891;;5 725;completed;Alexandertaylor12@outlook.com;25.02.2021;2;3;325.0;1900.0;3500.0;;2;Маття-латте - 1 шт.;Маття-латте - 5 шт.;Омолаживающий барсучий эликсир;0;;;;;;;;;;;;;;;;;;;;;;;;;;;;;;;;;;;;;;;;;;;;;;
07.05.2021;2323;;11 250;completed;Sophiaanderson1993@yahoo.com;07.05.2021;5;3;1100.0;4900.0;4900.0;;5;Маття-латте - 5 шт.;Омолаживающий барсучий эликсир;Омолаживающий барсучий эликсир;350;;;;;;;;;;;;;;;;;;;;;;;;;;;;;;;;;;;;;;;;;;;;;;
04.05.2021;3758;;5 490;completed;Isabellamartinez33@outlook.com;04.05.2021;5;3;3500.0;890.0;1100.0;;5;Омолаживающий барсучий эликсир;Фиточай с чабрецом - 4 пакетика;Маття-латте - 5 шт.;0;;;;;;;;;;;;;;;;;;;;;;;;;;;;;;;;;;;;;;;;;;;;;;
22.04.2021;2515;;3 115;completed;Lucasjackson33@mail.ru;22.04.2021;4;3;890.0;1900.0;325.0;;4;Фиточай с чабрецом - 4 пакетика;Маття-латте - 5 шт.;Маття-латте - 1 шт.;0;;;;;;;;;;;;;;;;;;;;;;;;;;;;;;;;;;;;;;;;;;;;;;
03.10.2021;3075;;1240;completed;Charlottesmith0@yandex.ru;03.10.2021;10;3;325.0;325.0;240.0;;10;Маття-латте - 1 шт.;Маття-латте - 1 шт.;Маття-латте - 1 шт.;350;;;;;;;;;;;;;;;;;;;;;;;;;;;;;;;;;;;;;;;;;;;;;;
15.06.2021;2053;;1 717;completed;alexandermoore66@gmail.com;15.06.2021;6;3;240.0;890.0;587.0;;6;Маття-латте - 1 шт.;Фиточай с чабрецом - 4 пакетика;Фиточай с чабрецом - 4 пакетика;0;;;;;;;;;;;;;;;;;;;;;;;;;;;;;;;;;;;;;;;;;;;;;;
03.08.2021;2525;;2 487;completed;alexandermartinez2007@gmail.com;11.05.2021;5;3;587.0;1100.0;800.0;;8;Фиточай с чабрецом - 4 пакетика;Маття-латте - 5 шт.;Фиточай с чабрецом - 4 пакетика;0;;;;;;;;;;;;;;;;;;;;;;;;;;;;;;;;;;;;;;;;;;;;;;
19.09.2021;1808;;7 487;completed;Liamanderson0@outlook.com;06.04.2021;4;3;587.0;4900.0;2000.0;;9;Фиточай с чабрецом - 4 пакетика;Омолаживающий барсучий эликсир;Омолаживающий барсучий эликсир;0;;;;;;;;;;;;;;;;;;;;;;;;;;;;;;;;;;;;;;;;;;;;;;
04.11.2021;2731;;4 340;completed;Alexandermoore13@yahoo.com;04.11.2021;11;3;890.0;2000.0;1100.0;;11;Фиточай с чабрецом - 4 пакетика;Омолаживающий барсучий эликсир;Маття-латте - 5 шт.;350;;;;;;;;;;;;;;;;;;;;;;;;;;;;;;;;;;;;;;;;;;;;;;
26.01.2022;2743;;3 050;completed;oliveranderson0@gmail.com;26.01.2022;13;2;800.0;;1900.0;;13;Фиточай с чабрецом - 4 пакетика;Маття-латте - 1 шт.;Маття-латте - 5 шт.;350;;;;;;;;;;;;;;;;;;;;;;;;;;;;;;;;;;;;;;;;;;;;;;
15.06.2021;2365;;5 490;completed;Oliverwilliams33@mail.ru;15.06.2021;6;3;3500.0;890.0;1100.0;;6;Омолаживающий барсучий эликсир;Фиточай с чабрецом - 4 пакетика;Маття-латте - 5 шт.;0;;;;;;;;;;;;;;;;;;;;;;;;;;;;;;;;;;;;;;;;;;;;;;
30.05.2021;1971;;1 387;completed;Isabellataylor1993@outlook.com;30.05.2021;5;2;800.0;587.0;;;5;Фиточай с чабрецом - 4 пакетика;Фиточай с чабрецом - 4 пакетика;Маття-латте - 1 шт.;0;;;;;;;;;;;;;;;;;;;;;;;;;;;;;;;;;;;;;;;;;;;;;;
28.04.2021;2670;;3 800;completed;Avathomas69@yandex.ru;28.04.2021;4;2;;1900.0;1900.0;;4;Маття-латте - 1 шт.;Маття-латте - 5 шт.;Маття-латте - 5 шт.;0;;;;;;;;;;;;;;;;;;;;;;;;;;;;;;;;;;;;;;;;;;;;;;
07.02.2022;1439;;10 387;completed;Charlottemartinez13@yandex.ru;16.09.2021;9;3;4900.0;587.0;4900.0;;14;Омолаживающий барсучий эликсир;Фиточай с чабрецом - 4 пакетика;Омолаживающий барсучий эликсир;0;;;;;;;;;;;;;;;;;;;;;;;;;;;;;;;;;;;;;;;;;;;;;;
15.10.2021;4034;;1 690;returned;Oliverwilliams88@mail.ru;15.10.2021;10;2;890.0;800.0;;;10;Фиточай с чабрецом - 4 пакетика;Фиточай с чабрецом - 4 пакетика;Маття-латте - 1 шт.;0;;;;;;;;;;;;;;;;;;;;;;;;;;;;;;;;;;;;;;;;;;;;;;
11.07.2021;1577;;2 880;completed;Oliverjackson12@mail.ru;11.07.2021;7;3;890.0;1100.0;890.0;;7;Фиточай с чабрецом - 4 пакетика;Маття-латте - 5 шт.;Фиточай с чабрецом - 4 пакетика;0;;;;;;;;;;;;;;;;;;;;;;;;;;;;;;;;;;;;;;;;;;;;;;
27.04.2021;3329;;1 477;completed;Emmasmith12@yandex.ru;27.04.2021;4;2;;587.0;890.0;;4;Маття-латте - 1 шт.;Фиточай с чабрецом - 4 пакетика;Фиточай с чабрецом - 4 пакетика;0;;;;;;;;;;;;;;;;;;;;;;;;;;;;;;;;;;;;;;;;;;;;;;
23.12.2021;3030;;7 040;returned;Williamtaylor1993@mail.ru;23.12.2021;12;3;1900.0;240.0;4900.0;;12;Маття-латте - 5 шт.;Маття-латте - 1 шт.;Омолаживающий барсучий эликсир;0;;;;;;;;;;;;;;;;;;;;;;;;;;;;;;;;;;;;;;;;;;;;;;
21.09.2021;3324;;4 200;completed;oliverbrown13@gmail.com;21.09.2021;9;3;1100.0;1100.0;2000.0;;9;Маття-латте - 5 шт.;Маття-латте - 5 шт.;Омолаживающий барсучий эликсир;0;;;;;;;;;;;;;;;;;;;;;;;;;;;;;;;;;;;;;;;;;;;;;;
16.03.2021;3182;;587;returned;Emmabrown0@yandex.ru;16.03.2021;3;1;587.0;;;;3;Фиточай с чабрецом - 4 пакетика;Маття-латте - 1 шт.;Маття-латте - 1 шт.;0;;;;;;;;;;;;;;;;;;;;;;;;;;;;;;;;;;;;;;;;;;;;;;
16.10.2021;4132;;4 975;completed;Sophiabrown13@yahoo.com;25.09.2021;9;3;800.0;325.0;3500.0;;10;Фиточай с чабрецом - 4 пакетика;Маття-латте - 1 шт.;Омолаживающий барсучий эликсир;350;;;;;;;;;;;;;;;;;;;;;;;;;;;;;;;;;;;;;;;;;;;;;;
10.12.2021;1975;;6 637;completed;Sophiataylor69@yahoo.com;18.03.2021;3;3;587.0;800.0;4900.0;;12;Фиточай с чабрецом - 4 пакетика;Фиточай с чабрецом - 4 пакетика;Омолаживающий барсучий эликсир;350;;;;;;;;;;;;;;;;;;;;;;;;;;;;;;;;;;;;;;;;;;;;;;
02.04.2021;3849;;8 987;completed;Alexandertaylor2007@yahoo.com;02.04.2021;4;3;3500.0;587.0;4900.0;;4;Омолаживающий барсучий эликсир;Фиточай с чабрецом - 4 пакетика;Омолаживающий барсучий эликсир;0;;;;;;;;;;;;;;;;;;;;;;;;;;;;;;;;;;;;;;;;;;;;;;
06.12.2021;1981;;1 340;completed;Olivertaylor0@yandex.ru;06.12.2021;12;2;1100.0;240.0;;;12;Маття-латте - 5 шт.;Маття-латте - 1 шт.;Маття-латте - 1 шт.;0;;;;;;;;;;;;;;;;;;;;;;;;;;;;;;;;;;;;;;;;;;;;;;
15.02.2022;2812;;1 387;completed;Emmajackson69@yahoo.com;15.02.2022;14;2;;800.0;587.0;;14;Маття-латте - 1 шт.;Фиточай с чабрецом - 4 пакетика;Фиточай с чабрецом - 4 пакетика;0;;;;;;;;;;;;;;;;;;;;;;;;;;;;;;;;;;;;;;;;;;;;;;
30.07.2021;2734;;3 387;completed;Olivermoore33@mail.ru;08.05.2021;5;3;587.0;2000.0;800.0;;7;Фиточай с чабрецом - 4 пакетика;Омолаживающий барсучий эликсир;Фиточай с чабрецом - 4 пакетика;0;;;;;;;;;;;;;;;;;;;;;;;;;;;;;;;;;;;;;;;;;;;;;;
21.12.2021;3909;;8 725;completed;Emmasmith1987@mail.ru;21.12.2021;12;3;4900.0;3500.0;325.0;;12;Омолаживающий барсучий эликсир;Омолаживающий барсучий эликсир;Маття-латте - 1 шт.;0;;;;;;;;;;;;;;;;;;;;;;;;;;;;;;;;;;;;;;;;;;;;;;
25.09.2021;2537;;5 190;completed;Charlottethomas69@yahoo.com;30.03.2021;3;3;3500.0;890.0;800.0;;9;Омолаживающий барсучий эликсир;Фиточай с чабрецом - 4 пакетика;Фиточай с чабрецом - 4 пакетика;0;;;;;;;;;;;;;;;;;;;;;;;;;;;;;;;;;;;;;;;;;;;;;;
07.10.2021;1593;;1 455;returned;Charlottelopez13@mail.ru;17.02.2021;2;3;890.0;240.0;325.0;;10;Фиточай с чабрецом - 4 пакетика;Маття-латте - 1 шт.;Маття-латте - 1 шт.;0;;;;;;;;;;;;;;;;;;;;;;;;;;;;;;;;;;;;;;;;;;;;;;
18.12.2021;3875;;3 074;completed;Alexanderanderson33@mail.ru;19.03.2021;3;3;1900.0;587.0;587.0;;12;Маття-латте - 5 шт.;Фиточай с чабрецом - 4 пакетика;Фиточай с чабрецом - 4 пакетика;0;;;;;;;;;;;;;;;;;;;;;;;;;;;;;;;;;;;;;;;;;;;;;;
26.03.2021;2713;;2 230;completed;sophiamoore1993@gmail.com;26.03.2021;3;3;890.0;240.0;1100.0;;3;Фиточай с чабрецом - 4 пакетика;Маття-латте - 1 шт.;Маття-латте - 5 шт.;0;;;;;;;;;;;;;;;;;;;;;;;;;;;;;;;;;;;;;;;;;;;;;;
24.07.2021;2822;;4 700;returned;Alexandermoore66@yahoo.com;18.04.2021;4;3;1900.0;800.0;2000.0;;7;Маття-латте - 5 шт.;Фиточай с чабрецом - 4 пакетика;Омолаживающий барсучий эликсир;0;;;;;;;;;;;;;;;;;;;;;;;;;;;;;;;;;;;;;;;;;;;;;;
10.01.2022;3170;;3 827;completed;Emmathomas66@outlook.com;10.01.2022;13;3;890.0;587.0;2000.0;;13;Фиточай с чабрецом - 4 пакетика;Фиточай с чабрецом - 4 пакетика;Омолаживающий барсучий эликсир;350;;;;;;;;;;;;;;;;;;;;;;;;;;;;;;;;;;;;;;;;;;;;;;
08.06.2021;3604;;6 090;completed;Emmamartinez1993@outlook.com;10.03.2021;3;3;2000.0;240.0;3500.0;;6;Омолаживающий барсучий эликсир;Маття-латте - 1 шт.;Омолаживающий барсучий эликсир;350;;;;;;;;;;;;;;;;;;;;;;;;;;;;;;;;;;;;;;;;;;;;;;
23.07.2021;2260;;6 850;completed;Charlottetaylor2007@outlook.com;23.07.2021;7;3;3500.0;1900.0;1100.0;;7;Омолаживающий барсучий эликсир;Маття-латте - 5 шт.;Маття-латте - 5 шт.;350;;;;;;;;;;;;;;;;;;;;;;;;;;;;;;;;;;;;;;;;;;;;;;
09.08.2021;1441;;5 550;completed;Charlottejackson13@yahoo.com;03.07.2021;7;3;325.0;4900.0;325.0;;8;Маття-латте - 1 шт.;Омолаживающий барсучий эликсир;Маття-латте - 1 шт.;0;;;;;;;;;;;;;;;;;;;;;;;;;;;;;;;;;;;;;;;;;;;;;;
08.07.2021;1305;;6 850;completed;Williammartinez2007@mail.ru;08.07.2021;7;3;1100.0;1900.0;3500.0;;7;Маття-латте - 5 шт.;Маття-латте - 5 шт.;Омолаживающий барсучий эликсир;350;;;;;;;;;;;;;;;;;;;;;;;;;;;;;;;;;;;;;;;;;;;;;;
10.01.2022;2767;;2 015;completed;Emmathomas2007@outlook.com;10.01.2022;13;3;800.0;890.0;325.0;;13;Фиточай с чабрецом - 4 пакетика;Фиточай с чабрецом - 4 пакетика;Маття-латте - 1 шт.;0;;;;;;;;;;;;;;;;;;;;;;;;;;;;;;;;;;;;;;;;;;;;;;
14.06.2021;1695;;1 840;completed;Charlottetaylor66@yahoo.com;14.06.2021;6;3;800.0;800.0;240.0;;6;Фиточай с чабрецом - 4 пакетика;Фиточай с чабрецом - 4 пакетика;Маття-латте - 1 шт.;0;;;;;;;;;;;;;;;;;;;;;;;;;;;;;;;;;;;;;;;;;;;;;;
21.03.2021;2672;;3 140;completed;Liamanderson13@outlook.com;21.03.2021;3;2;;1900.0;890.0;;3;Маття-латте - 1 шт.;Маття-латте - 5 шт.;Фиточай с чабрецом - 4 пакетика;350;;;;;;;;;;;;;;;;;;;;;;;;;;;;;;;;;;;;;;;;;;;;;;
28.04.2021;2627;;2 550;completed;Emmalopez1993@yandex.ru;28.04.2021;4;3;1900.0;325.0;325.0;;4;Маття-латте - 5 шт.;Маття-латте - 1 шт.;Маття-латте - 1 шт.;0;;;;;;;;;;;;;;;;;;;;;;;;;;;;;;;;;;;;;;;;;;;;;;
06.03.2021;3284;;2 015;completed;Liamtaylor69@yandex.ru;06.03.2021;3;3;325.0;800.0;890.0;;3;Маття-латте - 1 шт.;Фиточай с чабрецом - 4 пакетика;Фиточай с чабрецом - 4 пакетика;0;;;;;;;;;;;;;;;;;;;;;;;;;;;;;;;;;;;;;;;;;;;;;;
15.12.2021;3676;;5 275;completed;Avajackson13@yahoo.com;09.03.2021;3;3;3500.0;1100.0;325.0;;12;Омолаживающий барсучий эликсир;Маття-латте - 5 шт.;Маття-латте - 1 шт.;350;;;;;;;;;;;;;;;;;;;;;;;;;;;;;;;;;;;;;;;;;;;;;;
19.09.2021;2770;;9 075;returned;Alexandersmith2007@yandex.ru;19.09.2021;9;3;4900.0;325.0;3500.0;;9;Омолаживающий барсучий эликсир;Маття-латте - 1 шт.;Омолаживающий барсучий эликсир;350;;;;;;;;;;;;;;;;;;;;;;;;;;;;;;;;;;;;;;;;;;;;;;
25.10.2021;1766;;2 900;completed;Isabellalopez88@outlook.com;17.04.2021;4;3;1900.0;325.0;325.0;;10;Маття-латте - 5 шт.;Маття-латте - 1 шт.;Маття-латте - 1 шт.;350;;;;;;;;;;;;;;;;;;;;;;;;;;;;;;;;;;;;;;;;;;;;;;
20.06.2021;2510;;1 900;completed;Liamanderson12@outlook.com;20.06.2021;6;1;;1900.0;;;6;Маття-латте - 1 шт.;Маття-латте - 5 шт.;Маття-латте - 1 шт.;0;;;;;;;;;;;;;;;;;;;;;;;;;;;;;;;;;;;;;;;;;;;;;;
29.01.2022;2467;;5 190;completed;Sophiataylor1987@yandex.ru;29.01.2022;13;3;1100.0;3500.0;240.0;;13;Маття-латте - 5 шт.;Омолаживающий барсучий эликсир;Маття-латте - 1 шт.;350;;;;;;;;;;;;;;;;;;;;;;;;;;;;;;;;;;;;;;;;;;;;;;
02.02.2022;3959;;4 840;completed;Emmajackson69@outlook.com;02.02.2022;14;3;240.0;1100.0;3500.0;;14;Маття-латте - 1 шт.;Маття-латте - 5 шт.;Омолаживающий барсучий эликсир;0;;;;;;;;;;;;;;;;;;;;;;;;;;;;;;;;;;;;;;;;;;;;;;
24.04.2021;3404;;2 277;completed;Lucasbrown12@yandex.ru;24.04.2021;4;3;800.0;890.0;587.0;;4;Фиточай с чабрецом - 4 пакетика;Фиточай с чабрецом - 4 пакетика;Фиточай с чабрецом - 4 пакетика;0;;;;;;;;;;;;;;;;;;;;;;;;;;;;;;;;;;;;;;;;;;;;;;
23.09.2021;3100;;3 900;completed;Liamtaylor0@yahoo.com;07.04.2021;4;2;2000.0;1900.0;;;9;Омолаживающий барсучий эликсир;Маття-латте - 5 шт.;Маття-латте - 1 шт.;0;;;;;;;;;;;;;;;;;;;;;;;;;;;;;;;;;;;;;;;;;;;;;;
01.02.2022;1916;;3 680;completed;Avabrown0@yandex.ru;01.02.2022;14;3;890.0;890.0;1900.0;;14;Фиточай с чабрецом - 4 пакетика;Фиточай с чабрецом - 4 пакетика;Маття-латте - 5 шт.;0;;;;;;;;;;;;;;;;;;;;;;;;;;;;;;;;;;;;;;;;;;;;;;
01.07.2021;3494;;5 940;returned;Lucasmartinez88@yahoo.com;01.07.2021;7;3;800.0;4900.0;240.0;;7;Фиточай с чабрецом - 4 пакетика;Омолаживающий барсучий эликсир;Маття-латте - 1 шт.;0;;;;;;;;;;;;;;;;;;;;;;;;;;;;;;;;;;;;;;;;;;;;;;
12.02.2022;3081;;2 315;completed;Alexanderwilliams1987@yandex.ru;12.02.2022;14;3;1100.0;325.0;890.0;;14;Маття-латте - 5 шт.;Маття-латте - 1 шт.;Фиточай с чабрецом - 4 пакетика;0;;;;;;;;;;;;;;;;;;;;;;;;;;;;;;;;;;;;;;;;;;;;;;
01.03.2021;3662;;4 065;completed;Liambrown33@yahoo.com;01.03.2021;3;3;325.0;240.0;3500.0;;3;Маття-латте - 1 шт.;Маття-латте - 1 шт.;Омолаживающий барсучий эликсир;0;;;;;;;;;;;;;;;;;;;;;;;;;;;;;;;;;;;;;;;;;;;;;;
27.11.2021;3287;;6 000;completed;Williamlopez1987@yahoo.com;19.06.2021;6;2;1100.0;;4900.0;;11;Маття-латте - 5 шт.;Маття-латте - 1 шт.;Омолаживающий барсучий эликсир;0;;;;;;;;;;;;;;;;;;;;;;;;;;;;;;;;;;;;;;;;;;;;;;
03.04.2021;1380;;2 912;completed;Alexandermoore1993@mail.ru;03.04.2021;4;3;587.0;2000.0;325.0;;4;Фиточай с чабрецом - 4 пакетика;Омолаживающий барсучий эликсир;Маття-латте - 1 шт.;0;;;;;;;;;;;;;;;;;;;;;;;;;;;;;;;;;;;;;;;;;;;;;;
23.04.2021;2719;;6 300;completed;avataylor88@gmail.com;23.04.2021;4;3;3500.0;2000.0;800.0;;4;Омолаживающий барсучий эликсир;Омолаживающий барсучий эликсир;Фиточай с чабрецом - 4 пакетика;0;;;;;;;;;;;;;;;;;;;;;;;;;;;;;;;;;;;;;;;;;;;;;;
20.09.2021;2769;;2 037;completed;Lucasjackson0@outlook.com;14.07.2021;7;2;;587.0;1100.0;;9;Маття-латте - 1 шт.;Фиточай с чабрецом - 4 пакетика;Маття-латте - 5 шт.;350;;;;;;;;;;;;;;;;;;;;;;;;;;;;;;;;;;;;;;;;;;;;;;
14.05.2021;4099;;5 500;completed;Isabellawilliams66@outlook.com;14.05.2021;5;2;;2000.0;3500.0;;5;Маття-латте - 1 шт.;Омолаживающий барсучий эликсир;Омолаживающий барсучий эликсир;0;;;;;;;;;;;;;;;;;;;;;;;;;;;;;;;;;;;;;;;;;;;;;;
27.09.2021;1473;;6 375;completed;Liamanderson0@yahoo.com;19.08.2021;8;3;4900.0;325.0;800.0;;9;Омолаживающий барсучий эликсир;Маття-латте - 1 шт.;Фиточай с чабрецом - 4 пакетика;350;;;;;;;;;;;;;;;;;;;;;;;;;;;;;;;;;;;;;;;;;;;;;;
10.08.2021;1760;;2 225;returned;Williamlopez69@outlook.com;25.07.2021;7;2;1900.0;;325.0;;8;Маття-латте - 5 шт.;Маття-латте - 1 шт.;Маття-латте - 1 шт.;0;;;;;;;;;;;;;;;;;;;;;;;;;;;;;;;;;;;;;;;;;;;;;;
18.03.2021;3812;;4 625;completed;Lucassmith1987@outlook.com;18.03.2021;3;3;325.0;3500.0;800.0;;3;Маття-латте - 1 шт.;Омолаживающий барсучий эликсир;Фиточай с чабрецом - 4 пакетика;0;;;;;;;;;;;;;;;;;;;;;;;;;;;;;;;;;;;;;;;;;;;;;;
27.10.2021;2614;;6 000;completed;avaanderson1987@gmail.com;02.10.2021;10;2;1100.0;4900.0;;;10;Маття-латте - 5 шт.;Омолаживающий барсучий эликсир;Маття-латте - 1 шт.;0;;;;;;;;;;;;;;;;;;;;;;;;;;;;;;;;;;;;;;;;;;;;;;
24.09.2021;2033;;240;completed;Lucasmoore69@yandex.ru;04.04.2021;4;1;;;240.0;;9;Маття-латте - 1 шт.;Маття-латте - 1 шт.;Маття-латте - 1 шт.;0;;;;;;;;;;;;;;;;;;;;;;;;;;;;;;;;;;;;;;;;;;;;;;
06.12.2021;1642;;6 050;completed;Alexanderthomas0@outlook.com;06.12.2021;12;3;1100.0;1100.0;3500.0;;12;Маття-латте - 5 шт.;Маття-латте - 5 шт.;Омолаживающий барсучий эликсир;350;;;;;;;;;;;;;;;;;;;;;;;;;;;;;;;;;;;;;;;;;;;;;;
22.07.2021;3594;;5 900;returned;Oliveranderson13@yahoo.com;22.07.2021;7;3;2000.0;1900.0;2000.0;;7;Омолаживающий барсучий эликсир;Маття-латте - 5 шт.;Омолаживающий барсучий эликсир;0;;;;;;;;;;;;;;;;;;;;;;;;;;;;;;;;;;;;;;;;;;;;;;
10.09.2021;3451;;1 414;completed;Charlottemoore69@yandex.ru;10.09.2021;9;3;240.0;587.0;587.0;;9;Маття-латте - 1 шт.;Фиточай с чабрецом - 4 пакетика;Фиточай с чабрецом - 4 пакетика;0;;;;;;;;;;;;;;;;;;;;;;;;;;;;;;;;;;;;;;;;;;;;;;
10.06.2021;2207;;4 150;completed;Avasmith13@outlook.com;10.06.2021;6;3;3500.0;325.0;325.0;;6;Омолаживающий барсучий эликсир;Маття-латте - 1 шт.;Маття-латте - 1 шт.;0;;;;;;;;;;;;;;;;;;;;;;;;;;;;;;;;;;;;;;;;;;;;;;
04.12.2021;2961;;8 350;completed;avamoore1993@gmail.com;04.12.2021;12;3;2000.0;1100.0;4900.0;;12;Омолаживающий барсучий эликсир;Маття-латте - 5 шт.;Омолаживающий барсучий эликсир;350;;;;;;;;;;;;;;;;;;;;;;;;;;;;;;;;;;;;;;;;;;;;;;
04.09.2021;1728;;1 390;returned;Liammartinez0@mail.ru;05.04.2021;4;2;;800.0;240.0;;9;Маття-латте - 1 шт.;Фиточай с чабрецом - 4 пакетика;Маття-латте - 1 шт.;350;;;;;;;;;;;;;;;;;;;;;;;;;;;;;;;;;;;;;;;;;;;;;;
02.12.2021;2015;;4 550;completed;Isabellasmith13@mail.ru;14.04.2021;4;3;2000.0;1100.0;1100.0;;12;Омолаживающий барсучий эликсир;Маття-латте - 5 шт.;Маття-латте - 5 шт.;350;;;;;;;;;;;;;;;;;;;;;;;;;;;;;;;;;;;;;;;;;;;;;;
08.07.2021;3390;;6 800;completed;williamjackson1987@gmail.com;27.05.2021;5;2;;4900.0;1900.0;;7;Маття-латте - 1 шт.;Омолаживающий барсучий эликсир;Маття-латте - 5 шт.;0;;;;;;;;;;;;;;;;;;;;;;;;;;;;;;;;;;;;;;;;;;;;;;
28.06.2021;4152;;6 850;completed;Liamlopez66@yandex.ru;09.03.2021;3;3;3500.0;1900.0;1100.0;;6;Омолаживающий барсучий эликсир;Маття-латте - 5 шт.;Маття-латте - 5 шт.;350;;;;;;;;;;;;;;;;;;;;;;;;;;;;;;;;;;;;;;;;;;;;;;
14.07.2021;3478;;2 440;completed;Alexandertaylor88@outlook.com;14.07.2021;7;3;1100.0;1100.0;240.0;;7;Маття-латте - 5 шт.;Маття-латте - 5 шт.;Маття-латте - 1 шт.;0;;;;;;;;;;;;;;;;;;;;;;;;;;;;;;;;;;;;;;;;;;;;;;
26.10.2021;2966;;7 700;completed;oliveranderson2007@gmail.com;31.03.2021;3;3;2000.0;4900.0;800.0;;10;Омолаживающий барсучий эликсир;Омолаживающий барсучий эликсир;Фиточай с чабрецом - 4 пакетика;0;;;;;;;;;;;;;;;;;;;;;;;;;;;;;;;;;;;;;;;;;;;;;;
13.04.2021;3019;;1 370;returned;Avaanderson1993@mail.ru;21.02.2021;2;3;890.0;240.0;240.0;;4;Фиточай с чабрецом - 4 пакетика;Маття-латте - 1 шт.;Маття-латте - 1 шт.;0;;;;;;;;;;;;;;;;;;;;;;;;;;;;;;;;;;;;;;;;;;;;;;
22.07.2021;1883;;8 000;completed;liamlopez12@gmail.com;30.05.2021;5;3;2000.0;1100.0;4900.0;;7;Омолаживающий барсучий эликсир;Маття-латте - 5 шт.;Омолаживающий барсучий эликсир;0;;;;;;;;;;;;;;;;;;;;;;;;;;;;;;;;;;;;;;;;;;;;;;
06.02.2022;4010;;7 125;completed;Isabellasmith13@yandex.ru;15.10.2021;10;3;1900.0;325.0;4900.0;;14;Маття-латте - 5 шт.;Маття-латте - 1 шт.;Омолаживающий барсучий эликсир;0;;;;;;;;;;;;;;;;;;;;;;;;;;;;;;;;;;;;;;;;;;;;;;
05.11.2021;3783;;2 040;completed;Charlottebrown12@yahoo.com;07.04.2021;4;2;800.0;890.0;;;11;Фиточай с чабрецом - 4 пакетика;Фиточай с чабрецом - 4 пакетика;Маття-латте - 1 шт.;350;;;;;;;;;;;;;;;;;;;;;;;;;;;;;;;;;;;;;;;;;;;;;;
13.06.2021;3025;;5 400;completed;alexandertaylor1987@gmail.com;13.06.2021;6;2;1900.0;3500.0;;;6;Маття-латте - 5 шт.;Омолаживающий барсучий эликсир;Маття-латте - 1 шт.;0;;;;;;;;;;;;;;;;;;;;;;;;;;;;;;;;;;;;;;;;;;;;;;
23.09.2021;3490;;6 424;completed;Oliverjackson2007@yandex.ru;06.07.2021;7;3;587.0;4900.0;587.0;;9;Фиточай с чабрецом - 4 пакетика;Омолаживающий барсучий эликсир;Фиточай с чабрецом - 4 пакетика;350;;;;;;;;;;;;;;;;;;;;;;;;;;;;;;;;;;;;;;;;;;;;;;
18.12.2021;3834;;7 650;completed;Charlottethomas69@outlook.com;29.11.2021;11;3;1900.0;3500.0;1900.0;;12;Маття-латте - 5 шт.;Омолаживающий барсучий эликсир;Маття-латте - 5 шт.;350;;;;;;;;;;;;;;;;;;;;;;;;;;;;;;;;;;;;;;;;;;;;;;
22.11.2021;1780;;3 240;completed;Olivertaylor33@yahoo.com;22.11.2021;11;3;240.0;1900.0;1100.0;;11;Маття-латте - 1 шт.;Маття-латте - 5 шт.;Маття-латте - 5 шт.;0;;;;;;;;;;;;;;;;;;;;;;;;;;;;;;;;;;;;;;;;;;;;;;
08.08.2021;1967;;6 140;completed;Avamartinez13@yahoo.com;30.05.2021;5;2;4900.0;;890.0;;8;Омолаживающий барсучий эликсир;Маття-латте - 1 шт.;Фиточай с чабрецом - 4 пакетика;350;;;;;;;;;;;;;;;;;;;;;;;;;;;;;;;;;;;;;;;;;;;;;;
15.03.2021;3815;;7 690;returned;Liamtaylor2007@mail.ru;15.03.2021;3;3;890.0;4900.0;1900.0;;3;Фиточай с чабрецом - 4 пакетика;Омолаживающий барсучий эликсир;Маття-латте - 5 шт.;0;;;;;;;;;;;;;;;;;;;;;;;;;;;;;;;;;;;;;;;;;;;;;;
23.09.2021;3697;;9 075;completed;Oliverbrown33@yahoo.com;23.09.2021;9;3;325.0;4900.0;3500.0;;9;Маття-латте - 1 шт.;Омолаживающий барсучий эликсир;Омолаживающий барсучий эликсир;350;;;;;;;;;;;;;;;;;;;;;;;;;;;;;;;;;;;;;;;;;;;;;;
30.03.2021;2429;;4 950;completed;Alexanderlopez66@yahoo.com;30.03.2021;3;3;1900.0;800.0;1900.0;;3;Маття-латте - 5 шт.;Фиточай с чабрецом - 4 пакетика;Маття-латте - 5 шт.;350;;;;;;;;;;;;;;;;;;;;;;;;;;;;;;;;;;;;;;;;;;;;;;
02.11.2021;3705;;4 390;completed;Alexanderlopez1993@outlook.com;09.04.2021;4;2;3500.0;890.0;;;11;Омолаживающий барсучий эликсир;Фиточай с чабрецом - 4 пакетика;Маття-латте - 1 шт.;0;;;;;;;;;;;;;;;;;;;;;;;;;;;;;;;;;;;;;;;;;;;;;;
20.03.2021;1700;;6 025;completed;Avasmith1993@mail.ru;20.03.2021;3;3;325.0;800.0;4900.0;;3;Маття-латте - 1 шт.;Фиточай с чабрецом - 4 пакетика;Омолаживающий барсучий эликсир;0;;;;;;;;;;;;;;;;;;;;;;;;;;;;;;;;;;;;;;;;;;;;;;
15.04.2021;4196;;5 640;returned;Isabellasmith2007@yandex.ru;15.04.2021;4;3;3500.0;240.0;1900.0;;4;Омолаживающий барсучий эликсир;Маття-латте - 1 шт.;Маття-латте - 5 шт.;0;;;;;;;;;;;;;;;;;;;;;;;;;;;;;;;;;;;;;;;;;;;;;;
27.01.2022;3774;;6 850;completed;Emmawilliams88@outlook.com;27.01.2022;13;3;1900.0;3500.0;1100.0;;13;Маття-латте - 5 шт.;Омолаживающий барсучий эликсир;Маття-латте - 5 шт.;350;;;;;;;;;;;;;;;;;;;;;;;;;;;;;;;;;;;;;;;;;;;;;;
31.12.2021;1474;;7 750;completed;lucasmartinez69@gmail.com;19.02.2021;2;3;3500.0;1900.0;2000.0;;12;Омолаживающий барсучий эликсир;Маття-латте - 5 шт.;Омолаживающий барсучий эликсир;350;;;;;;;;;;;;;;;;;;;;;;;;;;;;;;;;;;;;;;;;;;;;;;
08.09.2021;3045;;7 590;completed;Charlotteanderson1993@mail.ru;25.03.2021;3;3;3500.0;240.0;3500.0;;9;Омолаживающий барсучий эликсир;Маття-латте - 1 шт.;Омолаживающий барсучий эликсир;350;;;;;;;;;;;;;;;;;;;;;;;;;;;;;;;;;;;;;;;;;;;;;;
06.08.2021;3041;;4 540;completed;Lucaslopez33@yahoo.com;06.08.2021;8;3;800.0;3500.0;240.0;;8;Фиточай с чабрецом - 4 пакетика;Омолаживающий барсучий эликсир;Маття-латте - 1 шт.;0;;;;;;;;;;;;;;;;;;;;;;;;;;;;;;;;;;;;;;;;;;;;;;
13.05.2021;2989;;4 065;completed;Williamjackson69@yandex.ru;13.05.2021;5;3;240.0;325.0;3500.0;;5;Маття-латте - 1 шт.;Маття-латте - 1 шт.;Омолаживающий барсучий эликсир;0;;;;;;;;;;;;;;;;;;;;;;;;;;;;;;;;;;;;;;;;;;;;;;
18.02.2021;2248;;3 287;completed;Williamthomas33@outlook.com;18.02.2021;2;3;587.0;800.0;1900.0;;2;Фиточай с чабрецом - 4 пакетика;Фиточай с чабрецом - 4 пакетика;Маття-латте - 5 шт.;0;;;;;;;;;;;;;;;;;;;;;;;;;;;;;;;;;;;;;;;;;;;;;;
04.03.2021;3922;;2 140;completed;Oliverthomas88@outlook.com;04.03.2021;3;3;1100.0;800.0;240.0;;3;Маття-латте - 5 шт.;Фиточай с чабрецом - 4 пакетика;Маття-латте - 1 шт.;0;;;;;;;;;;;;;;;;;;;;;;;;;;;;;;;;;;;;;;;;;;;;;;
11.07.2021;3131;;7 900;completed;Emmathomas0@mail.ru;11.07.2021;7;3;1100.0;1900.0;4900.0;;7;Маття-латте - 5 шт.;Маття-латте - 5 шт.;Омолаживающий барсучий эликсир;0;;;;;;;;;;;;;;;;;;;;;;;;;;;;;;;;;;;;;;;;;;;;;;
27.06.2021;3723;;1 502;completed;Olivermartinez69@yahoo.com;08.06.2021;6;3;240.0;325.0;587.0;;6;Маття-латте - 1 шт.;Маття-латте - 1 шт.;Фиточай с чабрецом - 4 пакетика;350;;;;;;;;;;;;;;;;;;;;;;;;;;;;;;;;;;;;;;;;;;;;;;
13.12.2021;1446;;6 377;completed;Emmataylor2007@mail.ru;13.12.2021;12;3;890.0;587.0;4900.0;;12;Фиточай с чабрецом - 4 пакетика;Фиточай с чабрецом - 4 пакетика;Омолаживающий барсучий эликсир;0;;;;;;;;;;;;;;;;;;;;;;;;;;;;;;;;;;;;;;;;;;;;;;
16.02.2022;3631;;4 975;completed;Sophiabrown12@gmail.com;10.08.2021;8;3;3500.0;800.0;325.0;;14;Омолаживающий барсучий эликсир;Фиточай с чабрецом - 4 пакетика;Маття-латте - 1 шт.;350;;;;;;;;;;;;;;;;;;;;;;;;;;;;;;;;;;;;;;;;;;;;;;
28.12.2021;3385;;6 300;completed;Isabellataylor69@outlook.com;26.03.2021;3;3;2000.0;800.0;3500.0;;12;Омолаживающий барсучий эликсир;Фиточай с чабрецом - 4 пакетика;Омолаживающий барсучий эликсир;0;;;;;;;;;;;;;;;;;;;;;;;;;;;;;;;;;;;;;;;;;;;;;;
27.03.2021;3779;;1 780;completed;Charlottejackson69@yahoo.com;27.03.2021;3;2;890.0;890.0;;;3;Фиточай с чабрецом - 4 пакетика;Фиточай с чабрецом - 4 пакетика;Маття-латте - 1 шт.;0;;;;;;;;;;;;;;;;;;;;;;;;;;;;;;;;;;;;;;;;;;;;;;
02.03.2021;2283;;6 290;completed;Alexandersmith0@mail.ru;02.03.2021;3;3;890.0;1900.0;3500.0;;3;Фиточай с чабрецом - 4 пакетика;Маття-латте - 5 шт.;Омолаживающий барсучий эликсир;0;;;;;;;;;;;;;;;;;;;;;;;;;;;;;;;;;;;;;;;;;;;;;;
17.07.2021;1806;;3 287;returned;Olivermartinez69@yahoo.com;22.02.2021;2;3;1900.0;800.0;587.0;;7;Маття-латте - 5 шт.;Фиточай с чабрецом - 4 пакетика;Фиточай с чабрецом - 4 пакетика;0;;;;;;;;;;;;;;;;;;;;;;;;;;;;;;;;;;;;;;;;;;;;;;
19.08.2021;3762;;1 425;completed;Williammartinez66@outlook.com;19.08.2021;8;2;325.0;;1100.0;;8;Маття-латте - 1 шт.;Маття-латте - 1 шт.;Маття-латте - 5 шт.;0;;;;;;;;;;;;;;;;;;;;;;;;;;;;;;;;;;;;;;;;;;;;;;
29.12.2021;3033;;10 390;completed;Emmamoore12@yahoo.com;23.04.2021;4;3;4900.0;240.0;4900.0;;12;Омолаживающий барсучий эликсир;Маття-латте - 1 шт.;Омолаживающий барсучий эликсир;350;;;;;;;;;;;;;;;;;;;;;;;;;;;;;;;;;;;;;;;;;;;;;;
01.02.2022;1391;;3 477;completed;Lucasjackson33@yandex.ru;01.02.2022;14;3;890.0;587.0;2000.0;;14;Фиточай с чабрецом - 4 пакетика;Фиточай с чабрецом - 4 пакетика;Омолаживающий барсучий эликсир;0;;;;;;;;;;;;;;;;;;;;;;;;;;;;;;;;;;;;;;;;;;;;;;
16.06.2021;3756;;9 000;completed;Williamanderson33@yandex.ru;06.04.2021;4;3;2000.0;3500.0;3500.0;;6;Омолаживающий барсучий эликсир;Омолаживающий барсучий эликсир;Омолаживающий барсучий эликсир;0;;;;;;;;;;;;;;;;;;;;;;;;;;;;;;;;;;;;;;;;;;;;;;
23.11.2021;2839;;3 900;returned;Alexanderthomas33@outlook.com;25.03.2021;3;3;2000.0;1100.0;800.0;;11;Омолаживающий барсучий эликсир;Маття-латте - 5 шт.;Фиточай с чабрецом - 4 пакетика;0;;;;;;;;;;;;;;;;;;;;;;;;;;;;;;;;;;;;;;;;;;;;;;
08.12.2021;2042;;4 674;completed;Emmawilliams69@yandex.ru;14.06.2021;6;3;587.0;587.0;3500.0;;12;Фиточай с чабрецом - 4 пакетика;Фиточай с чабрецом - 4 пакетика;Омолаживающий барсучий эликсир;0;;;;;;;;;;;;;;;;;;;;;;;;;;;;;;;;;;;;;;;;;;;;;;
31.08.2021;1790;;3 000;completed;alexanderlopez1993@gmail.com;07.04.2021;4;2;1100.0;1900.0;;;8;Маття-латте - 5 шт.;Маття-латте - 5 шт.;Маття-латте - 1 шт.;0;;;;;;;;;;;;;;;;;;;;;;;;;;;;;;;;;;;;;;;;;;;;;;
04.07.2021;3180;;3 827;completed;Lucasanderson1987@mail.ru;04.07.2021;7;3;890.0;2000.0;587.0;;7;Фиточай с чабрецом - 4 пакетика;Омолаживающий барсучий эликсир;Фиточай с чабрецом - 4 пакетика;350;;;;;;;;;;;;;;;;;;;;;;;;;;;;;;;;;;;;;;;;;;;;;;
25.07.2021;1970;;5 550;returned;Alexanderanderson12@yahoo.com;25.07.2021;7;3;4900.0;325.0;325.0;;7;Омолаживающий барсучий эликсир;Маття-латте - 1 шт.;Маття-латте - 1 шт.;0;;;;;;;;;;;;;;;;;;;;;;;;;;;;;;;;;;;;;;;;;;;;;;
09.06.2021;2838;;10 387;completed;Alexandermartinez0@mail.ru;29.04.2021;4;3;587.0;4900.0;4900.0;;6;Фиточай с чабрецом - 4 пакетика;Омолаживающий барсучий эликсир;Омолаживающий барсучий эликсир;0;;;;;;;;;;;;;;;;;;;;;;;;;;;;;;;;;;;;;;;;;;;;;;
24.12.2021;1793;;6 890;completed;Charlottemartinez13@yandex.ru;24.12.2021;12;3;1100.0;890.0;4900.0;;12;Маття-латте - 5 шт.;Фиточай с чабрецом - 4 пакетика;Омолаживающий барсучий эликсир;0;;;;;;;;;;;;;;;;;;;;;;;;;;;;;;;;;;;;;;;;;;;;;;
25.07.2021;4140;;6 500;completed;Avamoore88@yandex.ru;25.07.2021;7;3;4900.0;800.0;800.0;;7;Омолаживающий барсучий эликсир;Фиточай с чабрецом - 4 пакетика;Фиточай с чабрецом - 4 пакетика;0;;;;;;;;;;;;;;;;;;;;;;;;;;;;;;;;;;;;;;;;;;;;;;
10.06.2021;4228;;6 350;completed;Emmajackson12@gmail.com;10.06.2021;6;2;;4900.0;1100.0;;6;Маття-латте - 1 шт.;Омолаживающий барсучий эликсир;Маття-латте - 5 шт.;350;;;;;;;;;;;;;;;;;;;;;;;;;;;;;;;;;;;;;;;;;;;;;;
07.11.2021;3651;;8 000;returned;Sophiamoore33@yandex.ru;07.11.2021;11;3;4900.0;2000.0;1100.0;;11;Омолаживающий барсучий эликсир;Омолаживающий барсучий эликсир;Маття-латте - 5 шт.;0;;;;;;;;;;;;;;;;;;;;;;;;;;;;;;;;;;;;;;;;;;;;;;
26.01.2022;3066;;4 762;completed;oliverbrown88@gmail.com;12.03.2021;3;3;587.0;325.0;3500.0;;13;Фиточай с чабрецом - 4 пакетика;Маття-латте - 1 шт.;Омолаживающий барсучий эликсир;350;;;;;;;;;;;;;;;;;;;;;;;;;;;;;;;;;;;;;;;;;;;;;;
20.11.2021;3779;;4 887;completed;Charlottejackson69@yahoo.com;27.03.2021;3;3;587.0;800.0;3500.0;;11;Фиточай с чабрецом - 4 пакетика;Фиточай с чабрецом - 4 пакетика;Омолаживающий барсучий эликсир;0;;;;;;;;;;;;;;;;;;;;;;;;;;;;;;;;;;;;;;;;;;;;;;
15.02.2022;2119;;4 700;completed;alexanderthomas1987@gmail.com;26.01.2022;13;3;2000.0;800.0;1900.0;;14;Омолаживающий барсучий эликсир;Фиточай с чабрецом - 4 пакетика;Маття-латте - 5 шт.;0;;;;;;;;;;;;;;;;;;;;;;;;;;;;;;;;;;;;;;;;;;;;;;
12.06.2021;4029;;4 340;completed;Alexanderwilliams1993@mail.ru;05.05.2021;5;3;890.0;1100.0;2000.0;;6;Фиточай с чабрецом - 4 пакетика;Маття-латте - 5 шт.;Омолаживающий барсучий эликсир;350;;;;;;;;;;;;;;;;;;;;;;;;;;;;;;;;;;;;;;;;;;;;;;
26.07.2021;1765;;5 740;completed;Williamtaylor66@yandex.ru;26.07.2021;7;3;3500.0;2000.0;240.0;;7;Омолаживающий барсучий эликсир;Омолаживающий барсучий эликсир;Маття-латте - 1 шт.;0;;;;;;;;;;;;;;;;;;;;;;;;;;;;;;;;;;;;;;;;;;;;;;
28.07.2021;2761;;2 140;completed;Isabellawilliams12@yahoo.com;28.07.2021;7;2;;1900.0;240.0;;7;Маття-латте - 1 шт.;Маття-латте - 5 шт.;Маття-латте - 1 шт.;0;;;;;;;;;;;;;;;;;;;;;;;;;;;;;;;;;;;;;;;;;;;;;;
29.06.2021;3477;;4 600;completed;alexandersmith1987@gmail.com;29.06.2021;6;2;;3500.0;1100.0;;6;Маття-латте - 1 шт.;Омолаживающий барсучий эликсир;Маття-латте - 5 шт.;0;;;;;;;;;;;;;;;;;;;;;;;;;;;;;;;;;;;;;;;;;;;;;;
12.01.2022;3771;;6 465;completed;Olivertaylor33@outlook.com;17.04.2021;4;3;4900.0;325.0;890.0;;13;Омолаживающий барсучий эликсир;Маття-латте - 1 шт.;Фиточай с чабрецом - 4 пакетика;350;;;;;;;;;;;;;;;;;;;;;;;;;;;;;;;;;;;;;;;;;;;;;;
13.12.2021;3498;;2 890;completed;Sophiabrown66@gmail.com;13.12.2021;12;2;;890.0;2000.0;;12;Маття-латте - 1 шт.;Фиточай с чабрецом - 4 пакетика;Омолаживающий барсучий эликсир;0;;;;;;;;;;;;;;;;;;;;;;;;;;;;;;;;;;;;;;;;;;;;;;
06.01.2022;1679;;3 450;completed;Alexanderjackson13@yahoo.com;20.04.2021;4;2;;2000.0;1100.0;;13;Маття-латте - 1 шт.;Омолаживающий барсучий эликсир;Маття-латте - 5 шт.;350;;;;;;;;;;;;;;;;;;;;;;;;;;;;;;;;;;;;;;;;;;;;;;
30.11.2021;3858;;5 837;completed;Isabellathomas88@yahoo.com;27.04.2021;4;2;587.0;4900.0;;;11;Фиточай с чабрецом - 4 пакетика;Омолаживающий барсучий эликсир;Маття-латте - 1 шт.;350;;;;;;;;;;;;;;;;;;;;;;;;;;;;;;;;;;;;;;;;;;;;;;
23.11.2021;2475;;4 327;completed;Isabellamoore66@outlook.com;13.03.2021;3;3;240.0;587.0;3500.0;;11;Маття-латте - 1 шт.;Фиточай с чабрецом - 4 пакетика;Омолаживающий барсучий эликсир;0;;;;;;;;;;;;;;;;;;;;;;;;;;;;;;;;;;;;;;;;;;;;;;
12.08.2021;2732;;4 087;completed;Liamwilliams2007@yandex.ru;12.08.2021;8;2;;3500.0;587.0;;8;Маття-латте - 1 шт.;Омолаживающий барсучий эликсир;Фиточай с чабрецом - 4 пакетика;0;;;;;;;;;;;;;;;;;;;;;;;;;;;;;;;;;;;;;;;;;;;;;;
28.01.2022;1835;;8 400;returned;Sophiajackson69@yandex.ru;21.08.2021;8;2;;4900.0;3500.0;;13;Маття-латте - 1 шт.;Омолаживающий барсучий эликсир;Омолаживающий барсучий эликсир;0;;;;;;;;;;;;;;;;;;;;;;;;;;;;;;;;;;;;;;;;;;;;;;
03.11.2021;1417;;2 015;completed;Avataylor13@outlook.com;03.11.2021;11;3;240.0;1100.0;325.0;;11;Маття-латте - 1 шт.;Маття-латте - 5 шт.;Маття-латте - 1 шт.;350;;;;;;;;;;;;;;;;;;;;;;;;;;;;;;;;;;;;;;;;;;;;;;
06.12.2021;2167;;7 125;completed;Sophiajackson69@yahoo.com;19.11.2021;11;3;1900.0;325.0;4900.0;;12;Маття-латте - 5 шт.;Маття-латте - 1 шт.;Омолаживающий барсучий эликсир;0;;;;;;;;;;;;;;;;;;;;;;;;;;;;;;;;;;;;;;;;;;;;;;
02.06.2021;1289;;4 240;completed;Alexandersmith33@outlook.com;02.06.2021;6;3;1100.0;1900.0;890.0;;6;Маття-латте - 5 шт.;Маття-латте - 5 шт.;Фиточай с чабрецом - 4 пакетика;350;;;;;;;;;;;;;;;;;;;;;;;;;;;;;;;;;;;;;;;;;;;;;;
25.01.2022;2777;;6 115;completed;Emmabrown12@yahoo.com;29.04.2021;4;3;325.0;4900.0;890.0;;13;Маття-латте - 1 шт.;Омолаживающий барсучий эликсир;Фиточай с чабрецом - 4 пакетика;0;;;;;;;;;;;;;;;;;;;;;;;;;;;;;;;;;;;;;;;;;;;;;;
09.12.2021;3335;;5 400;completed;Isabellawilliams0@yandex.ru;09.12.2021;12;2;;3500.0;1900.0;;12;Маття-латте - 1 шт.;Омолаживающий барсучий эликсир;Маття-латте - 5 шт.;0;;;;;;;;;;;;;;;;;;;;;;;;;;;;;;;;;;;;;;;;;;;;;;
11.08.2021;1521;;4 762;returned;Charlottelopez0@yandex.ru;11.08.2021;8;3;3500.0;325.0;587.0;;8;Омолаживающий барсучий эликсир;Маття-латте - 1 шт.;Фиточай с чабрецом - 4 пакетика;350;;;;;;;;;;;;;;;;;;;;;;;;;;;;;;;;;;;;;;;;;;;;;;
07.11.2021;1659;;3 690;returned;emmamartinez13@yahoo.com;08.06.2021;6;3;1100.0;2000.0;240.0;;11;Маття-латте - 5 шт.;Омолаживающий барсучий эликсир;Маття-латте - 1 шт.;350;;;;;;;;;;;;;;;;;;;;;;;;;;;;;;;;;;;;;;;;;;;;;;
27.04.2021;2817;;4 325;completed;isabellamoore13@outlook.com;27.04.2021;4;3;325.0;2000.0;2000.0;;4;Маття-латте - 1 шт.;Омолаживающий барсучий эликсир;Омолаживающий барсучий эликсир;0;;;;;;;;;;;;;;;;;;;;;;;;;;;;;;;;;;;;;;;;;;;;;;
05.09.2021;1678;;6 337;completed;Emmathomas13@gmail.com;12.04.2021;4;3;3500.0;587.0;1900.0;;9;Омолаживающий барсучий эликсир;Фиточай с чабрецом - 4 пакетика;Маття-латте - 5 шт.;350;;;;;;;;;;;;;;;;;;;;;;;;;;;;;;;;;;;;;;;;;;;;;;
14.03.2021;3572;;4 677;completed;Charlottebrown1987@outlook.com;14.03.2021;3;3;240.0;587.0;3500.0;;3;Маття-латте - 1 шт.;Фиточай с чабрецом - 4 пакетика;Омолаживающий барсучий эликсир;350;;;;;;;;;;;;;;;;;;;;;;;;;;;;;;;;;;;;;;;;;;;;;;
08.06.2021;3007;;7 125;completed;Sophiajackson69@yahoo.com;27.02.2021;2;3;1900.0;4900.0;325.0;;6;Маття-латте - 5 шт.;Омолаживающий барсучий эликсир;Маття-латте - 1 шт.;0;;;;;;;;;;;;;;;;;;;;;;;;;;;;;;;;;;;;;;;;;;;;;;
12.12.2021;2419;;1 580;completed;Lucasmartinez66@yahoo.com;12.12.2021;12;3;240.0;240.0;1100.0;;12;Маття-латте - 1 шт.;Маття-латте - 1 шт.;Маття-латте - 5 шт.;0;;;;;;;;;;;;;;;;;;;;;;;;;;;;;;;;;;;;;;;;;;;;;;
16.09.2021;1899;;4 715;completed;liammoore88@gmail.com;05.07.2021;7;3;325.0;3500.0;890.0;;9;Маття-латте - 1 шт.;Омолаживающий барсучий эликсир;Фиточай с чабрецом - 4 пакетика;0;;;;;;;;;;;;;;;;;;;;;;;;;;;;;;;;;;;;;;;;;;;;;;
13.12.2021;1509;;4 900;completed;Liamthomas12@mail.ru;13.12.2021;12;3;1900.0;1100.0;1900.0;;12;Маття-латте - 5 шт.;Маття-латте - 5 шт.;Маття-латте - 5 шт.;0;;;;;;;;;;;;;;;;;;;;;;;;;;;;;;;;;;;;;;;;;;;;;;
15.08.2021;3090;;10 737;completed;Oliversmith13@mail.ru;28.02.2021;2;3;4900.0;587.0;4900.0;;8;Омолаживающий барсучий эликсир;Фиточай с чабрецом - 4 пакетика;Омолаживающий барсучий эликсир;350;;;;;;;;;;;;;;;;;;;;;;;;;;;;;;;;;;;;;;;;;;;;;;
07.09.2021;1875;;5 725;completed;Emmathomas66@outlook.com;23.04.2021;4;3;325.0;1900.0;3500.0;;9;Маття-латте - 1 шт.;Маття-латте - 5 шт.;Омолаживающий барсучий эликсир;0;;;;;;;;;;;;;;;;;;;;;;;;;;;;;;;;;;;;;;;;;;;;;;
05.05.2021;3147;;8 987;completed;Charlottethomas1993@outlook.com;05.05.2021;5;3;4900.0;3500.0;587.0;;5;Омолаживающий барсучий эликсир;Омолаживающий барсучий эликсир;Фиточай с чабрецом - 4 пакетика;0;;;;;;;;;;;;;;;;;;;;;;;;;;;;;;;;;;;;;;;;;;;;;;
30.04.2021;2261;;240;completed;Sophiamoore1987@outlook.com;30.04.2021;4;1;;240.0;;;4;Маття-латте - 1 шт.;Маття-латте - 1 шт.;Маття-латте - 1 шт.;0;;;;;;;;;;;;;;;;;;;;;;;;;;;;;;;;;;;;;;;;;;;;;;
07.11.2021;2606;;4 575;completed;Charlottethomas0@yahoo.com;28.06.2021;6;3;325.0;1900.0;2000.0;;11;Маття-латте - 1 шт.;Маття-латте - 5 шт.;Омолаживающий барсучий эликсир;350;;;;;;;;;;;;;;;;;;;;;;;;;;;;;;;;;;;;;;;;;;;;;;
13.03.2021;4039;;2 940;completed;Sophiasmith66@yandex.ru;13.03.2021;3;3;240.0;800.0;1900.0;;3;Маття-латте - 1 шт.;Фиточай с чабрецом - 4 пакетика;Маття-латте - 5 шт.;0;;;;;;;;;;;;;;;;;;;;;;;;;;;;;;;;;;;;;;;;;;;;;;
13.11.2021;4104;;5 500;completed;sophiawilliams1987@gmail.com;17.10.2021;10;2;;3500.0;2000.0;;11;Маття-латте - 1 шт.;Омолаживающий барсучий эликсир;Омолаживающий барсучий эликсир;0;;;;;;;;;;;;;;;;;;;;;;;;;;;;;;;;;;;;;;;;;;;;;;
11.04.2021;1904;;7 800;returned;sophiamoore1987@gmail.com;11.04.2021;4;3;800.0;3500.0;3500.0;;4;Фиточай с чабрецом - 4 пакетика;Омолаживающий барсучий эликсир;Омолаживающий барсучий эликсир;0;;;;;;;;;;;;;;;;;;;;;;;;;;;;;;;;;;;;;;;;;;;;;;
15.03.2021;2002;;4 740;completed;Alexandertaylor1987@outlook.com;08.03.2021;3;2;890.0;;3500.0;;3;Фиточай с чабрецом - 4 пакетика;Маття-латте - 1 шт.;Омолаживающий барсучий эликсир;350;;;;;;;;;;;;;;;;;;;;;;;;;;;;;;;;;;;;;;;;;;;;;;
27.11.2021;2096;;3 990;returned;Charlottesmith69@mail.ru;28.03.2021;3;3;1100.0;890.0;2000.0;;11;Маття-латте - 5 шт.;Фиточай с чабрецом - 4 пакетика;Омолаживающий барсучий эликсир;0;;;;;;;;;;;;;;;;;;;;;;;;;;;;;;;;;;;;;;;;;;;;;;
05.06.2021;2170;;1 067;completed;Williamlopez33@yahoo.com;05.03.2021;3;3;240.0;587.0;240.0;;6;Маття-латте - 1 шт.;Фиточай с чабрецом - 4 пакетика;Маття-латте - 1 шт.;0;;;;;;;;;;;;;;;;;;;;;;;;;;;;;;;;;;;;;;;;;;;;;;
07.04.2021;1790;;8 140;completed;alexanderlopez1993@gmail.com;07.04.2021;4;3;890.0;4900.0;2000.0;;4;Фиточай с чабрецом - 4 пакетика;Омолаживающий барсучий эликсир;Омолаживающий барсучий эликсир;350;;;;;;;;;;;;;;;;;;;;;;;;;;;;;;;;;;;;;;;;;;;;;;
06.08.2021;1310;;2 240;returned;Williammoore13@yahoo.com;06.08.2021;8;2;;240.0;2000.0;;8;Маття-латте - 1 шт.;Маття-латте - 1 шт.;Омолаживающий барсучий эликсир;0;;;;;;;;;;;;;;;;;;;;;;;;;;;;;;;;;;;;;;;;;;;;;;
16.07.2021;1413;;3 130;returned;Isabellamartinez1987@yandex.ru;16.07.2021;7;3;2000.0;890.0;240.0;;7;Омолаживающий барсучий эликсир;Фиточай с чабрецом - 4 пакетика;Маття-латте - 1 шт.;0;;;;;;;;;;;;;;;;;;;;;;;;;;;;;;;;;;;;;;;;;;;;;;
16.09.2021;2600;;2 937;completed;oliverlopez69@gmail.com;16.09.2021;9;2;587.0;2000.0;;;9;Фиточай с чабрецом - 4 пакетика;Омолаживающий барсучий эликсир;Маття-латте - 1 шт.;350;;;;;;;;;;;;;;;;;;;;;;;;;;;;;;;;;;;;;;;;;;;;;;
25.07.2021;1289;;4 140;returned;Alexandersmith33@outlook.com;02.06.2021;6;3;2000.0;240.0;1900.0;;7;Омолаживающий барсучий эликсир;Маття-латте - 1 шт.;Маття-латте - 5 шт.;0;;;;;;;;;;;;;;;;;;;;;;;;;;;;;;;;;;;;;;;;;;;;;;
11.03.2021;1240;;8 987;completed;Isabellamoore69@yandex.ru;11.03.2021;3;3;3500.0;587.0;4900.0;;3;Омолаживающий барсучий эликсир;Фиточай с чабрецом - 4 пакетика;Омолаживающий барсучий эликсир;0;;;;;;;;;;;;;;;;;;;;;;;;;;;;;;;;;;;;;;;;;;;;;;
30.11.2021;2375;;2 440;completed;Isabellabrown88@outlook.com;18.06.2021;6;3;1100.0;240.0;1100.0;;11;Маття-латте - 5 шт.;Маття-латте - 1 шт.;Маття-латте - 5 шт.;0;;;;;;;;;;;;;;;;;;;;;;;;;;;;;;;;;;;;;;;;;;;;;;
22.10.2021;2459;;5 100;completed;lucastaylor66@gmail.com;24.03.2021;3;3;1100.0;2000.0;2000.0;;10;Маття-латте - 5 шт.;Омолаживающий барсучий эликсир;Омолаживающий барсучий эликсир;0;;;;;;;;;;;;;;;;;;;;;;;;;;;;;;;;;;;;;;;;;;;;;;
06.05.2021;1528;;7 675;completed;Isabellajackson13@mail.ru;06.05.2021;5;3;325.0;3500.0;3500.0;;5;Маття-латте - 1 шт.;Омолаживающий барсучий эликсир;Омолаживающий барсучий эликсир;350;;;;;;;;;;;;;;;;;;;;;;;;;;;;;;;;;;;;;;;;;;;;;;
27.05.2021;3483;;6 650;completed;Lucasmoore1993@outlook.com;14.03.2021;3;3;800.0;2000.0;3500.0;;5;Фиточай с чабрецом - 4 пакетика;Омолаживающий барсучий эликсир;Омолаживающий барсучий эликсир;350;;;;;;;;;;;;;;;;;;;;;;;;;;;;;;;;;;;;;;;;;;;;;;
28.12.2021;1879;;4 840;completed;emmajackson1993@gmail.com;28.12.2021;12;3;3500.0;1100.0;240.0;;12;Омолаживающий барсучий эликсир;Маття-латте - 5 шт.;Маття-латте - 1 шт.;0;;;;;;;;;;;;;;;;;;;;;;;;;;;;;;;;;;;;;;;;;;;;;;
06.02.2022;2231;;3 990;completed;Isabellabrown33@outlook.com;28.07.2021;7;3;890.0;1100.0;2000.0;;14;Фиточай с чабрецом - 4 пакетика;Маття-латте - 5 шт.;Омолаживающий барсучий эликсир;0;;;;;;;;;;;;;;;;;;;;;;;;;;;;;;;;;;;;;;;;;;;;;;
18.07.2021;2302;;3 130;completed;lucassmith69@gmail.com;24.05.2021;5;3;240.0;2000.0;890.0;;7;Маття-латте - 1 шт.;Омолаживающий барсучий эликсир;Фиточай с чабрецом - 4 пакетика;0;;;;;;;;;;;;;;;;;;;;;;;;;;;;;;;;;;;;;;;;;;;;;;
11.07.2021;2049;;5 465;completed;isabellathomas0@gmail.com;01.05.2021;5;3;325.0;4900.0;240.0;;7;Маття-латте - 1 шт.;Омолаживающий барсучий эликсир;Маття-латте - 1 шт.;0;;;;;;;;;;;;;;;;;;;;;;;;;;;;;;;;;;;;;;;;;;;;;;
12.04.2021;1738;;6 115;returned;Avalopez0@yandex.ru;12.04.2021;4;3;325.0;4900.0;890.0;;4;Маття-латте - 1 шт.;Омолаживающий барсучий эликсир;Фиточай с чабрецом - 4 пакетика;0;;;;;;;;;;;;;;;;;;;;;;;;;;;;;;;;;;;;;;;;;;;;;;
15.03.2021;1398;;4 890;completed;Avaanderson66@yandex.ru;02.03.2021;3;3;890.0;2000.0;2000.0;;3;Фиточай с чабрецом - 4 пакетика;Омолаживающий барсучий эликсир;Омолаживающий барсучий эликсир;0;;;;;;;;;;;;;;;;;;;;;;;;;;;;;;;;;;;;;;;;;;;;;;
13.02.2022;2421;;2 717;completed;Olivermartinez12@yahoo.com;13.02.2022;14;3;587.0;890.0;890.0;;14;Фиточай с чабрецом - 4 пакетика;Фиточай с чабрецом - 4 пакетика;Фиточай с чабрецом - 4 пакетика;350;;;;;;;;;;;;;;;;;;;;;;;;;;;;;;;;;;;;;;;;;;;;;;
18.11.2021;2375;;1 761;completed;Isabellabrown88@outlook.com;18.06.2021;6;3;587.0;587.0;587.0;;11;Фиточай с чабрецом - 4 пакетика;Фиточай с чабрецом - 4 пакетика;Фиточай с чабрецом - 4 пакетика;0;;;;;;;;;;;;;;;;;;;;;;;;;;;;;;;;;;;;;;;;;;;;;;
12.09.2021;3633;;3 074;completed;Williamwilliams88@mail.ru;12.09.2021;9;3;587.0;1900.0;587.0;;9;Фиточай с чабрецом - 4 пакетика;Маття-латте - 5 шт.;Фиточай с чабрецом - 4 пакетика;0;;;;;;;;;;;;;;;;;;;;;;;;;;;;;;;;;;;;;;;;;;;;;;
01.09.2021;1411;;6 287;completed;Charlottejackson12@yandex.ru;01.09.2021;9;3;4900.0;800.0;587.0;;9;Омолаживающий барсучий эликсир;Фиточай с чабрецом - 4 пакетика;Фиточай с чабрецом - 4 пакетика;0;;;;;;;;;;;;;;;;;;;;;;;;;;;;;;;;;;;;;;;;;;;;;;
12.03.2021;2271;;4 650;completed;Olivermoore88@yahoo.com;12.03.2021;3;2;800.0;;3500.0;;3;Фиточай с чабрецом - 4 пакетика;Маття-латте - 1 шт.;Омолаживающий барсучий эликсир;350;;;;;;;;;;;;;;;;;;;;;;;;;;;;;;;;;;;;;;;;;;;;;;
02.02.2022;2955;;5 490;completed;avawilliams66@gmail.com;13.03.2021;3;3;890.0;1100.0;3500.0;;14;Фиточай с чабрецом - 4 пакетика;Маття-латте - 5 шт.;Омолаживающий барсучий эликсир;0;;;;;;;;;;;;;;;;;;;;;;;;;;;;;;;;;;;;;;;;;;;;;;
17.07.2021;1581;;10 040;completed;Sophiabrown66@yahoo.com;17.07.2021;7;3;240.0;4900.0;4900.0;;7;Маття-латте - 1 шт.;Омолаживающий барсучий эликсир;Омолаживающий барсучий эликсир;0;;;;;;;;;;;;;;;;;;;;;;;;;;;;;;;;;;;;;;;;;;;;;;
28.03.2021;3198;;2 915;returned;Emmaanderson2007@yandex.ru;28.03.2021;3;3;325.0;2000.0;240.0;;3;Маття-латте - 1 шт.;Омолаживающий барсучий эликсир;Маття-латте - 1 шт.;350;;;;;;;;;;;;;;;;;;;;;;;;;;;;;;;;;;;;;;;;;;;;;;
19.12.2021;4154;;6 050;completed;Charlotteanderson88@outlook.com;11.12.2021;12;2;4900.0;800.0;;;12;Омолаживающий барсучий эликсир;Фиточай с чабрецом - 4 пакетика;Маття-латте - 1 шт.;350;;;;;;;;;;;;;;;;;;;;;;;;;;;;;;;;;;;;;;;;;;;;;;
29.11.2021;3400;;6 290;completed;lucasanderson66@gmail.com;18.06.2021;6;3;890.0;1900.0;3500.0;;11;Фиточай с чабрецом - 4 пакетика;Маття-латте - 5 шт.;Омолаживающий барсучий эликсир;0;;;;;;;;;;;;;;;;;;;;;;;;;;;;;;;;;;;;;;;;;;;;;;
01.12.2021;2951;;3 827;completed;liammoore33@gmail.com;01.12.2021;12;3;890.0;587.0;2000.0;;12;Фиточай с чабрецом - 4 пакетика;Фиточай с чабрецом - 4 пакетика;Омолаживающий барсучий эликсир;350;;;;;;;;;;;;;;;;;;;;;;;;;;;;;;;;;;;;;;;;;;;;;;
15.04.2021;2604;;1 174;completed;Emmataylor33@yandex.ru;15.04.2021;4;2;;587.0;587.0;;4;Маття-латте - 1 шт.;Фиточай с чабрецом - 4 пакетика;Фиточай с чабрецом - 4 пакетика;0;;;;;;;;;;;;;;;;;;;;;;;;;;;;;;;;;;;;;;;;;;;;;;
25.06.2021;2128;;2 250;completed;lucaslopez33@gmail.com;25.06.2021;6;2;800.0;1100.0;;;6;Фиточай с чабрецом - 4 пакетика;Маття-латте - 5 шт.;Маття-латте - 1 шт.;350;;;;;;;;;;;;;;;;;;;;;;;;;;;;;;;;;;;;;;;;;;;;;;
27.12.2021;4013;;2 067;completed;Isabellawilliams33@outlook.com;25.10.2021;10;3;587.0;890.0;240.0;;12;Фиточай с чабрецом - 4 пакетика;Фиточай с чабрецом - 4 пакетика;Маття-латте - 1 шт.;350;;;;;;;;;;;;;;;;;;;;;;;;;;;;;;;;;;;;;;;;;;;;;;
28.12.2021;4030;;2 325;completed;Liambrown1993@gmail.com;14.07.2021;7;2;;325.0;2000.0;;12;Маття-латте - 1 шт.;Маття-латте - 1 шт.;Омолаживающий барсучий эликсир;0;;;;;;;;;;;;;;;;;;;;;;;;;;;;;;;;;;;;;;;;;;;;;;
11.03.2021;2097;;3 240;completed;emmataylor0@gmail.com;11.03.2021;3;2;890.0;2000.0;;;3;Фиточай с чабрецом - 4 пакетика;Омолаживающий барсучий эликсир;Маття-латте - 1 шт.;350;;;;;;;;;;;;;;;;;;;;;;;;;;;;;;;;;;;;;;;;;;;;;;
16.07.2021;2625;;3 990;completed;Williamwilliams12@yahoo.com;16.07.2021;7;3;2000.0;890.0;1100.0;;7;Омолаживающий барсучий эликсир;Фиточай с чабрецом - 4 пакетика;Маття-латте - 5 шт.;0;;;;;;;;;;;;;;;;;;;;;;;;;;;;;;;;;;;;;;;;;;;;;;
25.08.2021;1295;;1 215;completed;Sophiamoore0@outlook.com;25.08.2021;8;2;890.0;325.0;;;8;Фиточай с чабрецом - 4 пакетика;Маття-латте - 1 шт.;Маття-латте - 1 шт.;0;;;;;;;;;;;;;;;;;;;;;;;;;;;;;;;;;;;;;;;;;;;;;;
10.10.2021;2954;;6 590;completed;Liamthomas69@yandex.ru;10.10.2021;10;3;4900.0;890.0;800.0;;10;Омолаживающий барсучий эликсир;Фиточай с чабрецом - 4 пакетика;Фиточай с чабрецом - 4 пакетика;0;;;;;;;;;;;;;;;;;;;;;;;;;;;;;;;;;;;;;;;;;;;;;;
21.03.2021;1490;;1 390;completed;williammartinez88@gmail.com;21.03.2021;3;2;800.0;240.0;;;3;Фиточай с чабрецом - 4 пакетика;Маття-латте - 1 шт.;Маття-латте - 1 шт.;350;;;;;;;;;;;;;;;;;;;;;;;;;;;;;;;;;;;;;;;;;;;;;;
11.08.2021;3864;;1 764;completed;Williambrown66@yandex.ru;02.05.2021;5;3;587.0;587.0;240.0;;8;Фиточай с чабрецом - 4 пакетика;Фиточай с чабрецом - 4 пакетика;Маття-латте - 1 шт.;350;;;;;;;;;;;;;;;;;;;;;;;;;;;;;;;;;;;;;;;;;;;;;;
20.11.2021;2186;;3 500;completed;Charlottemoore1987@mail.ru;10.04.2021;4;1;3500.0;;;;11;Омолаживающий барсучий эликсир;Маття-латте - 1 шт.;Маття-латте - 1 шт.;0;;;;;;;;;;;;;;;;;;;;;;;;;;;;;;;;;;;;;;;;;;;;;;
24.08.2021;2438;;3 990;completed;Williammoore12@yandex.ru;24.08.2021;8;3;890.0;1100.0;2000.0;;8;Фиточай с чабрецом - 4 пакетика;Маття-латте - 5 шт.;Омолаживающий барсучий эликсир;0;;;;;;;;;;;;;;;;;;;;;;;;;;;;;;;;;;;;;;;;;;;;;;
20.11.2021;2569;;5 700;completed;isabellajackson88@gmail.com;20.11.2021;11;2;800.0;4900.0;;;11;Фиточай с чабрецом - 4 пакетика;Омолаживающий барсучий эликсир;Маття-латте - 1 шт.;0;;;;;;;;;;;;;;;;;;;;;;;;;;;;;;;;;;;;;;;;;;;;;;
08.06.2021;3404;;6 587;completed;Lucasbrown12@yandex.ru;24.04.2021;4;3;587.0;4900.0;1100.0;;6;Фиточай с чабрецом - 4 пакетика;Омолаживающий барсучий эликсир;Маття-латте - 5 шт.;0;;;;;;;;;;;;;;;;;;;;;;;;;;;;;;;;;;;;;;;;;;;;;;
06.08.2021;2342;;3 240;completed;alexandermoore69@gmail.com;05.03.2021;3;3;1100.0;240.0;1900.0;;8;Маття-латте - 5 шт.;Маття-латте - 1 шт.;Маття-латте - 5 шт.;0;;;;;;;;;;;;;;;;;;;;;;;;;;;;;;;;;;;;;;;;;;;;;;
01.10.2021;2257;;2 490;completed;Charlottewilliams88@yandex.ru;13.04.2021;4;2;;1900.0;240.0;;10;Маття-латте - 1 шт.;Маття-латте - 5 шт.;Маття-латте - 1 шт.;350;;;;;;;;;;;;;;;;;;;;;;;;;;;;;;;;;;;;;;;;;;;;;;
29.05.2021;4130;;6 287;completed;Lucastaylor0@yahoo.com;22.05.2021;5;3;587.0;800.0;4900.0;;5;Фиточай с чабрецом - 4 пакетика;Фиточай с чабрецом - 4 пакетика;Омолаживающий барсучий эликсир;0;;;;;;;;;;;;;;;;;;;;;;;;;;;;;;;;;;;;;;;;;;;;;;
27.03.2021;3586;;8 987;completed;Oliverthomas69@mail.ru;27.03.2021;3;3;587.0;3500.0;4900.0;;3;Фиточай с чабрецом - 4 пакетика;Омолаживающий барсучий эликсир;Омолаживающий барсучий эликсир;0;;;;;;;;;;;;;;;;;;;;;;;;;;;;;;;;;;;;;;;;;;;;;;
11.01.2022;3360;;2 577;completed;Alexandermartinez66@yandex.ru;10.06.2021;6;3;890.0;587.0;1100.0;;13;Фиточай с чабрецом - 4 пакетика;Фиточай с чабрецом - 4 пакетика;Маття-латте - 5 шт.;0;;;;;;;;;;;;;;;;;;;;;;;;;;;;;;;;;;;;;;;;;;;;;;
08.07.2021;2724;;6 900;completed;isabellathomas88@gmail.com;08.07.2021;7;2;;2000.0;4900.0;;7;Маття-латте - 1 шт.;Омолаживающий барсучий эликсир;Омолаживающий барсучий эликсир;0;;;;;;;;;;;;;;;;;;;;;;;;;;;;;;;;;;;;;;;;;;;;;;
27.05.2021;3216;;4 977;completed;Avawilliams69@outlook.com;27.05.2021;5;3;890.0;3500.0;587.0;;5;Фиточай с чабрецом - 4 пакетика;Омолаживающий барсучий эликсир;Фиточай с чабрецом - 4 пакетика;0;;;;;;;;;;;;;;;;;;;;;;;;;;;;;;;;;;;;;;;;;;;;;;
21.08.2021;1584;;6 800;completed;avamoore2007@gmail.com;19.04.2021;4;2;;4900.0;1900.0;;8;Маття-латте - 1 шт.;Омолаживающий барсучий эликсир;Маття-латте - 5 шт.;0;;;;;;;;;;;;;;;;;;;;;;;;;;;;;;;;;;;;;;;;;;;;;;
23.07.2021;3496;;3 130;completed;Oliveranderson0@outlook.com;28.05.2021;5;3;890.0;240.0;2000.0;;7;Фиточай с чабрецом - 4 пакетика;Маття-латте - 1 шт.;Омолаживающий барсучий эликсир;0;;;;;;;;;;;;;;;;;;;;;;;;;;;;;;;;;;;;;;;;;;;;;;
02.01.2022;2621;;565;completed;liamanderson1987@gmail.com;25.07.2021;7;2;240.0;325.0;;;13;Маття-латте - 1 шт.;Маття-латте - 1 шт.;Маття-латте - 1 шт.;0;;;;;;;;;;;;;;;;;;;;;;;;;;;;;;;;;;;;;;;;;;;;;;
29.10.2021;2203;;587;completed;Alexanderwilliams1993@mail.ru;30.03.2021;3;1;587.0;;;;10;Фиточай с чабрецом - 4 пакетика;Маття-латте - 1 шт.;Маття-латте - 1 шт.;0;;;;;;;;;;;;;;;;;;;;;;;;;;;;;;;;;;;;;;;;;;;;;;
22.05.2021;2964;;10 400;completed;Isabellabrown1993@yahoo.com;22.05.2021;5;3;3500.0;2000.0;4900.0;;5;Омолаживающий барсучий эликсир;Омолаживающий барсучий эликсир;Омолаживающий барсучий эликсир;0;;;;;;;;;;;;;;;;;;;;;;;;;;;;;;;;;;;;;;;;;;;;;;
30.10.2021;2260;;1 927;completed;Charlottetaylor2007@outlook.com;23.07.2021;7;3;587.0;1100.0;240.0;;10;Фиточай с чабрецом - 4 пакетика;Маття-латте - 5 шт.;Маття-латте - 1 шт.;0;;;;;;;;;;;;;;;;;;;;;;;;;;;;;;;;;;;;;;;;;;;;;;
19.05.2021;4039;;3 425;returned;Sophiasmith66@yandex.ru;13.03.2021;3;3;1100.0;325.0;2000.0;;5;Маття-латте - 5 шт.;Маття-латте - 1 шт.;Омолаживающий барсучий эликсир;0;;;;;;;;;;;;;;;;;;;;;;;;;;;;;;;;;;;;;;;;;;;;;;
15.07.2021;3811;;2 890;completed;Emmawilliams12@mail.ru;15.07.2021;7;2;;890.0;2000.0;;7;Маття-латте - 1 шт.;Фиточай с чабрецом - 4 пакетика;Омолаживающий барсучий эликсир;0;;;;;;;;;;;;;;;;;;;;;;;;;;;;;;;;;;;;;;;;;;;;;;
22.08.2021;2208;;8 050;completed;Liamanderson1993@yandex.ru;15.04.2021;4;3;800.0;4900.0;2000.0;;8;Фиточай с чабрецом - 4 пакетика;Омолаживающий барсучий эликсир;Омолаживающий барсучий эликсир;350;;;;;;;;;;;;;;;;;;;;;;;;;;;;;;;;;;;;;;;;;;;;;;
27.05.2021;3087;;5 500;completed;Sophiabrown13@yahoo.com;18.02.2021;2;2;3500.0;;2000.0;;5;Омолаживающий барсучий эликсир;Маття-латте - 1 шт.;Омолаживающий барсучий эликсир;0;;;;;;;;;;;;;;;;;;;;;;;;;;;;;;;;;;;;;;;;;;;;;;
01.01.2022;3443;;2 937;completed;Alexanderbrown12@mail.ru;28.07.2021;7;2;587.0;2000.0;;;13;Фиточай с чабрецом - 4 пакетика;Омолаживающий барсучий эликсир;Маття-латте - 1 шт.;350;;;;;;;;;;;;;;;;;;;;;;;;;;;;;;;;;;;;;;;;;;;;;;
20.11.2021;2163;;3 900;completed;oliverthomas2007@gmail.com;27.03.2021;3;2;2000.0;;1900.0;;11;Омолаживающий барсучий эликсир;Маття-латте - 1 шт.;Маття-латте - 5 шт.;0;;;;;;;;;;;;;;;;;;;;;;;;;;;;;;;;;;;;;;;;;;;;;;
20.01.2022;2614;;3 077;completed;avaanderson1987@gmail.com;02.10.2021;10;3;1900.0;587.0;240.0;;13;Маття-латте - 5 шт.;Фиточай с чабрецом - 4 пакетика;Маття-латте - 1 шт.;350;;;;;;;;;;;;;;;;;;;;;;;;;;;;;;;;;;;;;;;;;;;;;;
04.03.2021;2281;;3 215;completed;Liamwilliams88@outlook.com;04.03.2021;3;3;2000.0;890.0;325.0;;3;Омолаживающий барсучий эликсир;Фиточай с чабрецом - 4 пакетика;Маття-латте - 1 шт.;0;;;;;;;;;;;;;;;;;;;;;;;;;;;;;;;;;;;;;;;;;;;;;;
19.08.2021;2998;;13 650;completed;Oliverjackson12@yandex.ru;19.08.2021;8;3;4900.0;3500.0;4900.0;;8;Омолаживающий барсучий эликсир;Омолаживающий барсучий эликсир;Омолаживающий барсучий эликсир;350;;;;;;;;;;;;;;;;;;;;;;;;;;;;;;;;;;;;;;;;;;;;;;
25.03.2021;2694;;2 280;completed;Liammoore12@yahoo.com;22.03.2021;3;3;890.0;800.0;240.0;;3;Фиточай с чабрецом - 4 пакетика;Фиточай с чабрецом - 4 пакетика;Маття-латте - 1 шт.;350;;;;;;;;;;;;;;;;;;;;;;;;;;;;;;;;;;;;;;;;;;;;;;
21.04.2021;3175;;3 825;completed;Sophialopez33@outlook.com;18.04.2021;4;2;325.0;3500.0;;;4;Маття-латте - 1 шт.;Омолаживающий барсучий эликсир;Маття-латте - 1 шт.;0;;;;;;;;;;;;;;;;;;;;;;;;;;;;;;;;;;;;;;;;;;;;;;
17.12.2021;1473;;4 674;returned;Liamanderson0@yahoo.com;19.08.2021;8;3;3500.0;587.0;587.0;;12;Омолаживающий барсучий эликсир;Фиточай с чабрецом - 4 пакетика;Фиточай с чабрецом - 4 пакетика;0;;;;;;;;;;;;;;;;;;;;;;;;;;;;;;;;;;;;;;;;;;;;;;
20.01.2022;2724;;3 587;completed;isabellathomas88@gmail.com;08.07.2021;7;3;1900.0;1100.0;587.0;;13;Маття-латте - 5 шт.;Маття-латте - 5 шт.;Фиточай с чабрецом - 4 пакетика;0;;;;;;;;;;;;;;;;;;;;;;;;;;;;;;;;;;;;;;;;;;;;;;
26.03.2021;3851;;5 727;completed;Lucasbrown69@yahoo.com;26.03.2021;3;3;240.0;587.0;4900.0;;3;Маття-латте - 1 шт.;Фиточай с чабрецом - 4 пакетика;Омолаживающий барсучий эликсир;0;;;;;;;;;;;;;;;;;;;;;;;;;;;;;;;;;;;;;;;;;;;;;;
17.08.2021;1696;;5 190;completed;Isabellamartinez13@yandex.ru;17.08.2021;8;3;240.0;3500.0;1100.0;;8;Маття-латте - 1 шт.;Омолаживающий барсучий эликсир;Маття-латте - 5 шт.;350;;;;;;;;;;;;;;;;;;;;;;;;;;;;;;;;;;;;;;;;;;;;;;
08.10.2021;3991;;3 050;completed;Alexanderwilliams69@yandex.ru;08.10.2021;10;3;800.0;800.0;1100.0;;10;Фиточай с чабрецом - 4 пакетика;Фиточай с чабрецом - 4 пакетика;Маття-латте - 5 шт.;350;;;;;;;;;;;;;;;;;;;;;;;;;;;;;;;;;;;;;;;;;;;;;;
07.01.2022;2457;;1 477;completed;lucasmartinez88@gmail.com;01.09.2021;9;2;;587.0;890.0;;13;Маття-латте - 1 шт.;Фиточай с чабрецом - 4 пакетика;Фиточай с чабрецом - 4 пакетика;0;;;;;;;;;;;;;;;;;;;;;;;;;;;;;;;;;;;;;;;;;;;;;;
31.05.2021;3454;;2 565;returned;Alexanderthomas88@outlook.com;31.05.2021;5;3;325.0;240.0;2000.0;;5;Маття-латте - 1 шт.;Маття-латте - 1 шт.;Омолаживающий барсучий эликсир;0;;;;;;;;;;;;;;;;;;;;;;;;;;;;;;;;;;;;;;;;;;;;;;
21.10.2021;1302;;6 077;completed;charlottesmith66@gmail.com;21.10.2021;10;3;240.0;4900.0;587.0;;10;Маття-латте - 1 шт.;Омолаживающий барсучий эликсир;Фиточай с чабрецом - 4 пакетика;350;;;;;;;;;;;;;;;;;;;;;;;;;;;;;;;;;;;;;;;;;;;;;;
12.07.2021;1773;;1 715;completed;Oliverwilliams13@mail.ru;31.03.2021;3;3;240.0;325.0;800.0;;7;Маття-латте - 1 шт.;Маття-латте - 1 шт.;Фиточай с чабрецом - 4 пакетика;350;;;;;;;;;;;;;;;;;;;;;;;;;;;;;;;;;;;;;;;;;;;;;;
19.09.2021;3830;;2 140;completed;williammoore1987@yahoo.com;19.09.2021;9;2;;240.0;1900.0;;9;Маття-латте - 1 шт.;Маття-латте - 1 шт.;Маття-латте - 5 шт.;0;;;;;;;;;;;;;;;;;;;;;;;;;;;;;;;;;;;;;;;;;;;;;;
12.07.2021;1919;;1 130;completed;Sophiathomas2007@gmail.com;12.07.2021;7;2;;240.0;890.0;;7;Маття-латте - 1 шт.;Маття-латте - 1 шт.;Фиточай с чабрецом - 4 пакетика;0;;;;;;;;;;;;;;;;;;;;;;;;;;;;;;;;;;;;;;;;;;;;;;
09.10.2021;1795;;13 300;completed;Lucasthomas0@mail.ru;09.10.2021;10;3;3500.0;4900.0;4900.0;;10;Омолаживающий барсучий эликсир;Омолаживающий барсучий эликсир;Омолаживающий барсучий эликсир;0;;;;;;;;;;;;;;;;;;;;;;;;;;;;;;;;;;;;;;;;;;;;;;
24.03.2021;2821;;4 000;completed;Charlottewilliams66@outlook.com;24.03.2021;3;2;2000.0;2000.0;;;3;Омолаживающий барсучий эликсир;Омолаживающий барсучий эликсир;Маття-латте - 1 шт.;0;;;;;;;;;;;;;;;;;;;;;;;;;;;;;;;;;;;;;;;;;;;;;;
27.03.2021;3548;;1 125;completed;Williamsmith33@outlook.com;27.03.2021;3;2;800.0;325.0;;;3;Фиточай с чабрецом - 4 пакетика;Маття-латте - 1 шт.;Маття-латте - 1 шт.;0;;;;;;;;;;;;;;;;;;;;;;;;;;;;;;;;;;;;;;;;;;;;;;
21.11.2021;2604;;7 240;returned;Emmataylor33@yandex.ru;15.04.2021;4;3;3500.0;3500.0;240.0;;11;Омолаживающий барсучий эликсир;Омолаживающий барсучий эликсир;Маття-латте - 1 шт.;0;;;;;;;;;;;;;;;;;;;;;;;;;;;;;;;;;;;;;;;;;;;;;;
11.04.2021;1960;;4 325;completed;Sophiamartinez69@outlook.com;11.04.2021;4;3;325.0;2000.0;2000.0;;4;Маття-латте - 1 шт.;Омолаживающий барсучий эликсир;Омолаживающий барсучий эликсир;0;;;;;;;;;;;;;;;;;;;;;;;;;;;;;;;;;;;;;;;;;;;;;;
21.09.2021;3580;;5 140;returned;Avaanderson13@yandex.ru;07.08.2021;8;2;;240.0;4900.0;;9;Маття-латте - 1 шт.;Маття-латте - 1 шт.;Омолаживающий барсучий эликсир;0;;;;;;;;;;;;;;;;;;;;;;;;;;;;;;;;;;;;;;;;;;;;;;
13.03.2021;4185;;7 790;completed;Avaanderson2007@yandex.ru;13.03.2021;3;3;2000.0;890.0;4900.0;;3;Омолаживающий барсучий эликсир;Фиточай с чабрецом - 4 пакетика;Омолаживающий барсучий эликсир;0;;;;;;;;;;;;;;;;;;;;;;;;;;;;;;;;;;;;;;;;;;;;;;
23.12.2021;3129;;2 350;completed;Olivermartinez1987@yahoo.com;11.09.2021;9;1;;2000.0;;;12;Маття-латте - 1 шт.;Омолаживающий барсучий эликсир;Маття-латте - 1 шт.;350;;;;;;;;;;;;;;;;;;;;;;;;;;;;;;;;;;;;;;;;;;;;;;
26.04.2021;1850;;1 990;completed;Oliversmith1993@yahoo.com;26.04.2021;4;2;1100.0;890.0;;;4;Маття-латте - 5 шт.;Фиточай с чабрецом - 4 пакетика;Маття-латте - 1 шт.;0;;;;;;;;;;;;;;;;;;;;;;;;;;;;;;;;;;;;;;;;;;;;;;
16.09.2021;4208;;2 837;completed;Liammoore13@outlook.com;16.09.2021;9;3;587.0;800.0;1100.0;;9;Фиточай с чабрецом - 4 пакетика;Фиточай с чабрецом - 4 пакетика;Маття-латте - 5 шт.;350;;;;;;;;;;;;;;;;;;;;;;;;;;;;;;;;;;;;;;;;;;;;;;
26.09.2021;2479;;3 030;completed;isabellamoore88@gmail.com;26.09.2021;9;3;240.0;1900.0;890.0;;9;Маття-латте - 1 шт.;Маття-латте - 5 шт.;Фиточай с чабрецом - 4 пакетика;0;;;;;;;;;;;;;;;;;;;;;;;;;;;;;;;;;;;;;;;;;;;;;;
18.04.2021;2708;;4 327;completed;Oliverjackson33@outlook.com;25.02.2021;2;3;240.0;587.0;3500.0;;4;Маття-латте - 1 шт.;Фиточай с чабрецом - 4 пакетика;Омолаживающий барсучий эликсир;0;;;;;;;;;;;;;;;;;;;;;;;;;;;;;;;;;;;;;;;;;;;;;;
02.01.2022;1446;;4 040;completed;Emmataylor2007@mail.ru;13.12.2021;12;3;240.0;1900.0;1900.0;;13;Маття-латте - 1 шт.;Маття-латте - 5 шт.;Маття-латте - 5 шт.;0;;;;;;;;;;;;;;;;;;;;;;;;;;;;;;;;;;;;;;;;;;;;;;
18.09.2021;1276;;8 990;completed;Lucasmoore0@gmail.com;01.07.2021;7;3;240.0;4900.0;3500.0;;9;Маття-латте - 1 шт.;Омолаживающий барсучий эликсир;Омолаживающий барсучий эликсир;350;;;;;;;;;;;;;;;;;;;;;;;;;;;;;;;;;;;;;;;;;;;;;;
01.03.2021;2726;;2 940;completed;emmabrown2007@outlook.com;01.03.2021;3;3;1900.0;800.0;240.0;;3;Маття-латте - 5 шт.;Фиточай с чабрецом - 4 пакетика;Маття-латте - 1 шт.;0;;;;;;;;;;;;;;;;;;;;;;;;;;;;;;;;;;;;;;;;;;;;;;
23.09.2021;2349;;6 500;completed;emmajackson0@gmail.com;08.03.2021;3;3;1900.0;1100.0;3500.0;;9;Маття-латте - 5 шт.;Маття-латте - 5 шт.;Омолаживающий барсучий эликсир;0;;;;;;;;;;;;;;;;;;;;;;;;;;;;;;;;;;;;;;;;;;;;;;
30.03.2021;1700;;1 450;completed;Avasmith1993@mail.ru;20.03.2021;3;3;325.0;325.0;800.0;;3;Маття-латте - 1 шт.;Маття-латте - 1 шт.;Фиточай с чабрецом - 4 пакетика;0;;;;;;;;;;;;;;;;;;;;;;;;;;;;;;;;;;;;;;;;;;;;;;
18.04.2021;2185;;1 930;completed;lucasbrown1993@gmail.com;18.04.2021;4;3;240.0;800.0;890.0;;4;Маття-латте - 1 шт.;Фиточай с чабрецом - 4 пакетика;Фиточай с чабрецом - 4 пакетика;0;;;;;;;;;;;;;;;;;;;;;;;;;;;;;;;;;;;;;;;;;;;;;;
23.03.2021;2313;;4 587;completed;Liamanderson66@outlook.com;23.03.2021;3;3;2000.0;587.0;2000.0;;3;Омолаживающий барсучий эликсир;Фиточай с чабрецом - 4 пакетика;Омолаживающий барсучий эликсир;0;;;;;;;;;;;;;;;;;;;;;;;;;;;;;;;;;;;;;;;;;;;;;;
07.04.2021;3139;;3 130;completed;alexanderthomas2007@gmail.com;07.04.2021;4;3;890.0;2000.0;240.0;;4;Фиточай с чабрецом - 4 пакетика;Омолаживающий барсучий эликсир;Маття-латте - 1 шт.;0;;;;;;;;;;;;;;;;;;;;;;;;;;;;;;;;;;;;;;;;;;;;;;
26.03.2021;2013;;1 414;completed;oliverlopez69@gmail.com;26.03.2021;3;3;587.0;240.0;587.0;;3;Фиточай с чабрецом - 4 пакетика;Маття-латте - 1 шт.;Фиточай с чабрецом - 4 пакетика;0;;;;;;;;;;;;;;;;;;;;;;;;;;;;;;;;;;;;;;;;;;;;;;
25.01.2022;2356;;3 687;completed;Isabellawilliams0@mail.ru;25.01.2022;13;3;1100.0;2000.0;587.0;;13;Маття-латте - 5 шт.;Омолаживающий барсучий эликсир;Фиточай с чабрецом - 4 пакетика;0;;;;;;;;;;;;;;;;;;;;;;;;;;;;;;;;;;;;;;;;;;;;;;
22.08.2021;3753;;5 700;completed;Avajackson33@mail.ru;11.06.2021;6;3;1900.0;1900.0;1900.0;;8;Маття-латте - 5 шт.;Маття-латте - 5 шт.;Маття-латте - 5 шт.;0;;;;;;;;;;;;;;;;;;;;;;;;;;;;;;;;;;;;;;;;;;;;;;
03.06.2021;1818;;4 600;returned;Isabellalopez12@outlook.com;19.02.2021;2;2;1100.0;;3500.0;;6;Маття-латте - 5 шт.;Маття-латте - 1 шт.;Омолаживающий барсучий эликсир;0;;;;;;;;;;;;;;;;;;;;;;;;;;;;;;;;;;;;;;;;;;;;;;
09.12.2021;2517;;1 840;completed;lucaslopez2007@gmail.com;17.04.2021;4;3;240.0;800.0;800.0;;12;Маття-латте - 1 шт.;Фиточай с чабрецом - 4 пакетика;Фиточай с чабрецом - 4 пакетика;0;;;;;;;;;;;;;;;;;;;;;;;;;;;;;;;;;;;;;;;;;;;;;;
13.06.2021;3209;;6 200;completed;Alexanderwilliams88@yahoo.com;10.06.2021;6;3;1900.0;800.0;3500.0;;6;Маття-латте - 5 шт.;Фиточай с чабрецом - 4 пакетика;Омолаживающий барсучий эликсир;0;;;;;;;;;;;;;;;;;;;;;;;;;;;;;;;;;;;;;;;;;;;;;;
03.09.2021;2708;;6 030;completed;Oliverjackson33@outlook.com;25.02.2021;2;3;890.0;4900.0;240.0;;9;Фиточай с чабрецом - 4 пакетика;Омолаживающий барсучий эликсир;Маття-латте - 1 шт.;0;;;;;;;;;;;;;;;;;;;;;;;;;;;;;;;;;;;;;;;;;;;;;;
02.04.2021;2437;;3 425;returned;Lucasthomas1987@outlook.com;02.04.2021;4;3;1100.0;2000.0;325.0;;4;Маття-латте - 5 шт.;Омолаживающий барсучий эликсир;Маття-латте - 1 шт.;0;;;;;;;;;;;;;;;;;;;;;;;;;;;;;;;;;;;;;;;;;;;;;;
30.12.2021;3227;;6 077;completed;Olivermartinez0@yahoo.com;18.11.2021;11;3;240.0;587.0;4900.0;;12;Маття-латте - 1 шт.;Фиточай с чабрецом - 4 пакетика;Омолаживающий барсучий эликсир;350;;;;;;;;;;;;;;;;;;;;;;;;;;;;;;;;;;;;;;;;;;;;;;
21.09.2021;3871;;3 900;completed;Liamlopez69@yahoo.com;21.09.2021;9;3;2000.0;1100.0;800.0;;9;Омолаживающий барсучий эликсир;Маття-латте - 5 шт.;Фиточай с чабрецом - 4 пакетика;0;;;;;;;;;;;;;;;;;;;;;;;;;;;;;;;;;;;;;;;;;;;;;;
22.11.2021;1491;;3 900;completed;Oliverlopez2007@mail.ru;22.11.2021;11;3;1100.0;800.0;2000.0;;11;Маття-латте - 5 шт.;Фиточай с чабрецом - 4 пакетика;Омолаживающий барсучий эликсир;0;;;;;;;;;;;;;;;;;;;;;;;;;;;;;;;;;;;;;;;;;;;;;;
17.06.2021;3017;;7 225;completed;isabellathomas1987@gmail.com;03.03.2021;3;3;4900.0;2000.0;325.0;;6;Омолаживающий барсучий эликсир;Омолаживающий барсучий эликсир;Маття-латте - 1 шт.;0;;;;;;;;;;;;;;;;;;;;;;;;;;;;;;;;;;;;;;;;;;;;;;
13.03.2021;2187;;8 050;completed;Williammartinez12@yahoo.com;13.03.2021;3;3;4900.0;2000.0;800.0;;3;Омолаживающий барсучий эликсир;Омолаживающий барсучий эликсир;Фиточай с чабрецом - 4 пакетика;350;;;;;;;;;;;;;;;;;;;;;;;;;;;;;;;;;;;;;;;;;;;;;;
04.03.2021;3707;;4 412;completed;Isabellamartinez33@outlook.com;04.03.2021;3;3;587.0;325.0;3500.0;;3;Фиточай с чабрецом - 4 пакетика;Маття-латте - 1 шт.;Омолаживающий барсучий эликсир;0;;;;;;;;;;;;;;;;;;;;;;;;;;;;;;;;;;;;;;;;;;;;;;
08.11.2021;3350;;11 800;completed;Lucasmoore88@yahoo.com;31.08.2021;8;3;4900.0;2000.0;4900.0;;11;Омолаживающий барсучий эликсир;Омолаживающий барсучий эликсир;Омолаживающий барсучий эликсир;0;;;;;;;;;;;;;;;;;;;;;;;;;;;;;;;;;;;;;;;;;;;;;;
15.09.2021;1956;;1 990;completed;Avajackson13@outlook.com;15.09.2021;9;2;1100.0;890.0;;;9;Маття-латте - 5 шт.;Фиточай с чабрецом - 4 пакетика;Маття-латте - 1 шт.;0;;;;;;;;;;;;;;;;;;;;;;;;;;;;;;;;;;;;;;;;;;;;;;
25.06.2021;4065;;5 575;completed;Sophialopez2007@yahoo.com;25.06.2021;6;2;;325.0;4900.0;;6;Маття-латте - 1 шт.;Маття-латте - 1 шт.;Омолаживающий барсучий эликсир;350;;;;;;;;;;;;;;;;;;;;;;;;;;;;;;;;;;;;;;;;;;;;;;
05.11.2021;3901;;4 800;completed;sophiamoore1987@gmail.com;10.09.2021;9;3;2000.0;800.0;2000.0;;11;Омолаживающий барсучий эликсир;Фиточай с чабрецом - 4 пакетика;Омолаживающий барсучий эликсир;0;;;;;;;;;;;;;;;;;;;;;;;;;;;;;;;;;;;;;;;;;;;;;;
11.06.2021;2519;;1 849;completed;Lucasjackson12@yahoo.com;05.06.2021;6;3;587.0;587.0;325.0;;6;Фиточай с чабрецом - 4 пакетика;Фиточай с чабрецом - 4 пакетика;Маття-латте - 1 шт.;350;;;;;;;;;;;;;;;;;;;;;;;;;;;;;;;;;;;;;;;;;;;;;;
02.11.2021;3203;;6 240;completed;olivermoore13@gmail.com;01.08.2021;8;3;4900.0;1100.0;240.0;;11;Омолаживающий барсучий эликсир;Маття-латте - 5 шт.;Маття-латте - 1 шт.;0;;;;;;;;;;;;;;;;;;;;;;;;;;;;;;;;;;;;;;;;;;;;;;
21.09.2021;2423;;3 040;completed;Liamjackson0@yandex.ru;08.04.2021;4;3;800.0;2000.0;240.0;;9;Фиточай с чабрецом - 4 пакетика;Омолаживающий барсучий эликсир;Маття-латте - 1 шт.;0;;;;;;;;;;;;;;;;;;;;;;;;;;;;;;;;;;;;;;;;;;;;;;
25.10.2021;1625;;2 912;completed;Charlottethomas12@mail.ru;25.10.2021;10;3;325.0;2000.0;587.0;;10;Маття-латте - 1 шт.;Омолаживающий барсучий эликсир;Фиточай с чабрецом - 4 пакетика;0;;;;;;;;;;;;;;;;;;;;;;;;;;;;;;;;;;;;;;;;;;;;;;
18.09.2021;3565;;5 490;completed;Isabellabrown88@mail.ru;18.09.2021;9;2;240.0;;4900.0;;9;Маття-латте - 1 шт.;Маття-латте - 1 шт.;Омолаживающий барсучий эликсир;350;;;;;;;;;;;;;;;;;;;;;;;;;;;;;;;;;;;;;;;;;;;;;;
22.07.2021;1247;;4 674;completed;alexanderthomas69@gmail.com;22.07.2021;7;3;587.0;587.0;3500.0;;7;Фиточай с чабрецом - 4 пакетика;Фиточай с чабрецом - 4 пакетика;Омолаживающий барсучий эликсир;0;;;;;;;;;;;;;;;;;;;;;;;;;;;;;;;;;;;;;;;;;;;;;;
16.11.2021;2925;;6 800;completed;Emmalopez12@yandex.ru;08.05.2021;5;3;800.0;1100.0;4900.0;;11;Фиточай с чабрецом - 4 пакетика;Маття-латте - 5 шт.;Омолаживающий барсучий эликсир;0;;;;;;;;;;;;;;;;;;;;;;;;;;;;;;;;;;;;;;;;;;;;;;
24.07.2021;2683;;3 262;completed;alexanderthomas1993@gmail.com;03.06.2021;6;3;325.0;2000.0;587.0;;7;Маття-латте - 1 шт.;Омолаживающий барсучий эликсир;Фиточай с чабрецом - 4 пакетика;350;;;;;;;;;;;;;;;;;;;;;;;;;;;;;;;;;;;;;;;;;;;;;;
02.09.2021;2866;;3 727;completed;Emmajackson69@gmail.com;02.09.2021;9;3;890.0;587.0;1900.0;;9;Фиточай с чабрецом - 4 пакетика;Фиточай с чабрецом - 4 пакетика;Маття-латте - 5 шт.;350;;;;;;;;;;;;;;;;;;;;;;;;;;;;;;;;;;;;;;;;;;;;;;
23.07.2021;2444;;2 230;completed;oliversmith2007@gmail.com;23.07.2021;7;3;1100.0;890.0;240.0;;7;Маття-латте - 5 шт.;Фиточай с чабрецом - 4 пакетика;Маття-латте - 1 шт.;0;;;;;;;;;;;;;;;;;;;;;;;;;;;;;;;;;;;;;;;;;;;;;;
15.01.2022;3151;;2 550;returned;Alexandermoore0@mail.ru;05.11.2021;11;3;325.0;1900.0;325.0;;13;Маття-латте - 1 шт.;Маття-латте - 5 шт.;Маття-латте - 1 шт.;0;;;;;;;;;;;;;;;;;;;;;;;;;;;;;;;;;;;;;;;;;;;;;;
19.07.2021;2986;;1 977;completed;Lucasanderson66@mail.ru;17.02.2021;2;3;240.0;800.0;587.0;;7;Маття-латте - 1 шт.;Фиточай с чабрецом - 4 пакетика;Фиточай с чабрецом - 4 пакетика;350;;;;;;;;;;;;;;;;;;;;;;;;;;;;;;;;;;;;;;;;;;;;;;
02.02.2022;2329;;5 940;returned;Liammartinez88@outlook.com;02.02.2022;14;3;4900.0;800.0;240.0;;14;Омолаживающий барсучий эликсир;Фиточай с чабрецом - 4 пакетика;Маття-латте - 1 шт.;0;;;;;;;;;;;;;;;;;;;;;;;;;;;;;;;;;;;;;;;;;;;;;;
02.03.2021;3386;;6 800;completed;Avajackson1987@yahoo.com;26.02.2021;2;3;4900.0;1100.0;800.0;;3;Омолаживающий барсучий эликсир;Маття-латте - 5 шт.;Фиточай с чабрецом - 4 пакетика;0;;;;;;;;;;;;;;;;;;;;;;;;;;;;;;;;;;;;;;;;;;;;;;
12.09.2021;1468;;9 337;completed;Liambrown13@yandex.ru;09.05.2021;5;3;4900.0;587.0;3500.0;;9;Омолаживающий барсучий эликсир;Фиточай с чабрецом - 4 пакетика;Омолаживающий барсучий эликсир;350;;;;;;;;;;;;;;;;;;;;;;;;;;;;;;;;;;;;;;;;;;;;;;
26.10.2021;2783;;1 687;completed;Sophialopez88@yahoo.com;26.10.2021;10;2;1100.0;587.0;;;10;Маття-латте - 5 шт.;Фиточай с чабрецом - 4 пакетика;Маття-латте - 1 шт.;0;;;;;;;;;;;;;;;;;;;;;;;;;;;;;;;;;;;;;;;;;;;;;;
07.08.2021;2435;;2 140;completed;Oliverbrown1993@yahoo.com;23.06.2021;6;3;800.0;1100.0;240.0;;8;Фиточай с чабрецом - 4 пакетика;Маття-латте - 5 шт.;Маття-латте - 1 шт.;0;;;;;;;;;;;;;;;;;;;;;;;;;;;;;;;;;;;;;;;;;;;;;;
01.01.2022;3723;;8 250;completed;Olivermartinez69@yahoo.com;08.06.2021;6;3;4900.0;1900.0;1100.0;;13;Омолаживающий барсучий эликсир;Маття-латте - 5 шт.;Маття-латте - 5 шт.;350;;;;;;;;;;;;;;;;;;;;;;;;;;;;;;;;;;;;;;;;;;;;;;
11.02.2022;2469;;3 450;returned;Sophiabrown12@outlook.com;11.02.2022;14;2;;1100.0;2000.0;;14;Маття-латте - 1 шт.;Маття-латте - 5 шт.;Омолаживающий барсучий эликсир;350;;;;;;;;;;;;;;;;;;;;;;;;;;;;;;;;;;;;;;;;;;;;;;
01.01.2022;3206;;8 100;completed;Isabellabrown1987@outlook.com;26.05.2021;5;3;3500.0;3500.0;1100.0;;13;Омолаживающий барсучий эликсир;Омолаживающий барсучий эликсир;Маття-латте - 5 шт.;0;;;;;;;;;;;;;;;;;;;;;;;;;;;;;;;;;;;;;;;;;;;;;;
22.07.2021;3670;;2 015;returned;Sophiataylor1987@mail.ru;22.07.2021;7;3;800.0;325.0;890.0;;7;Фиточай с чабрецом - 4 пакетика;Маття-латте - 1 шт.;Фиточай с чабрецом - 4 пакетика;0;;;;;;;;;;;;;;;;;;;;;;;;;;;;;;;;;;;;;;;;;;;;;;
31.03.2021;4183;;6 940;completed;Lucaswilliams12@yandex.ru;31.03.2021;3;3;800.0;890.0;4900.0;;3;Фиточай с чабрецом - 4 пакетика;Фиточай с чабрецом - 4 пакетика;Омолаживающий барсучий эликсир;350;;;;;;;;;;;;;;;;;;;;;;;;;;;;;;;;;;;;;;;;;;;;;;
12.01.2022;3956;;7 900;returned;Lucasthomas88@yahoo.com;19.05.2021;5;3;1100.0;1900.0;4900.0;;13;Маття-латте - 5 шт.;Маття-латте - 5 шт.;Омолаживающий барсучий эликсир;0;;;;;;;;;;;;;;;;;;;;;;;;;;;;;;;;;;;;;;;;;;;;;;
30.11.2021;3443;;7 240;completed;Alexanderbrown12@mail.ru;28.07.2021;7;3;240.0;3500.0;3500.0;;11;Маття-латте - 1 шт.;Омолаживающий барсучий эликсир;Омолаживающий барсучий эликсир;0;;;;;;;;;;;;;;;;;;;;;;;;;;;;;;;;;;;;;;;;;;;;;;
28.10.2021;2060;;4 600;completed;Williamthomas12@outlook.com;13.08.2021;8;2;;3500.0;1100.0;;10;Маття-латте - 1 шт.;Омолаживающий барсучий эликсир;Маття-латте - 5 шт.;0;;;;;;;;;;;;;;;;;;;;;;;;;;;;;;;;;;;;;;;;;;;;;;
09.10.2021;1434;;3 030;completed;williamlopez1987@gmail.com;01.05.2021;5;3;890.0;240.0;1900.0;;10;Фиточай с чабрецом - 4 пакетика;Маття-латте - 1 шт.;Маття-латте - 5 шт.;0;;;;;;;;;;;;;;;;;;;;;;;;;;;;;;;;;;;;;;;;;;;;;;
05.02.2022;3219;;3 375;completed;Olivertaylor0@yandex.ru;05.02.2022;14;3;325.0;1900.0;800.0;;14;Маття-латте - 1 шт.;Маття-латте - 5 шт.;Фиточай с чабрецом - 4 пакетика;350;;;;;;;;;;;;;;;;;;;;;;;;;;;;;;;;;;;;;;;;;;;;;;
05.08.2021;1697;;3 637;completed;Avalopez1993@outlook.com;08.03.2021;3;3;587.0;800.0;1900.0;;8;Фиточай с чабрецом - 4 пакетика;Фиточай с чабрецом - 4 пакетика;Маття-латте - 5 шт.;350;;;;;;;;;;;;;;;;;;;;;;;;;;;;;;;;;;;;;;;;;;;;;;
25.06.2021;3177;;5 490;completed;Isabellamartinez69@outlook.com;16.02.2021;2;2;;4900.0;240.0;;6;Маття-латте - 1 шт.;Омолаживающий барсучий эликсир;Маття-латте - 1 шт.;350;;;;;;;;;;;;;;;;;;;;;;;;;;;;;;;;;;;;;;;;;;;;;;
01.05.2021;2985;;3 890;completed;isabellamoore66@gmail.com;01.05.2021;5;3;1100.0;1900.0;890.0;;5;Маття-латте - 5 шт.;Маття-латте - 5 шт.;Фиточай с чабрецом - 4 пакетика;0;;;;;;;;;;;;;;;;;;;;;;;;;;;;;;;;;;;;;;;;;;;;;;
24.03.2021;1497;;2 315;completed;Alexandersmith12@yandex.ru;24.03.2021;3;3;890.0;325.0;1100.0;;3;Фиточай с чабрецом - 4 пакетика;Маття-латте - 1 шт.;Маття-латте - 5 шт.;0;;;;;;;;;;;;;;;;;;;;;;;;;;;;;;;;;;;;;;;;;;;;;;
20.05.2021;3004;;1 280;returned;Alexanderwilliams13@outlook.com;20.05.2021;5;3;240.0;800.0;240.0;;5;Маття-латте - 1 шт.;Фиточай с чабрецом - 4 пакетика;Маття-латте - 1 шт.;0;;;;;;;;;;;;;;;;;;;;;;;;;;;;;;;;;;;;;;;;;;;;;;
23.09.2021;1346;;2 140;completed;Avalopez0@yahoo.com;23.09.2021;9;2;240.0;;1900.0;;9;Маття-латте - 1 шт.;Маття-латте - 1 шт.;Маття-латте - 5 шт.;0;;;;;;;;;;;;;;;;;;;;;;;;;;;;;;;;;;;;;;;;;;;;;;
06.11.2021;2353;;2 580;completed;Lucaswilliams2007@mail.ru;06.11.2021;11;3;800.0;890.0;890.0;;11;Фиточай с чабрецом - 4 пакетика;Фиточай с чабрецом - 4 пакетика;Фиточай с чабрецом - 4 пакетика;0;;;;;;;;;;;;;;;;;;;;;;;;;;;;;;;;;;;;;;;;;;;;;;
07.12.2021;3961;;6 675;completed;Isabellabrown88@mail.ru;07.12.2021;12;3;1100.0;4900.0;325.0;;12;Маття-латте - 5 шт.;Омолаживающий барсучий эликсир;Маття-латте - 1 шт.;350;;;;;;;;;;;;;;;;;;;;;;;;;;;;;;;;;;;;;;;;;;;;;;
02.07.2021;4019;;2 325;completed;williamthomas88@gmail.com;02.07.2021;7;2;2000.0;325.0;;;7;Омолаживающий барсучий эликсир;Маття-латте - 1 шт.;Маття-латте - 1 шт.;0;;;;;;;;;;;;;;;;;;;;;;;;;;;;;;;;;;;;;;;;;;;;;;
05.07.2021;4116;;2 812;completed;Oliveranderson33@outlook.com;11.05.2021;5;3;325.0;587.0;1900.0;;7;Маття-латте - 1 шт.;Фиточай с чабрецом - 4 пакетика;Маття-латте - 5 шт.;0;;;;;;;;;;;;;;;;;;;;;;;;;;;;;;;;;;;;;;;;;;;;;;
17.11.2021;1518;;7 040;completed;Isabellamartinez88@yandex.ru;17.11.2021;11;3;4900.0;240.0;1900.0;;11;Омолаживающий барсучий эликсир;Маття-латте - 1 шт.;Маття-латте - 5 шт.;0;;;;;;;;;;;;;;;;;;;;;;;;;;;;;;;;;;;;;;;;;;;;;;
05.12.2021;3393;;3 690;completed;Alexanderlopez0@yahoo.com;05.12.2021;12;3;240.0;2000.0;1100.0;;12;Маття-латте - 1 шт.;Омолаживающий барсучий эликсир;Маття-латте - 5 шт.;350;;;;;;;;;;;;;;;;;;;;;;;;;;;;;;;;;;;;;;;;;;;;;;
23.04.2021;3023;;1 425;completed;Sophialopez13@mail.ru;23.04.2021;4;2;1100.0;;325.0;;4;Маття-латте - 5 шт.;Маття-латте - 1 шт.;Маття-латте - 1 шт.;0;;;;;;;;;;;;;;;;;;;;;;;;;;;;;;;;;;;;;;;;;;;;;;
27.05.2021;4107;;4 150;completed;Oliverlopez33@outlook.com;23.05.2021;5;3;325.0;325.0;3500.0;;5;Маття-латте - 1 шт.;Маття-латте - 1 шт.;Омолаживающий барсучий эликсир;0;;;;;;;;;;;;;;;;;;;;;;;;;;;;;;;;;;;;;;;;;;;;;;
16.02.2022;3889;;9 290;completed;Isabellalopez33@mail.ru;05.11.2021;11;3;4900.0;3500.0;890.0;;14;Омолаживающий барсучий эликсир;Омолаживающий барсучий эликсир;Фиточай с чабрецом - 4 пакетика;0;;;;;;;;;;;;;;;;;;;;;;;;;;;;;;;;;;;;;;;;;;;;;;
26.10.2021;3898;;2 490;completed;Olivermartinez33@mail.ru;26.10.2021;10;3;800.0;890.0;800.0;;10;Фиточай с чабрецом - 4 пакетика;Фиточай с чабрецом - 4 пакетика;Фиточай с чабрецом - 4 пакетика;0;;;;;;;;;;;;;;;;;;;;;;;;;;;;;;;;;;;;;;;;;;;;;;
16.05.2021;2563;;2 575;completed;liambrown13@gmail.com;16.05.2021;5;3;1100.0;325.0;800.0;;5;Маття-латте - 5 шт.;Маття-латте - 1 шт.;Фиточай с чабрецом - 4 пакетика;350;;;;;;;;;;;;;;;;;;;;;;;;;;;;;;;;;;;;;;;;;;;;;;
18.01.2022;1356;;3 100;completed;Lucaswilliams69@mail.ru;18.01.2022;13;2;;1100.0;2000.0;;13;Маття-латте - 1 шт.;Маття-латте - 5 шт.;Омолаживающий барсучий эликсир;0;;;;;;;;;;;;;;;;;;;;;;;;;;;;;;;;;;;;;;;;;;;;;;
31.01.2022;2952;;7 140;completed;sophiathomas0@gmail.com;25.12.2021;12;3;2000.0;4900.0;240.0;;13;Омолаживающий барсучий эликсир;Омолаживающий барсучий эликсир;Маття-латте - 1 шт.;0;;;;;;;;;;;;;;;;;;;;;;;;;;;;;;;;;;;;;;;;;;;;;;
26.06.2021;1462;;1 665;completed;Sophiabrown1987@yahoo.com;26.06.2021;6;3;1100.0;240.0;325.0;;6;Маття-латте - 5 шт.;Маття-латте - 1 шт.;Маття-латте - 1 шт.;0;;;;;;;;;;;;;;;;;;;;;;;;;;;;;;;;;;;;;;;;;;;;;;
13.04.2021;2494;;3 340;completed;Lucasanderson1987@outlook.com;13.04.2021;4;3;240.0;1100.0;2000.0;;4;Маття-латте - 1 шт.;Маття-латте - 5 шт.;Омолаживающий барсучий эликсир;0;;;;;;;;;;;;;;;;;;;;;;;;;;;;;;;;;;;;;;;;;;;;;;
26.11.2021;3040;;2 100;completed;Sophiamartinez13@yahoo.com;26.11.2021;11;3;325.0;1100.0;325.0;;11;Маття-латте - 1 шт.;Маття-латте - 5 шт.;Маття-латте - 1 шт.;350;;;;;;;;;;;;;;;;;;;;;;;;;;;;;;;;;;;;;;;;;;;;;;
23.08.2021;2216;;2 012;completed;olivermoore12@gmail.com;13.04.2021;4;3;1100.0;587.0;325.0;;8;Маття-латте - 5 шт.;Фиточай с чабрецом - 4 пакетика;Маття-латте - 1 шт.;0;;;;;;;;;;;;;;;;;;;;;;;;;;;;;;;;;;;;;;;;;;;;;;
18.09.2021;4044;;3 377;completed;Olivermartinez69@yandex.ru;18.09.2021;9;3;890.0;1900.0;587.0;;9;Фиточай с чабрецом - 4 пакетика;Маття-латте - 5 шт.;Фиточай с чабрецом - 4 пакетика;0;;;;;;;;;;;;;;;;;;;;;;;;;;;;;;;;;;;;;;;;;;;;;;
20.02.2021;2576;;6 650;completed;Charlottetaylor2007@yahoo.com;20.02.2021;2;3;2000.0;800.0;3500.0;;2;Омолаживающий барсучий эликсир;Фиточай с чабрецом - 4 пакетика;Омолаживающий барсучий эликсир;350;;;;;;;;;;;;;;;;;;;;;;;;;;;;;;;;;;;;;;;;;;;;;;
23.07.2021;4125;;5 990;returned;Emmajackson2007@yahoo.com;23.07.2021;7;3;1900.0;3500.0;240.0;;7;Маття-латте - 5 шт.;Омолаживающий барсучий эликсир;Маття-латте - 1 шт.;350;;;;;;;;;;;;;;;;;;;;;;;;;;;;;;;;;;;;;;;;;;;;;;
23.11.2021;3167;;7 837;completed;Avaanderson69@outlook.com;23.11.2021;11;3;587.0;4900.0;2000.0;;11;Фиточай с чабрецом - 4 пакетика;Омолаживающий барсучий эликсир;Омолаживающий барсучий эликсир;350;;;;;;;;;;;;;;;;;;;;;;;;;;;;;;;;;;;;;;;;;;;;;;
14.03.2021;3059;;12 150;completed;liamtaylor88@gmail.com;14.03.2021;3;3;2000.0;4900.0;4900.0;;3;Омолаживающий барсучий эликсир;Омолаживающий барсучий эликсир;Омолаживающий барсучий эликсир;350;;;;;;;;;;;;;;;;;;;;;;;;;;;;;;;;;;;;;;;;;;;;;;
01.07.2021;1276;;2 225;completed;Lucasmoore0@gmail.com;01.07.2021;7;3;800.0;325.0;1100.0;;7;Фиточай с чабрецом - 4 пакетика;Маття-латте - 1 шт.;Маття-латте - 5 шт.;0;;;;;;;;;;;;;;;;;;;;;;;;;;;;;;;;;;;;;;;;;;;;;;
17.10.2021;2975;;2 700;returned;Isabellabrown66@outlook.com;01.09.2021;9;2;1900.0;;800.0;;10;Маття-латте - 5 шт.;Маття-латте - 1 шт.;Фиточай с чабрецом - 4 пакетика;0;;;;;;;;;;;;;;;;;;;;;;;;;;;;;;;;;;;;;;;;;;;;;;
20.01.2022;1589;;8 040;completed;Oliverlopez2007@yahoo.com;07.01.2022;13;3;4900.0;890.0;1900.0;;13;Омолаживающий барсучий эликсир;Фиточай с чабрецом - 4 пакетика;Маття-латте - 5 шт.;350;;;;;;;;;;;;;;;;;;;;;;;;;;;;;;;;;;;;;;;;;;;;;;
25.05.2021;2671;;2 380;completed;charlottejackson69@gmail.com;17.05.2021;5;3;1900.0;240.0;240.0;;5;Маття-латте - 5 шт.;Маття-латте - 1 шт.;Маття-латте - 1 шт.;0;;;;;;;;;;;;;;;;;;;;;;;;;;;;;;;;;;;;;;;;;;;;;;
13.08.2021;1994;;1 499;completed;Lucaslopez12@mail.ru;13.08.2021;8;3;587.0;325.0;587.0;;8;Фиточай с чабрецом - 4 пакетика;Маття-латте - 1 шт.;Фиточай с чабрецом - 4 пакетика;0;;;;;;;;;;;;;;;;;;;;;;;;;;;;;;;;;;;;;;;;;;;;;;
18.08.2021;1274;;1 215;completed;Isabellamartinez69@yahoo.com;18.08.2021;8;2;890.0;;325.0;;8;Фиточай с чабрецом - 4 пакетика;Маття-латте - 1 шт.;Маття-латте - 1 шт.;0;;;;;;;;;;;;;;;;;;;;;;;;;;;;;;;;;;;;;;;;;;;;;;
05.12.2021;2893;;3 565;completed;Lucaswilliams1993@outlook.com;01.07.2021;7;3;890.0;2000.0;325.0;;12;Фиточай с чабрецом - 4 пакетика;Омолаживающий барсучий эликсир;Маття-латте - 1 шт.;350;;;;;;;;;;;;;;;;;;;;;;;;;;;;;;;;;;;;;;;;;;;;;;
14.11.2021;2154;;2 790;completed;Charlottetaylor88@mail.ru;03.08.2021;8;2;1900.0;890.0;;;11;Маття-латте - 5 шт.;Фиточай с чабрецом - 4 пакетика;Маття-латте - 1 шт.;0;;;;;;;;;;;;;;;;;;;;;;;;;;;;;;;;;;;;;;;;;;;;;;
17.10.2021;2659;;1 600;completed;Liamtaylor1993@yahoo.com;24.07.2021;7;2;800.0;;800.0;;10;Фиточай с чабрецом - 4 пакетика;Маття-латте - 1 шт.;Фиточай с чабрецом - 4 пакетика;0;;;;;;;;;;;;;;;;;;;;;;;;;;;;;;;;;;;;;;;;;;;;;;
09.02.2022;1800;;3 100;returned;Oliversmith0@gmail.com;05.01.2022;13;2;2000.0;1100.0;;;14;Омолаживающий барсучий эликсир;Маття-латте - 5 шт.;Маття-латте - 1 шт.;0;;;;;;;;;;;;;;;;;;;;;;;;;;;;;;;;;;;;;;;;;;;;;;
13.03.2021;2924;;2 675;returned;Charlottebrown1993@yandex.ru;13.03.2021;3;2;2000.0;;325.0;;3;Омолаживающий барсучий эликсир;Маття-латте - 1 шт.;Маття-латте - 1 шт.;350;;;;;;;;;;;;;;;;;;;;;;;;;;;;;;;;;;;;;;;;;;;;;;
03.10.2021;1837;;4 900;completed;Liamlopez69@outlook.com;03.10.2021;10;3;1900.0;1900.0;1100.0;;10;Маття-латте - 5 шт.;Маття-латте - 5 шт.;Маття-латте - 5 шт.;0;;;;;;;;;;;;;;;;;;;;;;;;;;;;;;;;;;;;;;;;;;;;;;
11.09.2021;2370;;4 065;completed;Williamwilliams2007@yandex.ru;03.03.2021;3;3;240.0;3500.0;325.0;;9;Маття-латте - 1 шт.;Омолаживающий барсучий эликсир;Маття-латте - 1 шт.;0;;;;;;;;;;;;;;;;;;;;;;;;;;;;;;;;;;;;;;;;;;;;;;
07.03.2021;1592;;3 690;completed;Avawilliams33@yahoo.com;07.03.2021;3;3;2000.0;890.0;800.0;;3;Омолаживающий барсучий эликсир;Фиточай с чабрецом - 4 пакетика;Фиточай с чабрецом - 4 пакетика;0;;;;;;;;;;;;;;;;;;;;;;;;;;;;;;;;;;;;;;;;;;;;;;
08.03.2021;4189;;1 712;completed;Emmajackson1993@outlook.com;08.03.2021;3;3;800.0;325.0;587.0;;3;Фиточай с чабрецом - 4 пакетика;Маття-латте - 1 шт.;Фиточай с чабрецом - 4 пакетика;0;;;;;;;;;;;;;;;;;;;;;;;;;;;;;;;;;;;;;;;;;;;;;;
31.07.2021;1691;;7 140;completed;Williamjackson12@yahoo.com;31.07.2021;7;3;240.0;2000.0;4900.0;;7;Маття-латте - 1 шт.;Омолаживающий барсучий эликсир;Омолаживающий барсучий эликсир;0;;;;;;;;;;;;;;;;;;;;;;;;;;;;;;;;;;;;;;;;;;;;;;
24.07.2021;2659;;800;completed;Liamtaylor1993@yahoo.com;24.07.2021;7;1;;;800.0;;7;Маття-латте - 1 шт.;Маття-латте - 1 шт.;Фиточай с чабрецом - 4 пакетика;0;;;;;;;;;;;;;;;;;;;;;;;;;;;;;;;;;;;;;;;;;;;;;;
24.02.2021;1943;;5 815;completed;Olivertaylor13@yandex.ru;24.02.2021;2;3;240.0;4900.0;325.0;;2;Маття-латте - 1 шт.;Омолаживающий барсучий эликсир;Маття-латте - 1 шт.;350;;;;;;;;;;;;;;;;;;;;;;;;;;;;;;;;;;;;;;;;;;;;;;
19.10.2021;1471;;5 490;completed;sophiamoore1987@gmail.com;19.10.2021;10;3;3500.0;1100.0;890.0;;10;Омолаживающий барсучий эликсир;Маття-латте - 5 шт.;Фиточай с чабрецом - 4 пакетика;0;;;;;;;;;;;;;;;;;;;;;;;;;;;;;;;;;;;;;;;;;;;;;;
02.05.2021;3539;;12 250;completed;Sophiathomas1993@mail.ru;02.05.2021;5;3;3500.0;4900.0;3500.0;;5;Омолаживающий барсучий эликсир;Омолаживающий барсучий эликсир;Омолаживающий барсучий эликсир;350;;;;;;;;;;;;;;;;;;;;;;;;;;;;;;;;;;;;;;;;;;;;;;
30.04.2021;2902;;6 590;completed;Avalopez1993@yandex.ru;17.04.2021;4;3;4900.0;800.0;890.0;;4;Омолаживающий барсучий эликсир;Фиточай с чабрецом - 4 пакетика;Фиточай с чабрецом - 4 пакетика;0;;;;;;;;;;;;;;;;;;;;;;;;;;;;;;;;;;;;;;;;;;;;;;
13.04.2021;3336;;7 750;completed;isabellajackson88@gmail.com;13.04.2021;4;3;3500.0;1900.0;2000.0;;4;Омолаживающий барсучий эликсир;Маття-латте - 5 шт.;Омолаживающий барсучий эликсир;350;;;;;;;;;;;;;;;;;;;;;;;;;;;;;;;;;;;;;;;;;;;;;;
22.10.2021;3450;;2 000;completed;Emmaanderson66@mail.ru;17.04.2021;4;1;;2000.0;;;10;Маття-латте - 1 шт.;Омолаживающий барсучий эликсир;Маття-латте - 1 шт.;0;;;;;;;;;;;;;;;;;;;;;;;;;;;;;;;;;;;;;;;;;;;;;;
17.10.2021;3107;;3 375;completed;emmaanderson12@gmail.com;17.10.2021;10;3;325.0;1900.0;800.0;;10;Маття-латте - 1 шт.;Маття-латте - 5 шт.;Фиточай с чабрецом - 4 пакетика;350;;;;;;;;;;;;;;;;;;;;;;;;;;;;;;;;;;;;;;;;;;;;;;
15.11.2021;2466;;7 900;completed;Charlottetaylor69@outlook.com;15.11.2021;11;3;1100.0;4900.0;1900.0;;11;Маття-латте - 5 шт.;Омолаживающий барсучий эликсир;Маття-латте - 5 шт.;0;;;;;;;;;;;;;;;;;;;;;;;;;;;;;;;;;;;;;;;;;;;;;;
24.10.2021;2977;;6 377;completed;olivertaylor13@gmail.com;17.06.2021;6;3;890.0;587.0;4900.0;;10;Фиточай с чабрецом - 4 пакетика;Фиточай с чабрецом - 4 пакетика;Омолаживающий барсучий эликсир;0;;;;;;;;;;;;;;;;;;;;;;;;;;;;;;;;;;;;;;;;;;;;;;
14.08.2021;3150;;1 100;completed;Williamlopez66@yahoo.com;14.08.2021;8;1;;;1100.0;;8;Маття-латте - 1 шт.;Маття-латте - 1 шт.;Маття-латте - 5 шт.;0;;;;;;;;;;;;;;;;;;;;;;;;;;;;;;;;;;;;;;;;;;;;;;
28.04.2021;1763;;5 187;completed;Alexandertaylor13@outlook.com;28.04.2021;4;3;587.0;1100.0;3500.0;;4;Фиточай с чабрецом - 4 пакетика;Маття-латте - 5 шт.;Омолаживающий барсучий эликсир;0;;;;;;;;;;;;;;;;;;;;;;;;;;;;;;;;;;;;;;;;;;;;;;
20.08.2021;2327;;1 130;returned;Alexanderlopez69@outlook.com;07.03.2021;3;2;890.0;;240.0;;8;Фиточай с чабрецом - 4 пакетика;Маття-латте - 1 шт.;Маття-латте - 1 шт.;0;;;;;;;;;;;;;;;;;;;;;;;;;;;;;;;;;;;;;;;;;;;;;;
31.05.2021;3017;;1 455;completed;isabellathomas1987@gmail.com;03.03.2021;3;3;240.0;890.0;325.0;;5;Маття-латте - 1 шт.;Фиточай с чабрецом - 4 пакетика;Маття-латте - 1 шт.;0;;;;;;;;;;;;;;;;;;;;;;;;;;;;;;;;;;;;;;;;;;;;;;
17.04.2021;2902;;2 225;returned;Avalopez1993@yandex.ru;17.04.2021;4;2;;325.0;1900.0;;4;Маття-латте - 1 шт.;Маття-латте - 1 шт.;Маття-латте - 5 шт.;0;;;;;;;;;;;;;;;;;;;;;;;;;;;;;;;;;;;;;;;;;;;;;;
09.02.2022;2686;;3 477;completed;Liamwilliams2007@mail.ru;09.02.2022;14;3;587.0;2000.0;890.0;;14;Фиточай с чабрецом - 4 пакетика;Омолаживающий барсучий эликсир;Фиточай с чабрецом - 4 пакетика;0;;;;;;;;;;;;;;;;;;;;;;;;;;;;;;;;;;;;;;;;;;;;;;
27.03.2021;3156;;8 140;completed;avajackson33@yahoo.com;27.03.2021;3;3;4900.0;2000.0;890.0;;3;Омолаживающий барсучий эликсир;Омолаживающий барсучий эликсир;Фиточай с чабрецом - 4 пакетика;350;;;;;;;;;;;;;;;;;;;;;;;;;;;;;;;;;;;;;;;;;;;;;;
01.04.2021;1742;;3 690;completed;Emmajackson69@outlook.com;01.04.2021;4;3;1100.0;2000.0;240.0;;4;Маття-латте - 5 шт.;Омолаживающий барсучий эликсир;Маття-латте - 1 шт.;350;;;;;;;;;;;;;;;;;;;;;;;;;;;;;;;;;;;;;;;;;;;;;;
23.08.2021;3873;;3 565;completed;Oliverwilliams1987@mail.ru;24.07.2021;7;3;2000.0;890.0;325.0;;8;Омолаживающий барсучий эликсир;Фиточай с чабрецом - 4 пакетика;Маття-латте - 1 шт.;350;;;;;;;;;;;;;;;;;;;;;;;;;;;;;;;;;;;;;;;;;;;;;;
17.06.2021;1516;;1 687;completed;Lucasthomas13@yahoo.com;16.02.2021;2;2;587.0;;1100.0;;6;Фиточай с чабрецом - 4 пакетика;Маття-латте - 1 шт.;Маття-латте - 5 шт.;0;;;;;;;;;;;;;;;;;;;;;;;;;;;;;;;;;;;;;;;;;;;;;;
06.10.2021;4178;;10 125;completed;Isabellaanderson69@yahoo.com;12.03.2021;3;3;4900.0;4900.0;325.0;;10;Омолаживающий барсучий эликсир;Омолаживающий барсучий эликсир;Маття-латте - 1 шт.;0;;;;;;;;;;;;;;;;;;;;;;;;;;;;;;;;;;;;;;;;;;;;;;
28.02.2021;4129;;3 174;completed;Charlottesmith2007@yandex.ru;28.02.2021;2;3;2000.0;587.0;587.0;;2;Омолаживающий барсучий эликсир;Фиточай с чабрецом - 4 пакетика;Фиточай с чабрецом - 4 пакетика;0;;;;;;;;;;;;;;;;;;;;;;;;;;;;;;;;;;;;;;;;;;;;;;
02.11.2021;3274;;3 115;completed;Isabellawilliams0@mail.ru;27.08.2021;8;3;325.0;890.0;1900.0;;11;Маття-латте - 1 шт.;Фиточай с чабрецом - 4 пакетика;Маття-латте - 5 шт.;0;;;;;;;;;;;;;;;;;;;;;;;;;;;;;;;;;;;;;;;;;;;;;;
31.03.2021;2191;;3 140;completed;emmalopez66@gmail.com;31.03.2021;3;2;;1900.0;890.0;;3;Маття-латте - 1 шт.;Маття-латте - 5 шт.;Фиточай с чабрецом - 4 пакетика;350;;;;;;;;;;;;;;;;;;;;;;;;;;;;;;;;;;;;;;;;;;;;;;
18.10.2021;2571;;6 550;returned;Isabellasmith12@yahoo.com;27.08.2021;8;3;1900.0;800.0;3500.0;;10;Маття-латте - 5 шт.;Фиточай с чабрецом - 4 пакетика;Омолаживающий барсучий эликсир;350;;;;;;;;;;;;;;;;;;;;;;;;;;;;;;;;;;;;;;;;;;;;;;
12.03.2021;3066;;4 390;completed;oliverbrown88@gmail.com;12.03.2021;3;2;890.0;;3500.0;;3;Фиточай с чабрецом - 4 пакетика;Маття-латте - 1 шт.;Омолаживающий барсучий эликсир;0;;;;;;;;;;;;;;;;;;;;;;;;;;;;;;;;;;;;;;;;;;;;;;
05.02.2022;2931;;4 975;completed;Isabellamartinez0@yandex.ru;30.08.2021;8;3;3500.0;325.0;800.0;;14;Омолаживающий барсучий эликсир;Маття-латте - 1 шт.;Фиточай с чабрецом - 4 пакетика;350;;;;;;;;;;;;;;;;;;;;;;;;;;;;;;;;;;;;;;;;;;;;;;
07.08.2021;3580;;5 000;completed;Avaanderson13@yandex.ru;07.08.2021;8;3;1100.0;1900.0;2000.0;;8;Маття-латте - 5 шт.;Маття-латте - 5 шт.;Омолаживающий барсучий эликсир;0;;;;;;;;;;;;;;;;;;;;;;;;;;;;;;;;;;;;;;;;;;;;;;
07.06.2021;3687;;2 890;completed;Charlottebrown66@yahoo.com;07.06.2021;6;2;2000.0;;890.0;;6;Омолаживающий барсучий эликсир;Маття-латте - 1 шт.;Фиточай с чабрецом - 4 пакетика;0;;;;;;;;;;;;;;;;;;;;;;;;;;;;;;;;;;;;;;;;;;;;;;
05.09.2021;2322;;4 630;completed;Lucasjackson2007@gmail.com;15.05.2021;5;3;3500.0;890.0;240.0;;9;Омолаживающий барсучий эликсир;Фиточай с чабрецом - 4 пакетика;Маття-латте - 1 шт.;0;;;;;;;;;;;;;;;;;;;;;;;;;;;;;;;;;;;;;;;;;;;;;;
18.10.2021;4105;;3 737;completed;Avabrown1993@outlook.com;18.10.2021;10;3;800.0;2000.0;587.0;;10;Фиточай с чабрецом - 4 пакетика;Омолаживающий барсучий эликсир;Фиточай с чабрецом - 4 пакетика;350;;;;;;;;;;;;;;;;;;;;;;;;;;;;;;;;;;;;;;;;;;;;;;
08.03.2021;2907;;5 725;completed;Alexandertaylor13@yandex.ru;21.02.2021;2;3;325.0;1900.0;3500.0;;3;Маття-латте - 1 шт.;Маття-латте - 5 шт.;Омолаживающий барсучий эликсир;0;;;;;;;;;;;;;;;;;;;;;;;;;;;;;;;;;;;;;;;;;;;;;;
21.12.2021;2991;;4 412;completed;Liammartinez66@yahoo.com;21.12.2021;12;3;325.0;3500.0;587.0;;12;Маття-латте - 1 шт.;Омолаживающий барсучий эликсир;Фиточай с чабрецом - 4 пакетика;0;;;;;;;;;;;;;;;;;;;;;;;;;;;;;;;;;;;;;;;;;;;;;;
10.03.2021;2946;;6 300;completed;Oliverthomas12@mail.ru;17.02.2021;2;3;800.0;3500.0;2000.0;;3;Фиточай с чабрецом - 4 пакетика;Омолаживающий барсучий эликсир;Омолаживающий барсучий эликсир;0;;;;;;;;;;;;;;;;;;;;;;;;;;;;;;;;;;;;;;;;;;;;;;
20.05.2021;2265;;6 900;completed;Charlottemoore0@outlook.com;20.05.2021;5;2;4900.0;;2000.0;;5;Омолаживающий барсучий эликсир;Маття-латте - 1 шт.;Омолаживающий барсучий эликсир;0;;;;;;;;;;;;;;;;;;;;;;;;;;;;;;;;;;;;;;;;;;;;;;
20.11.2021;2577;;3 377;returned;Emmabrown69@yahoo.com;03.08.2021;8;3;1900.0;890.0;587.0;;11;Маття-латте - 5 шт.;Фиточай с чабрецом - 4 пакетика;Фиточай с чабрецом - 4 пакетика;0;;;;;;;;;;;;;;;;;;;;;;;;;;;;;;;;;;;;;;;;;;;;;;
19.03.2021;1333;;2 040;completed;emmasmith1993@gmail.com;19.03.2021;3;2;;800.0;890.0;;3;Маття-латте - 1 шт.;Фиточай с чабрецом - 4 пакетика;Фиточай с чабрецом - 4 пакетика;350;;;;;;;;;;;;;;;;;;;;;;;;;;;;;;;;;;;;;;;;;;;;;;
27.05.2021;2248;;2 015;returned;Williamthomas33@outlook.com;18.02.2021;2;3;890.0;800.0;325.0;;5;Фиточай с чабрецом - 4 пакетика;Фиточай с чабрецом - 4 пакетика;Маття-латте - 1 шт.;0;;;;;;;;;;;;;;;;;;;;;;;;;;;;;;;;;;;;;;;;;;;;;;
04.06.2021;2869;;7 387;completed;lucasthomas33@gmail.com;04.06.2021;6;3;4900.0;1900.0;587.0;;6;Омолаживающий барсучий эликсир;Маття-латте - 5 шт.;Фиточай с чабрецом - 4 пакетика;0;;;;;;;;;;;;;;;;;;;;;;;;;;;;;;;;;;;;;;;;;;;;;;
11.06.2021;4032;;4 500;completed;Isabellataylor1987@mail.ru;21.05.2021;5;3;325.0;3500.0;325.0;;6;Маття-латте - 1 шт.;Омолаживающий барсучий эликсир;Маття-латте - 1 шт.;350;;;;;;;;;;;;;;;;;;;;;;;;;;;;;;;;;;;;;;;;;;;;;;
01.10.2021;2993;;1 840;completed;Emmabrown12@yahoo.com;31.03.2021;3;3;240.0;800.0;800.0;;10;Маття-латте - 1 шт.;Фиточай с чабрецом - 4 пакетика;Фиточай с чабрецом - 4 пакетика;0;;;;;;;;;;;;;;;;;;;;;;;;;;;;;;;;;;;;;;;;;;;;;;
26.06.2021;2801;;1 712;returned;Lucasmoore66@yandex.ru;26.06.2021;6;3;800.0;325.0;587.0;;6;Фиточай с чабрецом - 4 пакетика;Маття-латте - 1 шт.;Фиточай с чабрецом - 4 пакетика;0;;;;;;;;;;;;;;;;;;;;;;;;;;;;;;;;;;;;;;;;;;;;;;
21.03.2021;4202;;6 850;returned;Charlottejackson33@yandex.ru;21.03.2021;3;3;3500.0;1900.0;1100.0;;3;Омолаживающий барсучий эликсир;Маття-латте - 5 шт.;Маття-латте - 5 шт.;350;;;;;;;;;;;;;;;;;;;;;;;;;;;;;;;;;;;;;;;;;;;;;;
12.10.2021;1611;;5 727;returned;olivermartinez2007@gmail.com;27.03.2021;3;3;240.0;587.0;4900.0;;10;Маття-латте - 1 шт.;Фиточай с чабрецом - 4 пакетика;Омолаживающий барсучий эликсир;0;;;;;;;;;;;;;;;;;;;;;;;;;;;;;;;;;;;;;;;;;;;;;;
29.12.2021;1794;;3 162;completed;Avaanderson66@yandex.ru;16.04.2021;4;3;1900.0;587.0;325.0;;12;Маття-латте - 5 шт.;Фиточай с чабрецом - 4 пакетика;Маття-латте - 1 шт.;350;;;;;;;;;;;;;;;;;;;;;;;;;;;;;;;;;;;;;;;;;;;;;;
08.11.2021;2054;;5 740;completed;liamtaylor0@gmail.com;08.11.2021;11;3;2000.0;240.0;3500.0;;11;Омолаживающий барсучий эликсир;Маття-латте - 1 шт.;Омолаживающий барсучий эликсир;0;;;;;;;;;;;;;;;;;;;;;;;;;;;;;;;;;;;;;;;;;;;;;;
29.04.2021;2901;;2 487;completed;Emmathomas33@outlook.com;29.04.2021;4;3;587.0;800.0;1100.0;;4;Фиточай с чабрецом - 4 пакетика;Фиточай с чабрецом - 4 пакетика;Маття-латте - 5 шт.;0;;;;;;;;;;;;;;;;;;;;;;;;;;;;;;;;;;;;;;;;;;;;;;
12.12.2021;3084;;4 487;completed;charlottetaylor88@gmail.com;12.12.2021;12;3;1900.0;587.0;2000.0;;12;Маття-латте - 5 шт.;Фиточай с чабрецом - 4 пакетика;Омолаживающий барсучий эликсир;0;;;;;;;;;;;;;;;;;;;;;;;;;;;;;;;;;;;;;;;;;;;;;;
14.03.2021;1633;;2 064;returned;Avathomas1987@mail.ru;14.03.2021;3;3;587.0;587.0;890.0;;3;Фиточай с чабрецом - 4 пакетика;Фиточай с чабрецом - 4 пакетика;Фиточай с чабрецом - 4 пакетика;0;;;;;;;;;;;;;;;;;;;;;;;;;;;;;;;;;;;;;;;;;;;;;;
27.06.2021;3139;;7 587;completed;alexanderthomas2007@gmail.com;07.04.2021;4;3;587.0;3500.0;3500.0;;6;Фиточай с чабрецом - 4 пакетика;Омолаживающий барсучий эликсир;Омолаживающий барсучий эликсир;0;;;;;;;;;;;;;;;;;;;;;;;;;;;;;;;;;;;;;;;;;;;;;;
08.08.2021;2965;;7 600;completed;Sophiabrown88@yandex.ru;27.06.2021;6;3;1900.0;800.0;4900.0;;8;Маття-латте - 5 шт.;Фиточай с чабрецом - 4 пакетика;Омолаживающий барсучий эликсир;0;;;;;;;;;;;;;;;;;;;;;;;;;;;;;;;;;;;;;;;;;;;;;;
24.05.2021;2542;;7 937;completed;Williamthomas69@mail.ru;24.05.2021;5;3;587.0;3500.0;3500.0;;5;Фиточай с чабрецом - 4 пакетика;Омолаживающий барсучий эликсир;Омолаживающий барсучий эликсир;350;;;;;;;;;;;;;;;;;;;;;;;;;;;;;;;;;;;;;;;;;;;;;;
09.03.2021;2823;;11 250;completed;Oliveranderson1987@yandex.ru;09.03.2021;3;3;1100.0;4900.0;4900.0;;3;Маття-латте - 5 шт.;Омолаживающий барсучий эликсир;Омолаживающий барсучий эликсир;350;;;;;;;;;;;;;;;;;;;;;;;;;;;;;;;;;;;;;;;;;;;;;;
08.07.2021;2257;;5 490;completed;Charlottewilliams88@yandex.ru;13.04.2021;4;2;240.0;;4900.0;;7;Маття-латте - 1 шт.;Маття-латте - 1 шт.;Омолаживающий барсучий эликсир;350;;;;;;;;;;;;;;;;;;;;;;;;;;;;;;;;;;;;;;;;;;;;;;
04.05.2021;1774;;2 274;completed;alexanderanderson1993@gmail.com;04.05.2021;5;3;1100.0;587.0;587.0;;5;Маття-латте - 5 шт.;Фиточай с чабрецом - 4 пакетика;Фиточай с чабрецом - 4 пакетика;0;;;;;;;;;;;;;;;;;;;;;;;;;;;;;;;;;;;;;;;;;;;;;;
12.01.2022;2740;;1 687;returned;Olivermoore2007@yahoo.com;05.03.2021;3;2;587.0;1100.0;;;13;Фиточай с чабрецом - 4 пакетика;Маття-латте - 5 шт.;Маття-латте - 1 шт.;0;;;;;;;;;;;;;;;;;;;;;;;;;;;;;;;;;;;;;;;;;;;;;;
26.11.2021;1831;;590;completed;Charlottesmith1987@mail.ru;28.03.2021;3;1;;;240.0;;11;Маття-латте - 1 шт.;Маття-латте - 1 шт.;Маття-латте - 1 шт.;350;;;;;;;;;;;;;;;;;;;;;;;;;;;;;;;;;;;;;;;;;;;;;;
30.11.2021;3759;;1 425;completed;Lucasjackson12@gmail.com;30.11.2021;11;2;325.0;;1100.0;;11;Маття-латте - 1 шт.;Маття-латте - 1 шт.;Маття-латте - 5 шт.;0;;;;;;;;;;;;;;;;;;;;;;;;;;;;;;;;;;;;;;;;;;;;;;
30.04.2021;2058;;4 890;completed;Isabellathomas13@outlook.com;24.04.2021;4;3;240.0;3500.0;800.0;;4;Маття-латте - 1 шт.;Омолаживающий барсучий эликсир;Фиточай с чабрецом - 4 пакетика;350;;;;;;;;;;;;;;;;;;;;;;;;;;;;;;;;;;;;;;;;;;;;;;
16.11.2021;3675;;1 930;completed;Isabellalopez2007@mail.ru;09.09.2021;9;3;240.0;890.0;800.0;;11;Маття-латте - 1 шт.;Фиточай с чабрецом - 4 пакетика;Фиточай с чабрецом - 4 пакетика;0;;;;;;;;;;;;;;;;;;;;;;;;;;;;;;;;;;;;;;;;;;;;;;
31.08.2021;3306;;9 337;completed;Emmataylor1993@yahoo.com;31.08.2021;8;3;3500.0;4900.0;587.0;;8;Омолаживающий барсучий эликсир;Омолаживающий барсучий эликсир;Фиточай с чабрецом - 4 пакетика;350;;;;;;;;;;;;;;;;;;;;;;;;;;;;;;;;;;;;;;;;;;;;;;
12.02.2022;3481;;5 275;completed;Isabellabrown2007@yahoo.com;25.12.2021;12;3;3500.0;1100.0;325.0;;14;Омолаживающий барсучий эликсир;Маття-латте - 5 шт.;Маття-латте - 1 шт.;350;;;;;;;;;;;;;;;;;;;;;;;;;;;;;;;;;;;;;;;;;;;;;;
07.10.2021;1631;;9 800;completed;Liamtaylor33@yandex.ru;07.10.2021;10;2;4900.0;4900.0;;;10;Омолаживающий барсучий эликсир;Омолаживающий барсучий эликсир;Маття-латте - 1 шт.;0;;;;;;;;;;;;;;;;;;;;;;;;;;;;;;;;;;;;;;;;;;;;;;
05.06.2021;2268;;6 077;completed;charlottesmith66@gmail.com;26.04.2021;4;3;587.0;4900.0;240.0;;6;Фиточай с чабрецом - 4 пакетика;Омолаживающий барсучий эликсир;Маття-латте - 1 шт.;350;;;;;;;;;;;;;;;;;;;;;;;;;;;;;;;;;;;;;;;;;;;;;;
03.05.2021;3601;;4 925;completed;Liambrown2007@yahoo.com;03.05.2021;5;3;3500.0;1100.0;325.0;;5;Омолаживающий барсучий эликсир;Маття-латте - 5 шт.;Маття-латте - 1 шт.;0;;;;;;;;;;;;;;;;;;;;;;;;;;;;;;;;;;;;;;;;;;;;;;
23.01.2022;2333;;1 040;completed;avawilliams66@gmail.com;06.08.2021;8;2;;800.0;240.0;;13;Маття-латте - 1 шт.;Фиточай с чабрецом - 4 пакетика;Маття-латте - 1 шт.;0;;;;;;;;;;;;;;;;;;;;;;;;;;;;;;;;;;;;;;;;;;;;;;
29.03.2021;3323;;7 737;completed;Isabellataylor1993@outlook.com;29.03.2021;3;3;587.0;1900.0;4900.0;;3;Фиточай с чабрецом - 4 пакетика;Маття-латте - 5 шт.;Омолаживающий барсучий эликсир;350;;;;;;;;;;;;;;;;;;;;;;;;;;;;;;;;;;;;;;;;;;;;;;
12.10.2021;1423;;3 500;completed;Sophiamartinez1987@outlook.com;12.10.2021;10;3;1900.0;800.0;800.0;;10;Маття-латте - 5 шт.;Фиточай с чабрецом - 4 пакетика;Фиточай с чабрецом - 4 пакетика;0;;;;;;;;;;;;;;;;;;;;;;;;;;;;;;;;;;;;;;;;;;;;;;
28.05.2021;3518;;2 130;completed;Williammoore66@outlook.com;28.05.2021;5;2;890.0;890.0;;;5;Фиточай с чабрецом - 4 пакетика;Фиточай с чабрецом - 4 пакетика;Маття-латте - 1 шт.;350;;;;;;;;;;;;;;;;;;;;;;;;;;;;;;;;;;;;;;;;;;;;;;
16.10.2021;3284;;3 174;completed;Liamtaylor69@yandex.ru;06.03.2021;3;3;587.0;2000.0;587.0;;10;Фиточай с чабрецом - 4 пакетика;Омолаживающий барсучий эликсир;Фиточай с чабрецом - 4 пакетика;0;;;;;;;;;;;;;;;;;;;;;;;;;;;;;;;;;;;;;;;;;;;;;;
28.02.2021;2616;;5 630;completed;Oliverthomas13@gmail.com;28.02.2021;2;3;890.0;890.0;3500.0;;2;Фиточай с чабрецом - 4 пакетика;Фиточай с чабрецом - 4 пакетика;Омолаживающий барсучий эликсир;350;;;;;;;;;;;;;;;;;;;;;;;;;;;;;;;;;;;;;;;;;;;;;;
12.05.2021;3483;;7 387;completed;Lucasmoore1993@outlook.com;14.03.2021;3;3;1900.0;587.0;4900.0;;5;Маття-латте - 5 шт.;Фиточай с чабрецом - 4 пакетика;Омолаживающий барсучий эликсир;0;;;;;;;;;;;;;;;;;;;;;;;;;;;;;;;;;;;;;;;;;;;;;;
17.06.2021;2518;;6 500;completed;Emmamartinez1993@outlook.com;17.06.2021;6;3;1900.0;1100.0;3500.0;;6;Маття-латте - 5 шт.;Маття-латте - 5 шт.;Омолаживающий барсучий эликсир;0;;;;;;;;;;;;;;;;;;;;;;;;;;;;;;;;;;;;;;;;;;;;;;
06.11.2021;1974;;5 540;completed;williamsmith69@gmail.com;04.04.2021;4;3;800.0;890.0;3500.0;;11;Фиточай с чабрецом - 4 пакетика;Фиточай с чабрецом - 4 пакетика;Омолаживающий барсучий эликсир;350;;;;;;;;;;;;;;;;;;;;;;;;;;;;;;;;;;;;;;;;;;;;;;
30.05.2021;1253;;4 690;completed;Emmasmith1987@mail.ru;25.02.2021;2;3;890.0;1900.0;1900.0;;5;Фиточай с чабрецом - 4 пакетика;Маття-латте - 5 шт.;Маття-латте - 5 шт.;0;;;;;;;;;;;;;;;;;;;;;;;;;;;;;;;;;;;;;;;;;;;;;;
16.09.2021;2215;;2 490;returned;Oliveranderson2007@outlook.com;16.09.2021;9;3;1100.0;800.0;240.0;;9;Маття-латте - 5 шт.;Фиточай с чабрецом - 4 пакетика;Маття-латте - 1 шт.;350;;;;;;;;;;;;;;;;;;;;;;;;;;;;;;;;;;;;;;;;;;;;;;
15.05.2021;1323;;2 627;completed;Charlottebrown1993@outlook.com;25.02.2021;2;3;800.0;587.0;890.0;;5;Фиточай с чабрецом - 4 пакетика;Фиточай с чабрецом - 4 пакетика;Фиточай с чабрецом - 4 пакетика;350;;;;;;;;;;;;;;;;;;;;;;;;;;;;;;;;;;;;;;;;;;;;;;
04.01.2022;3063;;915;completed;avalopez88@gmail.com;30.09.2021;9;2;240.0;325.0;;;13;Маття-латте - 1 шт.;Маття-латте - 1 шт.;Маття-латте - 1 шт.;350;;;;;;;;;;;;;;;;;;;;;;;;;;;;;;;;;;;;;;;;;;;;;;
08.02.2022;1406;;2 012;completed;Emmawilliams69@outlook.com;06.08.2021;8;3;1100.0;587.0;325.0;;14;Маття-латте - 5 шт.;Фиточай с чабрецом - 4 пакетика;Маття-латте - 1 шт.;0;;;;;;;;;;;;;;;;;;;;;;;;;;;;;;;;;;;;;;;;;;;;;;
23.01.2022;1877;;4 327;completed;Alexanderjackson12@outlook.com;29.11.2021;11;3;587.0;240.0;3500.0;;13;Фиточай с чабрецом - 4 пакетика;Маття-латте - 1 шт.;Омолаживающий барсучий эликсир;0;;;;;;;;;;;;;;;;;;;;;;;;;;;;;;;;;;;;;;;;;;;;;;
30.12.2021;3547;;2 790;completed;Lucassmith13@yahoo.com;30.12.2021;12;2;890.0;;1900.0;;12;Фиточай с чабрецом - 4 пакетика;Маття-латте - 1 шт.;Маття-латте - 5 шт.;0;;;;;;;;;;;;;;;;;;;;;;;;;;;;;;;;;;;;;;;;;;;;;;
27.07.2021;3156;;4 350;completed;avajackson33@yahoo.com;27.03.2021;3;2;;2000.0;2000.0;;7;Маття-латте - 1 шт.;Омолаживающий барсучий эликсир;Омолаживающий барсучий эликсир;350;;;;;;;;;;;;;;;;;;;;;;;;;;;;;;;;;;;;;;;;;;;;;;
05.12.2021;1900;;5 150;completed;Williamsmith13@mail.ru;17.04.2021;4;3;800.0;2000.0;2000.0;;12;Фиточай с чабрецом - 4 пакетика;Омолаживающий барсучий эликсир;Омолаживающий барсучий эликсир;350;;;;;;;;;;;;;;;;;;;;;;;;;;;;;;;;;;;;;;;;;;;;;;
16.08.2021;3716;;5 900;completed;Olivermartinez88@yahoo.com;16.08.2021;8;3;2000.0;2000.0;1900.0;;8;Омолаживающий барсучий эликсир;Омолаживающий барсучий эликсир;Маття-латте - 5 шт.;0;;;;;;;;;;;;;;;;;;;;;;;;;;;;;;;;;;;;;;;;;;;;;;
24.02.2021;3861;;3 477;completed;Liammartinez2007@yahoo.com;24.02.2021;2;3;890.0;2000.0;587.0;;2;Фиточай с чабрецом - 4 пакетика;Омолаживающий барсучий эликсир;Фиточай с чабрецом - 4 пакетика;0;;;;;;;;;;;;;;;;;;;;;;;;;;;;;;;;;;;;;;;;;;;;;;
05.03.2021;3754;;2 230;completed;Isabellawilliams13@yandex.ru;05.03.2021;3;3;1100.0;240.0;890.0;;3;Маття-латте - 5 шт.;Маття-латте - 1 шт.;Фиточай с чабрецом - 4 пакетика;0;;;;;;;;;;;;;;;;;;;;;;;;;;;;;;;;;;;;;;;;;;;;;;
27.08.2021;2504;;1 414;completed;Avathomas69@outlook.com;27.08.2021;8;3;587.0;240.0;587.0;;8;Фиточай с чабрецом - 4 пакетика;Маття-латте - 1 шт.;Фиточай с чабрецом - 4 пакетика;0;;;;;;;;;;;;;;;;;;;;;;;;;;;;;;;;;;;;;;;;;;;;;;
02.05.2021;3368;;4 225;completed;alexandermoore1993@gmail.com;17.03.2021;3;3;1900.0;325.0;2000.0;;5;Маття-латте - 5 шт.;Маття-латте - 1 шт.;Омолаживающий барсучий эликсир;0;;;;;;;;;;;;;;;;;;;;;;;;;;;;;;;;;;;;;;;;;;;;;;
03.03.2021;4127;;8 900;returned;Avataylor2007@outlook.com;03.03.2021;3;3;3500.0;3500.0;1900.0;;3;Омолаживающий барсучий эликсир;Омолаживающий барсучий эликсир;Маття-латте - 5 шт.;0;;;;;;;;;;;;;;;;;;;;;;;;;;;;;;;;;;;;;;;;;;;;;;
25.06.2021;4068;;4 030;completed;williamanderson1993@yahoo.com;25.06.2021;6;3;890.0;890.0;1900.0;;6;Фиточай с чабрецом - 4 пакетика;Фиточай с чабрецом - 4 пакетика;Маття-латте - 5 шт.;350;;;;;;;;;;;;;;;;;;;;;;;;;;;;;;;;;;;;;;;;;;;;;;
07.01.2022;2420;;3 100;completed;isabellawilliams1987@gmail.com;07.01.2022;13;2;;1100.0;2000.0;;13;Маття-латте - 1 шт.;Маття-латте - 5 шт.;Омолаживающий барсучий эликсир;0;;;;;;;;;;;;;;;;;;;;;;;;;;;;;;;;;;;;;;;;;;;;;;
10.08.2021;4127;;1 930;completed;Avataylor2007@outlook.com;03.03.2021;3;3;240.0;1100.0;240.0;;8;Маття-латте - 1 шт.;Маття-латте - 5 шт.;Маття-латте - 1 шт.;350;;;;;;;;;;;;;;;;;;;;;;;;;;;;;;;;;;;;;;;;;;;;;;
21.04.2021;2937;;2 837;completed;Oliversmith66@yandex.ru;21.04.2021;4;3;1100.0;800.0;587.0;;4;Маття-латте - 5 шт.;Фиточай с чабрецом - 4 пакетика;Фиточай с чабрецом - 4 пакетика;350;;;;;;;;;;;;;;;;;;;;;;;;;;;;;;;;;;;;;;;;;;;;;;
18.04.2021;2822;;5 725;completed;Alexandermoore66@yahoo.com;18.04.2021;4;3;3500.0;1900.0;325.0;;4;Омолаживающий барсучий эликсир;Маття-латте - 5 шт.;Маття-латте - 1 шт.;0;;;;;;;;;;;;;;;;;;;;;;;;;;;;;;;;;;;;;;;;;;;;;;
08.06.2021;2755;;8 350;completed;Charlotteanderson12@mail.ru;08.06.2021;6;3;4900.0;1100.0;2000.0;;6;Омолаживающий барсучий эликсир;Маття-латте - 5 шт.;Омолаживающий барсучий эликсир;350;;;;;;;;;;;;;;;;;;;;;;;;;;;;;;;;;;;;;;;;;;;;;;
31.12.2021;2802;;4 125;completed;Emmawilliams33@outlook.com;31.12.2021;12;3;1900.0;1900.0;325.0;;12;Маття-латте - 5 шт.;Маття-латте - 5 шт.;Маття-латте - 1 шт.;0;;;;;;;;;;;;;;;;;;;;;;;;;;;;;;;;;;;;;;;;;;;;;;
05.12.2021;3148;;2 064;completed;Sophiasmith1993@yahoo.com;11.05.2021;5;3;890.0;587.0;587.0;;12;Фиточай с чабрецом - 4 пакетика;Фиточай с чабрецом - 4 пакетика;Фиточай с чабрецом - 4 пакетика;0;;;;;;;;;;;;;;;;;;;;;;;;;;;;;;;;;;;;;;;;;;;;;;
25.08.2021;1293;;3 125;completed;Alexanderthomas69@yandex.ru;18.08.2021;8;3;800.0;2000.0;325.0;;8;Фиточай с чабрецом - 4 пакетика;Омолаживающий барсучий эликсир;Маття-латте - 1 шт.;0;;;;;;;;;;;;;;;;;;;;;;;;;;;;;;;;;;;;;;;;;;;;;;
16.08.2021;3116;;3 940;completed;Lucasthomas2007@mail.ru;02.03.2021;3;3;800.0;890.0;1900.0;;8;Фиточай с чабрецом - 4 пакетика;Фиточай с чабрецом - 4 пакетика;Маття-латте - 5 шт.;350;;;;;;;;;;;;;;;;;;;;;;;;;;;;;;;;;;;;;;;;;;;;;;
06.01.2022;3135;;3 825;completed;Olivermartinez0@yandex.ru;06.01.2022;13;2;325.0;;3500.0;;13;Маття-латте - 1 шт.;Маття-латте - 1 шт.;Омолаживающий барсучий эликсир;0;;;;;;;;;;;;;;;;;;;;;;;;;;;;;;;;;;;;;;;;;;;;;;
24.06.2021;4183;;3 590;completed;Lucaswilliams12@yandex.ru;31.03.2021;3;3;890.0;800.0;1900.0;;6;Фиточай с чабрецом - 4 пакетика;Фиточай с чабрецом - 4 пакетика;Маття-латте - 5 шт.;0;;;;;;;;;;;;;;;;;;;;;;;;;;;;;;;;;;;;;;;;;;;;;;
11.03.2021;2762;;8 800;returned;oliverwilliams1987@gmail.com;11.03.2021;3;3;1900.0;4900.0;2000.0;;3;Маття-латте - 5 шт.;Омолаживающий барсучий эликсир;Омолаживающий барсучий эликсир;0;;;;;;;;;;;;;;;;;;;;;;;;;;;;;;;;;;;;;;;;;;;;;;
15.07.2021;3294;;6 030;completed;Isabellabrown69@mail.ru;15.07.2021;7;3;890.0;240.0;4900.0;;7;Фиточай с чабрецом - 4 пакетика;Маття-латте - 1 шт.;Омолаживающий барсучий эликсир;0;;;;;;;;;;;;;;;;;;;;;;;;;;;;;;;;;;;;;;;;;;;;;;
22.04.2021;2156;;10 750;completed;Lucaswilliams88@yandex.ru;22.04.2021;4;3;4900.0;3500.0;2000.0;;4;Омолаживающий барсучий эликсир;Омолаживающий барсучий эликсир;Омолаживающий барсучий эликсир;350;;;;;;;;;;;;;;;;;;;;;;;;;;;;;;;;;;;;;;;;;;;;;;
29.10.2021;3210;;6 727;completed;emmabrown2007@gmail.com;10.08.2021;8;3;4900.0;587.0;890.0;;10;Омолаживающий барсучий эликсир;Фиточай с чабрецом - 4 пакетика;Фиточай с чабрецом - 4 пакетика;350;;;;;;;;;;;;;;;;;;;;;;;;;;;;;;;;;;;;;;;;;;;;;;
20.09.2021;1382;;2 020;completed;williamthomas69@yahoo.com;05.04.2021;4;3;890.0;890.0;240.0;;9;Фиточай с чабрецом - 4 пакетика;Фиточай с чабрецом - 4 пакетика;Маття-латте - 1 шт.;0;;;;;;;;;;;;;;;;;;;;;;;;;;;;;;;;;;;;;;;;;;;;;;
25.09.2021;1523;;2 315;completed;Olivermartinez12@yandex.ru;25.09.2021;9;3;890.0;325.0;1100.0;;9;Фиточай с чабрецом - 4 пакетика;Маття-латте - 1 шт.;Маття-латте - 5 шт.;0;;;;;;;;;;;;;;;;;;;;;;;;;;;;;;;;;;;;;;;;;;;;;;
07.04.2021;3783;;5 640;completed;Charlottebrown12@yahoo.com;07.04.2021;4;3;1900.0;240.0;3500.0;;4;Маття-латте - 5 шт.;Маття-латте - 1 шт.;Омолаживающий барсучий эликсир;0;;;;;;;;;;;;;;;;;;;;;;;;;;;;;;;;;;;;;;;;;;;;;;
03.10.2021;2692;;2 365;completed;sophiaanderson0@gmail.com;03.10.2021;10;3;890.0;325.0;800.0;;10;Фиточай с чабрецом - 4 пакетика;Маття-латте - 1 шт.;Фиточай с чабрецом - 4 пакетика;350;;;;;;;;;;;;;;;;;;;;;;;;;;;;;;;;;;;;;;;;;;;;;;
18.01.2022;3093;;3 424;completed;Charlottethomas69@yahoo.com;27.09.2021;9;3;587.0;1900.0;587.0;;13;Фиточай с чабрецом - 4 пакетика;Маття-латте - 5 шт.;Фиточай с чабрецом - 4 пакетика;350;;;;;;;;;;;;;;;;;;;;;;;;;;;;;;;;;;;;;;;;;;;;;;
25.08.2021;1861;;5 640;completed;Alexandermoore0@yandex.ru;24.04.2021;4;3;240.0;1900.0;3500.0;;8;Маття-латте - 1 шт.;Маття-латте - 5 шт.;Омолаживающий барсучий эликсир;0;;;;;;;;;;;;;;;;;;;;;;;;;;;;;;;;;;;;;;;;;;;;;;
20.09.2021;3095;;4 225;completed;Emmamartinez1993@yandex.ru;20.09.2021;9;3;325.0;2000.0;1900.0;;9;Маття-латте - 1 шт.;Омолаживающий барсучий эликсир;Маття-латте - 5 шт.;0;;;;;;;;;;;;;;;;;;;;;;;;;;;;;;;;;;;;;;;;;;;;;;
12.03.2021;1285;;3 380;completed;Sophiabrown1987@outlook.com;12.03.2021;3;3;890.0;1900.0;240.0;;3;Фиточай с чабрецом - 4 пакетика;Маття-латте - 5 шт.;Маття-латте - 1 шт.;350;;;;;;;;;;;;;;;;;;;;;;;;;;;;;;;;;;;;;;;;;;;;;;
09.07.2021;3699;;2 015;completed;liambrown12@gmail.com;22.02.2021;2;3;240.0;325.0;1100.0;;7;Маття-латте - 1 шт.;Маття-латте - 1 шт.;Маття-латте - 5 шт.;350;;;;;;;;;;;;;;;;;;;;;;;;;;;;;;;;;;;;;;;;;;;;;;
10.01.2022;2883;;3 137;completed;isabellataylor33@gmail.com;26.02.2021;2;3;1100.0;587.0;1100.0;;13;Маття-латте - 5 шт.;Фиточай с чабрецом - 4 пакетика;Маття-латте - 5 шт.;350;;;;;;;;;;;;;;;;;;;;;;;;;;;;;;;;;;;;;;;;;;;;;;
17.09.2021;1309;;4 065;completed;Sophiabrown1987@outlook.com;16.09.2021;9;3;325.0;240.0;3500.0;;9;Маття-латте - 1 шт.;Маття-латте - 1 шт.;Омолаживающий барсучий эликсир;0;;;;;;;;;;;;;;;;;;;;;;;;;;;;;;;;;;;;;;;;;;;;;;
05.10.2021;2690;;7 900;completed;alexanderlopez12@gmail.com;05.10.2021;10;3;1900.0;1100.0;4900.0;;10;Маття-латте - 5 шт.;Маття-латте - 5 шт.;Омолаживающий барсучий эликсир;0;;;;;;;;;;;;;;;;;;;;;;;;;;;;;;;;;;;;;;;;;;;;;;
08.05.2021;2579;;3 727;completed;Williamanderson1993@yandex.ru;08.05.2021;5;3;1900.0;890.0;587.0;;5;Маття-латте - 5 шт.;Фиточай с чабрецом - 4 пакетика;Фиточай с чабрецом - 4 пакетика;350;;;;;;;;;;;;;;;;;;;;;;;;;;;;;;;;;;;;;;;;;;;;;;
08.03.2021;3193;;7 125;completed;Avathomas88@yahoo.com;08.03.2021;3;3;1900.0;4900.0;325.0;;3;Маття-латте - 5 шт.;Омолаживающий барсучий эликсир;Маття-латте - 1 шт.;0;;;;;;;;;;;;;;;;;;;;;;;;;;;;;;;;;;;;;;;;;;;;;;
25.07.2021;2297;;2 240;completed;Liamanderson88@outlook.com;09.05.2021;5;2;;240.0;2000.0;;7;Маття-латте - 1 шт.;Маття-латте - 1 шт.;Омолаживающий барсучий эликсир;0;;;;;;;;;;;;;;;;;;;;;;;;;;;;;;;;;;;;;;;;;;;;;;
22.03.2021;2694;;2 000;completed;Liammoore12@yahoo.com;22.03.2021;3;1;;;2000.0;;3;Маття-латте - 1 шт.;Маття-латте - 1 шт.;Омолаживающий барсучий эликсир;0;;;;;;;;;;;;;;;;;;;;;;;;;;;;;;;;;;;;;;;;;;;;;;
25.08.2021;2637;;5 400;completed;Williamtaylor69@yandex.ru;25.08.2021;8;2;3500.0;;1900.0;;8;Омолаживающий барсучий эликсир;Маття-латте - 1 шт.;Маття-латте - 5 шт.;0;;;;;;;;;;;;;;;;;;;;;;;;;;;;;;;;;;;;;;;;;;;;;;
30.08.2021;4055;;4 325;completed;Isabellathomas66@mail.ru;30.08.2021;8;3;2000.0;325.0;2000.0;;8;Омолаживающий барсучий эликсир;Маття-латте - 1 шт.;Омолаживающий барсучий эликсир;0;;;;;;;;;;;;;;;;;;;;;;;;;;;;;;;;;;;;;;;;;;;;;;
02.05.2021;2763;;1 600;completed;alexanderanderson1987@gmail.com;22.04.2021;4;2;800.0;;800.0;;5;Фиточай с чабрецом - 4 пакетика;Маття-латте - 1 шт.;Фиточай с чабрецом - 4 пакетика;0;;;;;;;;;;;;;;;;;;;;;;;;;;;;;;;;;;;;;;;;;;;;;;
08.07.2021;2468;;4 715;completed;Alexanderanderson69@yandex.ru;08.07.2021;7;3;3500.0;325.0;890.0;;7;Омолаживающий барсучий эликсир;Маття-латте - 1 шт.;Фиточай с чабрецом - 4 пакетика;0;;;;;;;;;;;;;;;;;;;;;;;;;;;;;;;;;;;;;;;;;;;;;;
27.06.2021;3157;;6 900;completed;sophiasmith13@gmail.com;27.06.2021;6;2;2000.0;4900.0;;;6;Омолаживающий барсучий эликсир;Омолаживающий барсучий эликсир;Маття-латте - 1 шт.;0;;;;;;;;;;;;;;;;;;;;;;;;;;;;;;;;;;;;;;;;;;;;;;
30.03.2021;1927;;8 725;completed;Avaanderson69@yahoo.com;30.03.2021;3;3;4900.0;325.0;3500.0;;3;Омолаживающий барсучий эликсир;Маття-латте - 1 шт.;Омолаживающий барсучий эликсир;0;;;;;;;;;;;;;;;;;;;;;;;;;;;;;;;;;;;;;;;;;;;;;;
03.07.2021;3732;;4 630;completed;Alexanderthomas0@mail.ru;03.07.2021;7;3;890.0;240.0;3500.0;;7;Фиточай с чабрецом - 4 пакетика;Маття-латте - 1 шт.;Омолаживающий барсучий эликсир;0;;;;;;;;;;;;;;;;;;;;;;;;;;;;;;;;;;;;;;;;;;;;;;
20.01.2022;4011;;2 912;completed;Charlottethomas69@yahoo.com;02.03.2021;3;3;587.0;325.0;2000.0;;13;Фиточай с чабрецом - 4 пакетика;Маття-латте - 1 шт.;Омолаживающий барсучий эликсир;0;;;;;;;;;;;;;;;;;;;;;;;;;;;;;;;;;;;;;;;;;;;;;;
22.06.2021;4062;;1 977;completed;Olivermartinez88@mail.ru;17.05.2021;5;3;240.0;587.0;800.0;;6;Маття-латте - 1 шт.;Фиточай с чабрецом - 4 пакетика;Фиточай с чабрецом - 4 пакетика;350;;;;;;;;;;;;;;;;;;;;;;;;;;;;;;;;;;;;;;;;;;;;;;
09.04.2021;1722;;4 700;completed;Isabellajackson66@yandex.ru;09.04.2021;4;3;2000.0;1900.0;800.0;;4;Омолаживающий барсучий эликсир;Маття-латте - 5 шт.;Фиточай с чабрецом - 4 пакетика;0;;;;;;;;;;;;;;;;;;;;;;;;;;;;;;;;;;;;;;;;;;;;;;
28.03.2021;1915;;5 400;completed;oliverjackson2007@gmail.com;28.03.2021;3;2;;1900.0;3500.0;;3;Маття-латте - 1 шт.;Маття-латте - 5 шт.;Омолаживающий барсучий эликсир;0;;;;;;;;;;;;;;;;;;;;;;;;;;;;;;;;;;;;;;;;;;;;;;
29.01.2022;1614;;6 550;completed;Emmaanderson1993@mail.ru;20.05.2021;5;3;3500.0;1900.0;800.0;;13;Омолаживающий барсучий эликсир;Маття-латте - 5 шт.;Фиточай с чабрецом - 4 пакетика;350;;;;;;;;;;;;;;;;;;;;;;;;;;;;;;;;;;;;;;;;;;;;;;
18.07.2021;1794;;2 015;completed;Avaanderson66@yandex.ru;16.04.2021;4;3;240.0;325.0;1100.0;;7;Маття-латте - 1 шт.;Маття-латте - 1 шт.;Маття-латте - 5 шт.;350;;;;;;;;;;;;;;;;;;;;;;;;;;;;;;;;;;;;;;;;;;;;;;
19.09.2021;1236;;10 400;completed;alexanderwilliams88@gmail.com;08.08.2021;8;3;4900.0;2000.0;3500.0;;9;Омолаживающий барсучий эликсир;Омолаживающий барсучий эликсир;Омолаживающий барсучий эликсир;0;;;;;;;;;;;;;;;;;;;;;;;;;;;;;;;;;;;;;;;;;;;;;;
10.11.2021;2789;;6 600;returned;Lucassmith1993@mail.ru;22.10.2021;10;3;1100.0;2000.0;3500.0;;11;Маття-латте - 5 шт.;Омолаживающий барсучий эликсир;Омолаживающий барсучий эликсир;0;;;;;;;;;;;;;;;;;;;;;;;;;;;;;;;;;;;;;;;;;;;;;;
03.02.2022;2301;;5 700;completed;Charlottelopez1993@outlook.com;15.07.2021;7;3;1900.0;1900.0;1900.0;;14;Маття-латте - 5 шт.;Маття-латте - 5 шт.;Маття-латте - 5 шт.;0;;;;;;;;;;;;;;;;;;;;;;;;;;;;;;;;;;;;;;;;;;;;;;
02.03.2021;3587;;1 370;completed;Avamoore88@outlook.com;02.03.2021;3;3;890.0;240.0;240.0;;3;Фиточай с чабрецом - 4 пакетика;Маття-латте - 1 шт.;Маття-латте - 1 шт.;0;;;;;;;;;;;;;;;;;;;;;;;;;;;;;;;;;;;;;;;;;;;;;;
19.06.2021;1438;;5 400;returned;Liamthomas1987@yahoo.com;19.06.2021;6;3;800.0;1100.0;3500.0;;6;Фиточай с чабрецом - 4 пакетика;Маття-латте - 5 шт.;Омолаживающий барсучий эликсир;0;;;;;;;;;;;;;;;;;;;;;;;;;;;;;;;;;;;;;;;;;;;;;;
26.02.2021;2779;;3 340;completed;Isabellaanderson12@mail.ru;26.02.2021;2;3;1100.0;2000.0;240.0;;2;Маття-латте - 5 шт.;Омолаживающий барсучий эликсир;Маття-латте - 1 шт.;0;;;;;;;;;;;;;;;;;;;;;;;;;;;;;;;;;;;;;;;;;;;;;;
22.05.2021;1284;;5 800;completed;williamthomas33@gmail.com;21.05.2021;5;3;1900.0;1900.0;2000.0;;5;Маття-латте - 5 шт.;Маття-латте - 5 шт.;Омолаживающий барсучий эликсир;0;;;;;;;;;;;;;;;;;;;;;;;;;;;;;;;;;;;;;;;;;;;;;;
02.02.2022;2271;;4 540;completed;Olivermoore88@yahoo.com;12.03.2021;3;3;3500.0;240.0;800.0;;14;Омолаживающий барсучий эликсир;Маття-латте - 1 шт.;Фиточай с чабрецом - 4 пакетика;0;;;;;;;;;;;;;;;;;;;;;;;;;;;;;;;;;;;;;;;;;;;;;;
02.11.2021;2125;;4 325;completed;williamjackson33@gmail.com;19.06.2021;6;3;2000.0;2000.0;325.0;;11;Омолаживающий барсучий эликсир;Омолаживающий барсучий эликсир;Маття-латте - 1 шт.;0;;;;;;;;;;;;;;;;;;;;;;;;;;;;;;;;;;;;;;;;;;;;;;
27.02.2021;2944;;3 140;completed;Isabellalopez66@yahoo.com;27.02.2021;2;2;890.0;1900.0;;;2;Фиточай с чабрецом - 4 пакетика;Маття-латте - 5 шт.;Маття-латте - 1 шт.;350;;;;;;;;;;;;;;;;;;;;;;;;;;;;;;;;;;;;;;;;;;;;;;
22.01.2022;1813;;4 630;completed;Emmasmith69@outlook.com;18.08.2021;8;3;3500.0;240.0;890.0;;13;Омолаживающий барсучий эликсир;Маття-латте - 1 шт.;Фиточай с чабрецом - 4 пакетика;0;;;;;;;;;;;;;;;;;;;;;;;;;;;;;;;;;;;;;;;;;;;;;;
30.09.2021;4037;;2 465;completed;Isabellalopez1993@yandex.ru;30.09.2021;9;3;325.0;1900.0;240.0;;9;Маття-латте - 1 шт.;Маття-латте - 5 шт.;Маття-латте - 1 шт.;0;;;;;;;;;;;;;;;;;;;;;;;;;;;;;;;;;;;;;;;;;;;;;;
05.06.2021;1853;;4 690;completed;Emmaanderson33@yahoo.com;05.06.2021;6;3;1900.0;890.0;1900.0;;6;Маття-латте - 5 шт.;Фиточай с чабрецом - 4 пакетика;Маття-латте - 5 шт.;0;;;;;;;;;;;;;;;;;;;;;;;;;;;;;;;;;;;;;;;;;;;;;;
08.06.2021;2768;;6 300;completed;Liamlopez1987@mail.ru;26.02.2021;2;3;3500.0;2000.0;800.0;;6;Омолаживающий барсучий эликсир;Омолаживающий барсучий эликсир;Фиточай с чабрецом - 4 пакетика;0;;;;;;;;;;;;;;;;;;;;;;;;;;;;;;;;;;;;;;;;;;;;;;
19.12.2021;2040;;4 387;returned;Lucasjackson1993@yahoo.com;19.12.2021;12;3;1900.0;587.0;1900.0;;12;Маття-латте - 5 шт.;Фиточай с чабрецом - 4 пакетика;Маття-латте - 5 шт.;0;;;;;;;;;;;;;;;;;;;;;;;;;;;;;;;;;;;;;;;;;;;;;;
22.12.2021;1600;;6 087;completed;sophialopez1987@gmail.com;22.12.2021;12;3;587.0;2000.0;3500.0;;12;Фиточай с чабрецом - 4 пакетика;Омолаживающий барсучий эликсир;Омолаживающий барсучий эликсир;0;;;;;;;;;;;;;;;;;;;;;;;;;;;;;;;;;;;;;;;;;;;;;;
08.01.2022;4102;;2 490;completed;sophiaanderson66@gmail.com;08.01.2022;13;3;240.0;1100.0;800.0;;13;Маття-латте - 1 шт.;Маття-латте - 5 шт.;Фиточай с чабрецом - 4 пакетика;350;;;;;;;;;;;;;;;;;;;;;;;;;;;;;;;;;;;;;;;;;;;;;;
08.07.2021;3363;;4 587;completed;Williamanderson88@yandex.ru;08.07.2021;7;3;587.0;2000.0;2000.0;;7;Фиточай с чабрецом - 4 пакетика;Омолаживающий барсучий эликсир;Омолаживающий барсучий эликсир;0;;;;;;;;;;;;;;;;;;;;;;;;;;;;;;;;;;;;;;;;;;;;;;
07.07.2021;2028;;4 700;completed;Alexanderlopez1987@mail.ru;07.07.2021;7;3;2000.0;1900.0;800.0;;7;Омолаживающий барсучий эликсир;Маття-латте - 5 шт.;Фиточай с чабрецом - 4 пакетика;0;;;;;;;;;;;;;;;;;;;;;;;;;;;;;;;;;;;;;;;;;;;;;;
18.03.2021;3201;;3 850;completed;sophiathomas88@gmail.com;18.03.2021;3;1;;;3500.0;;3;Маття-латте - 1 шт.;Маття-латте - 1 шт.;Омолаживающий барсучий эликсир;350;;;;;;;;;;;;;;;;;;;;;;;;;;;;;;;;;;;;;;;;;;;;;;
03.06.2021;4186;;2 537;completed;liamwilliams0@gmail.com;03.06.2021;6;3;587.0;800.0;800.0;;6;Фиточай с чабрецом - 4 пакетика;Фиточай с чабрецом - 4 пакетика;Фиточай с чабрецом - 4 пакетика;350;;;;;;;;;;;;;;;;;;;;;;;;;;;;;;;;;;;;;;;;;;;;;;
28.03.2021;3297;;3 230;completed;Emmataylor1993@yandex.ru;14.03.2021;3;3;1100.0;890.0;890.0;;3;Маття-латте - 5 шт.;Фиточай с чабрецом - 4 пакетика;Фиточай с чабрецом - 4 пакетика;350;;;;;;;;;;;;;;;;;;;;;;;;;;;;;;;;;;;;;;;;;;;;;;
13.04.2021;1512;;5 000;completed;Emmawilliams88@mail.ru;13.04.2021;4;3;1100.0;2000.0;1900.0;;4;Маття-латте - 5 шт.;Омолаживающий барсучий эликсир;Маття-латте - 5 шт.;0;;;;;;;;;;;;;;;;;;;;;;;;;;;;;;;;;;;;;;;;;;;;;;
10.06.2021;2580;;7 387;completed;Isabellalopez0@mail.ru;10.06.2021;6;3;587.0;4900.0;1900.0;;6;Фиточай с чабрецом - 4 пакетика;Омолаживающий барсучий эликсир;Маття-латте - 5 шт.;0;;;;;;;;;;;;;;;;;;;;;;;;;;;;;;;;;;;;;;;;;;;;;;
20.10.2021;1662;;7 750;completed;Lucasanderson69@yandex.ru;20.10.2021;10;3;3500.0;2000.0;1900.0;;10;Омолаживающий барсучий эликсир;Омолаживающий барсучий эликсир;Маття-латте - 5 шт.;350;;;;;;;;;;;;;;;;;;;;;;;;;;;;;;;;;;;;;;;;;;;;;;
20.08.2021;1629;;4 737;completed;Lucaslopez1987@yahoo.com;03.08.2021;8;3;1900.0;1900.0;587.0;;8;Маття-латте - 5 шт.;Маття-латте - 5 шт.;Фиточай с чабрецом - 4 пакетика;350;;;;;;;;;;;;;;;;;;;;;;;;;;;;;;;;;;;;;;;;;;;;;;
26.11.2021;2679;;2 912;completed;Emmawilliams33@mail.ru;26.11.2021;11;3;587.0;2000.0;325.0;;11;Фиточай с чабрецом - 4 пакетика;Омолаживающий барсучий эликсир;Маття-латте - 1 шт.;0;;;;;;;;;;;;;;;;;;;;;;;;;;;;;;;;;;;;;;;;;;;;;;
03.04.2021;3740;;1 802;returned;Lucasanderson66@mail.ru;03.04.2021;4;3;890.0;325.0;587.0;;4;Фиточай с чабрецом - 4 пакетика;Маття-латте - 1 шт.;Фиточай с чабрецом - 4 пакетика;0;;;;;;;;;;;;;;;;;;;;;;;;;;;;;;;;;;;;;;;;;;;;;;
03.04.2021;1771;;2 380;completed;Emmawilliams2007@yandex.ru;03.04.2021;4;3;1900.0;240.0;240.0;;4;Маття-латте - 5 шт.;Маття-латте - 1 шт.;Маття-латте - 1 шт.;0;;;;;;;;;;;;;;;;;;;;;;;;;;;;;;;;;;;;;;;;;;;;;;
08.12.2021;2357;;5 940;completed;Liammartinez2007@yandex.ru;08.12.2021;12;3;4900.0;800.0;240.0;;12;Омолаживающий барсучий эликсир;Фиточай с чабрецом - 4 пакетика;Маття-латте - 1 шт.;0;;;;;;;;;;;;;;;;;;;;;;;;;;;;;;;;;;;;;;;;;;;;;;
03.01.2022;3891;;4 887;completed;Lucastaylor13@mail.ru;24.07.2021;7;3;3500.0;587.0;800.0;;13;Омолаживающий барсучий эликсир;Фиточай с чабрецом - 4 пакетика;Фиточай с чабрецом - 4 пакетика;0;;;;;;;;;;;;;;;;;;;;;;;;;;;;;;;;;;;;;;;;;;;;;;
25.01.2022;2705;;1 737;completed;olivermartinez66@gmail.com;25.01.2022;13;2;800.0;587.0;;;13;Фиточай с чабрецом - 4 пакетика;Фиточай с чабрецом - 4 пакетика;Маття-латте - 1 шт.;350;;;;;;;;;;;;;;;;;;;;;;;;;;;;;;;;;;;;;;;;;;;;;;
25.02.2021;3796;;1 125;completed;Sophialopez2007@outlook.com;25.02.2021;2;2;325.0;800.0;;;2;Маття-латте - 1 шт.;Фиточай с чабрецом - 4 пакетика;Маття-латте - 1 шт.;0;;;;;;;;;;;;;;;;;;;;;;;;;;;;;;;;;;;;;;;;;;;;;;
15.08.2021;2495;;1 900;completed;Avamartinez69@yandex.ru;07.06.2021;6;2;800.0;1100.0;;;8;Фиточай с чабрецом - 4 пакетика;Маття-латте - 5 шт.;Маття-латте - 1 шт.;0;;;;;;;;;;;;;;;;;;;;;;;;;;;;;;;;;;;;;;;;;;;;;;
22.04.2021;2161;;5 140;returned;Liamlopez33@yahoo.com;22.04.2021;4;2;;4900.0;240.0;;4;Маття-латте - 1 шт.;Омолаживающий барсучий эликсир;Маття-латте - 1 шт.;0;;;;;;;;;;;;;;;;;;;;;;;;;;;;;;;;;;;;;;;;;;;;;;
20.02.2021;1842;;7 387;completed;Liamlopez1993@outlook.com;20.02.2021;2;3;587.0;1900.0;4900.0;;2;Фиточай с чабрецом - 4 пакетика;Маття-латте - 5 шт.;Омолаживающий барсучий эликсир;0;;;;;;;;;;;;;;;;;;;;;;;;;;;;;;;;;;;;;;;;;;;;;;
12.01.2022;1264;;4 975;completed;Williambrown0@outlook.com;09.12.2021;12;3;325.0;800.0;3500.0;;13;Маття-латте - 1 шт.;Фиточай с чабрецом - 4 пакетика;Омолаживающий барсучий эликсир;350;;;;;;;;;;;;;;;;;;;;;;;;;;;;;;;;;;;;;;;;;;;;;;
18.11.2021;2364;;2 890;completed;Alexanderbrown0@mail.ru;13.04.2021;4;2;;890.0;2000.0;;11;Маття-латте - 1 шт.;Фиточай с чабрецом - 4 пакетика;Омолаживающий барсучий эликсир;0;;;;;;;;;;;;;;;;;;;;;;;;;;;;;;;;;;;;;;;;;;;;;;
06.06.2021;3017;;4 475;completed;isabellathomas1987@gmail.com;03.03.2021;3;3;1900.0;1900.0;325.0;;6;Маття-латте - 5 шт.;Маття-латте - 5 шт.;Маття-латте - 1 шт.;350;;;;;;;;;;;;;;;;;;;;;;;;;;;;;;;;;;;;;;;;;;;;;;
04.05.2021;3410;;4 040;completed;Charlottelopez1987@yandex.ru;04.05.2021;5;3;890.0;800.0;2000.0;;5;Фиточай с чабрецом - 4 пакетика;Фиточай с чабрецом - 4 пакетика;Омолаживающий барсучий эликсир;350;;;;;;;;;;;;;;;;;;;;;;;;;;;;;;;;;;;;;;;;;;;;;;
02.08.2021;2452;;1 365;completed;avathomas0@gmail.com;02.08.2021;8;3;240.0;325.0;800.0;;8;Маття-латте - 1 шт.;Маття-латте - 1 шт.;Фиточай с чабрецом - 4 пакетика;0;;;;;;;;;;;;;;;;;;;;;;;;;;;;;;;;;;;;;;;;;;;;;;
18.11.2021;3337;;4 140;completed;Emmabrown0@mail.ru;04.04.2021;4;3;2000.0;1900.0;240.0;;11;Омолаживающий барсучий эликсир;Маття-латте - 5 шт.;Маття-латте - 1 шт.;0;;;;;;;;;;;;;;;;;;;;;;;;;;;;;;;;;;;;;;;;;;;;;;
23.06.2021;2435;;8 040;completed;Oliverbrown1993@yahoo.com;23.06.2021;6;3;890.0;1900.0;4900.0;;6;Фиточай с чабрецом - 4 пакетика;Маття-латте - 5 шт.;Омолаживающий барсучий эликсир;350;;;;;;;;;;;;;;;;;;;;;;;;;;;;;;;;;;;;;;;;;;;;;;
23.09.2021;1997;;7 750;completed;Isabellathomas1993@yandex.ru;23.09.2021;9;3;1900.0;2000.0;3500.0;;9;Маття-латте - 5 шт.;Омолаживающий барсучий эликсир;Омолаживающий барсучий эликсир;350;;;;;;;;;;;;;;;;;;;;;;;;;;;;;;;;;;;;;;;;;;;;;;
07.10.2021;1801;;800;completed;Williamthomas12@yahoo.com;15.04.2021;4;1;800.0;;;;10;Фиточай с чабрецом - 4 пакетика;Маття-латте - 1 шт.;Маття-латте - 1 шт.;0;;;;;;;;;;;;;;;;;;;;;;;;;;;;;;;;;;;;;;;;;;;;;;
05.02.2022;1330;;5 500;completed;Charlottelopez1993@mail.ru;05.02.2022;14;2;;3500.0;2000.0;;14;Маття-латте - 1 шт.;Омолаживающий барсучий эликсир;Омолаживающий барсучий эликсир;0;;;;;;;;;;;;;;;;;;;;;;;;;;;;;;;;;;;;;;;;;;;;;;
09.10.2021;3586;;3 587;returned;Oliverthomas69@mail.ru;27.03.2021;3;3;1100.0;587.0;1900.0;;10;Маття-латте - 5 шт.;Фиточай с чабрецом - 4 пакетика;Маття-латте - 5 шт.;0;;;;;;;;;;;;;;;;;;;;;;;;;;;;;;;;;;;;;;;;;;;;;;
22.11.2021;3388;;4 327;completed;Isabellamartinez0@yandex.ru;10.05.2021;5;3;240.0;587.0;3500.0;;11;Маття-латте - 1 шт.;Фиточай с чабрецом - 4 пакетика;Омолаживающий барсучий эликсир;0;;;;;;;;;;;;;;;;;;;;;;;;;;;;;;;;;;;;;;;;;;;;;;
11.09.2021;2681;;11 700;completed;lucasmoore88@gmail.com;11.09.2021;9;3;4900.0;4900.0;1900.0;;9;Омолаживающий барсучий эликсир;Омолаживающий барсучий эликсир;Маття-латте - 5 шт.;0;;;;;;;;;;;;;;;;;;;;;;;;;;;;;;;;;;;;;;;;;;;;;;
25.09.2021;2733;;4 327;completed;liammoore1993@gmail.com;25.09.2021;9;3;3500.0;240.0;587.0;;9;Омолаживающий барсучий эликсир;Маття-латте - 1 шт.;Фиточай с чабрецом - 4 пакетика;0;;;;;;;;;;;;;;;;;;;;;;;;;;;;;;;;;;;;;;;;;;;;;;
10.11.2021;1334;;5 840;completed;Avabrown66@outlook.com;17.02.2021;2;3;1100.0;3500.0;890.0;;11;Маття-латте - 5 шт.;Омолаживающий барсучий эликсир;Фиточай с чабрецом - 4 пакетика;350;;;;;;;;;;;;;;;;;;;;;;;;;;;;;;;;;;;;;;;;;;;;;;
26.09.2021;3973;;3 850;completed;Lucassmith1993@yandex.ru;26.09.2021;9;3;800.0;800.0;1900.0;;9;Фиточай с чабрецом - 4 пакетика;Фиточай с чабрецом - 4 пакетика;Маття-латте - 5 шт.;350;;;;;;;;;;;;;;;;;;;;;;;;;;;;;;;;;;;;;;;;;;;;;;
25.08.2021;3216;;10 387;completed;Avawilliams69@outlook.com;27.05.2021;5;3;4900.0;4900.0;587.0;;8;Омолаживающий барсучий эликсир;Омолаживающий барсучий эликсир;Фиточай с чабрецом - 4 пакетика;0;;;;;;;;;;;;;;;;;;;;;;;;;;;;;;;;;;;;;;;;;;;;;;
11.07.2021;2131;;1 215;completed;Olivertaylor69@yandex.ru;11.07.2021;7;2;325.0;890.0;;;7;Маття-латте - 1 шт.;Фиточай с чабрецом - 4 пакетика;Маття-латте - 1 шт.;0;;;;;;;;;;;;;;;;;;;;;;;;;;;;;;;;;;;;;;;;;;;;;;
07.03.2021;1708;;4 330;completed;Alexanderthomas12@outlook.com;07.03.2021;3;3;240.0;3500.0;240.0;;3;Маття-латте - 1 шт.;Омолаживающий барсучий эликсир;Маття-латте - 1 шт.;350;;;;;;;;;;;;;;;;;;;;;;;;;;;;;;;;;;;;;;;;;;;;;;
02.09.2021;3455;;2 487;completed;avataylor69@gmail.com;02.09.2021;9;3;587.0;800.0;1100.0;;9;Фиточай с чабрецом - 4 пакетика;Фиточай с чабрецом - 4 пакетика;Маття-латте - 5 шт.;0;;;;;;;;;;;;;;;;;;;;;;;;;;;;;;;;;;;;;;;;;;;;;;
09.03.2021;2884;;5 825;completed;Avawilliams88@mail.ru;09.03.2021;3;3;3500.0;325.0;2000.0;;3;Омолаживающий барсучий эликсир;Маття-латте - 1 шт.;Омолаживающий барсучий эликсир;0;;;;;;;;;;;;;;;;;;;;;;;;;;;;;;;;;;;;;;;;;;;;;;
01.08.2021;1319;;2 827;completed;Emmajackson13@yandex.ru;01.08.2021;8;3;240.0;2000.0;587.0;;8;Маття-латте - 1 шт.;Омолаживающий барсучий эликсир;Фиточай с чабрецом - 4 пакетика;0;;;;;;;;;;;;;;;;;;;;;;;;;;;;;;;;;;;;;;;;;;;;;;
17.08.2021;1900;;2 274;completed;Williamsmith13@mail.ru;17.04.2021;4;3;1100.0;587.0;587.0;;8;Маття-латте - 5 шт.;Фиточай с чабрецом - 4 пакетика;Фиточай с чабрецом - 4 пакетика;0;;;;;;;;;;;;;;;;;;;;;;;;;;;;;;;;;;;;;;;;;;;;;;
16.09.2021;1869;;1 125;completed;Charlotteanderson1993@mail.ru;16.09.2021;9;2;;800.0;325.0;;9;Маття-латте - 1 шт.;Фиточай с чабрецом - 4 пакетика;Маття-латте - 1 шт.;0;;;;;;;;;;;;;;;;;;;;;;;;;;;;;;;;;;;;;;;;;;;;;;
25.01.2022;4131;;4 925;completed;sophiajackson33@gmail.com;22.12.2021;12;3;1100.0;325.0;3500.0;;13;Маття-латте - 5 шт.;Маття-латте - 1 шт.;Омолаживающий барсучий эликсир;0;;;;;;;;;;;;;;;;;;;;;;;;;;;;;;;;;;;;;;;;;;;;;;
16.11.2021;3436;;3 590;completed;Williamlopez1993@mail.ru;16.11.2021;11;3;240.0;1900.0;1100.0;;11;Маття-латте - 1 шт.;Маття-латте - 5 шт.;Маття-латте - 5 шт.;350;;;;;;;;;;;;;;;;;;;;;;;;;;;;;;;;;;;;;;;;;;;;;;
09.08.2021;2869;;1 125;completed;lucasthomas33@gmail.com;04.06.2021;6;2;800.0;;325.0;;8;Фиточай с чабрецом - 4 пакетика;Маття-латте - 1 шт.;Маття-латте - 1 шт.;0;;;;;;;;;;;;;;;;;;;;;;;;;;;;;;;;;;;;;;;;;;;;;;
07.08.2021;3193;;10 650;completed;Avathomas88@yahoo.com;08.03.2021;3;3;3500.0;4900.0;1900.0;;8;Омолаживающий барсучий эликсир;Омолаживающий барсучий эликсир;Маття-латте - 5 шт.;350;;;;;;;;;;;;;;;;;;;;;;;;;;;;;;;;;;;;;;;;;;;;;;
18.06.2021;3373;;2 225;completed;emmajackson88@yahoo.com;18.06.2021;6;2;1900.0;325.0;;;6;Маття-латте - 5 шт.;Маття-латте - 1 шт.;Маття-латте - 1 шт.;0;;;;;;;;;;;;;;;;;;;;;;;;;;;;;;;;;;;;;;;;;;;;;;
21.09.2021;3859;;7 487;completed;Olivermartinez2007@mail.ru;14.06.2021;6;3;4900.0;587.0;2000.0;;9;Омолаживающий барсучий эликсир;Фиточай с чабрецом - 4 пакетика;Омолаживающий барсучий эликсир;0;;;;;;;;;;;;;;;;;;;;;;;;;;;;;;;;;;;;;;;;;;;;;;
23.12.2021;3134;;4 225;completed;Avamoore1993@yandex.ru;14.04.2021;4;3;325.0;2000.0;1900.0;;12;Маття-латте - 1 шт.;Омолаживающий барсучий эликсир;Маття-латте - 5 шт.;0;;;;;;;;;;;;;;;;;;;;;;;;;;;;;;;;;;;;;;;;;;;;;;
28.04.2021;2855;;4 674;completed;Lucastaylor2007@mail.ru;28.04.2021;4;3;587.0;587.0;3500.0;;4;Фиточай с чабрецом - 4 пакетика;Фиточай с чабрецом - 4 пакетика;Омолаживающий барсучий эликсир;0;;;;;;;;;;;;;;;;;;;;;;;;;;;;;;;;;;;;;;;;;;;;;;
28.08.2021;2484;;5 050;completed;Sophialopez33@yahoo.com;11.04.2021;4;3;2000.0;800.0;1900.0;;8;Омолаживающий барсучий эликсир;Фиточай с чабрецом - 4 пакетика;Маття-латте - 5 шт.;350;;;;;;;;;;;;;;;;;;;;;;;;;;;;;;;;;;;;;;;;;;;;;;
05.04.2021;2574;;4 065;completed;Charlotteanderson12@yahoo.com;05.04.2021;4;3;3500.0;240.0;325.0;;4;Омолаживающий барсучий эликсир;Маття-латте - 1 шт.;Маття-латте - 1 шт.;0;;;;;;;;;;;;;;;;;;;;;;;;;;;;;;;;;;;;;;;;;;;;;;
22.11.2021;3014;;4 037;returned;Sophiaanderson1993@outlook.com;24.05.2021;5;3;587.0;1100.0;2000.0;;11;Фиточай с чабрецом - 4 пакетика;Маття-латте - 5 шт.;Омолаживающий барсучий эликсир;350;;;;;;;;;;;;;;;;;;;;;;;;;;;;;;;;;;;;;;;;;;;;;;
03.07.2021;3353;;2 880;returned;Oliverlopez69@yandex.ru;05.06.2021;6;3;1100.0;890.0;890.0;;7;Маття-латте - 5 шт.;Фиточай с чабрецом - 4 пакетика;Фиточай с чабрецом - 4 пакетика;0;;;;;;;;;;;;;;;;;;;;;;;;;;;;;;;;;;;;;;;;;;;;;;
15.04.2021;2208;;2 837;completed;Liamanderson1993@yandex.ru;15.04.2021;4;2;587.0;1900.0;;;4;Фиточай с чабрецом - 4 пакетика;Маття-латте - 5 шт.;Маття-латте - 1 шт.;350;;;;;;;;;;;;;;;;;;;;;;;;;;;;;;;;;;;;;;;;;;;;;;
05.03.2021;2170;;7 487;completed;Williamlopez33@yahoo.com;05.03.2021;3;3;2000.0;587.0;4900.0;;3;Омолаживающий барсучий эликсир;Фиточай с чабрецом - 4 пакетика;Омолаживающий барсучий эликсир;0;;;;;;;;;;;;;;;;;;;;;;;;;;;;;;;;;;;;;;;;;;;;;;
07.03.2021;3314;;1 687;completed;Avataylor33@yandex.ru;07.03.2021;3;2;;1100.0;587.0;;3;Маття-латте - 1 шт.;Маття-латте - 5 шт.;Фиточай с чабрецом - 4 пакетика;0;;;;;;;;;;;;;;;;;;;;;;;;;;;;;;;;;;;;;;;;;;;;;;
09.12.2021;1919;;5 327;completed;Sophiathomas2007@gmail.com;12.07.2021;7;3;3500.0;587.0;890.0;;12;Омолаживающий барсучий эликсир;Фиточай с чабрецом - 4 пакетика;Фиточай с чабрецом - 4 пакетика;350;;;;;;;;;;;;;;;;;;;;;;;;;;;;;;;;;;;;;;;;;;;;;;
26.12.2021;2832;;4 065;returned;Emmabrown88@mail.ru;02.09.2021;9;3;3500.0;240.0;325.0;;12;Омолаживающий барсучий эликсир;Маття-латте - 1 шт.;Маття-латте - 1 шт.;0;;;;;;;;;;;;;;;;;;;;;;;;;;;;;;;;;;;;;;;;;;;;;;
11.02.2022;2398;;5 400;completed;avathomas2007@gmail.com;11.02.2022;14;2;1900.0;;3500.0;;14;Маття-латте - 5 шт.;Маття-латте - 1 шт.;Омолаживающий барсучий эликсир;0;;;;;;;;;;;;;;;;;;;;;;;;;;;;;;;;;;;;;;;;;;;;;;
01.10.2021;3302;;6 587;completed;alexandertaylor13@gmail.com;01.10.2021;10;3;1100.0;587.0;4900.0;;10;Маття-латте - 5 шт.;Фиточай с чабрецом - 4 пакетика;Омолаживающий барсучий эликсир;0;;;;;;;;;;;;;;;;;;;;;;;;;;;;;;;;;;;;;;;;;;;;;;
03.05.2021;1752;;890;completed;Liamsmith1993@yandex.ru;03.05.2021;5;1;;890.0;;;5;Маття-латте - 1 шт.;Фиточай с чабрецом - 4 пакетика;Маття-латте - 1 шт.;0;;;;;;;;;;;;;;;;;;;;;;;;;;;;;;;;;;;;;;;;;;;;;;
08.03.2021;3981;;5 490;completed;Emmathomas69@mail.ru;08.03.2021;3;3;1100.0;890.0;3500.0;;3;Маття-латте - 5 шт.;Фиточай с чабрецом - 4 пакетика;Омолаживающий барсучий эликсир;0;;;;;;;;;;;;;;;;;;;;;;;;;;;;;;;;;;;;;;;;;;;;;;
10.02.2022;3366;;7 490;completed;Alexanderanderson66@mail.ru;30.07.2021;7;3;240.0;4900.0;2000.0;;14;Маття-латте - 1 шт.;Омолаживающий барсучий эликсир;Омолаживающий барсучий эликсир;350;;;;;;;;;;;;;;;;;;;;;;;;;;;;;;;;;;;;;;;;;;;;;;
05.03.2021;2740;;5 490;completed;Olivermoore2007@yahoo.com;05.03.2021;3;3;890.0;3500.0;1100.0;;3;Фиточай с чабрецом - 4 пакетика;Омолаживающий барсучий эликсир;Маття-латте - 5 шт.;0;;;;;;;;;;;;;;;;;;;;;;;;;;;;;;;;;;;;;;;;;;;;;;
21.07.2021;2778;;1 390;completed;Alexandermoore1987@yahoo.com;10.07.2021;7;2;800.0;240.0;;;7;Фиточай с чабрецом - 4 пакетика;Маття-латте - 1 шт.;Маття-латте - 1 шт.;350;;;;;;;;;;;;;;;;;;;;;;;;;;;;;;;;;;;;;;;;;;;;;;
01.09.2021;2490;;3 590;completed;Lucaslopez1993@yahoo.com;01.09.2021;9;3;1900.0;240.0;1100.0;;9;Маття-латте - 5 шт.;Маття-латте - 1 шт.;Маття-латте - 5 шт.;350;;;;;;;;;;;;;;;;;;;;;;;;;;;;;;;;;;;;;;;;;;;;;;
24.01.2022;2916;;4 630;returned;Sophiamartinez1987@yahoo.com;24.01.2022;13;3;3500.0;890.0;240.0;;13;Омолаживающий барсучий эликсир;Фиточай с чабрецом - 4 пакетика;Маття-латте - 1 шт.;0;;;;;;;;;;;;;;;;;;;;;;;;;;;;;;;;;;;;;;;;;;;;;;
10.06.2021;3770;;3 162;completed;Isabellamartinez88@outlook.com;29.03.2021;3;3;1900.0;325.0;587.0;;6;Маття-латте - 5 шт.;Маття-латте - 1 шт.;Фиточай с чабрецом - 4 пакетика;350;;;;;;;;;;;;;;;;;;;;;;;;;;;;;;;;;;;;;;;;;;;;;;
25.12.2021;4139;;9 290;completed;alexanderanderson1993@gmail.com;07.12.2021;12;3;4900.0;3500.0;890.0;;12;Омолаживающий барсучий эликсир;Омолаживающий барсучий эликсир;Фиточай с чабрецом - 4 пакетика;0;;;;;;;;;;;;;;;;;;;;;;;;;;;;;;;;;;;;;;;;;;;;;;
14.07.2021;2019;;3 240;completed;Liamwilliams33@yahoo.com;19.02.2021;2;3;1900.0;1100.0;240.0;;7;Маття-латте - 5 шт.;Маття-латте - 5 шт.;Маття-латте - 1 шт.;0;;;;;;;;;;;;;;;;;;;;;;;;;;;;;;;;;;;;;;;;;;;;;;
12.09.2021;3527;;5 740;completed;Isabellajackson1993@gmail.com;12.09.2021;9;3;240.0;2000.0;3500.0;;9;Маття-латте - 1 шт.;Омолаживающий барсучий эликсир;Омолаживающий барсучий эликсир;0;;;;;;;;;;;;;;;;;;;;;;;;;;;;;;;;;;;;;;;;;;;;;;
27.08.2021;2571;;2 727;completed;Isabellasmith12@yahoo.com;27.08.2021;8;3;1900.0;587.0;240.0;;8;Маття-латте - 5 шт.;Фиточай с чабрецом - 4 пакетика;Маття-латте - 1 шт.;0;;;;;;;;;;;;;;;;;;;;;;;;;;;;;;;;;;;;;;;;;;;;;;
11.08.2021;1758;;1 450;completed;alexandersmith12@gmail.com;11.08.2021;8;3;325.0;325.0;800.0;;8;Маття-латте - 1 шт.;Маття-латте - 1 шт.;Фиточай с чабрецом - 4 пакетика;0;;;;;;;;;;;;;;;;;;;;;;;;;;;;;;;;;;;;;;;;;;;;;;
22.12.2021;1349;;1 687;completed;Charlottebrown1987@outlook.com;11.06.2021;6;2;;1100.0;587.0;;12;Маття-латте - 1 шт.;Маття-латте - 5 шт.;Фиточай с чабрецом - 4 пакетика;0;;;;;;;;;;;;;;;;;;;;;;;;;;;;;;;;;;;;;;;;;;;;;;
24.10.2021;1257;;6 075;returned;Isabellamoore13@yahoo.com;27.04.2021;4;3;1900.0;3500.0;325.0;;10;Маття-латте - 5 шт.;Омолаживающий барсучий эликсир;Маття-латте - 1 шт.;350;;;;;;;;;;;;;;;;;;;;;;;;;;;;;;;;;;;;;;;;;;;;;;
08.05.2021;2925;;1 990;returned;Emmalopez12@yandex.ru;08.05.2021;5;2;1100.0;890.0;;;5;Маття-латте - 5 шт.;Фиточай с чабрецом - 4 пакетика;Маття-латте - 1 шт.;0;;;;;;;;;;;;;;;;;;;;;;;;;;;;;;;;;;;;;;;;;;;;;;
11.03.2021;3255;;4 487;returned;Isabellamartinez69@yandex.ru;11.03.2021;3;3;1900.0;587.0;2000.0;;3;Маття-латте - 5 шт.;Фиточай с чабрецом - 4 пакетика;Омолаживающий барсучий эликсир;0;;;;;;;;;;;;;;;;;;;;;;;;;;;;;;;;;;;;;;;;;;;;;;
15.07.2021;3206;;8 900;completed;Isabellabrown1987@outlook.com;26.05.2021;5;3;4900.0;2000.0;2000.0;;7;Омолаживающий барсучий эликсир;Омолаживающий барсучий эликсир;Омолаживающий барсучий эликсир;0;;;;;;;;;;;;;;;;;;;;;;;;;;;;;;;;;;;;;;;;;;;;;;
14.07.2021;2769;;4 550;completed;Lucasjackson0@outlook.com;14.07.2021;7;3;1100.0;1100.0;2000.0;;7;Маття-латте - 5 шт.;Маття-латте - 5 шт.;Омолаживающий барсучий эликсир;350;;;;;;;;;;;;;;;;;;;;;;;;;;;;;;;;;;;;;;;;;;;;;;
13.12.2021;3117;;4 650;completed;Avalopez2007@outlook.com;13.12.2021;12;2;3500.0;;800.0;;12;Омолаживающий барсучий эликсир;Маття-латте - 1 шт.;Фиточай с чабрецом - 4 пакетика;350;;;;;;;;;;;;;;;;;;;;;;;;;;;;;;;;;;;;;;;;;;;;;;
06.04.2021;2290;;6 290;completed;Liamtaylor1987@yahoo.com;27.03.2021;3;3;1900.0;890.0;3500.0;;4;Маття-латте - 5 шт.;Фиточай с чабрецом - 4 пакетика;Омолаживающий барсучий эликсир;0;;;;;;;;;;;;;;;;;;;;;;;;;;;;;;;;;;;;;;;;;;;;;;
09.04.2021;2926;;6 890;completed;Charlottetaylor2007@yahoo.com;09.04.2021;4;3;890.0;1100.0;4900.0;;4;Фиточай с чабрецом - 4 пакетика;Маття-латте - 5 шт.;Омолаживающий барсучий эликсир;0;;;;;;;;;;;;;;;;;;;;;;;;;;;;;;;;;;;;;;;;;;;;;;
08.03.2021;3250;;4 762;completed;Sophiaanderson33@outlook.com;08.03.2021;3;3;587.0;325.0;3500.0;;3;Фиточай с чабрецом - 4 пакетика;Маття-латте - 1 шт.;Омолаживающий барсучий эликсир;350;;;;;;;;;;;;;;;;;;;;;;;;;;;;;;;;;;;;;;;;;;;;;;
20.10.2021;4029;;9 800;completed;Alexanderwilliams1993@mail.ru;05.05.2021;5;2;4900.0;4900.0;;;10;Омолаживающий барсучий эликсир;Омолаживающий барсучий эликсир;Маття-латте - 1 шт.;0;;;;;;;;;;;;;;;;;;;;;;;;;;;;;;;;;;;;;;;;;;;;;;
05.06.2021;3091;;6 500;completed;Alexanderjackson33@outlook.com;05.06.2021;6;3;800.0;800.0;4900.0;;6;Фиточай с чабрецом - 4 пакетика;Фиточай с чабрецом - 4 пакетика;Омолаживающий барсучий эликсир;0;;;;;;;;;;;;;;;;;;;;;;;;;;;;;;;;;;;;;;;;;;;;;;
03.07.2021;3347;;2 675;completed;Alexandertaylor2007@mail.ru;03.07.2021;7;2;2000.0;325.0;;;7;Омолаживающий барсучий эликсир;Маття-латте - 1 шт.;Маття-латте - 1 шт.;350;;;;;;;;;;;;;;;;;;;;;;;;;;;;;;;;;;;;;;;;;;;;;;
08.12.2021;2349;;1 974;completed;emmajackson0@gmail.com;08.03.2021;3;3;800.0;587.0;587.0;;12;Фиточай с чабрецом - 4 пакетика;Фиточай с чабрецом - 4 пакетика;Фиточай с чабрецом - 4 пакетика;0;;;;;;;;;;;;;;;;;;;;;;;;;;;;;;;;;;;;;;;;;;;;;;
13.03.2021;2741;;5 000;completed;Sophiajackson13@mail.ru;13.03.2021;3;3;2000.0;1900.0;1100.0;;3;Омолаживающий барсучий эликсир;Маття-латте - 5 шт.;Маття-латте - 5 шт.;0;;;;;;;;;;;;;;;;;;;;;;;;;;;;;;;;;;;;;;;;;;;;;;
11.01.2022;2346;;6 337;completed;Charlottemartinez2007@outlook.com;11.04.2021;4;3;3500.0;587.0;1900.0;;13;Омолаживающий барсучий эликсир;Фиточай с чабрецом - 4 пакетика;Маття-латте - 5 шт.;350;;;;;;;;;;;;;;;;;;;;;;;;;;;;;;;;;;;;;;;;;;;;;;
27.10.2021;1983;;4 150;completed;Williamjackson1993@outlook.com;05.04.2021;4;2;;1900.0;1900.0;;10;Маття-латте - 1 шт.;Маття-латте - 5 шт.;Маття-латте - 5 шт.;350;;;;;;;;;;;;;;;;;;;;;;;;;;;;;;;;;;;;;;;;;;;;;;
25.10.2021;2654;;3 825;completed;Oliverjackson2007@mail.ru;25.10.2021;10;2;3500.0;325.0;;;10;Омолаживающий барсучий эликсир;Маття-латте - 1 шт.;Маття-латте - 1 шт.;0;;;;;;;;;;;;;;;;;;;;;;;;;;;;;;;;;;;;;;;;;;;;;;
03.10.2021;2585;;6 637;completed;Liammoore1987@yahoo.com;03.10.2021;10;3;587.0;800.0;4900.0;;10;Фиточай с чабрецом - 4 пакетика;Фиточай с чабрецом - 4 пакетика;Омолаживающий барсучий эликсир;350;;;;;;;;;;;;;;;;;;;;;;;;;;;;;;;;;;;;;;;;;;;;;;
18.08.2021;4042;;2 800;completed;Sophialopez1993@outlook.com;18.08.2021;8;2;;800.0;2000.0;;8;Маття-латте - 1 шт.;Фиточай с чабрецом - 4 пакетика;Омолаживающий барсучий эликсир;0;;;;;;;;;;;;;;;;;;;;;;;;;;;;;;;;;;;;;;;;;;;;;;
22.02.2021;1806;;4 837;completed;Olivermartinez69@yahoo.com;22.02.2021;2;3;1900.0;587.0;2000.0;;2;Маття-латте - 5 шт.;Фиточай с чабрецом - 4 пакетика;Омолаживающий барсучий эликсир;350;;;;;;;;;;;;;;;;;;;;;;;;;;;;;;;;;;;;;;;;;;;;;;
27.09.2021;3229;;4 415;completed;Lucasmartinez69@yahoo.com;27.09.2021;9;3;240.0;3500.0;325.0;;9;Маття-латте - 1 шт.;Омолаживающий барсучий эликсир;Маття-латте - 1 шт.;350;;;;;;;;;;;;;;;;;;;;;;;;;;;;;;;;;;;;;;;;;;;;;;
10.07.2021;2244;;5 100;completed;Emmawilliams1987@outlook.com;10.07.2021;7;3;2000.0;1100.0;2000.0;;7;Омолаживающий барсучий эликсир;Маття-латте - 5 шт.;Омолаживающий барсучий эликсир;0;;;;;;;;;;;;;;;;;;;;;;;;;;;;;;;;;;;;;;;;;;;;;;
06.01.2022;2942;;4 980;completed;Alexanderlopez13@yandex.ru;30.05.2021;5;3;3500.0;890.0;240.0;;13;Омолаживающий барсучий эликсир;Фиточай с чабрецом - 4 пакетика;Маття-латте - 1 шт.;350;;;;;;;;;;;;;;;;;;;;;;;;;;;;;;;;;;;;;;;;;;;;;;
22.10.2021;2789;;2 837;returned;Lucassmith1993@mail.ru;22.10.2021;10;2;587.0;1900.0;;;10;Фиточай с чабрецом - 4 пакетика;Маття-латте - 5 шт.;Маття-латте - 1 шт.;350;;;;;;;;;;;;;;;;;;;;;;;;;;;;;;;;;;;;;;;;;;;;;;
06.04.2021;1857;;2 627;completed;Liambrown0@yandex.ru;06.04.2021;4;3;890.0;800.0;587.0;;4;Фиточай с чабрецом - 4 пакетика;Фиточай с чабрецом - 4 пакетика;Фиточай с чабрецом - 4 пакетика;350;;;;;;;;;;;;;;;;;;;;;;;;;;;;;;;;;;;;;;;;;;;;;;
31.03.2021;2286;;5 825;completed;Alexanderbrown2007@yahoo.com;28.02.2021;2;3;2000.0;3500.0;325.0;;3;Омолаживающий барсучий эликсир;Омолаживающий барсучий эликсир;Маття-латте - 1 шт.;0;;;;;;;;;;;;;;;;;;;;;;;;;;;;;;;;;;;;;;;;;;;;;;
26.03.2021;3464;;4 140;completed;Avathomas0@yahoo.com;12.03.2021;3;3;2000.0;240.0;1900.0;;3;Омолаживающий барсучий эликсир;Маття-латте - 1 шт.;Маття-латте - 5 шт.;0;;;;;;;;;;;;;;;;;;;;;;;;;;;;;;;;;;;;;;;;;;;;;;
27.10.2021;3851;;1 340;completed;Lucasbrown69@yahoo.com;26.03.2021;3;2;1100.0;;240.0;;10;Маття-латте - 5 шт.;Маття-латте - 1 шт.;Маття-латте - 1 шт.;0;;;;;;;;;;;;;;;;;;;;;;;;;;;;;;;;;;;;;;;;;;;;;;
31.05.2021;2278;;3 375;completed;Williammoore12@yahoo.com;31.05.2021;5;3;1900.0;325.0;800.0;;5;Маття-латте - 5 шт.;Маття-латте - 1 шт.;Фиточай с чабрецом - 4 пакетика;350;;;;;;;;;;;;;;;;;;;;;;;;;;;;;;;;;;;;;;;;;;;;;;
11.04.2021;2383;;5 225;completed;emmataylor1993@gmail.com;11.04.2021;4;2;4900.0;;325.0;;4;Омолаживающий барсучий эликсир;Маття-латте - 1 шт.;Маття-латте - 1 шт.;0;;;;;;;;;;;;;;;;;;;;;;;;;;;;;;;;;;;;;;;;;;;;;;
07.02.2022;2551;;6 250;completed;Oliverjackson2007@yandex.ru;13.12.2021;12;3;1900.0;2000.0;2000.0;;14;Маття-латте - 5 шт.;Омолаживающий барсучий эликсир;Омолаживающий барсучий эликсир;350;;;;;;;;;;;;;;;;;;;;;;;;;;;;;;;;;;;;;;;;;;;;;;
11.08.2021;1844;;4 975;completed;liamanderson13@gmail.com;11.08.2021;8;3;325.0;3500.0;800.0;;8;Маття-латте - 1 шт.;Омолаживающий барсучий эликсир;Фиточай с чабрецом - 4 пакетика;350;;;;;;;;;;;;;;;;;;;;;;;;;;;;;;;;;;;;;;;;;;;;;;
08.06.2021;1555;;3 690;completed;Liamsmith1987@yahoo.com;08.06.2021;6;3;240.0;2000.0;1100.0;;6;Маття-латте - 1 шт.;Омолаживающий барсучий эликсир;Маття-латте - 5 шт.;350;;;;;;;;;;;;;;;;;;;;;;;;;;;;;;;;;;;;;;;;;;;;;;
21.09.2021;2438;;2 140;completed;Williammoore12@yandex.ru;24.08.2021;8;2;240.0;;1900.0;;9;Маття-латте - 1 шт.;Маття-латте - 1 шт.;Маття-латте - 5 шт.;0;;;;;;;;;;;;;;;;;;;;;;;;;;;;;;;;;;;;;;;;;;;;;;
07.12.2021;3849;;5 465;completed;Alexandertaylor2007@yahoo.com;02.04.2021;4;3;325.0;4900.0;240.0;;12;Маття-латте - 1 шт.;Омолаживающий барсучий эликсир;Маття-латте - 1 шт.;0;;;;;;;;;;;;;;;;;;;;;;;;;;;;;;;;;;;;;;;;;;;;;;
07.12.2021;1899;;3 387;completed;liammoore88@gmail.com;05.07.2021;7;3;587.0;2000.0;800.0;;12;Фиточай с чабрецом - 4 пакетика;Омолаживающий барсучий эликсир;Фиточай с чабрецом - 4 пакетика;0;;;;;;;;;;;;;;;;;;;;;;;;;;;;;;;;;;;;;;;;;;;;;;
25.08.2021;4012;;1 690;returned;Charlottewilliams66@outlook.com;25.08.2021;8;2;1100.0;240.0;;;8;Маття-латте - 5 шт.;Маття-латте - 1 шт.;Маття-латте - 1 шт.;350;;;;;;;;;;;;;;;;;;;;;;;;;;;;;;;;;;;;;;;;;;;;;;
24.07.2021;3891;;4 790;completed;Lucastaylor13@mail.ru;24.07.2021;7;3;890.0;2000.0;1900.0;;7;Фиточай с чабрецом - 4 пакетика;Омолаживающий барсучий эликсир;Маття-латте - 5 шт.;0;;;;;;;;;;;;;;;;;;;;;;;;;;;;;;;;;;;;;;;;;;;;;;
25.09.2021;3041;;1 125;completed;Lucaslopez33@yahoo.com;06.08.2021;8;2;325.0;800.0;;;9;Маття-латте - 1 шт.;Фиточай с чабрецом - 4 пакетика;Маття-латте - 1 шт.;0;;;;;;;;;;;;;;;;;;;;;;;;;;;;;;;;;;;;;;;;;;;;;;
04.09.2021;1640;;1 237;completed;Avabrown0@outlook.com;11.05.2021;5;3;325.0;325.0;587.0;;9;Маття-латте - 1 шт.;Маття-латте - 1 шт.;Фиточай с чабрецом - 4 пакетика;0;;;;;;;;;;;;;;;;;;;;;;;;;;;;;;;;;;;;;;;;;;;;;;
13.08.2021;1727;;2 225;completed;Lucaslopez1987@outlook.com;07.06.2021;6;2;;325.0;1900.0;;8;Маття-латте - 1 шт.;Маття-латте - 1 шт.;Маття-латте - 5 шт.;0;;;;;;;;;;;;;;;;;;;;;;;;;;;;;;;;;;;;;;;;;;;;;;
18.08.2021;2624;;2 067;completed;Alexanderanderson0@yahoo.com;13.03.2021;3;3;890.0;240.0;587.0;;8;Фиточай с чабрецом - 4 пакетика;Маття-латте - 1 шт.;Фиточай с чабрецом - 4 пакетика;350;;;;;;;;;;;;;;;;;;;;;;;;;;;;;;;;;;;;;;;;;;;;;;
29.12.2021;3606;;3 377;completed;Alexanderanderson0@mail.ru;29.05.2021;5;3;890.0;587.0;1900.0;;12;Фиточай с чабрецом - 4 пакетика;Фиточай с чабрецом - 4 пакетика;Маття-латте - 5 шт.;0;;;;;;;;;;;;;;;;;;;;;;;;;;;;;;;;;;;;;;;;;;;;;;
28.11.2021;2627;;3 900;completed;Emmalopez1993@yandex.ru;28.04.2021;4;3;1100.0;800.0;2000.0;;11;Маття-латте - 5 шт.;Фиточай с чабрецом - 4 пакетика;Омолаживающий барсучий эликсир;0;;;;;;;;;;;;;;;;;;;;;;;;;;;;;;;;;;;;;;;;;;;;;;
04.09.2021;3561;;4 625;completed;Sophiasmith33@mail.ru;05.05.2021;5;3;800.0;325.0;3500.0;;9;Фиточай с чабрецом - 4 пакетика;Маття-латте - 1 шт.;Омолаживающий барсучий эликсир;0;;;;;;;;;;;;;;;;;;;;;;;;;;;;;;;;;;;;;;;;;;;;;;
19.07.2021;2155;;2 487;completed;Williamjackson66@yandex.ru;16.02.2021;2;3;1100.0;587.0;800.0;;7;Маття-латте - 5 шт.;Фиточай с чабрецом - 4 пакетика;Фиточай с чабрецом - 4 пакетика;0;;;;;;;;;;;;;;;;;;;;;;;;;;;;;;;;;;;;;;;;;;;;;;
05.04.2021;2478;;1 477;completed;Williambrown69@yahoo.com;05.04.2021;4;2;;587.0;890.0;;4;Маття-латте - 1 шт.;Фиточай с чабрецом - 4 пакетика;Фиточай с чабрецом - 4 пакетика;0;;;;;;;;;;;;;;;;;;;;;;;;;;;;;;;;;;;;;;;;;;;;;;
07.07.2021;2790;;2 200;completed;Alexanderthomas33@yandex.ru;07.07.2021;7;2;;1100.0;1100.0;;7;Маття-латте - 1 шт.;Маття-латте - 5 шт.;Маття-латте - 5 шт.;0;;;;;;;;;;;;;;;;;;;;;;;;;;;;;;;;;;;;;;;;;;;;;;
15.07.2021;2940;;4 065;completed;Williammoore33@yandex.ru;15.07.2021;7;3;240.0;3500.0;325.0;;7;Маття-латте - 1 шт.;Омолаживающий барсучий эликсир;Маття-латте - 1 шт.;0;;;;;;;;;;;;;;;;;;;;;;;;;;;;;;;;;;;;;;;;;;;;;;
01.12.2021;2110;;5 225;completed;emmawilliams1987@yahoo.com;12.08.2021;8;2;4900.0;;325.0;;12;Омолаживающий барсучий эликсир;Маття-латте - 1 шт.;Маття-латте - 1 шт.;0;;;;;;;;;;;;;;;;;;;;;;;;;;;;;;;;;;;;;;;;;;;;;;
23.02.2021;3178;;1 502;completed;isabellaanderson88@gmail.com;23.02.2021;2;3;240.0;325.0;587.0;;2;Маття-латте - 1 шт.;Маття-латте - 1 шт.;Фиточай с чабрецом - 4 пакетика;350;;;;;;;;;;;;;;;;;;;;;;;;;;;;;;;;;;;;;;;;;;;;;;
08.06.2021;2633;;5 725;completed;Williambrown88@mail.ru;08.06.2021;6;3;3500.0;325.0;1900.0;;6;Омолаживающий барсучий эликсир;Маття-латте - 1 шт.;Маття-латте - 5 шт.;0;;;;;;;;;;;;;;;;;;;;;;;;;;;;;;;;;;;;;;;;;;;;;;
05.01.2022;2262;;3 937;completed;Oliveranderson13@outlook.com;03.09.2021;9;3;1900.0;1100.0;587.0;;13;Маття-латте - 5 шт.;Маття-латте - 5 шт.;Фиточай с чабрецом - 4 пакетика;350;;;;;;;;;;;;;;;;;;;;;;;;;;;;;;;;;;;;;;;;;;;;;;
12.05.2021;2429;;7 790;returned;Alexanderlopez66@yahoo.com;30.03.2021;3;3;4900.0;890.0;2000.0;;5;Омолаживающий барсучий эликсир;Фиточай с чабрецом - 4 пакетика;Омолаживающий барсучий эликсир;0;;;;;;;;;;;;;;;;;;;;;;;;;;;;;;;;;;;;;;;;;;;;;;
23.12.2021;1923;;9 200;completed;Emmathomas69@mail.ru;05.06.2021;6;3;4900.0;3500.0;800.0;;12;Омолаживающий барсучий эликсир;Омолаживающий барсучий эликсир;Фиточай с чабрецом - 4 пакетика;0;;;;;;;;;;;;;;;;;;;;;;;;;;;;;;;;;;;;;;;;;;;;;;
08.09.2021;3590;;4 240;completed;charlottethomas12@outlook.com;14.03.2021;3;3;2000.0;2000.0;240.0;;9;Омолаживающий барсучий эликсир;Омолаживающий барсучий эликсир;Маття-латте - 1 шт.;0;;;;;;;;;;;;;;;;;;;;;;;;;;;;;;;;;;;;;;;;;;;;;;
19.03.2021;3775;;2 875;completed;Alexandermartinez12@yahoo.com;19.03.2021;3;3;1100.0;325.0;1100.0;;3;Маття-латте - 5 шт.;Маття-латте - 1 шт.;Маття-латте - 5 шт.;350;;;;;;;;;;;;;;;;;;;;;;;;;;;;;;;;;;;;;;;;;;;;;;
11.04.2021;2272;;1 390;returned;Lucastaylor33@yandex.ru;11.04.2021;4;2;800.0;240.0;;;4;Фиточай с чабрецом - 4 пакетика;Маття-латте - 1 шт.;Маття-латте - 1 шт.;350;;;;;;;;;;;;;;;;;;;;;;;;;;;;;;;;;;;;;;;;;;;;;;
17.05.2021;2967;;3 587;completed;Sophiataylor1987@outlook.com;17.05.2021;5;3;587.0;1900.0;1100.0;;5;Фиточай с чабрецом - 4 пакетика;Маття-латте - 5 шт.;Маття-латте - 5 шт.;0;;;;;;;;;;;;;;;;;;;;;;;;;;;;;;;;;;;;;;;;;;;;;;
13.12.2021;2109;;2 015;completed;Isabellamartinez13@yandex.ru;13.12.2021;12;3;800.0;325.0;890.0;;12;Фиточай с чабрецом - 4 пакетика;Маття-латте - 1 шт.;Фиточай с чабрецом - 4 пакетика;0;;;;;;;;;;;;;;;;;;;;;;;;;;;;;;;;;;;;;;;;;;;;;;
27.05.2021;4057;;4 090;completed;sophiathomas33@gmail.com;22.04.2021;4;2;240.0;;3500.0;;5;Маття-латте - 1 шт.;Маття-латте - 1 шт.;Омолаживающий барсучий эликсир;350;;;;;;;;;;;;;;;;;;;;;;;;;;;;;;;;;;;;;;;;;;;;;;
26.06.2021;4214;;4 240;returned;Emmamoore1987@yahoo.com;26.03.2021;3;3;240.0;2000.0;2000.0;;6;Маття-латте - 1 шт.;Омолаживающий барсучий эликсир;Омолаживающий барсучий эликсир;0;;;;;;;;;;;;;;;;;;;;;;;;;;;;;;;;;;;;;;;;;;;;;;
26.03.2021;3052;;2 490;completed;Alexanderlopez12@yandex.ru;26.03.2021;3;3;1100.0;800.0;240.0;;3;Маття-латте - 5 шт.;Фиточай с чабрецом - 4 пакетика;Маття-латте - 1 шт.;350;;;;;;;;;;;;;;;;;;;;;;;;;;;;;;;;;;;;;;;;;;;;;;
26.10.2021;3845;;6 325;completed;oliverbrown1987@gmail.com;26.10.2021;10;3;4900.0;1100.0;325.0;;10;Омолаживающий барсучий эликсир;Маття-латте - 5 шт.;Маття-латте - 1 шт.;0;;;;;;;;;;;;;;;;;;;;;;;;;;;;;;;;;;;;;;;;;;;;;;
19.07.2021;2928;;9 075;completed;Oliverwilliams12@outlook.com;19.07.2021;7;3;4900.0;3500.0;325.0;;7;Омолаживающий барсучий эликсир;Омолаживающий барсучий эликсир;Маття-латте - 1 шт.;350;;;;;;;;;;;;;;;;;;;;;;;;;;;;;;;;;;;;;;;;;;;;;;
23.04.2021;3033;;5 024;completed;Emmamoore12@yahoo.com;23.04.2021;4;3;587.0;587.0;3500.0;;4;Фиточай с чабрецом - 4 пакетика;Фиточай с чабрецом - 4 пакетика;Омолаживающий барсучий эликсир;350;;;;;;;;;;;;;;;;;;;;;;;;;;;;;;;;;;;;;;;;;;;;;;
16.01.2022;3311;;6 025;completed;Avajackson1993@gmail.com;07.08.2021;8;3;4900.0;325.0;800.0;;13;Омолаживающий барсучий эликсир;Маття-латте - 1 шт.;Фиточай с чабрецом - 4 пакетика;0;;;;;;;;;;;;;;;;;;;;;;;;;;;;;;;;;;;;;;;;;;;;;;
29.06.2021;2710;;6 287;completed;Williamlopez69@outlook.com;29.06.2021;6;3;587.0;4900.0;800.0;;6;Фиточай с чабрецом - 4 пакетика;Омолаживающий барсучий эликсир;Фиточай с чабрецом - 4 пакетика;0;;;;;;;;;;;;;;;;;;;;;;;;;;;;;;;;;;;;;;;;;;;;;;
08.02.2022;1608;;3 825;completed;Avasmith1993@yahoo.com;08.02.2022;14;2;;325.0;3500.0;;14;Маття-латте - 1 шт.;Маття-латте - 1 шт.;Омолаживающий барсучий эликсир;0;;;;;;;;;;;;;;;;;;;;;;;;;;;;;;;;;;;;;;;;;;;;;;
07.01.2022;3201;;3 480;completed;sophiathomas88@gmail.com;18.03.2021;3;3;240.0;890.0;2000.0;;13;Маття-латте - 1 шт.;Фиточай с чабрецом - 4 пакетика;Омолаживающий барсучий эликсир;350;;;;;;;;;;;;;;;;;;;;;;;;;;;;;;;;;;;;;;;;;;;;;;
09.05.2021;4230;;2 365;completed;Avasmith88@outlook.com;14.03.2021;3;3;800.0;890.0;325.0;;5;Фиточай с чабрецом - 4 пакетика;Фиточай с чабрецом - 4 пакетика;Маття-латте - 1 шт.;350;;;;;;;;;;;;;;;;;;;;;;;;;;;;;;;;;;;;;;;;;;;;;;
10.12.2021;1527;;1 365;returned;Liamwilliams2007@yandex.ru;05.06.2021;6;3;325.0;240.0;800.0;;12;Маття-латте - 1 шт.;Маття-латте - 1 шт.;Фиточай с чабрецом - 4 пакетика;0;;;;;;;;;;;;;;;;;;;;;;;;;;;;;;;;;;;;;;;;;;;;;;
12.11.2021;3262;;5 280;completed;Liamthomas0@outlook.com;12.11.2021;11;3;890.0;3500.0;890.0;;11;Фиточай с чабрецом - 4 пакетика;Омолаживающий барсучий эликсир;Фиточай с чабрецом - 4 пакетика;0;;;;;;;;;;;;;;;;;;;;;;;;;;;;;;;;;;;;;;;;;;;;;;
18.12.2021;3091;;2 800;completed;Alexanderjackson33@outlook.com;05.06.2021;6;2;2000.0;800.0;;;12;Омолаживающий барсучий эликсир;Фиточай с чабрецом - 4 пакетика;Маття-латте - 1 шт.;0;;;;;;;;;;;;;;;;;;;;;;;;;;;;;;;;;;;;;;;;;;;;;;
11.04.2021;2484;;4 340;completed;Sophialopez33@yahoo.com;11.04.2021;4;3;890.0;1100.0;2000.0;;4;Фиточай с чабрецом - 4 пакетика;Маття-латте - 5 шт.;Омолаживающий барсучий эликсир;350;;;;;;;;;;;;;;;;;;;;;;;;;;;;;;;;;;;;;;;;;;;;;;
17.06.2021;2587;;2 250;completed;Isabellasmith33@outlook.com;03.05.2021;5;2;;800.0;1100.0;;6;Маття-латте - 1 шт.;Фиточай с чабрецом - 4 пакетика;Маття-латте - 5 шт.;350;;;;;;;;;;;;;;;;;;;;;;;;;;;;;;;;;;;;;;;;;;;;;;
01.11.2021;3809;;3 475;completed;charlottemoore33@gmail.com;23.02.2021;2;3;325.0;800.0;2000.0;;11;Маття-латте - 1 шт.;Фиточай с чабрецом - 4 пакетика;Омолаживающий барсучий эликсир;350;;;;;;;;;;;;;;;;;;;;;;;;;;;;;;;;;;;;;;;;;;;;;;
16.03.2021;2910;;3 477;completed;liamwilliams69@gmail.com;16.03.2021;3;3;2000.0;890.0;587.0;;3;Омолаживающий барсучий эликсир;Фиточай с чабрецом - 4 пакетика;Фиточай с чабрецом - 4 пакетика;0;;;;;;;;;;;;;;;;;;;;;;;;;;;;;;;;;;;;;;;;;;;;;;
10.03.2021;3369;;2 487;completed;Isabellasmith66@yandex.ru;10.03.2021;3;2;1900.0;587.0;;;3;Маття-латте - 5 шт.;Фиточай с чабрецом - 4 пакетика;Маття-латте - 1 шт.;0;;;;;;;;;;;;;;;;;;;;;;;;;;;;;;;;;;;;;;;;;;;;;;
12.10.2021;1598;;3 375;completed;Avamoore66@yahoo.com;12.10.2021;10;3;1900.0;325.0;800.0;;10;Маття-латте - 5 шт.;Маття-латте - 1 шт.;Фиточай с чабрецом - 4 пакетика;350;;;;;;;;;;;;;;;;;;;;;;;;;;;;;;;;;;;;;;;;;;;;;;
04.12.2021;3865;;2 015;completed;Isabellabrown13@yahoo.com;04.12.2021;12;3;325.0;890.0;800.0;;12;Маття-латте - 1 шт.;Фиточай с чабрецом - 4 пакетика;Фиточай с чабрецом - 4 пакетика;0;;;;;;;;;;;;;;;;;;;;;;;;;;;;;;;;;;;;;;;;;;;;;;
16.11.2021;2444;;3 040;completed;oliversmith2007@gmail.com;23.07.2021;7;3;800.0;240.0;2000.0;;11;Фиточай с чабрецом - 4 пакетика;Маття-латте - 1 шт.;Омолаживающий барсучий эликсир;0;;;;;;;;;;;;;;;;;;;;;;;;;;;;;;;;;;;;;;;;;;;;;;
17.07.2021;1453;;6 587;completed;Isabellataylor1987@yandex.ru;22.05.2021;5;3;587.0;1100.0;4900.0;;7;Фиточай с чабрецом - 4 пакетика;Маття-латте - 5 шт.;Омолаживающий барсучий эликсир;0;;;;;;;;;;;;;;;;;;;;;;;;;;;;;;;;;;;;;;;;;;;;;;
09.11.2021;2262;;1 849;completed;Oliveranderson13@outlook.com;03.09.2021;9;3;587.0;325.0;587.0;;11;Фиточай с чабрецом - 4 пакетика;Маття-латте - 1 шт.;Фиточай с чабрецом - 4 пакетика;350;;;;;;;;;;;;;;;;;;;;;;;;;;;;;;;;;;;;;;;;;;;;;;
28.12.2021;4089;;9 290;completed;Avabrown33@yandex.ru;07.08.2021;8;3;4900.0;890.0;3500.0;;12;Омолаживающий барсучий эликсир;Фиточай с чабрецом - 4 пакетика;Омолаживающий барсучий эликсир;0;;;;;;;;;;;;;;;;;;;;;;;;;;;;;;;;;;;;;;;;;;;;;;
23.01.2022;1912;;9 000;completed;lucastaylor1987@gmail.com;21.06.2021;6;3;3500.0;2000.0;3500.0;;13;Омолаживающий барсучий эликсир;Омолаживающий барсучий эликсир;Омолаживающий барсучий эликсир;0;;;;;;;;;;;;;;;;;;;;;;;;;;;;;;;;;;;;;;;;;;;;;;
17.07.2021;1701;;1 665;completed;Sophiasmith2007@mail.ru;17.07.2021;7;3;240.0;1100.0;325.0;;7;Маття-латте - 1 шт.;Маття-латте - 5 шт.;Маття-латте - 1 шт.;0;;;;;;;;;;;;;;;;;;;;;;;;;;;;;;;;;;;;;;;;;;;;;;
30.09.2021;3063;;2 240;returned;avalopez88@gmail.com;30.09.2021;9;2;240.0;;2000.0;;9;Маття-латте - 1 шт.;Маття-латте - 1 шт.;Омолаживающий барсучий эликсир;0;;;;;;;;;;;;;;;;;;;;;;;;;;;;;;;;;;;;;;;;;;;;;;
26.01.2022;2909;;3 737;completed;lucasjackson69@gmail.com;26.01.2022;13;3;2000.0;800.0;587.0;;13;Омолаживающий барсучий эликсир;Фиточай с чабрецом - 4 пакетика;Фиточай с чабрецом - 4 пакетика;350;;;;;;;;;;;;;;;;;;;;;;;;;;;;;;;;;;;;;;;;;;;;;;
03.07.2021;3467;;8 240;completed;Williamanderson66@mail.ru;03.07.2021;7;3;890.0;3500.0;3500.0;;7;Фиточай с чабрецом - 4 пакетика;Омолаживающий барсучий эликсир;Омолаживающий барсучий эликсир;350;;;;;;;;;;;;;;;;;;;;;;;;;;;;;;;;;;;;;;;;;;;;;;
17.09.2021;3868;;11 040;returned;williamthomas13@gmail.com;23.05.2021;5;3;4900.0;4900.0;890.0;;9;Омолаживающий барсучий эликсир;Омолаживающий барсучий эликсир;Фиточай с чабрецом - 4 пакетика;350;;;;;;;;;;;;;;;;;;;;;;;;;;;;;;;;;;;;;;;;;;;;;;
21.01.2022;2820;;2 037;completed;liamwilliams2007@gmail.com;21.01.2022;13;2;587.0;;1100.0;;13;Фиточай с чабрецом - 4 пакетика;Маття-латте - 1 шт.;Маття-латте - 5 шт.;350;;;;;;;;;;;;;;;;;;;;;;;;;;;;;;;;;;;;;;;;;;;;;;
01.01.2022;2701;;8 900;completed;Avawilliams33@outlook.com;01.01.2022;13;3;3500.0;3500.0;1900.0;;13;Омолаживающий барсучий эликсир;Омолаживающий барсучий эликсир;Маття-латте - 5 шт.;0;;;;;;;;;;;;;;;;;;;;;;;;;;;;;;;;;;;;;;;;;;;;;;
15.01.2022;1272;;2 650;completed;Oliversmith88@yahoo.com;28.04.2021;4;3;2000.0;325.0;325.0;;13;Омолаживающий барсучий эликсир;Маття-латте - 1 шт.;Маття-латте - 1 шт.;0;;;;;;;;;;;;;;;;;;;;;;;;;;;;;;;;;;;;;;;;;;;;;;
16.10.2021;3302;;2 015;completed;alexandertaylor13@gmail.com;01.10.2021;10;3;325.0;890.0;800.0;;10;Маття-латте - 1 шт.;Фиточай с чабрецом - 4 пакетика;Фиточай с чабрецом - 4 пакетика;0;;;;;;;;;;;;;;;;;;;;;;;;;;;;;;;;;;;;;;;;;;;;;;
28.09.2021;3083;;6 800;completed;Oliverwilliams12@yahoo.com;28.09.2021;9;2;1900.0;4900.0;;;9;Маття-латте - 5 шт.;Омолаживающий барсучий эликсир;Маття-латте - 1 шт.;0;;;;;;;;;;;;;;;;;;;;;;;;;;;;;;;;;;;;;;;;;;;;;;
14.07.2021;1843;;3 077;returned;Emmataylor88@mail.ru;14.07.2021;7;3;240.0;587.0;1900.0;;7;Маття-латте - 1 шт.;Фиточай с чабрецом - 4 пакетика;Маття-латте - 5 шт.;350;;;;;;;;;;;;;;;;;;;;;;;;;;;;;;;;;;;;;;;;;;;;;;
05.03.2021;1559;;5 850;completed;Liamsmith69@yandex.ru;05.03.2021;3;2;;3500.0;2000.0;;3;Маття-латте - 1 шт.;Омолаживающий барсучий эликсир;Омолаживающий барсучий эликсир;350;;;;;;;;;;;;;;;;;;;;;;;;;;;;;;;;;;;;;;;;;;;;;;
17.03.2021;3523;;11 900;completed;Avamoore69@mail.ru;17.03.2021;3;3;3500.0;3500.0;4900.0;;3;Омолаживающий барсучий эликсир;Омолаживающий барсучий эликсир;Омолаживающий барсучий эликсир;0;;;;;;;;;;;;;;;;;;;;;;;;;;;;;;;;;;;;;;;;;;;;;;
21.03.2021;2586;;13 300;returned;Isabellataylor33@outlook.com;21.03.2021;3;3;3500.0;4900.0;4900.0;;3;Омолаживающий барсучий эликсир;Омолаживающий барсучий эликсир;Омолаживающий барсучий эликсир;0;;;;;;;;;;;;;;;;;;;;;;;;;;;;;;;;;;;;;;;;;;;;;;
14.11.2021;1901;;8 750;completed;Liammartinez66@yahoo.com;14.11.2021;11;2;4900.0;;3500.0;;11;Омолаживающий барсучий эликсир;Маття-латте - 1 шт.;Омолаживающий барсучий эликсир;350;;;;;;;;;;;;;;;;;;;;;;;;;;;;;;;;;;;;;;;;;;;;;;
19.01.2022;2589;;2 700;completed;Williamsmith1987@yandex.ru;19.01.2022;13;2;1900.0;;800.0;;13;Маття-латте - 5 шт.;Маття-латте - 1 шт.;Фиточай с чабрецом - 4 пакетика;0;;;;;;;;;;;;;;;;;;;;;;;;;;;;;;;;;;;;;;;;;;;;;;
17.06.2021;2977;;4 980;returned;olivertaylor13@gmail.com;17.06.2021;6;3;890.0;3500.0;240.0;;6;Фиточай с чабрецом - 4 пакетика;Омолаживающий барсучий эликсир;Маття-латте - 1 шт.;350;;;;;;;;;;;;;;;;;;;;;;;;;;;;;;;;;;;;;;;;;;;;;;
27.01.2022;3718;;4 487;completed;Alexandersmith0@yandex.ru;15.10.2021;10;3;2000.0;1900.0;587.0;;13;Омолаживающий барсучий эликсир;Маття-латте - 5 шт.;Фиточай с чабрецом - 4 пакетика;0;;;;;;;;;;;;;;;;;;;;;;;;;;;;;;;;;;;;;;;;;;;;;;
01.02.2022;2217;;2 927;returned;Charlottemoore1993@outlook.com;01.02.2022;14;3;1100.0;890.0;587.0;;14;Маття-латте - 5 шт.;Фиточай с чабрецом - 4 пакетика;Фиточай с чабрецом - 4 пакетика;350;;;;;;;;;;;;;;;;;;;;;;;;;;;;;;;;;;;;;;;;;;;;;;
05.06.2021;2129;;5 575;completed;Liamthomas69@yandex.ru;05.06.2021;6;2;4900.0;;325.0;;6;Омолаживающий барсучий эликсир;Маття-латте - 1 шт.;Маття-латте - 1 шт.;350;;;;;;;;;;;;;;;;;;;;;;;;;;;;;;;;;;;;;;;;;;;;;;
14.12.2021;3263;;2 790;completed;Alexandermoore66@mail.ru;11.10.2021;10;3;1100.0;240.0;1100.0;;12;Маття-латте - 5 шт.;Маття-латте - 1 шт.;Маття-латте - 5 шт.;350;;;;;;;;;;;;;;;;;;;;;;;;;;;;;;;;;;;;;;;;;;;;;;
09.11.2021;2265;;3 040;completed;Charlottemoore0@outlook.com;20.05.2021;5;3;2000.0;240.0;800.0;;11;Омолаживающий барсучий эликсир;Маття-латте - 1 шт.;Фиточай с чабрецом - 4 пакетика;0;;;;;;;;;;;;;;;;;;;;;;;;;;;;;;;;;;;;;;;;;;;;;;
20.04.2021;1679;;565;completed;Alexanderjackson13@yahoo.com;20.04.2021;4;2;325.0;240.0;;;4;Маття-латте - 1 шт.;Маття-латте - 1 шт.;Маття-латте - 1 шт.;0;;;;;;;;;;;;;;;;;;;;;;;;;;;;;;;;;;;;;;;;;;;;;;
19.04.2021;3792;;4 715;completed;Charlottetaylor69@mail.ru;19.04.2021;4;3;3500.0;890.0;325.0;;4;Омолаживающий барсучий эликсир;Фиточай с чабрецом - 4 пакетика;Маття-латте - 1 шт.;0;;;;;;;;;;;;;;;;;;;;;;;;;;;;;;;;;;;;;;;;;;;;;;
03.08.2021;3875;;7 125;completed;Alexanderanderson33@mail.ru;19.03.2021;3;3;4900.0;325.0;1900.0;;8;Омолаживающий барсучий эликсир;Маття-латте - 1 шт.;Маття-латте - 5 шт.;0;;;;;;;;;;;;;;;;;;;;;;;;;;;;;;;;;;;;;;;;;;;;;;
14.01.2022;1633;;1 927;completed;Avathomas1987@mail.ru;14.03.2021;3;3;587.0;1100.0;240.0;;13;Фиточай с чабрецом - 4 пакетика;Маття-латте - 5 шт.;Маття-латте - 1 шт.;0;;;;;;;;;;;;;;;;;;;;;;;;;;;;;;;;;;;;;;;;;;;;;;
07.07.2021;2186;;2 480;completed;Charlottemoore1987@mail.ru;10.04.2021;4;3;2000.0;240.0;240.0;;7;Омолаживающий барсучий эликсир;Маття-латте - 1 шт.;Маття-латте - 1 шт.;0;;;;;;;;;;;;;;;;;;;;;;;;;;;;;;;;;;;;;;;;;;;;;;
08.04.2021;2408;;4 677;completed;sophiawilliams13@gmail.com;08.04.2021;4;3;240.0;3500.0;587.0;;4;Маття-латте - 1 шт.;Омолаживающий барсучий эликсир;Фиточай с чабрецом - 4 пакетика;350;;;;;;;;;;;;;;;;;;;;;;;;;;;;;;;;;;;;;;;;;;;;;;
09.03.2021;2069;;1 750;completed;Alexanderlopez1987@outlook.com;26.02.2021;2;3;325.0;1100.0;325.0;;3;Маття-латте - 1 шт.;Маття-латте - 5 шт.;Маття-латте - 1 шт.;0;;;;;;;;;;;;;;;;;;;;;;;;;;;;;;;;;;;;;;;;;;;;;;
23.02.2021;2230;;3 130;completed;Emmajackson33@mail.ru;23.02.2021;2;3;890.0;2000.0;240.0;;2;Фиточай с чабрецом - 4 пакетика;Омолаживающий барсучий эликсир;Маття-латте - 1 шт.;0;;;;;;;;;;;;;;;;;;;;;;;;;;;;;;;;;;;;;;;;;;;;;;
25.12.2021;3481;;1 712;completed;Isabellabrown2007@yahoo.com;25.12.2021;12;3;587.0;325.0;800.0;;12;Фиточай с чабрецом - 4 пакетика;Маття-латте - 1 шт.;Фиточай с чабрецом - 4 пакетика;0;;;;;;;;;;;;;;;;;;;;;;;;;;;;;;;;;;;;;;;;;;;;;;
05.09.2021;3556;;8 640;completed;Sophiamartinez66@outlook.com;05.09.2021;9;3;3500.0;4900.0;240.0;;9;Омолаживающий барсучий эликсир;Омолаживающий барсучий эликсир;Маття-латте - 1 шт.;0;;;;;;;;;;;;;;;;;;;;;;;;;;;;;;;;;;;;;;;;;;;;;;
21.01.2022;1912;;7 900;completed;lucastaylor1987@gmail.com;21.06.2021;6;3;1900.0;4900.0;1100.0;;13;Маття-латте - 5 шт.;Омолаживающий барсучий эликсир;Маття-латте - 5 шт.;0;;;;;;;;;;;;;;;;;;;;;;;;;;;;;;;;;;;;;;;;;;;;;;
11.01.2022;1828;;5 725;completed;Oliveranderson2007@yandex.ru;11.01.2022;13;3;1900.0;325.0;3500.0;;13;Маття-латте - 5 шт.;Маття-латте - 1 шт.;Омолаживающий барсучий эликсир;0;;;;;;;;;;;;;;;;;;;;;;;;;;;;;;;;;;;;;;;;;;;;;;
04.09.2021;3479;;7 950;completed;Emmathomas0@yahoo.com;04.09.2021;9;3;4900.0;800.0;1900.0;;9;Омолаживающий барсучий эликсир;Фиточай с чабрецом - 4 пакетика;Маття-латте - 5 шт.;350;;;;;;;;;;;;;;;;;;;;;;;;;;;;;;;;;;;;;;;;;;;;;;
01.04.2021;3384;;6 950;returned;avalopez2007@gmail.com;01.04.2021;4;3;1100.0;2000.0;3500.0;;4;Маття-латте - 5 шт.;Омолаживающий барсучий эликсир;Омолаживающий барсучий эликсир;350;;;;;;;;;;;;;;;;;;;;;;;;;;;;;;;;;;;;;;;;;;;;;;
09.06.2021;1801;;8 250;completed;Williamthomas12@yahoo.com;15.04.2021;4;3;1100.0;1900.0;4900.0;;6;Маття-латте - 5 шт.;Маття-латте - 5 шт.;Омолаживающий барсучий эликсир;350;;;;;;;;;;;;;;;;;;;;;;;;;;;;;;;;;;;;;;;;;;;;;;
25.01.2022;3403;;1 540;returned;Sophiaanderson0@yahoo.com;28.09.2021;9;3;890.0;325.0;325.0;;13;Фиточай с чабрецом - 4 пакетика;Маття-латте - 1 шт.;Маття-латте - 1 шт.;0;;;;;;;;;;;;;;;;;;;;;;;;;;;;;;;;;;;;;;;;;;;;;;
11.11.2021;3056;;3 150;completed;Charlottetaylor1987@mail.ru;09.04.2021;4;2;800.0;2000.0;;;11;Фиточай с чабрецом - 4 пакетика;Омолаживающий барсучий эликсир;Маття-латте - 1 шт.;350;;;;;;;;;;;;;;;;;;;;;;;;;;;;;;;;;;;;;;;;;;;;;;
18.10.2021;1990;;6 200;completed;Isabellataylor88@yahoo.com;18.10.2021;10;3;3500.0;1900.0;800.0;;10;Омолаживающий барсучий эликсир;Маття-латте - 5 шт.;Фиточай с чабрецом - 4 пакетика;0;;;;;;;;;;;;;;;;;;;;;;;;;;;;;;;;;;;;;;;;;;;;;;
30.04.2021;3895;;5 000;completed;olivermoore1993@yahoo.com;30.04.2021;4;3;2000.0;1100.0;1900.0;;4;Омолаживающий барсучий эликсир;Маття-латте - 5 шт.;Маття-латте - 5 шт.;0;;;;;;;;;;;;;;;;;;;;;;;;;;;;;;;;;;;;;;;;;;;;;;
07.03.2021;4229;;3 215;returned;Sophiamoore69@outlook.com;07.03.2021;3;3;890.0;2000.0;325.0;;3;Фиточай с чабрецом - 4 пакетика;Омолаживающий барсучий эликсир;Маття-латте - 1 шт.;0;;;;;;;;;;;;;;;;;;;;;;;;;;;;;;;;;;;;;;;;;;;;;;
16.01.2022;1375;;6 087;completed;Williamtaylor1993@outlook.com;30.04.2021;4;3;3500.0;2000.0;587.0;;13;Омолаживающий барсучий эликсир;Омолаживающий барсучий эликсир;Фиточай с чабрецом - 4 пакетика;0;;;;;;;;;;;;;;;;;;;;;;;;;;;;;;;;;;;;;;;;;;;;;;
19.06.2021;3838;;5 700;completed;Emmalopez1993@outlook.com;19.06.2021;6;2;;800.0;4900.0;;6;Маття-латте - 1 шт.;Фиточай с чабрецом - 4 пакетика;Омолаживающий барсучий эликсир;0;;;;;;;;;;;;;;;;;;;;;;;;;;;;;;;;;;;;;;;;;;;;;;
05.03.2021;1830;;6 740;completed;Williamanderson69@mail.ru;05.03.2021;3;3;3500.0;890.0;2000.0;;3;Омолаживающий барсучий эликсир;Фиточай с чабрецом - 4 пакетика;Омолаживающий барсучий эликсир;350;;;;;;;;;;;;;;;;;;;;;;;;;;;;;;;;;;;;;;;;;;;;;;
30.05.2021;2942;;6 800;completed;Alexanderlopez13@yandex.ru;30.05.2021;5;3;1100.0;800.0;4900.0;;5;Маття-латте - 5 шт.;Фиточай с чабрецом - 4 пакетика;Омолаживающий барсучий эликсир;0;;;;;;;;;;;;;;;;;;;;;;;;;;;;;;;;;;;;;;;;;;;;;;
26.07.2021;2396;;7 040;completed;Emmamartinez33@mail.ru;26.07.2021;7;3;4900.0;1900.0;240.0;;7;Омолаживающий барсучий эликсир;Маття-латте - 5 шт.;Маття-латте - 1 шт.;0;;;;;;;;;;;;;;;;;;;;;;;;;;;;;;;;;;;;;;;;;;;;;;
19.10.2021;3976;;1150;completed;Liamsmith12@mail.ru;04.05.2021;5;1;800.0;;;;10;Фиточай с чабрецом - 4 пакетика;Маття-латте - 1 шт.;Маття-латте - 1 шт.;350;;;;;;;;;;;;;;;;;;;;;;;;;;;;;;;;;;;;;;;;;;;;;;
22.03.2021;2906;;1 040;completed;Oliverlopez66@outlook.com;22.03.2021;3;2;240.0;800.0;;;3;Маття-латте - 1 шт.;Фиточай с чабрецом - 4 пакетика;Маття-латте - 1 шт.;0;;;;;;;;;;;;;;;;;;;;;;;;;;;;;;;;;;;;;;;;;;;;;;
26.11.2021;2697;;4 887;completed;williambrown12@gmail.com;26.11.2021;11;3;800.0;3500.0;587.0;;11;Фиточай с чабрецом - 4 пакетика;Омолаживающий барсучий эликсир;Фиточай с чабрецом - 4 пакетика;0;;;;;;;;;;;;;;;;;;;;;;;;;;;;;;;;;;;;;;;;;;;;;;
15.01.2022;2996;;7 950;completed;Sophiawilliams1993@yahoo.com;15.09.2021;9;3;4900.0;800.0;1900.0;;13;Омолаживающий барсучий эликсир;Фиточай с чабрецом - 4 пакетика;Маття-латте - 5 шт.;350;;;;;;;;;;;;;;;;;;;;;;;;;;;;;;;;;;;;;;;;;;;;;;
09.11.2021;1266;;8 990;completed;Charlottejackson66@yahoo.com;22.09.2021;9;3;3500.0;240.0;4900.0;;11;Омолаживающий барсучий эликсир;Маття-латте - 1 шт.;Омолаживающий барсучий эликсир;350;;;;;;;;;;;;;;;;;;;;;;;;;;;;;;;;;;;;;;;;;;;;;;
04.12.2021;1541;;2 487;completed;Olivertaylor88@outlook.com;28.08.2021;8;3;800.0;1100.0;587.0;;12;Фиточай с чабрецом - 4 пакетика;Маття-латте - 5 шт.;Фиточай с чабрецом - 4 пакетика;0;;;;;;;;;;;;;;;;;;;;;;;;;;;;;;;;;;;;;;;;;;;;;;
19.03.2021;3673;;7 500;completed;charlottethomas2007@gmail.com;19.03.2021;3;3;2000.0;2000.0;3500.0;;3;Омолаживающий барсучий эликсир;Омолаживающий барсучий эликсир;Омолаживающий барсучий эликсир;0;;;;;;;;;;;;;;;;;;;;;;;;;;;;;;;;;;;;;;;;;;;;;;
25.03.2021;2377;;3 000;completed;Charlottemartinez1987@outlook.com;25.03.2021;3;2;1100.0;1900.0;;;3;Маття-латте - 5 шт.;Маття-латте - 5 шт.;Маття-латте - 1 шт.;0;;;;;;;;;;;;;;;;;;;;;;;;;;;;;;;;;;;;;;;;;;;;;;
25.07.2021;2290;;2 537;returned;Liamtaylor1987@yahoo.com;27.03.2021;3;3;587.0;800.0;800.0;;7;Фиточай с чабрецом - 4 пакетика;Фиточай с чабрецом - 4 пакетика;Фиточай с чабрецом - 4 пакетика;350;;;;;;;;;;;;;;;;;;;;;;;;;;;;;;;;;;;;;;;;;;;;;;
16.08.2021;3349;;3 477;completed;alexanderthomas66@gmail.com;16.08.2021;8;3;890.0;2000.0;587.0;;8;Фиточай с чабрецом - 4 пакетика;Омолаживающий барсучий эликсир;Фиточай с чабрецом - 4 пакетика;0;;;;;;;;;;;;;;;;;;;;;;;;;;;;;;;;;;;;;;;;;;;;;;
09.11.2021;3812;;4 450;completed;Lucassmith1987@outlook.com;18.03.2021;3;3;1900.0;1100.0;1100.0;;11;Маття-латте - 5 шт.;Маття-латте - 5 шт.;Маття-латте - 5 шт.;350;;;;;;;;;;;;;;;;;;;;;;;;;;;;;;;;;;;;;;;;;;;;;;
23.07.2021;2925;;8 250;completed;Emmalopez12@yandex.ru;08.05.2021;5;3;1900.0;4900.0;1100.0;;7;Маття-латте - 5 шт.;Омолаживающий барсучий эликсир;Маття-латте - 5 шт.;350;;;;;;;;;;;;;;;;;;;;;;;;;;;;;;;;;;;;;;;;;;;;;;
16.06.2021;4190;;3 680;completed;Alexanderjackson66@yahoo.com;16.06.2021;6;3;890.0;1900.0;890.0;;6;Фиточай с чабрецом - 4 пакетика;Маття-латте - 5 шт.;Фиточай с чабрецом - 4 пакетика;0;;;;;;;;;;;;;;;;;;;;;;;;;;;;;;;;;;;;;;;;;;;;;;
24.11.2021;1431;;1 627;completed;Emmabrown1993@mail.ru;24.11.2021;11;3;800.0;587.0;240.0;;11;Фиточай с чабрецом - 4 пакетика;Фиточай с чабрецом - 4 пакетика;Маття-латте - 1 шт.;0;;;;;;;;;;;;;;;;;;;;;;;;;;;;;;;;;;;;;;;;;;;;;;
31.03.2021;2966;;4 437;completed;oliveranderson2007@gmail.com;31.03.2021;3;2;;587.0;3500.0;;3;Маття-латте - 1 шт.;Фиточай с чабрецом - 4 пакетика;Омолаживающий барсучий эликсир;350;;;;;;;;;;;;;;;;;;;;;;;;;;;;;;;;;;;;;;;;;;;;;;
29.05.2021;1574;;2 900;completed;Lucasanderson0@mail.ru;29.05.2021;5;3;1900.0;325.0;325.0;;5;Маття-латте - 5 шт.;Маття-латте - 1 шт.;Маття-латте - 1 шт.;350;;;;;;;;;;;;;;;;;;;;;;;;;;;;;;;;;;;;;;;;;;;;;;
22.12.2021;2419;;3 125;completed;Lucasmartinez66@yahoo.com;12.12.2021;12;3;325.0;800.0;2000.0;;12;Маття-латте - 1 шт.;Фиточай с чабрецом - 4 пакетика;Омолаживающий барсучий эликсир;0;;;;;;;;;;;;;;;;;;;;;;;;;;;;;;;;;;;;;;;;;;;;;;
08.05.2021;2734;;2 812;completed;Olivermoore33@mail.ru;08.05.2021;5;3;325.0;1900.0;587.0;;5;Маття-латте - 1 шт.;Маття-латте - 5 шт.;Фиточай с чабрецом - 4 пакетика;0;;;;;;;;;;;;;;;;;;;;;;;;;;;;;;;;;;;;;;;;;;;;;;
16.03.2021;1458;;3 100;completed;Williamanderson0@outlook.com;16.03.2021;3;2;2000.0;1100.0;;;3;Омолаживающий барсучий эликсир;Маття-латте - 5 шт.;Маття-латте - 1 шт.;0;;;;;;;;;;;;;;;;;;;;;;;;;;;;;;;;;;;;;;;;;;;;;;
15.06.2021;1989;;6 290;completed;Isabellamartinez88@yandex.ru;15.06.2021;6;3;890.0;1900.0;3500.0;;6;Фиточай с чабрецом - 4 пакетика;Маття-латте - 5 шт.;Омолаживающий барсучий эликсир;0;;;;;;;;;;;;;;;;;;;;;;;;;;;;;;;;;;;;;;;;;;;;;;
21.06.2021;4112;;7 400;completed;Williammoore33@mail.ru;12.06.2021;6;3;1900.0;3500.0;2000.0;;6;Маття-латте - 5 шт.;Омолаживающий барсучий эликсир;Омолаживающий барсучий эликсир;0;;;;;;;;;;;;;;;;;;;;;;;;;;;;;;;;;;;;;;;;;;;;;;
26.05.2021;3293;;1 414;completed;Avamartinez12@mail.ru;26.05.2021;5;3;240.0;587.0;587.0;;5;Маття-латте - 1 шт.;Фиточай с чабрецом - 4 пакетика;Фиточай с чабрецом - 4 пакетика;0;;;;;;;;;;;;;;;;;;;;;;;;;;;;;;;;;;;;;;;;;;;;;;
12.07.2021;2514;;4 340;completed;Avathomas1993@outlook.com;13.04.2021;4;3;2000.0;890.0;1100.0;;7;Омолаживающий барсучий эликсир;Фиточай с чабрецом - 4 пакетика;Маття-латте - 5 шт.;350;;;;;;;;;;;;;;;;;;;;;;;;;;;;;;;;;;;;;;;;;;;;;;
18.11.2021;3377;;6 390;completed;Alexandersmith12@mail.ru;22.06.2021;6;3;2000.0;890.0;3500.0;;11;Омолаживающий барсучий эликсир;Фиточай с чабрецом - 4 пакетика;Омолаживающий барсучий эликсир;0;;;;;;;;;;;;;;;;;;;;;;;;;;;;;;;;;;;;;;;;;;;;;;
20.04.2021;1669;;6 030;completed;Emmajackson1987@outlook.com;20.04.2021;4;3;890.0;240.0;4900.0;;4;Фиточай с чабрецом - 4 пакетика;Маття-латте - 1 шт.;Омолаживающий барсучий эликсир;0;;;;;;;;;;;;;;;;;;;;;;;;;;;;;;;;;;;;;;;;;;;;;;
30.06.2021;3059;;7 240;completed;liamtaylor88@gmail.com;14.03.2021;3;3;1100.0;890.0;4900.0;;6;Маття-латте - 5 шт.;Фиточай с чабрецом - 4 пакетика;Омолаживающий барсучий эликсир;350;;;;;;;;;;;;;;;;;;;;;;;;;;;;;;;;;;;;;;;;;;;;;;
04.03.2021;3088;;2 187;completed;Emmamoore66@yandex.ru;04.03.2021;3;3;800.0;587.0;800.0;;3;Фиточай с чабрецом - 4 пакетика;Фиточай с чабрецом - 4 пакетика;Фиточай с чабрецом - 4 пакетика;0;;;;;;;;;;;;;;;;;;;;;;;;;;;;;;;;;;;;;;;;;;;;;;
08.12.2021;2708;;1 455;completed;Oliverjackson33@outlook.com;25.02.2021;2;3;325.0;240.0;890.0;;12;Маття-латте - 1 шт.;Маття-латте - 1 шт.;Фиточай с чабрецом - 4 пакетика;0;;;;;;;;;;;;;;;;;;;;;;;;;;;;;;;;;;;;;;;;;;;;;;
06.04.2021;3140;;9 200;completed;Emmathomas0@yandex.ru;06.04.2021;4;3;800.0;3500.0;4900.0;;4;Фиточай с чабрецом - 4 пакетика;Омолаживающий барсучий эликсир;Омолаживающий барсучий эликсир;0;;;;;;;;;;;;;;;;;;;;;;;;;;;;;;;;;;;;;;;;;;;;;;
28.07.2021;1709;;4 677;completed;Oliveranderson33@mail.ru;28.07.2021;7;3;3500.0;587.0;240.0;;7;Омолаживающий барсучий эликсир;Фиточай с чабрецом - 4 пакетика;Маття-латте - 1 шт.;350;;;;;;;;;;;;;;;;;;;;;;;;;;;;;;;;;;;;;;;;;;;;;;
09.01.2022;3201;;1 587;completed;sophiathomas88@gmail.com;18.03.2021;3;3;325.0;325.0;587.0;;13;Маття-латте - 1 шт.;Маття-латте - 1 шт.;Фиточай с чабрецом - 4 пакетика;350;;;;;;;;;;;;;;;;;;;;;;;;;;;;;;;;;;;;;;;;;;;;;;
11.06.2021;1349;;9 500;completed;Charlottebrown1987@outlook.com;11.06.2021;6;3;3500.0;4900.0;1100.0;;6;Омолаживающий барсучий эликсир;Омолаживающий барсучий эликсир;Маття-латте - 5 шт.;0;;;;;;;;;;;;;;;;;;;;;;;;;;;;;;;;;;;;;;;;;;;;;;
14.12.2021;3988;;5 750;completed;Avathomas0@mail.ru;14.12.2021;12;2;;3500.0;1900.0;;12;Маття-латте - 1 шт.;Омолаживающий барсучий эликсир;Маття-латте - 5 шт.;350;;;;;;;;;;;;;;;;;;;;;;;;;;;;;;;;;;;;;;;;;;;;;;
03.01.2022;2406;;1 215;completed;Olivermoore13@yandex.ru;03.01.2022;13;2;325.0;890.0;;;13;Маття-латте - 1 шт.;Фиточай с чабрецом - 4 пакетика;Маття-латте - 1 шт.;0;;;;;;;;;;;;;;;;;;;;;;;;;;;;;;;;;;;;;;;;;;;;;;
08.04.2021;3187;;4 150;completed;emmamoore88@outlook.com;08.04.2021;4;2;1900.0;1900.0;;;4;Маття-латте - 5 шт.;Маття-латте - 5 шт.;Маття-латте - 1 шт.;350;;;;;;;;;;;;;;;;;;;;;;;;;;;;;;;;;;;;;;;;;;;;;;
05.02.2022;2719;;3 040;completed;avataylor88@gmail.com;23.04.2021;4;3;240.0;2000.0;800.0;;14;Маття-латте - 1 шт.;Омолаживающий барсучий эликсир;Фиточай с чабрецом - 4 пакетика;0;;;;;;;;;;;;;;;;;;;;;;;;;;;;;;;;;;;;;;;;;;;;;;
20.09.2021;2038;;4 630;completed;Emmalopez0@yandex.ru;16.03.2021;3;3;3500.0;240.0;890.0;;9;Омолаживающий барсучий эликсир;Маття-латте - 1 шт.;Фиточай с чабрецом - 4 пакетика;0;;;;;;;;;;;;;;;;;;;;;;;;;;;;;;;;;;;;;;;;;;;;;;
28.03.2021;1831;;3 475;completed;Charlottesmith1987@mail.ru;28.03.2021;3;3;325.0;800.0;2000.0;;3;Маття-латте - 1 шт.;Фиточай с чабрецом - 4 пакетика;Омолаживающий барсучий эликсир;350;;;;;;;;;;;;;;;;;;;;;;;;;;;;;;;;;;;;;;;;;;;;;;
05.01.2022;4014;;3 980;completed;Emmalopez0@outlook.com;26.07.2021;7;3;3500.0;240.0;240.0;;13;Омолаживающий барсучий эликсир;Маття-латте - 1 шт.;Маття-латте - 1 шт.;0;;;;;;;;;;;;;;;;;;;;;;;;;;;;;;;;;;;;;;;;;;;;;;
19.01.2022;3495;;4 412;completed;Olivertaylor66@yandex.ru;17.04.2021;4;3;3500.0;325.0;587.0;;13;Омолаживающий барсучий эликсир;Маття-латте - 1 шт.;Фиточай с чабрецом - 4 пакетика;0;;;;;;;;;;;;;;;;;;;;;;;;;;;;;;;;;;;;;;;;;;;;;;
20.01.2022;2615;;2 225;completed;Alexandersmith1987@outlook.com;20.01.2022;13;3;800.0;1100.0;325.0;;13;Фиточай с чабрецом - 4 пакетика;Маття-латте - 5 шт.;Маття-латте - 1 шт.;0;;;;;;;;;;;;;;;;;;;;;;;;;;;;;;;;;;;;;;;;;;;;;;
23.04.2021;2098;;6 740;completed;Liamjackson66@mail.ru;03.04.2021;4;3;890.0;2000.0;3500.0;;4;Фиточай с чабрецом - 4 пакетика;Омолаживающий барсучий эликсир;Омолаживающий барсучий эликсир;350;;;;;;;;;;;;;;;;;;;;;;;;;;;;;;;;;;;;;;;;;;;;;;
16.09.2021;1309;;2 465;completed;Sophiabrown1987@outlook.com;16.09.2021;9;3;1900.0;325.0;240.0;;9;Маття-латте - 5 шт.;Маття-латте - 1 шт.;Маття-латте - 1 шт.;0;;;;;;;;;;;;;;;;;;;;;;;;;;;;;;;;;;;;;;;;;;;;;;
30.01.2022;2233;;3 587;completed;Liamwilliams2007@mail.ru;09.06.2021;6;3;587.0;1100.0;1900.0;;13;Фиточай с чабрецом - 4 пакетика;Маття-латте - 5 шт.;Маття-латте - 5 шт.;0;;;;;;;;;;;;;;;;;;;;;;;;;;;;;;;;;;;;;;;;;;;;;;
13.07.2021;4207;;5 825;returned;Alexandertaylor88@outlook.com;13.07.2021;7;3;3500.0;325.0;2000.0;;7;Омолаживающий барсучий эликсир;Маття-латте - 1 шт.;Омолаживающий барсучий эликсир;0;;;;;;;;;;;;;;;;;;;;;;;;;;;;;;;;;;;;;;;;;;;;;;
24.11.2021;3189;;2 240;completed;Lucaswilliams33@gmail.com;04.03.2021;3;2;240.0;2000.0;;;11;Маття-латте - 1 шт.;Омолаживающий барсучий эликсир;Маття-латте - 1 шт.;0;;;;;;;;;;;;;;;;;;;;;;;;;;;;;;;;;;;;;;;;;;;;;;
17.10.2021;3707;;4 587;completed;Isabellamartinez33@outlook.com;04.03.2021;3;3;587.0;2000.0;2000.0;;10;Фиточай с чабрецом - 4 пакетика;Омолаживающий барсучий эликсир;Омолаживающий барсучий эликсир;0;;;;;;;;;;;;;;;;;;;;;;;;;;;;;;;;;;;;;;;;;;;;;;
29.11.2021;3834;;2 362;completed;Charlottethomas69@outlook.com;29.11.2021;11;3;1100.0;325.0;587.0;;11;Маття-латте - 5 шт.;Маття-латте - 1 шт.;Фиточай с чабрецом - 4 пакетика;350;;;;;;;;;;;;;;;;;;;;;;;;;;;;;;;;;;;;;;;;;;;;;;
31.08.2021;1468;;4 087;completed;Liambrown13@yandex.ru;09.05.2021;5;2;;3500.0;587.0;;8;Маття-латте - 1 шт.;Омолаживающий барсучий эликсир;Фиточай с чабрецом - 4 пакетика;0;;;;;;;;;;;;;;;;;;;;;;;;;;;;;;;;;;;;;;;;;;;;;;
27.03.2021;2521;;2 890;completed;Williamlopez0@yahoo.com;27.03.2021;3;2;890.0;2000.0;;;3;Фиточай с чабрецом - 4 пакетика;Омолаживающий барсучий эликсир;Маття-латте - 1 шт.;0;;;;;;;;;;;;;;;;;;;;;;;;;;;;;;;;;;;;;;;;;;;;;;
15.11.2021;3729;;3 637;completed;Sophiataylor66@yahoo.com;04.05.2021;5;3;1900.0;800.0;587.0;;11;Маття-латте - 5 шт.;Фиточай с чабрецом - 4 пакетика;Фиточай с чабрецом - 4 пакетика;350;;;;;;;;;;;;;;;;;;;;;;;;;;;;;;;;;;;;;;;;;;;;;;
19.07.2021;3290;;6 680;completed;Charlottemartinez2007@gmail.com;01.06.2021;6;3;4900.0;890.0;890.0;;7;Омолаживающий барсучий эликсир;Фиточай с чабрецом - 4 пакетика;Фиточай с чабрецом - 4 пакетика;0;;;;;;;;;;;;;;;;;;;;;;;;;;;;;;;;;;;;;;;;;;;;;;
24.04.2021;1861;;6 727;completed;Alexandermoore0@yandex.ru;24.04.2021;4;3;4900.0;587.0;890.0;;4;Омолаживающий барсучий эликсир;Фиточай с чабрецом - 4 пакетика;Фиточай с чабрецом - 4 пакетика;350;;;;;;;;;;;;;;;;;;;;;;;;;;;;;;;;;;;;;;;;;;;;;;
16.02.2021;3993;;2 650;completed;sophiamartinez13@gmail.com;16.02.2021;2;3;2000.0;325.0;325.0;;2;Омолаживающий барсучий эликсир;Маття-латте - 1 шт.;Маття-латте - 1 шт.;0;;;;;;;;;;;;;;;;;;;;;;;;;;;;;;;;;;;;;;;;;;;;;;
25.08.2021;1649;;3 040;completed;williamwilliams13@gmail.com;02.08.2021;8;3;800.0;2000.0;240.0;;8;Фиточай с чабрецом - 4 пакетика;Омолаживающий барсучий эликсир;Маття-латте - 1 шт.;0;;;;;;;;;;;;;;;;;;;;;;;;;;;;;;;;;;;;;;;;;;;;;;
11.05.2021;2477;;4 840;completed;williamsmith2007@gmail.com;11.05.2021;5;3;240.0;1100.0;3500.0;;5;Маття-латте - 1 шт.;Маття-латте - 5 шт.;Омолаживающий барсучий эликсир;0;;;;;;;;;;;;;;;;;;;;;;;;;;;;;;;;;;;;;;;;;;;;;;
09.08.2021;2870;;2 315;completed;Sophiamoore12@yahoo.com;09.08.2021;8;3;325.0;890.0;1100.0;;8;Маття-латте - 1 шт.;Фиточай с чабрецом - 4 пакетика;Маття-латте - 5 шт.;0;;;;;;;;;;;;;;;;;;;;;;;;;;;;;;;;;;;;;;;;;;;;;;
30.07.2021;3474;;1 827;completed;Oliverthomas69@yahoo.com;07.05.2021;5;2;890.0;587.0;;;7;Фиточай с чабрецом - 4 пакетика;Фиточай с чабрецом - 4 пакетика;Маття-латте - 1 шт.;350;;;;;;;;;;;;;;;;;;;;;;;;;;;;;;;;;;;;;;;;;;;;;;
07.11.2021;2536;;1 840;completed;Lucassmith1993@yahoo.com;17.02.2021;2;3;240.0;800.0;800.0;;11;Маття-латте - 1 шт.;Фиточай с чабрецом - 4 пакетика;Фиточай с чабрецом - 4 пакетика;0;;;;;;;;;;;;;;;;;;;;;;;;;;;;;;;;;;;;;;;;;;;;;;
26.06.2021;3371;;7 900;completed;oliverlopez13@gmail.com;26.06.2021;6;3;1900.0;4900.0;1100.0;;6;Маття-латте - 5 шт.;Омолаживающий барсучий эликсир;Маття-латте - 5 шт.;0;;;;;;;;;;;;;;;;;;;;;;;;;;;;;;;;;;;;;;;;;;;;;;
15.09.2021;1430;;2 012;completed;Liamtaylor1993@mail.ru;15.09.2021;9;3;1100.0;587.0;325.0;;9;Маття-латте - 5 шт.;Фиточай с чабрецом - 4 пакетика;Маття-латте - 1 шт.;0;;;;;;;;;;;;;;;;;;;;;;;;;;;;;;;;;;;;;;;;;;;;;;
06.01.2022;3180;;4 065;completed;Lucasanderson1987@mail.ru;04.07.2021;7;3;240.0;325.0;3500.0;;13;Маття-латте - 1 шт.;Маття-латте - 1 шт.;Омолаживающий барсучий эликсир;0;;;;;;;;;;;;;;;;;;;;;;;;;;;;;;;;;;;;;;;;;;;;;;
20.04.2021;4075;;1 930;completed;Avamoore0@outlook.com;20.04.2021;4;3;240.0;800.0;890.0;;4;Маття-латте - 1 шт.;Фиточай с чабрецом - 4 пакетика;Фиточай с чабрецом - 4 пакетика;0;;;;;;;;;;;;;;;;;;;;;;;;;;;;;;;;;;;;;;;;;;;;;;
12.08.2021;2110;;4 975;completed;emmawilliams1987@yahoo.com;12.08.2021;8;3;800.0;3500.0;325.0;;8;Фиточай с чабрецом - 4 пакетика;Омолаживающий барсучий эликсир;Маття-латте - 1 шт.;350;;;;;;;;;;;;;;;;;;;;;;;;;;;;;;;;;;;;;;;;;;;;;;
22.02.2021;4043;;5 490;completed;isabellajackson88@gmail.com;22.02.2021;2;2;240.0;;4900.0;;2;Маття-латте - 1 шт.;Маття-латте - 1 шт.;Омолаживающий барсучий эликсир;350;;;;;;;;;;;;;;;;;;;;;;;;;;;;;;;;;;;;;;;;;;;;;;
01.01.2022;1644;;3 377;completed;Lucasthomas1993@outlook.com;23.03.2021;3;3;587.0;890.0;1900.0;;13;Фиточай с чабрецом - 4 пакетика;Фиточай с чабрецом - 4 пакетика;Маття-латте - 5 шт.;0;;;;;;;;;;;;;;;;;;;;;;;;;;;;;;;;;;;;;;;;;;;;;;
29.05.2021;1768;;2 800;completed;Lucasanderson0@yandex.ru;29.05.2021;5;2;800.0;;2000.0;;5;Фиточай с чабрецом - 4 пакетика;Маття-латте - 1 шт.;Омолаживающий барсучий эликсир;0;;;;;;;;;;;;;;;;;;;;;;;;;;;;;;;;;;;;;;;;;;;;;;
05.07.2021;1665;;1 455;completed;Sophiathomas0@mail.ru;05.07.2021;7;3;240.0;890.0;325.0;;7;Маття-латте - 1 шт.;Фиточай с чабрецом - 4 пакетика;Маття-латте - 1 шт.;0;;;;;;;;;;;;;;;;;;;;;;;;;;;;;;;;;;;;;;;;;;;;;;
18.10.2021;1910;;2 277;completed;alexandermoore33@gmail.com;18.10.2021;10;3;800.0;587.0;890.0;;10;Фиточай с чабрецом - 4 пакетика;Фиточай с чабрецом - 4 пакетика;Фиточай с чабрецом - 4 пакетика;0;;;;;;;;;;;;;;;;;;;;;;;;;;;;;;;;;;;;;;;;;;;;;;
27.03.2021;2163;;2 240;completed;oliverthomas2007@gmail.com;27.03.2021;3;2;240.0;;2000.0;;3;Маття-латте - 1 шт.;Маття-латте - 1 шт.;Омолаживающий барсучий эликсир;0;;;;;;;;;;;;;;;;;;;;;;;;;;;;;;;;;;;;;;;;;;;;;;
10.04.2021;3658;;7 030;completed;lucasmoore12@gmail.com;10.04.2021;4;3;890.0;890.0;4900.0;;4;Фиточай с чабрецом - 4 пакетика;Фиточай с чабрецом - 4 пакетика;Омолаживающий барсучий эликсир;350;;;;;;;;;;;;;;;;;;;;;;;;;;;;;;;;;;;;;;;;;;;;;;
12.10.2021;2543;;6 437;completed;Sophiamartinez88@mail.ru;12.10.2021;10;3;2000.0;587.0;3500.0;;10;Омолаживающий барсучий эликсир;Фиточай с чабрецом - 4 пакетика;Омолаживающий барсучий эликсир;350;;;;;;;;;;;;;;;;;;;;;;;;;;;;;;;;;;;;;;;;;;;;;;
02.02.2022;3467;;3 050;completed;Williamanderson66@mail.ru;03.07.2021;7;2;800.0;;1900.0;;14;Фиточай с чабрецом - 4 пакетика;Маття-латте - 1 шт.;Маття-латте - 5 шт.;350;;;;;;;;;;;;;;;;;;;;;;;;;;;;;;;;;;;;;;;;;;;;;;
27.02.2021;2570;;3 130;completed;Charlottebrown0@yandex.ru;27.02.2021;2;3;240.0;2000.0;890.0;;2;Маття-латте - 1 шт.;Омолаживающий барсучий эликсир;Фиточай с чабрецом - 4 пакетика;0;;;;;;;;;;;;;;;;;;;;;;;;;;;;;;;;;;;;;;;;;;;;;;
29.11.2021;1877;;5 740;completed;Alexanderjackson12@outlook.com;29.11.2021;11;3;240.0;3500.0;2000.0;;11;Маття-латте - 1 шт.;Омолаживающий барсучий эликсир;Омолаживающий барсучий эликсир;0;;;;;;;;;;;;;;;;;;;;;;;;;;;;;;;;;;;;;;;;;;;;;;
18.03.2021;4021;;2 812;completed;Williamwilliams88@yahoo.com;18.03.2021;3;3;325.0;587.0;1900.0;;3;Маття-латте - 1 шт.;Фиточай с чабрецом - 4 пакетика;Маття-латте - 5 шт.;0;;;;;;;;;;;;;;;;;;;;;;;;;;;;;;;;;;;;;;;;;;;;;;
09.07.2021;2717;;2 020;completed;Charlottelopez2007@yandex.ru;09.07.2021;7;3;240.0;890.0;890.0;;7;Маття-латте - 1 шт.;Фиточай с чабрецом - 4 пакетика;Фиточай с чабрецом - 4 пакетика;0;;;;;;;;;;;;;;;;;;;;;;;;;;;;;;;;;;;;;;;;;;;;;;
07.01.2022;3027;;5 815;completed;Williammartinez2007@yahoo.com;16.05.2021;5;3;325.0;4900.0;240.0;;13;Маття-латте - 1 шт.;Омолаживающий барсучий эликсир;Маття-латте - 1 шт.;350;;;;;;;;;;;;;;;;;;;;;;;;;;;;;;;;;;;;;;;;;;;;;;
11.11.2021;3148;;2 750;completed;Sophiasmith1993@yahoo.com;11.05.2021;5;3;800.0;800.0;800.0;;11;Фиточай с чабрецом - 4 пакетика;Фиточай с чабрецом - 4 пакетика;Фиточай с чабрецом - 4 пакетика;350;;;;;;;;;;;;;;;;;;;;;;;;;;;;;;;;;;;;;;;;;;;;;;
10.09.2021;3760;;2 015;completed;Williammoore1987@yandex.ru;15.04.2021;4;3;800.0;325.0;890.0;;9;Фиточай с чабрецом - 4 пакетика;Маття-латте - 1 шт.;Фиточай с чабрецом - 4 пакетика;0;;;;;;;;;;;;;;;;;;;;;;;;;;;;;;;;;;;;;;;;;;;;;;
17.12.2021;4030;;6 337;completed;Liambrown1993@gmail.com;14.07.2021;7;3;1900.0;3500.0;587.0;;12;Маття-латте - 5 шт.;Омолаживающий барсучий эликсир;Фиточай с чабрецом - 4 пакетика;350;;;;;;;;;;;;;;;;;;;;;;;;;;;;;;;;;;;;;;;;;;;;;;
29.03.2021;2192;;1 900;completed;Sophiajackson66@mail.ru;29.03.2021;3;1;;;1900.0;;3;Маття-латте - 1 шт.;Маття-латте - 1 шт.;Маття-латте - 5 шт.;0;;;;;;;;;;;;;;;;;;;;;;;;;;;;;;;;;;;;;;;;;;;;;;
27.01.2022;1623;;3 340;completed;Williammartinez13@yahoo.com;27.01.2022;13;3;1100.0;2000.0;240.0;;13;Маття-латте - 5 шт.;Омолаживающий барсучий эликсир;Маття-латте - 1 шт.;0;;;;;;;;;;;;;;;;;;;;;;;;;;;;;;;;;;;;;;;;;;;;;;
11.03.2021;1379;;4 900;completed;Lucasjackson33@mail.ru;11.03.2021;3;3;1900.0;1900.0;1100.0;;3;Маття-латте - 5 шт.;Маття-латте - 5 шт.;Маття-латте - 5 шт.;0;;;;;;;;;;;;;;;;;;;;;;;;;;;;;;;;;;;;;;;;;;;;;;
01.12.2021;1272;;0;completed;Oliversmith88@yahoo.com;28.04.2021;4;0;;;;;12;Маття-латте - 1 шт.;Маття-латте - 1 шт.;Маття-латте - 1 шт.;0;;;;;;;;;;;;;;;;;;;;;;;;;;;;;;;;;;;;;;;;;;;;;;
14.02.2022;3650;;675;completed;Avataylor69@yahoo.com;08.07.2021;7;1;325.0;;;;14;Маття-латте - 1 шт.;Маття-латте - 1 шт.;Маття-латте - 1 шт.;350;;;;;;;;;;;;;;;;;;;;;;;;;;;;;;;;;;;;;;;;;;;;;;
17.08.2021;1484;;4 150;completed;Isabellawilliams0@yahoo.com;17.08.2021;8;3;325.0;325.0;3500.0;;8;Маття-латте - 1 шт.;Маття-латте - 1 шт.;Омолаживающий барсучий эликсир;0;;;;;;;;;;;;;;;;;;;;;;;;;;;;;;;;;;;;;;;;;;;;;;
30.05.2021;1632;;5 987;completed;Isabellathomas1987@outlook.com;02.04.2021;4;3;587.0;3500.0;1900.0;;5;Фиточай с чабрецом - 4 пакетика;Омолаживающий барсучий эликсир;Маття-латте - 5 шт.;0;;;;;;;;;;;;;;;;;;;;;;;;;;;;;;;;;;;;;;;;;;;;;;
05.05.2021;3561;;9 200;completed;Sophiasmith33@mail.ru;05.05.2021;5;3;4900.0;800.0;3500.0;;5;Омолаживающий барсучий эликсир;Фиточай с чабрецом - 4 пакетика;Омолаживающий барсучий эликсир;0;;;;;;;;;;;;;;;;;;;;;;;;;;;;;;;;;;;;;;;;;;;;;;
22.04.2021;1848;;6 375;completed;alexanderwilliams13@gmail.com;22.04.2021;4;3;325.0;4900.0;800.0;;4;Маття-латте - 1 шт.;Омолаживающий барсучий эликсир;Фиточай с чабрецом - 4 пакетика;350;;;;;;;;;;;;;;;;;;;;;;;;;;;;;;;;;;;;;;;;;;;;;;
12.07.2021;2214;;7 750;completed;Alexanderthomas13@outlook.com;12.07.2021;7;3;3500.0;1900.0;2000.0;;7;Омолаживающий барсучий эликсир;Маття-латте - 5 шт.;Омолаживающий барсучий эликсир;350;;;;;;;;;;;;;;;;;;;;;;;;;;;;;;;;;;;;;;;;;;;;;;
27.10.2021;2241;;2 277;completed;Alexandermartinez0@yandex.ru;14.09.2021;9;3;587.0;800.0;890.0;;10;Фиточай с чабрецом - 4 пакетика;Фиточай с чабрецом - 4 пакетика;Фиточай с чабрецом - 4 пакетика;0;;;;;;;;;;;;;;;;;;;;;;;;;;;;;;;;;;;;;;;;;;;;;;
06.05.2021;1352;;890;completed;Isabellathomas0@yandex.ru;06.05.2021;5;1;;;890.0;;5;Маття-латте - 1 шт.;Маття-латте - 1 шт.;Фиточай с чабрецом - 4 пакетика;0;;;;;;;;;;;;;;;;;;;;;;;;;;;;;;;;;;;;;;;;;;;;;;
04.06.2021;2979;;5 812;completed;emmawilliams12@gmail.com;04.06.2021;6;3;325.0;587.0;4900.0;;6;Маття-латте - 1 шт.;Фиточай с чабрецом - 4 пакетика;Омолаживающий барсучий эликсир;0;;;;;;;;;;;;;;;;;;;;;;;;;;;;;;;;;;;;;;;;;;;;;;
30.08.2021;2599;;2 487;completed;Isabellajackson2007@mail.ru;30.08.2021;8;3;1100.0;587.0;800.0;;8;Маття-латте - 5 шт.;Фиточай с чабрецом - 4 пакетика;Фиточай с чабрецом - 4 пакетика;0;;;;;;;;;;;;;;;;;;;;;;;;;;;;;;;;;;;;;;;;;;;;;;
09.07.2021;3202;;805;completed;Sophiasmith0@yandex.ru;08.07.2021;7;3;240.0;240.0;325.0;;7;Маття-латте - 1 шт.;Маття-латте - 1 шт.;Маття-латте - 1 шт.;0;;;;;;;;;;;;;;;;;;;;;;;;;;;;;;;;;;;;;;;;;;;;;;
06.08.2021;3178;;10 900;returned;isabellaanderson88@gmail.com;23.02.2021;2;3;1100.0;4900.0;4900.0;;8;Маття-латте - 5 шт.;Омолаживающий барсучий эликсир;Омолаживающий барсучий эликсир;0;;;;;;;;;;;;;;;;;;;;;;;;;;;;;;;;;;;;;;;;;;;;;;
29.01.2022;1325;;2 225;completed;liamsmith0@gmail.com;15.03.2021;3;2;325.0;;1900.0;;13;Маття-латте - 1 шт.;Маття-латте - 1 шт.;Маття-латте - 5 шт.;0;;;;;;;;;;;;;;;;;;;;;;;;;;;;;;;;;;;;;;;;;;;;;;
11.08.2021;2267;;3 377;completed;Avathomas13@yahoo.com;11.08.2021;8;3;587.0;890.0;1900.0;;8;Фиточай с чабрецом - 4 пакетика;Фиточай с чабрецом - 4 пакетика;Маття-латте - 5 шт.;0;;;;;;;;;;;;;;;;;;;;;;;;;;;;;;;;;;;;;;;;;;;;;;
28.11.2021;2446;;2 012;completed;charlottelopez66@gmail.com;29.10.2021;10;3;1100.0;325.0;587.0;;11;Маття-латте - 5 шт.;Маття-латте - 1 шт.;Фиточай с чабрецом - 4 пакетика;0;;;;;;;;;;;;;;;;;;;;;;;;;;;;;;;;;;;;;;;;;;;;;;
02.02.2022;2953;;2 440;completed;Oliverlopez66@yandex.ru;25.04.2021;4;3;1100.0;240.0;1100.0;;14;Маття-латте - 5 шт.;Маття-латте - 1 шт.;Маття-латте - 5 шт.;0;;;;;;;;;;;;;;;;;;;;;;;;;;;;;;;;;;;;;;;;;;;;;;
07.12.2021;3440;;1 125;completed;Sophiasmith0@yahoo.com;07.12.2021;12;2;800.0;;325.0;;12;Фиточай с чабрецом - 4 пакетика;Маття-латте - 1 шт.;Маття-латте - 1 шт.;0;;;;;;;;;;;;;;;;;;;;;;;;;;;;;;;;;;;;;;;;;;;;;;
07.01.2022;2862;;6 290;returned;Lucasmartinez1987@yandex.ru;03.09.2021;9;3;3500.0;1900.0;890.0;;13;Омолаживающий барсучий эликсир;Маття-латте - 5 шт.;Фиточай с чабрецом - 4 пакетика;0;;;;;;;;;;;;;;;;;;;;;;;;;;;;;;;;;;;;;;;;;;;;;;
22.07.2021;2224;;7 040;completed;avathomas66@gmail.com;19.03.2021;3;3;1900.0;240.0;4900.0;;7;Маття-латте - 5 шт.;Маття-латте - 1 шт.;Омолаживающий барсучий эликсир;0;;;;;;;;;;;;;;;;;;;;;;;;;;;;;;;;;;;;;;;;;;;;;;
17.06.2021;1552;;1 215;completed;Liamjackson69@yandex.ru;17.06.2021;6;2;325.0;;890.0;;6;Маття-латте - 1 шт.;Маття-латте - 1 шт.;Фиточай с чабрецом - 4 пакетика;0;;;;;;;;;;;;;;;;;;;;;;;;;;;;;;;;;;;;;;;;;;;;;;
17.02.2021;2312;;5 380;completed;Olivermartinez2007@outlook.com;17.02.2021;2;3;240.0;240.0;4900.0;;2;Маття-латте - 1 шт.;Маття-латте - 1 шт.;Омолаживающий барсучий эликсир;0;;;;;;;;;;;;;;;;;;;;;;;;;;;;;;;;;;;;;;;;;;;;;;
10.11.2021;2905;;7 690;completed;Liamwilliams66@gmail.com;15.07.2021;7;3;1900.0;890.0;4900.0;;11;Маття-латте - 5 шт.;Фиточай с чабрецом - 4 пакетика;Омолаживающий барсучий эликсир;0;;;;;;;;;;;;;;;;;;;;;;;;;;;;;;;;;;;;;;;;;;;;;;
03.10.2021;1318;;3 565;completed;Lucassmith13@outlook.com;03.10.2021;10;3;2000.0;325.0;890.0;;10;Омолаживающий барсучий эликсир;Маття-латте - 1 шт.;Фиточай с чабрецом - 4 пакетика;350;;;;;;;;;;;;;;;;;;;;;;;;;;;;;;;;;;;;;;;;;;;;;;
23.11.2021;2183;;8 240;completed;Liamwilliams88@yandex.ru;23.11.2021;11;3;3500.0;890.0;3500.0;;11;Омолаживающий барсучий эликсир;Фиточай с чабрецом - 4 пакетика;Омолаживающий барсучий эликсир;350;;;;;;;;;;;;;;;;;;;;;;;;;;;;;;;;;;;;;;;;;;;;;;
05.03.2021;4212;;3 125;completed;isabellalopez1993@gmail.com;05.03.2021;3;3;2000.0;800.0;325.0;;3;Омолаживающий барсучий эликсир;Фиточай с чабрецом - 4 пакетика;Маття-латте - 1 шт.;0;;;;;;;;;;;;;;;;;;;;;;;;;;;;;;;;;;;;;;;;;;;;;;
26.12.2021;3862;;4 950;completed;Emmasmith88@outlook.com;26.12.2021;12;2;;3500.0;1100.0;;12;Маття-латте - 1 шт.;Омолаживающий барсучий эликсир;Маття-латте - 5 шт.;350;;;;;;;;;;;;;;;;;;;;;;;;;;;;;;;;;;;;;;;;;;;;;;
15.02.2022;3363;;6 590;completed;Williamanderson88@yandex.ru;08.07.2021;7;3;800.0;4900.0;890.0;;14;Фиточай с чабрецом - 4 пакетика;Омолаживающий барсучий эликсир;Фиточай с чабрецом - 4 пакетика;0;;;;;;;;;;;;;;;;;;;;;;;;;;;;;;;;;;;;;;;;;;;;;;
25.04.2021;3998;;5 190;completed;Williambrown12@yahoo.com;25.04.2021;4;3;240.0;1100.0;3500.0;;4;Маття-латте - 1 шт.;Маття-латте - 5 шт.;Омолаживающий барсучий эликсир;350;;;;;;;;;;;;;;;;;;;;;;;;;;;;;;;;;;;;;;;;;;;;;;
14.08.2021;1363;;10 690;completed;Isabellamoore66@yandex.ru;22.06.2021;6;3;4900.0;890.0;4900.0;;8;Омолаживающий барсучий эликсир;Фиточай с чабрецом - 4 пакетика;Омолаживающий барсучий эликсир;0;;;;;;;;;;;;;;;;;;;;;;;;;;;;;;;;;;;;;;;;;;;;;;
29.01.2022;4087;;6 680;completed;isabellasmith0@gmail.com;25.03.2021;3;3;890.0;4900.0;890.0;;13;Фиточай с чабрецом - 4 пакетика;Омолаживающий барсучий эликсир;Фиточай с чабрецом - 4 пакетика;0;;;;;;;;;;;;;;;;;;;;;;;;;;;;;;;;;;;;;;;;;;;;;;
08.05.2021;2968;;5 940;returned;Williambrown0@outlook.com;08.05.2021;5;3;240.0;800.0;4900.0;;5;Маття-латте - 1 шт.;Фиточай с чабрецом - 4 пакетика;Омолаживающий барсучий эликсир;0;;;;;;;;;;;;;;;;;;;;;;;;;;;;;;;;;;;;;;;;;;;;;;
12.06.2021;3453;;2 487;completed;Oliverwilliams69@mail.ru;12.06.2021;6;2;587.0;1900.0;;;6;Фиточай с чабрецом - 4 пакетика;Маття-латте - 5 шт.;Маття-латте - 1 шт.;0;;;;;;;;;;;;;;;;;;;;;;;;;;;;;;;;;;;;;;;;;;;;;;
04.05.2021;3847;;5 500;completed;Sophiamartinez33@yahoo.com;04.05.2021;5;2;;3500.0;2000.0;;5;Маття-латте - 1 шт.;Омолаживающий барсучий эликсир;Омолаживающий барсучий эликсир;0;;;;;;;;;;;;;;;;;;;;;;;;;;;;;;;;;;;;;;;;;;;;;;
18.03.2021;1975;;3 850;completed;Sophiataylor69@yahoo.com;18.03.2021;3;1;;;3500.0;;3;Маття-латте - 1 шт.;Маття-латте - 1 шт.;Омолаживающий барсучий эликсир;350;;;;;;;;;;;;;;;;;;;;;;;;;;;;;;;;;;;;;;;;;;;;;;
21.08.2021;4230;;4 350;completed;Avasmith88@outlook.com;14.03.2021;3;2;2000.0;2000.0;;;8;Омолаживающий барсучий эликсир;Омолаживающий барсучий эликсир;Маття-латте - 1 шт.;350;;;;;;;;;;;;;;;;;;;;;;;;;;;;;;;;;;;;;;;;;;;;;;
29.01.2022;4006;;2 250;completed;Alexanderanderson1987@yahoo.com;10.05.2021;5;2;;1100.0;800.0;;13;Маття-латте - 1 шт.;Маття-латте - 5 шт.;Фиточай с чабрецом - 4 пакетика;350;;;;;;;;;;;;;;;;;;;;;;;;;;;;;;;;;;;;;;;;;;;;;;
01.12.2021;3238;;10 300;completed;Williamsmith88@mail.ru;01.12.2021;12;3;1900.0;4900.0;3500.0;;12;Маття-латте - 5 шт.;Омолаживающий барсучий эликсир;Омолаживающий барсучий эликсир;0;;;;;;;;;;;;;;;;;;;;;;;;;;;;;;;;;;;;;;;;;;;;;;
17.01.2022;3966;;5 550;completed;avajackson88@gmail.com;20.02.2021;2;3;325.0;325.0;4900.0;;13;Маття-латте - 1 шт.;Маття-латте - 1 шт.;Омолаживающий барсучий эликсир;0;;;;;;;;;;;;;;;;;;;;;;;;;;;;;;;;;;;;;;;;;;;;;;
19.08.2021;2288;;1 977;completed;Emmasmith1993@outlook.com;09.03.2021;3;3;240.0;800.0;587.0;;8;Маття-латте - 1 шт.;Фиточай с чабрецом - 4 пакетика;Фиточай с чабрецом - 4 пакетика;350;;;;;;;;;;;;;;;;;;;;;;;;;;;;;;;;;;;;;;;;;;;;;;
04.10.2021;1964;;9 150;completed;Liamanderson33@yandex.ru;04.10.2021;10;3;2000.0;4900.0;1900.0;;10;Омолаживающий барсучий эликсир;Омолаживающий барсучий эликсир;Маття-латте - 5 шт.;350;;;;;;;;;;;;;;;;;;;;;;;;;;;;;;;;;;;;;;;;;;;;;;
19.08.2021;1473;;8 990;completed;Liamanderson0@yahoo.com;19.08.2021;8;3;3500.0;4900.0;240.0;;8;Омолаживающий барсучий эликсир;Омолаживающий барсучий эликсир;Маття-латте - 1 шт.;350;;;;;;;;;;;;;;;;;;;;;;;;;;;;;;;;;;;;;;;;;;;;;;
25.10.2021;2919;;2 565;completed;Oliveranderson1987@mail.ru;25.10.2021;10;3;325.0;2000.0;240.0;;10;Маття-латте - 1 шт.;Омолаживающий барсучий эликсир;Маття-латте - 1 шт.;0;;;;;;;;;;;;;;;;;;;;;;;;;;;;;;;;;;;;;;;;;;;;;;
06.09.2021;4169;;2 277;completed;williamsmith1993@gmail.com;06.09.2021;9;3;587.0;1100.0;240.0;;9;Фиточай с чабрецом - 4 пакетика;Маття-латте - 5 шт.;Маття-латте - 1 шт.;350;;;;;;;;;;;;;;;;;;;;;;;;;;;;;;;;;;;;;;;;;;;;;;
31.12.2021;3634;;9 500;completed;Liamlopez0@yahoo.com;31.12.2021;12;3;4900.0;3500.0;1100.0;;12;Омолаживающий барсучий эликсир;Омолаживающий барсучий эликсир;Маття-латте - 5 шт.;0;;;;;;;;;;;;;;;;;;;;;;;;;;;;;;;;;;;;;;;;;;;;;;
03.12.2021;2201;;587;completed;Alexandersmith88@yahoo.com;03.12.2021;12;1;;;587.0;;12;Маття-латте - 1 шт.;Маття-латте - 1 шт.;Фиточай с чабрецом - 4 пакетика;0;;;;;;;;;;;;;;;;;;;;;;;;;;;;;;;;;;;;;;;;;;;;;;
20.02.2021;1872;;7 750;completed;Charlottesmith33@outlook.com;20.02.2021;2;3;2000.0;3500.0;1900.0;;2;Омолаживающий барсучий эликсир;Омолаживающий барсучий эликсир;Маття-латте - 5 шт.;350;;;;;;;;;;;;;;;;;;;;;;;;;;;;;;;;;;;;;;;;;;;;;;
24.01.2022;3945;;2 575;completed;alexanderbrown2007@gmail.com;29.03.2021;3;3;1100.0;325.0;800.0;;13;Маття-латте - 5 шт.;Маття-латте - 1 шт.;Фиточай с чабрецом - 4 пакетика;350;;;;;;;;;;;;;;;;;;;;;;;;;;;;;;;;;;;;;;;;;;;;;;
02.01.2022;3266;;1 802;completed;Sophiabrown0@outlook.com;24.08.2021;8;3;325.0;890.0;587.0;;13;Маття-латте - 1 шт.;Фиточай с чабрецом - 4 пакетика;Фиточай с чабрецом - 4 пакетика;0;;;;;;;;;;;;;;;;;;;;;;;;;;;;;;;;;;;;;;;;;;;;;;
12.09.2021;1542;;2 890;completed;alexanderjackson66@gmail.com;27.05.2021;5;2;2000.0;;890.0;;9;Омолаживающий барсучий эликсир;Маття-латте - 1 шт.;Фиточай с чабрецом - 4 пакетика;0;;;;;;;;;;;;;;;;;;;;;;;;;;;;;;;;;;;;;;;;;;;;;;
05.12.2021;2243;;6 087;returned;Lucasbrown12@mail.ru;05.12.2021;12;3;3500.0;587.0;2000.0;;12;Омолаживающий барсучий эликсир;Фиточай с чабрецом - 4 пакетика;Омолаживающий барсучий эликсир;0;;;;;;;;;;;;;;;;;;;;;;;;;;;;;;;;;;;;;;;;;;;;;;
02.06.2021;1461;;6 300;completed;Sophiasmith88@yahoo.com;02.06.2021;6;3;800.0;2000.0;3500.0;;6;Фиточай с чабрецом - 4 пакетика;Омолаживающий барсучий эликсир;Омолаживающий барсучий эликсир;0;;;;;;;;;;;;;;;;;;;;;;;;;;;;;;;;;;;;;;;;;;;;;;
19.11.2021;1855;;3 162;completed;Emmawilliams1987@mail.ru;01.03.2021;3;3;587.0;325.0;1900.0;;11;Фиточай с чабрецом - 4 пакетика;Маття-латте - 1 шт.;Маття-латте - 5 шт.;350;;;;;;;;;;;;;;;;;;;;;;;;;;;;;;;;;;;;;;;;;;;;;;
26.10.2021;2661;;1 130;completed;lucassmith0@gmail.com;26.10.2021;10;2;;240.0;890.0;;10;Маття-латте - 1 шт.;Маття-латте - 1 шт.;Фиточай с чабрецом - 4 пакетика;0;;;;;;;;;;;;;;;;;;;;;;;;;;;;;;;;;;;;;;;;;;;;;;
27.06.2021;3237;;9 350;completed;williamtaylor1987@gmail.com;26.04.2021;4;3;2000.0;3500.0;3500.0;;6;Омолаживающий барсучий эликсир;Омолаживающий барсучий эликсир;Омолаживающий барсучий эликсир;350;;;;;;;;;;;;;;;;;;;;;;;;;;;;;;;;;;;;;;;;;;;;;;
05.01.2022;3405;;7 575;completed;Oliversmith1993@yahoo.com;10.08.2021;8;3;4900.0;2000.0;325.0;;13;Омолаживающий барсучий эликсир;Омолаживающий барсучий эликсир;Маття-латте - 1 шт.;350;;;;;;;;;;;;;;;;;;;;;;;;;;;;;;;;;;;;;;;;;;;;;;
20.04.2021;3382;;9 337;completed;Charlottejackson88@yahoo.com;20.04.2021;4;3;4900.0;587.0;3500.0;;4;Омолаживающий барсучий эликсир;Фиточай с чабрецом - 4 пакетика;Омолаживающий барсучий эликсир;350;;;;;;;;;;;;;;;;;;;;;;;;;;;;;;;;;;;;;;;;;;;;;;
28.01.2022;3877;;4 837;completed;Lucasmoore2007@mail.ru;28.01.2022;13;3;587.0;1900.0;2000.0;;13;Фиточай с чабрецом - 4 пакетика;Маття-латте - 5 шт.;Омолаживающий барсучий эликсир;350;;;;;;;;;;;;;;;;;;;;;;;;;;;;;;;;;;;;;;;;;;;;;;
23.05.2021;2449;;7 400;returned;oliverwilliams88@gmail.com;03.05.2021;5;3;3500.0;1900.0;2000.0;;5;Омолаживающий барсучий эликсир;Маття-латте - 5 шт.;Омолаживающий барсучий эликсир;0;;;;;;;;;;;;;;;;;;;;;;;;;;;;;;;;;;;;;;;;;;;;;;
07.08.2021;1366;;3 737;completed;Alexanderwilliams1987@yandex.ru;07.08.2021;8;3;800.0;587.0;2000.0;;8;Фиточай с чабрецом - 4 пакетика;Фиточай с чабрецом - 4 пакетика;Омолаживающий барсучий эликсир;350;;;;;;;;;;;;;;;;;;;;;;;;;;;;;;;;;;;;;;;;;;;;;;
13.06.2021;3789;;2 837;completed;Alexanderanderson0@mail.ru;13.06.2021;6;3;1100.0;587.0;800.0;;6;Маття-латте - 5 шт.;Фиточай с чабрецом - 4 пакетика;Фиточай с чабрецом - 4 пакетика;350;;;;;;;;;;;;;;;;;;;;;;;;;;;;;;;;;;;;;;;;;;;;;;
27.07.2021;1239;;2 665;completed;charlottethomas1993@gmail.com;27.07.2021;7;3;325.0;890.0;1100.0;;7;Маття-латте - 1 шт.;Фиточай с чабрецом - 4 пакетика;Маття-латте - 5 шт.;350;;;;;;;;;;;;;;;;;;;;;;;;;;;;;;;;;;;;;;;;;;;;;;
05.06.2021;1527;;4 150;completed;Liamwilliams2007@yandex.ru;05.06.2021;6;3;800.0;1900.0;1100.0;;6;Фиточай с чабрецом - 4 пакетика;Маття-латте - 5 шт.;Маття-латте - 5 шт.;350;;;;;;;;;;;;;;;;;;;;;;;;;;;;;;;;;;;;;;;;;;;;;;
09.08.2021;3782;;1 950;completed;Emmabrown1987@yandex.ru;22.07.2021;7;2;800.0;;800.0;;8;Фиточай с чабрецом - 4 пакетика;Маття-латте - 1 шт.;Фиточай с чабрецом - 4 пакетика;350;;;;;;;;;;;;;;;;;;;;;;;;;;;;;;;;;;;;;;;;;;;;;;
28.05.2021;3788;;5 800;completed;Oliverthomas12@yahoo.com;28.05.2021;5;3;2000.0;1900.0;1900.0;;5;Омолаживающий барсучий эликсир;Маття-латте - 5 шт.;Маття-латте - 5 шт.;0;;;;;;;;;;;;;;;;;;;;;;;;;;;;;;;;;;;;;;;;;;;;;;
06.01.2022;3477;;9 500;completed;alexandersmith1987@gmail.com;29.06.2021;6;3;4900.0;3500.0;1100.0;;13;Омолаживающий барсучий эликсир;Омолаживающий барсучий эликсир;Маття-латте - 5 шт.;0;;;;;;;;;;;;;;;;;;;;;;;;;;;;;;;;;;;;;;;;;;;;;;
08.07.2021;3202;;1 712;completed;Sophiasmith0@yandex.ru;08.07.2021;7;3;800.0;587.0;325.0;;7;Фиточай с чабрецом - 4 пакетика;Фиточай с чабрецом - 4 пакетика;Маття-латте - 1 шт.;0;;;;;;;;;;;;;;;;;;;;;;;;;;;;;;;;;;;;;;;;;;;;;;
15.01.2022;4173;;5 100;completed;Lucassmith66@yandex.ru;27.03.2021;3;3;800.0;3500.0;800.0;;13;Фиточай с чабрецом - 4 пакетика;Омолаживающий барсучий эликсир;Фиточай с чабрецом - 4 пакетика;0;;;;;;;;;;;;;;;;;;;;;;;;;;;;;;;;;;;;;;;;;;;;;;
10.11.2021;2412;;1 387;completed;Sophiasmith69@yandex.ru;10.11.2021;11;2;;587.0;800.0;;11;Маття-латте - 1 шт.;Фиточай с чабрецом - 4 пакетика;Фиточай с чабрецом - 4 пакетика;0;;;;;;;;;;;;;;;;;;;;;;;;;;;;;;;;;;;;;;;;;;;;;;
14.06.2021;3125;;2 587;completed;charlottelopez33@gmail.com;14.06.2021;6;2;2000.0;;587.0;;6;Омолаживающий барсучий эликсир;Маття-латте - 1 шт.;Фиточай с чабрецом - 4 пакетика;0;;;;;;;;;;;;;;;;;;;;;;;;;;;;;;;;;;;;;;;;;;;;;;
16.05.2021;3027;;2 064;completed;Williammartinez2007@yahoo.com;16.05.2021;5;3;890.0;587.0;587.0;;5;Фиточай с чабрецом - 4 пакетика;Фиточай с чабрецом - 4 пакетика;Фиточай с чабрецом - 4 пакетика;0;;;;;;;;;;;;;;;;;;;;;;;;;;;;;;;;;;;;;;;;;;;;;;
04.02.2022;2063;;2 274;completed;Charlottelopez33@mail.ru;14.07.2021;7;3;587.0;1100.0;587.0;;14;Фиточай с чабрецом - 4 пакетика;Маття-латте - 5 шт.;Фиточай с чабрецом - 4 пакетика;0;;;;;;;;;;;;;;;;;;;;;;;;;;;;;;;;;;;;;;;;;;;;;;
26.05.2021;4230;;2 915;completed;Avasmith88@outlook.com;14.03.2021;3;3;325.0;240.0;2000.0;;5;Маття-латте - 1 шт.;Маття-латте - 1 шт.;Омолаживающий барсучий эликсир;350;;;;;;;;;;;;;;;;;;;;;;;;;;;;;;;;;;;;;;;;;;;;;;
15.03.2021;1325;;1 690;completed;liamsmith0@gmail.com;15.03.2021;3;2;;800.0;890.0;;3;Маття-латте - 1 шт.;Фиточай с чабрецом - 4 пакетика;Фиточай с чабрецом - 4 пакетика;0;;;;;;;;;;;;;;;;;;;;;;;;;;;;;;;;;;;;;;;;;;;;;;
17.02.2021;3821;;2 225;completed;Avajackson88@mail.ru;17.02.2021;2;3;800.0;325.0;1100.0;;2;Фиточай с чабрецом - 4 пакетика;Маття-латте - 1 шт.;Маття-латте - 5 шт.;0;;;;;;;;;;;;;;;;;;;;;;;;;;;;;;;;;;;;;;;;;;;;;;
24.08.2021;3161;;3 500;completed;Alexanderwilliams12@mail.ru;24.08.2021;8;3;1900.0;800.0;800.0;;8;Маття-латте - 5 шт.;Фиточай с чабрецом - 4 пакетика;Фиточай с чабрецом - 4 пакетика;0;;;;;;;;;;;;;;;;;;;;;;;;;;;;;;;;;;;;;;;;;;;;;;
01.09.2021;2181;;2 565;completed;liamsmith1987@gmail.com;01.09.2021;9;3;240.0;325.0;2000.0;;9;Маття-латте - 1 шт.;Маття-латте - 1 шт.;Омолаживающий барсучий эликсир;0;;;;;;;;;;;;;;;;;;;;;;;;;;;;;;;;;;;;;;;;;;;;;;
19.05.2021;2332;;1 712;completed;Williammartinez2007@outlook.com;19.05.2021;5;3;800.0;325.0;587.0;;5;Фиточай с чабрецом - 4 пакетика;Маття-латте - 1 шт.;Фиточай с чабрецом - 4 пакетика;0;;;;;;;;;;;;;;;;;;;;;;;;;;;;;;;;;;;;;;;;;;;;;;
20.05.2021;2022;;7 475;returned;Sophiabrown12@yahoo.com;18.04.2021;4;3;325.0;1900.0;4900.0;;5;Маття-латте - 1 шт.;Маття-латте - 5 шт.;Омолаживающий барсучий эликсир;350;;;;;;;;;;;;;;;;;;;;;;;;;;;;;;;;;;;;;;;;;;;;;;
25.11.2021;1995;;5 050;completed;liammartinez0@gmail.com;20.06.2021;6;3;1900.0;2000.0;800.0;;11;Маття-латте - 5 шт.;Омолаживающий барсучий эликсир;Фиточай с чабрецом - 4 пакетика;350;;;;;;;;;;;;;;;;;;;;;;;;;;;;;;;;;;;;;;;;;;;;;;
11.10.2021;4155;;2 580;returned;Sophiamoore13@outlook.com;13.05.2021;5;3;890.0;890.0;800.0;;10;Фиточай с чабрецом - 4 пакетика;Фиточай с чабрецом - 4 пакетика;Фиточай с чабрецом - 4 пакетика;0;;;;;;;;;;;;;;;;;;;;;;;;;;;;;;;;;;;;;;;;;;;;;;
16.02.2022;4183;;9 500;returned;Lucaswilliams12@yandex.ru;31.03.2021;3;3;1100.0;3500.0;4900.0;;14;Маття-латте - 5 шт.;Омолаживающий барсучий эликсир;Омолаживающий барсучий эликсир;0;;;;;;;;;;;;;;;;;;;;;;;;;;;;;;;;;;;;;;;;;;;;;;
22.04.2021;3997;;4 412;completed;Charlottethomas0@outlook.com;23.03.2021;3;3;325.0;587.0;3500.0;;4;Маття-латте - 1 шт.;Фиточай с чабрецом - 4 пакетика;Омолаживающий барсучий эликсир;0;;;;;;;;;;;;;;;;;;;;;;;;;;;;;;;;;;;;;;;;;;;;;;
14.05.2021;2174;;800;completed;Alexandertaylor2007@mail.ru;14.05.2021;5;1;800.0;;;;5;Фиточай с чабрецом - 4 пакетика;Маття-латте - 1 шт.;Маття-латте - 1 шт.;0;;;;;;;;;;;;;;;;;;;;;;;;;;;;;;;;;;;;;;;;;;;;;;
16.09.2021;1655;;3 325;returned;Charlottemartinez2007@yandex.ru;30.08.2021;8;3;1900.0;1100.0;325.0;;9;Маття-латте - 5 шт.;Маття-латте - 5 шт.;Маття-латте - 1 шт.;0;;;;;;;;;;;;;;;;;;;;;;;;;;;;;;;;;;;;;;;;;;;;;;
09.11.2021;3197;;11 800;completed;Olivermartinez2007@mail.ru;16.02.2021;2;3;2000.0;4900.0;4900.0;;11;Омолаживающий барсучий эликсир;Омолаживающий барсучий эликсир;Омолаживающий барсучий эликсир;0;;;;;;;;;;;;;;;;;;;;;;;;;;;;;;;;;;;;;;;;;;;;;;
03.01.2022;3737;;3 390;completed;Liamsmith88@mail.ru;03.01.2022;13;3;800.0;240.0;2000.0;;13;Фиточай с чабрецом - 4 пакетика;Маття-латте - 1 шт.;Омолаживающий барсучий эликсир;350;;;;;;;;;;;;;;;;;;;;;;;;;;;;;;;;;;;;;;;;;;;;;;
06.11.2021;3670;;3 477;completed;Sophiataylor1987@mail.ru;22.07.2021;7;3;2000.0;587.0;890.0;;11;Омолаживающий барсучий эликсир;Фиточай с чабрецом - 4 пакетика;Фиточай с чабрецом - 4 пакетика;0;;;;;;;;;;;;;;;;;;;;;;;;;;;;;;;;;;;;;;;;;;;;;;
15.07.2021;2269;;1 802;completed;Williamlopez12@mail.ru;15.07.2021;7;3;587.0;890.0;325.0;;7;Фиточай с чабрецом - 4 пакетика;Фиточай с чабрецом - 4 пакетика;Маття-латте - 1 шт.;0;;;;;;;;;;;;;;;;;;;;;;;;;;;;;;;;;;;;;;;;;;;;;;
28.02.2021;4072;;9 200;completed;Liamanderson88@yandex.ru;28.02.2021;2;3;4900.0;800.0;3500.0;;2;Омолаживающий барсучий эликсир;Фиточай с чабрецом - 4 пакетика;Омолаживающий барсучий эликсир;0;;;;;;;;;;;;;;;;;;;;;;;;;;;;;;;;;;;;;;;;;;;;;;
04.07.2021;1451;;5 700;completed;isabellamartinez1993@gmail.com;04.07.2021;7;3;1100.0;3500.0;1100.0;;7;Маття-латте - 5 шт.;Омолаживающий барсучий эликсир;Маття-латте - 5 шт.;0;;;;;;;;;;;;;;;;;;;;;;;;;;;;;;;;;;;;;;;;;;;;;;
22.08.2021;3182;;5 987;completed;Emmabrown0@yandex.ru;16.03.2021;3;3;587.0;3500.0;1900.0;;8;Фиточай с чабрецом - 4 пакетика;Омолаживающий барсучий эликсир;Маття-латте - 5 шт.;0;;;;;;;;;;;;;;;;;;;;;;;;;;;;;;;;;;;;;;;;;;;;;;
13.08.2021;3050;;2 650;completed;Charlottemoore13@yahoo.com;20.02.2021;2;3;2000.0;325.0;325.0;;8;Омолаживающий барсучий эликсир;Маття-латте - 1 шт.;Маття-латте - 1 шт.;0;;;;;;;;;;;;;;;;;;;;;;;;;;;;;;;;;;;;;;;;;;;;;;
01.10.2021;2240;;3 150;completed;Williammoore12@mail.ru;16.04.2021;4;2;800.0;2000.0;;;10;Фиточай с чабрецом - 4 пакетика;Омолаживающий барсучий эликсир;Маття-латте - 1 шт.;350;;;;;;;;;;;;;;;;;;;;;;;;;;;;;;;;;;;;;;;;;;;;;;
14.03.2021;4069;;800;completed;Williammoore12@mail.ru;14.03.2021;3;1;;;800.0;;3;Маття-латте - 1 шт.;Маття-латте - 1 шт.;Фиточай с чабрецом - 4 пакетика;0;;;;;;;;;;;;;;;;;;;;;;;;;;;;;;;;;;;;;;;;;;;;;;
14.04.2021;1620;;6 337;completed;Isabellaanderson69@mail.ru;14.04.2021;4;3;587.0;3500.0;1900.0;;4;Фиточай с чабрецом - 4 пакетика;Омолаживающий барсучий эликсир;Маття-латте - 5 шт.;350;;;;;;;;;;;;;;;;;;;;;;;;;;;;;;;;;;;;;;;;;;;;;;
06.03.2021;2485;;1 775;completed;Alexanderjackson1987@outlook.com;06.03.2021;3;2;1100.0;;325.0;;3;Маття-латте - 5 шт.;Маття-латте - 1 шт.;Маття-латте - 1 шт.;350;;;;;;;;;;;;;;;;;;;;;;;;;;;;;;;;;;;;;;;;;;;;;;
27.08.2021;3971;;2 880;completed;Sophiamartinez66@outlook.com;27.08.2021;8;3;1100.0;890.0;890.0;;8;Маття-латте - 5 шт.;Фиточай с чабрецом - 4 пакетика;Фиточай с чабрецом - 4 пакетика;0;;;;;;;;;;;;;;;;;;;;;;;;;;;;;;;;;;;;;;;;;;;;;;
31.01.2022;3970;;10 400;returned;emmabrown69@gmail.com;25.08.2021;8;3;4900.0;2000.0;3500.0;;13;Омолаживающий барсучий эликсир;Омолаживающий барсучий эликсир;Омолаживающий барсучий эликсир;0;;;;;;;;;;;;;;;;;;;;;;;;;;;;;;;;;;;;;;;;;;;;;;
06.03.2021;2027;;6 087;completed;Liamanderson0@yahoo.com;06.03.2021;3;3;587.0;2000.0;3500.0;;3;Фиточай с чабрецом - 4 пакетика;Омолаживающий барсучий эликсир;Омолаживающий барсучий эликсир;0;;;;;;;;;;;;;;;;;;;;;;;;;;;;;;;;;;;;;;;;;;;;;;
24.01.2022;3323;;4 412;returned;Isabellataylor1993@outlook.com;29.03.2021;3;3;3500.0;587.0;325.0;;13;Омолаживающий барсучий эликсир;Фиточай с чабрецом - 4 пакетика;Маття-латте - 1 шт.;0;;;;;;;;;;;;;;;;;;;;;;;;;;;;;;;;;;;;;;;;;;;;;;
26.04.2021;3237;;1150;completed;williamtaylor1987@gmail.com;26.04.2021;4;1;;;800.0;;4;Маття-латте - 1 шт.;Маття-латте - 1 шт.;Фиточай с чабрецом - 4 пакетика;350;;;;;;;;;;;;;;;;;;;;;;;;;;;;;;;;;;;;;;;;;;;;;;
09.06.2021;3969;;7 300;completed;Williamtaylor13@yahoo.com;09.06.2021;6;3;1900.0;3500.0;1900.0;;6;Маття-латте - 5 шт.;Омолаживающий барсучий эликсир;Маття-латте - 5 шт.;0;;;;;;;;;;;;;;;;;;;;;;;;;;;;;;;;;;;;;;;;;;;;;;
03.02.2022;2953;;4 715;completed;Oliverlopez66@yandex.ru;25.04.2021;4;3;3500.0;890.0;325.0;;14;Омолаживающий барсучий эликсир;Фиточай с чабрецом - 4 пакетика;Маття-латте - 1 шт.;0;;;;;;;;;;;;;;;;;;;;;;;;;;;;;;;;;;;;;;;;;;;;;;
22.09.2021;2250;;1 930;completed;avamoore66@gmail.com;22.09.2021;9;3;890.0;800.0;240.0;;9;Фиточай с чабрецом - 4 пакетика;Фиточай с чабрецом - 4 пакетика;Маття-латте - 1 шт.;0;;;;;;;;;;;;;;;;;;;;;;;;;;;;;;;;;;;;;;;;;;;;;;
13.07.2021;3916;;3 240;completed;Sophiamartinez12@mail.ru;11.07.2021;7;2;2000.0;;890.0;;7;Омолаживающий барсучий эликсир;Маття-латте - 1 шт.;Фиточай с чабрецом - 4 пакетика;350;;;;;;;;;;;;;;;;;;;;;;;;;;;;;;;;;;;;;;;;;;;;;;
14.04.2021;2015;;2 665;completed;Isabellasmith13@mail.ru;14.04.2021;4;3;890.0;325.0;1100.0;;4;Фиточай с чабрецом - 4 пакетика;Маття-латте - 1 шт.;Маття-латте - 5 шт.;350;;;;;;;;;;;;;;;;;;;;;;;;;;;;;;;;;;;;;;;;;;;;;;
26.03.2021;1273;;4 087;completed;Lucassmith1987@yahoo.com;26.03.2021;3;2;;3500.0;587.0;;3;Маття-латте - 1 шт.;Омолаживающий барсучий эликсир;Фиточай с чабрецом - 4 пакетика;0;;;;;;;;;;;;;;;;;;;;;;;;;;;;;;;;;;;;;;;;;;;;;;
05.12.2021;3205;;5 327;completed;Charlottetaylor2007@mail.ru;30.10.2021;10;3;3500.0;890.0;587.0;;12;Омолаживающий барсучий эликсир;Фиточай с чабрецом - 4 пакетика;Фиточай с чабрецом - 4 пакетика;350;;;;;;;;;;;;;;;;;;;;;;;;;;;;;;;;;;;;;;;;;;;;;;
07.02.2022;4100;;2 040;completed;Sophiataylor0@yahoo.com;07.02.2022;14;2;800.0;;890.0;;14;Фиточай с чабрецом - 4 пакетика;Маття-латте - 1 шт.;Фиточай с чабрецом - 4 пакетика;350;;;;;;;;;;;;;;;;;;;;;;;;;;;;;;;;;;;;;;;;;;;;;;
01.04.2021;2029;;4 040;completed;Emmataylor33@mail.ru;01.04.2021;4;3;2000.0;800.0;890.0;;4;Омолаживающий барсучий эликсир;Фиточай с чабрецом - 4 пакетика;Фиточай с чабрецом - 4 пакетика;350;;;;;;;;;;;;;;;;;;;;;;;;;;;;;;;;;;;;;;;;;;;;;;
30.09.2021;2815;;7 387;completed;Isabellabrown0@outlook.com;17.02.2021;2;3;1900.0;587.0;4900.0;;9;Маття-латте - 5 шт.;Фиточай с чабрецом - 4 пакетика;Омолаживающий барсучий эликсир;0;;;;;;;;;;;;;;;;;;;;;;;;;;;;;;;;;;;;;;;;;;;;;;
20.02.2021;3054;;4 490;completed;Sophiajackson2007@mail.ru;20.02.2021;2;3;240.0;1900.0;2000.0;;2;Маття-латте - 1 шт.;Маття-латте - 5 шт.;Омолаживающий барсучий эликсир;350;;;;;;;;;;;;;;;;;;;;;;;;;;;;;;;;;;;;;;;;;;;;;;
15.03.2021;3508;;7 000;completed;Sophiaanderson12@outlook.com;15.03.2021;3;2;3500.0;3500.0;;;3;Омолаживающий барсучий эликсир;Омолаживающий барсучий эликсир;Маття-латте - 1 шт.;0;;;;;;;;;;;;;;;;;;;;;;;;;;;;;;;;;;;;;;;;;;;;;;
05.04.2021;1870;;4 540;completed;lucasthomas0@gmail.com;05.04.2021;4;3;3500.0;800.0;240.0;;4;Омолаживающий барсучий эликсир;Фиточай с чабрецом - 4 пакетика;Маття-латте - 1 шт.;0;;;;;;;;;;;;;;;;;;;;;;;;;;;;;;;;;;;;;;;;;;;;;;
20.08.2021;1804;;8 050;completed;Avataylor1987@gmail.com;20.08.2021;8;3;800.0;4900.0;2000.0;;8;Фиточай с чабрецом - 4 пакетика;Омолаживающий барсучий эликсир;Омолаживающий барсучий эликсир;350;;;;;;;;;;;;;;;;;;;;;;;;;;;;;;;;;;;;;;;;;;;;;;
12.11.2021;2294;;1 425;completed;Williamjackson69@yandex.ru;21.06.2021;6;2;;1100.0;325.0;;11;Маття-латте - 1 шт.;Маття-латте - 5 шт.;Маття-латте - 1 шт.;0;;;;;;;;;;;;;;;;;;;;;;;;;;;;;;;;;;;;;;;;;;;;;;
13.08.2021;2938;;2 325;completed;Isabellaanderson1993@outlook.com;03.05.2021;5;2;325.0;;2000.0;;8;Маття-латте - 1 шт.;Маття-латте - 1 шт.;Омолаживающий барсучий эликсир;0;;;;;;;;;;;;;;;;;;;;;;;;;;;;;;;;;;;;;;;;;;;;;;
06.11.2021;2607;;8 800;completed;Avamartinez12@mail.ru;01.08.2021;8;3;4900.0;2000.0;1900.0;;11;Омолаживающий барсучий эликсир;Омолаживающий барсучий эликсир;Маття-латте - 5 шт.;0;;;;;;;;;;;;;;;;;;;;;;;;;;;;;;;;;;;;;;;;;;;;;;
06.01.2022;2239;;4 937;completed;Avalopez33@outlook.com;08.09.2021;9;3;2000.0;587.0;2000.0;;13;Омолаживающий барсучий эликсир;Фиточай с чабрецом - 4 пакетика;Омолаживающий барсучий эликсир;350;;;;;;;;;;;;;;;;;;;;;;;;;;;;;;;;;;;;;;;;;;;;;;
18.10.2021;2593;;2 577;completed;Isabellasmith0@yandex.ru;29.06.2021;6;3;587.0;1100.0;890.0;;10;Фиточай с чабрецом - 4 пакетика;Маття-латте - 5 шт.;Фиточай с чабрецом - 4 пакетика;0;;;;;;;;;;;;;;;;;;;;;;;;;;;;;;;;;;;;;;;;;;;;;;
09.11.2021;2546;;6 465;completed;Emmamoore1987@yandex.ru;09.11.2021;11;3;890.0;325.0;4900.0;;11;Фиточай с чабрецом - 4 пакетика;Маття-латте - 1 шт.;Омолаживающий барсучий эликсир;350;;;;;;;;;;;;;;;;;;;;;;;;;;;;;;;;;;;;;;;;;;;;;;
18.09.2021;4011;;3 140;completed;Charlottethomas69@yahoo.com;02.03.2021;3;3;1100.0;800.0;890.0;;9;Маття-латте - 5 шт.;Фиточай с чабрецом - 4 пакетика;Фиточай с чабрецом - 4 пакетика;350;;;;;;;;;;;;;;;;;;;;;;;;;;;;;;;;;;;;;;;;;;;;;;
27.03.2021;1611;;6 437;returned;olivermartinez2007@gmail.com;27.03.2021;3;3;3500.0;2000.0;587.0;;3;Омолаживающий барсучий эликсир;Омолаживающий барсучий эликсир;Фиточай с чабрецом - 4 пакетика;350;;;;;;;;;;;;;;;;;;;;;;;;;;;;;;;;;;;;;;;;;;;;;;
13.02.2022;3114;;1 100;returned;isabellathomas66@gmail.com;05.08.2021;8;1;;1100.0;;;14;Маття-латте - 1 шт.;Маття-латте - 5 шт.;Маття-латте - 1 шт.;0;;;;;;;;;;;;;;;;;;;;;;;;;;;;;;;;;;;;;;;;;;;;;;
04.01.2022;2397;;1 475;completed;Lucasanderson66@yandex.ru;04.01.2022;13;2;325.0;800.0;;;13;Маття-латте - 1 шт.;Фиточай с чабрецом - 4 пакетика;Маття-латте - 1 шт.;350;;;;;;;;;;;;;;;;;;;;;;;;;;;;;;;;;;;;;;;;;;;;;;
25.07.2021;2555;;0;completed;Williamtaylor0@outlook.com;25.07.2021;7;0;;;;;7;Маття-латте - 1 шт.;Маття-латте - 1 шт.;Маття-латте - 1 шт.;0;;;;;;;;;;;;;;;;;;;;;;;;;;;;;;;;;;;;;;;;;;;;;;
07.11.2021;4166;;10 650;completed;Sophiabrown66@gmail.com;06.03.2021;3;3;1900.0;3500.0;4900.0;;11;Маття-латте - 5 шт.;Омолаживающий барсучий эликсир;Омолаживающий барсучий эликсир;350;;;;;;;;;;;;;;;;;;;;;;;;;;;;;;;;;;;;;;;;;;;;;;
28.10.2021;3875;;1 130;returned;Alexanderanderson33@mail.ru;19.03.2021;3;2;240.0;890.0;;;10;Маття-латте - 1 шт.;Фиточай с чабрецом - 4 пакетика;Маття-латте - 1 шт.;0;;;;;;;;;;;;;;;;;;;;;;;;;;;;;;;;;;;;;;;;;;;;;;
27.04.2021;3282;;3 890;completed;Charlotteanderson66@gmail.com;27.04.2021;4;3;1100.0;1900.0;890.0;;4;Маття-латте - 5 шт.;Маття-латте - 5 шт.;Фиточай с чабрецом - 4 пакетика;0;;;;;;;;;;;;;;;;;;;;;;;;;;;;;;;;;;;;;;;;;;;;;;
09.03.2021;4152;;3 390;completed;Liamlopez66@yandex.ru;09.03.2021;3;3;240.0;2000.0;800.0;;3;Маття-латте - 1 шт.;Омолаживающий барсучий эликсир;Фиточай с чабрецом - 4 пакетика;350;;;;;;;;;;;;;;;;;;;;;;;;;;;;;;;;;;;;;;;;;;;;;;
06.08.2021;3930;;10 650;completed;Avabrown0@yandex.ru;06.08.2021;8;3;4900.0;1900.0;3500.0;;8;Омолаживающий барсучий эликсир;Маття-латте - 5 шт.;Омолаживающий барсучий эликсир;350;;;;;;;;;;;;;;;;;;;;;;;;;;;;;;;;;;;;;;;;;;;;;;
26.06.2021;2760;;3 687;completed;Charlottewilliams0@yandex.ru;26.06.2021;6;3;2000.0;587.0;1100.0;;6;Омолаживающий барсучий эликсир;Фиточай с чабрецом - 4 пакетика;Маття-латте - 5 шт.;0;;;;;;;;;;;;;;;;;;;;;;;;;;;;;;;;;;;;;;;;;;;;;;
03.02.2022;4122;;827;completed;Lucaswilliams33@mail.ru;23.03.2021;3;2;587.0;;240.0;;14;Фиточай с чабрецом - 4 пакетика;Маття-латте - 1 шт.;Маття-латте - 1 шт.;0;;;;;;;;;;;;;;;;;;;;;;;;;;;;;;;;;;;;;;;;;;;;;;
29.03.2021;1388;;9 640;completed;lucasjackson88@gmail.com;29.03.2021;3;3;4900.0;890.0;3500.0;;3;Омолаживающий барсучий эликсир;Фиточай с чабрецом - 4 пакетика;Омолаживающий барсучий эликсир;350;;;;;;;;;;;;;;;;;;;;;;;;;;;;;;;;;;;;;;;;;;;;;;
22.08.2021;2166;;4 800;completed;Sophiaanderson1993@yandex.ru;23.04.2021;4;3;2000.0;2000.0;800.0;;8;Омолаживающий барсучий эликсир;Омолаживающий барсучий эликсир;Фиточай с чабрецом - 4 пакетика;0;;;;;;;;;;;;;;;;;;;;;;;;;;;;;;;;;;;;;;;;;;;;;;
14.07.2021;2256;;3 090;completed;Avasmith0@yandex.ru;14.07.2021;7;3;890.0;1100.0;1100.0;;7;Фиточай с чабрецом - 4 пакетика;Маття-латте - 5 шт.;Маття-латте - 5 шт.;0;;;;;;;;;;;;;;;;;;;;;;;;;;;;;;;;;;;;;;;;;;;;;;
02.03.2021;3505;;6 637;completed;Isabellamartinez1987@mail.ru;02.03.2021;3;3;587.0;800.0;4900.0;;3;Фиточай с чабрецом - 4 пакетика;Фиточай с чабрецом - 4 пакетика;Омолаживающий барсучий эликсир;350;;;;;;;;;;;;;;;;;;;;;;;;;;;;;;;;;;;;;;;;;;;;;;
11.02.2022;2177;;1 687;completed;Liamtaylor0@yahoo.com;02.10.2021;10;2;;1100.0;587.0;;14;Маття-латте - 1 шт.;Маття-латте - 5 шт.;Фиточай с чабрецом - 4 пакетика;0;;;;;;;;;;;;;;;;;;;;;;;;;;;;;;;;;;;;;;;;;;;;;;
07.01.2022;1636;;2 815;completed;Alexanderjackson13@mail.ru;07.01.2022;13;3;1900.0;240.0;325.0;;13;Маття-латте - 5 шт.;Маття-латте - 1 шт.;Маття-латте - 1 шт.;350;;;;;;;;;;;;;;;;;;;;;;;;;;;;;;;;;;;;;;;;;;;;;;
01.10.2021;2536;;2 480;returned;Lucassmith1993@yahoo.com;17.02.2021;2;3;2000.0;240.0;240.0;;10;Омолаживающий барсучий эликсир;Маття-латте - 1 шт.;Маття-латте - 1 шт.;0;;;;;;;;;;;;;;;;;;;;;;;;;;;;;;;;;;;;;;;;;;;;;;
23.05.2021;3965;;3 290;completed;isabellamoore0@gmail.com;23.05.2021;5;3;240.0;800.0;1900.0;;5;Маття-латте - 1 шт.;Фиточай с чабрецом - 4 пакетика;Маття-латте - 5 шт.;350;;;;;;;;;;;;;;;;;;;;;;;;;;;;;;;;;;;;;;;;;;;;;;
06.11.2021;2456;;2 370;completed;Charlottebrown66@outlook.com;06.11.2021;11;3;890.0;890.0;240.0;;11;Фиточай с чабрецом - 4 пакетика;Фиточай с чабрецом - 4 пакетика;Маття-латте - 1 шт.;350;;;;;;;;;;;;;;;;;;;;;;;;;;;;;;;;;;;;;;;;;;;;;;
09.11.2021;4190;;4 975;completed;Alexanderjackson66@yahoo.com;16.06.2021;6;3;3500.0;325.0;800.0;;11;Омолаживающий барсучий эликсир;Маття-латте - 1 шт.;Фиточай с чабрецом - 4 пакетика;350;;;;;;;;;;;;;;;;;;;;;;;;;;;;;;;;;;;;;;;;;;;;;;
30.03.2021;2203;;5 190;completed;Alexanderwilliams1993@mail.ru;30.03.2021;3;3;3500.0;800.0;890.0;;3;Омолаживающий барсучий эликсир;Фиточай с чабрецом - 4 пакетика;Фиточай с чабрецом - 4 пакетика;0;;;;;;;;;;;;;;;;;;;;;;;;;;;;;;;;;;;;;;;;;;;;;;
14.09.2021;3458;;1 687;completed;Alexanderbrown33@yandex.ru;14.09.2021;9;2;;1100.0;587.0;;9;Маття-латте - 1 шт.;Маття-латте - 5 шт.;Фиточай с чабрецом - 4 пакетика;0;;;;;;;;;;;;;;;;;;;;;;;;;;;;;;;;;;;;;;;;;;;;;;
17.02.2021;1887;;6 940;completed;Olivermoore0@outlook.com;17.02.2021;2;3;800.0;890.0;4900.0;;2;Фиточай с чабрецом - 4 пакетика;Фиточай с чабрецом - 4 пакетика;Омолаживающий барсучий эликсир;350;;;;;;;;;;;;;;;;;;;;;;;;;;;;;;;;;;;;;;;;;;;;;;
28.03.2021;1591;;6 087;returned;Liammartinez1993@outlook.com;05.03.2021;3;3;2000.0;3500.0;587.0;;3;Омолаживающий барсучий эликсир;Омолаживающий барсучий эликсир;Фиточай с чабрецом - 4 пакетика;0;;;;;;;;;;;;;;;;;;;;;;;;;;;;;;;;;;;;;;;;;;;;;;
27.01.2022;3697;;1 712;returned;Oliverbrown33@yahoo.com;23.09.2021;9;3;800.0;587.0;325.0;;13;Фиточай с чабрецом - 4 пакетика;Фиточай с чабрецом - 4 пакетика;Маття-латте - 1 шт.;0;;;;;;;;;;;;;;;;;;;;;;;;;;;;;;;;;;;;;;;;;;;;;;
21.02.2021;2292;;6 377;completed;Oliverwilliams13@outlook.com;21.02.2021;2;3;4900.0;587.0;890.0;;2;Омолаживающий барсучий эликсир;Фиточай с чабрецом - 4 пакетика;Фиточай с чабрецом - 4 пакетика;0;;;;;;;;;;;;;;;;;;;;;;;;;;;;;;;;;;;;;;;;;;;;;;
28.11.2021;3448;;5 140;completed;emmamoore2007@gmail.com;03.04.2021;4;2;4900.0;240.0;;;11;Омолаживающий барсучий эликсир;Маття-латте - 1 шт.;Маття-латте - 1 шт.;0;;;;;;;;;;;;;;;;;;;;;;;;;;;;;;;;;;;;;;;;;;;;;;
21.09.2021;2345;;6 890;completed;Williamjackson88@gmail.com;24.06.2021;6;3;4900.0;1100.0;890.0;;9;Омолаживающий барсучий эликсир;Маття-латте - 5 шт.;Фиточай с чабрецом - 4 пакетика;0;;;;;;;;;;;;;;;;;;;;;;;;;;;;;;;;;;;;;;;;;;;;;;
24.02.2021;2252;;4 890;completed;Lucasmoore0@gmail.com;24.02.2021;2;3;3500.0;800.0;240.0;;2;Омолаживающий барсучий эликсир;Фиточай с чабрецом - 4 пакетика;Маття-латте - 1 шт.;350;;;;;;;;;;;;;;;;;;;;;;;;;;;;;;;;;;;;;;;;;;;;;;
30.12.2021;2301;;6 727;completed;Charlottelopez1993@outlook.com;15.07.2021;7;3;890.0;587.0;4900.0;;12;Фиточай с чабрецом - 4 пакетика;Фиточай с чабрецом - 4 пакетика;Омолаживающий барсучий эликсир;350;;;;;;;;;;;;;;;;;;;;;;;;;;;;;;;;;;;;;;;;;;;;;;
06.05.2021;3278;;3 030;completed;Isabellabrown2007@outlook.com;06.05.2021;5;3;890.0;240.0;1900.0;;5;Фиточай с чабрецом - 4 пакетика;Маття-латте - 1 шт.;Маття-латте - 5 шт.;0;;;;;;;;;;;;;;;;;;;;;;;;;;;;;;;;;;;;;;;;;;;;;;
19.06.2021;3321;;325;completed;Emmalopez2007@yandex.ru;27.03.2021;3;1;325.0;;;;6;Маття-латте - 1 шт.;Маття-латте - 1 шт.;Маття-латте - 1 шт.;0;;;;;;;;;;;;;;;;;;;;;;;;;;;;;;;;;;;;;;;;;;;;;;
28.01.2022;3203;;3 590;completed;olivermoore13@gmail.com;01.08.2021;8;3;1900.0;1100.0;240.0;;13;Маття-латте - 5 шт.;Маття-латте - 5 шт.;Маття-латте - 1 шт.;350;;;;;;;;;;;;;;;;;;;;;;;;;;;;;;;;;;;;;;;;;;;;;;
21.05.2021;2480;;5 700;completed;Sophiajackson13@outlook.com;21.05.2021;5;3;1900.0;1900.0;1900.0;;5;Маття-латте - 5 шт.;Маття-латте - 5 шт.;Маття-латте - 5 шт.;0;;;;;;;;;;;;;;;;;;;;;;;;;;;;;;;;;;;;;;;;;;;;;;
15.07.2021;2301;;6 600;completed;Charlottelopez1993@outlook.com;15.07.2021;7;3;3500.0;2000.0;1100.0;;7;Омолаживающий барсучий эликсир;Омолаживающий барсучий эликсир;Маття-латте - 5 шт.;0;;;;;;;;;;;;;;;;;;;;;;;;;;;;;;;;;;;;;;;;;;;;;;
12.07.2021;1538;;2 280;completed;Emmajackson69@outlook.com;12.07.2021;7;3;800.0;890.0;240.0;;7;Фиточай с чабрецом - 4 пакетика;Фиточай с чабрецом - 4 пакетика;Маття-латте - 1 шт.;350;;;;;;;;;;;;;;;;;;;;;;;;;;;;;;;;;;;;;;;;;;;;;;
16.02.2021;1460;;6 290;completed;Liamanderson69@outlook.com;16.02.2021;2;3;800.0;240.0;4900.0;;2;Фиточай с чабрецом - 4 пакетика;Маття-латте - 1 шт.;Омолаживающий барсучий эликсир;350;;;;;;;;;;;;;;;;;;;;;;;;;;;;;;;;;;;;;;;;;;;;;;
26.02.2021;2613;;1 712;completed;oliverwilliams1993@gmail.com;26.02.2021;2;3;587.0;325.0;800.0;;2;Фиточай с чабрецом - 4 пакетика;Маття-латте - 1 шт.;Фиточай с чабрецом - 4 пакетика;0;;;;;;;;;;;;;;;;;;;;;;;;;;;;;;;;;;;;;;;;;;;;;;
31.05.2021;1787;;2 012;completed;Alexandersmith1993@yandex.ru;31.05.2021;5;3;587.0;1100.0;325.0;;5;Фиточай с чабрецом - 4 пакетика;Маття-латте - 5 шт.;Маття-латте - 1 шт.;0;;;;;;;;;;;;;;;;;;;;;;;;;;;;;;;;;;;;;;;;;;;;;;
26.06.2021;3231;;4 690;completed;Isabellamoore1993@yahoo.com;26.06.2021;6;3;1900.0;890.0;1900.0;;6;Маття-латте - 5 шт.;Фиточай с чабрецом - 4 пакетика;Маття-латте - 5 шт.;0;;;;;;;;;;;;;;;;;;;;;;;;;;;;;;;;;;;;;;;;;;;;;;
19.08.2021;4119;;5 540;completed;Charlotteanderson2007@outlook.com;19.08.2021;8;3;890.0;3500.0;800.0;;8;Фиточай с чабрецом - 4 пакетика;Омолаживающий барсучий эликсир;Фиточай с чабрецом - 4 пакетика;350;;;;;;;;;;;;;;;;;;;;;;;;;;;;;;;;;;;;;;;;;;;;;;
28.07.2021;1468;;6 287;completed;Liambrown13@yandex.ru;09.05.2021;5;3;4900.0;800.0;587.0;;7;Омолаживающий барсучий эликсир;Фиточай с чабрецом - 4 пакетика;Фиточай с чабрецом - 4 пакетика;0;;;;;;;;;;;;;;;;;;;;;;;;;;;;;;;;;;;;;;;;;;;;;;
08.03.2021;3346;;5 487;completed;Emmajackson1993@yahoo.com;08.03.2021;3;2;;587.0;4900.0;;3;Маття-латте - 1 шт.;Фиточай с чабрецом - 4 пакетика;Омолаживающий барсучий эликсир;0;;;;;;;;;;;;;;;;;;;;;;;;;;;;;;;;;;;;;;;;;;;;;;
07.08.2021;1483;;2 727;returned;Charlottemoore13@outlook.com;07.08.2021;8;3;1900.0;240.0;587.0;;8;Маття-латте - 5 шт.;Маття-латте - 1 шт.;Фиточай с чабрецом - 4 пакетика;0;;;;;;;;;;;;;;;;;;;;;;;;;;;;;;;;;;;;;;;;;;;;;;
09.08.2021;3345;;5 140;returned;Charlottejackson1987@mail.ru;09.08.2021;8;3;890.0;2000.0;1900.0;;8;Фиточай с чабрецом - 4 пакетика;Омолаживающий барсучий эликсир;Маття-латте - 5 шт.;350;;;;;;;;;;;;;;;;;;;;;;;;;;;;;;;;;;;;;;;;;;;;;;
01.06.2021;3153;;2 790;completed;alexanderanderson1987@gmail.com;20.04.2021;4;2;1900.0;890.0;;;6;Маття-латте - 5 шт.;Фиточай с чабрецом - 4 пакетика;Маття-латте - 1 шт.;0;;;;;;;;;;;;;;;;;;;;;;;;;;;;;;;;;;;;;;;;;;;;;;
01.10.2021;3725;;1 715;completed;Lucasanderson33@mail.ru;01.10.2021;10;3;800.0;240.0;325.0;;10;Фиточай с чабрецом - 4 пакетика;Маття-латте - 1 шт.;Маття-латте - 1 шт.;350;;;;;;;;;;;;;;;;;;;;;;;;;;;;;;;;;;;;;;;;;;;;;;
13.01.2022;3253;;6 680;completed;Avajackson2007@outlook.com;13.01.2022;13;3;890.0;4900.0;890.0;;13;Фиточай с чабрецом - 4 пакетика;Омолаживающий барсучий эликсир;Фиточай с чабрецом - 4 пакетика;0;;;;;;;;;;;;;;;;;;;;;;;;;;;;;;;;;;;;;;;;;;;;;;
26.08.2021;2031;;1240;completed;Avabrown2007@yandex.ru;26.08.2021;8;3;325.0;325.0;240.0;;8;Маття-латте - 1 шт.;Маття-латте - 1 шт.;Маття-латте - 1 шт.;350;;;;;;;;;;;;;;;;;;;;;;;;;;;;;;;;;;;;;;;;;;;;;;
30.04.2021;3980;;6 900;completed;Sophiawilliams0@mail.ru;30.04.2021;4;2;4900.0;2000.0;;;4;Омолаживающий барсучий эликсир;Омолаживающий барсучий эликсир;Маття-латте - 1 шт.;0;;;;;;;;;;;;;;;;;;;;;;;;;;;;;;;;;;;;;;;;;;;;;;
16.05.2021;3247;;6 290;completed;Liamtaylor1987@mail.ru;16.05.2021;5;3;4900.0;240.0;800.0;;5;Омолаживающий барсучий эликсир;Маття-латте - 1 шт.;Фиточай с чабрецом - 4 пакетика;350;;;;;;;;;;;;;;;;;;;;;;;;;;;;;;;;;;;;;;;;;;;;;;
23.02.2021;1402;;1 977;returned;williamthomas88@gmail.com;23.02.2021;2;3;800.0;587.0;240.0;;2;Фиточай с чабрецом - 4 пакетика;Фиточай с чабрецом - 4 пакетика;Маття-латте - 1 шт.;350;;;;;;;;;;;;;;;;;;;;;;;;;;;;;;;;;;;;;;;;;;;;;;
02.11.2021;3071;;1177;returned;liamwilliams88@gmail.com;10.08.2021;8;2;;240.0;587.0;;11;Маття-латте - 1 шт.;Маття-латте - 1 шт.;Фиточай с чабрецом - 4 пакетика;350;;;;;;;;;;;;;;;;;;;;;;;;;;;;;;;;;;;;;;;;;;;;;;
29.10.2021;2867;;3 937;completed;Olivermartinez2007@yahoo.com;29.10.2021;10;3;1900.0;1100.0;587.0;;10;Маття-латте - 5 шт.;Маття-латте - 5 шт.;Фиточай с чабрецом - 4 пакетика;350;;;;;;;;;;;;;;;;;;;;;;;;;;;;;;;;;;;;;;;;;;;;;;
13.03.2021;1816;;2 000;completed;Alexandermartinez13@yandex.ru;13.03.2021;3;1;2000.0;;;;3;Омолаживающий барсучий эликсир;Маття-латте - 1 шт.;Маття-латте - 1 шт.;0;;;;;;;;;;;;;;;;;;;;;;;;;;;;;;;;;;;;;;;;;;;;;;
06.10.2021;3601;;3 215;returned;Liambrown2007@yahoo.com;03.05.2021;5;3;2000.0;325.0;890.0;;10;Омолаживающий барсучий эликсир;Маття-латте - 1 шт.;Фиточай с чабрецом - 4 пакетика;0;;;;;;;;;;;;;;;;;;;;;;;;;;;;;;;;;;;;;;;;;;;;;;
17.04.2021;2638;;2 937;completed;Sophiabrown69@mail.ru;17.04.2021;4;2;2000.0;;587.0;;4;Омолаживающий барсучий эликсир;Маття-латте - 1 шт.;Фиточай с чабрецом - 4 пакетика;350;;;;;;;;;;;;;;;;;;;;;;;;;;;;;;;;;;;;;;;;;;;;;;
28.04.2021;2752;;5 275;completed;avaanderson12@gmail.com;28.04.2021;4;3;3500.0;325.0;1100.0;;4;Омолаживающий барсучий эликсир;Маття-латте - 1 шт.;Маття-латте - 5 шт.;350;;;;;;;;;;;;;;;;;;;;;;;;;;;;;;;;;;;;;;;;;;;;;;
30.12.2021;3078;;3 377;completed;Alexanderanderson13@yandex.ru;02.09.2021;9;3;587.0;890.0;1900.0;;12;Фиточай с чабрецом - 4 пакетика;Фиточай с чабрецом - 4 пакетика;Маття-латте - 5 шт.;0;;;;;;;;;;;;;;;;;;;;;;;;;;;;;;;;;;;;;;;;;;;;;;
20.06.2021;1442;;4 390;completed;Sophiataylor0@outlook.com;20.06.2021;6;2;890.0;3500.0;;;6;Фиточай с чабрецом - 4 пакетика;Омолаживающий барсучий эликсир;Маття-латте - 1 шт.;0;;;;;;;;;;;;;;;;;;;;;;;;;;;;;;;;;;;;;;;;;;;;;;
14.04.2021;1410;;827;returned;Isabellaanderson88@mail.ru;17.03.2021;3;2;;587.0;240.0;;4;Маття-латте - 1 шт.;Фиточай с чабрецом - 4 пакетика;Маття-латте - 1 шт.;0;;;;;;;;;;;;;;;;;;;;;;;;;;;;;;;;;;;;;;;;;;;;;;
24.07.2021;3873;;6 727;returned;Oliverwilliams1987@mail.ru;24.07.2021;7;3;587.0;890.0;4900.0;;7;Фиточай с чабрецом - 4 пакетика;Фиточай с чабрецом - 4 пакетика;Омолаживающий барсучий эликсир;350;;;;;;;;;;;;;;;;;;;;;;;;;;;;;;;;;;;;;;;;;;;;;;
07.12.2021;2572;;4 740;completed;Liamthomas66@yandex.ru;26.03.2021;3;2;;890.0;3500.0;;12;Маття-латте - 1 шт.;Фиточай с чабрецом - 4 пакетика;Омолаживающий барсучий эликсир;350;;;;;;;;;;;;;;;;;;;;;;;;;;;;;;;;;;;;;;;;;;;;;;
01.05.2021;2049;;5 725;completed;isabellathomas0@gmail.com;01.05.2021;5;3;1900.0;3500.0;325.0;;5;Маття-латте - 5 шт.;Омолаживающий барсучий эликсир;Маття-латте - 1 шт.;0;;;;;;;;;;;;;;;;;;;;;;;;;;;;;;;;;;;;;;;;;;;;;;
08.06.2021;3389;;1 390;completed;Alexandersmith88@outlook.com;08.06.2021;6;2;800.0;240.0;;;6;Фиточай с чабрецом - 4 пакетика;Маття-латте - 1 шт.;Маття-латте - 1 шт.;350;;;;;;;;;;;;;;;;;;;;;;;;;;;;;;;;;;;;;;;;;;;;;;
09.05.2021;2888;;10 475;completed;Sophiajackson2007@yahoo.com;09.05.2021;5;3;325.0;4900.0;4900.0;;5;Маття-латте - 1 шт.;Омолаживающий барсучий эликсир;Омолаживающий барсучий эликсир;350;;;;;;;;;;;;;;;;;;;;;;;;;;;;;;;;;;;;;;;;;;;;;;
12.01.2022;3599;;565;completed;charlottejackson66@gmail.com;20.04.2021;4;2;240.0;325.0;;;13;Маття-латте - 1 шт.;Маття-латте - 1 шт.;Маття-латте - 1 шт.;0;;;;;;;;;;;;;;;;;;;;;;;;;;;;;;;;;;;;;;;;;;;;;;
12.03.2021;2609;;4 540;completed;Avathomas0@yahoo.com;12.03.2021;3;3;3500.0;240.0;800.0;;3;Омолаживающий барсучий эликсир;Маття-латте - 1 шт.;Фиточай с чабрецом - 4 пакетика;0;;;;;;;;;;;;;;;;;;;;;;;;;;;;;;;;;;;;;;;;;;;;;;
27.11.2021;2720;;6 637;completed;oliverwilliams12@gmail.com;27.11.2021;11;3;4900.0;800.0;587.0;;11;Омолаживающий барсучий эликсир;Фиточай с чабрецом - 4 пакетика;Фиточай с чабрецом - 4 пакетика;350;;;;;;;;;;;;;;;;;;;;;;;;;;;;;;;;;;;;;;;;;;;;;;
26.02.2021;1893;;5 250;completed;Charlottemoore1987@outlook.com;26.02.2021;2;1;4900.0;;;;2;Омолаживающий барсучий эликсир;Маття-латте - 1 шт.;Маття-латте - 1 шт.;350;;;;;;;;;;;;;;;;;;;;;;;;;;;;;;;;;;;;;;;;;;;;;;
18.06.2021;2927;;3 240;returned;avamartinez66@gmail.com;16.03.2021;3;3;1100.0;1900.0;240.0;;6;Маття-латте - 5 шт.;Маття-латте - 5 шт.;Маття-латте - 1 шт.;0;;;;;;;;;;;;;;;;;;;;;;;;;;;;;;;;;;;;;;;;;;;;;;
31.07.2021;1903;;4 900;completed;oliverlopez88@gmail.com;08.03.2021;3;3;1900.0;1100.0;1900.0;;7;Маття-латте - 5 шт.;Маття-латте - 5 шт.;Маття-латте - 5 шт.;0;;;;;;;;;;;;;;;;;;;;;;;;;;;;;;;;;;;;;;;;;;;;;;
05.05.2021;1808;;4 790;completed;Liamanderson0@outlook.com;06.04.2021;4;3;890.0;1900.0;2000.0;;5;Фиточай с чабрецом - 4 пакетика;Маття-латте - 5 шт.;Омолаживающий барсучий эликсир;0;;;;;;;;;;;;;;;;;;;;;;;;;;;;;;;;;;;;;;;;;;;;;;
03.02.2022;4185;;1 780;completed;Avaanderson2007@yandex.ru;13.03.2021;3;2;890.0;890.0;;;14;Фиточай с чабрецом - 4 пакетика;Фиточай с чабрецом - 4 пакетика;Маття-латте - 1 шт.;0;;;;;;;;;;;;;;;;;;;;;;;;;;;;;;;;;;;;;;;;;;;;;;
04.09.2021;1558;;1000;completed;Sophiamoore66@mail.ru;14.06.2021;6;2;;325.0;325.0;;9;Маття-латте - 1 шт.;Маття-латте - 1 шт.;Маття-латте - 1 шт.;350;;;;;;;;;;;;;;;;;;;;;;;;;;;;;;;;;;;;;;;;;;;;;;
13.08.2021;1754;;3 377;completed;Charlotteanderson69@yahoo.com;13.08.2021;8;3;1900.0;587.0;890.0;;8;Маття-латте - 5 шт.;Фиточай с чабрецом - 4 пакетика;Фиточай с чабрецом - 4 пакетика;0;;;;;;;;;;;;;;;;;;;;;;;;;;;;;;;;;;;;;;;;;;;;;;
12.07.2021;2964;;6 290;completed;Isabellabrown1993@yahoo.com;22.05.2021;5;3;1900.0;3500.0;890.0;;7;Маття-латте - 5 шт.;Омолаживающий барсучий эликсир;Фиточай с чабрецом - 4 пакетика;0;;;;;;;;;;;;;;;;;;;;;;;;;;;;;;;;;;;;;;;;;;;;;;
03.03.2021;1383;;10 125;completed;lucastaylor1993@gmail.com;21.02.2021;2;3;4900.0;4900.0;325.0;;3;Омолаживающий барсучий эликсир;Омолаживающий барсучий эликсир;Маття-латте - 1 шт.;0;;;;;;;;;;;;;;;;;;;;;;;;;;;;;;;;;;;;;;;;;;;;;;
02.01.2022;3355;;4 690;completed;Oliversmith66@yahoo.com;07.11.2021;11;3;890.0;1900.0;1900.0;;13;Фиточай с чабрецом - 4 пакетика;Маття-латте - 5 шт.;Маття-латте - 5 шт.;0;;;;;;;;;;;;;;;;;;;;;;;;;;;;;;;;;;;;;;;;;;;;;;
14.10.2021;1587;;4 587;completed;Oliverthomas33@mail.ru;22.02.2021;2;3;587.0;2000.0;2000.0;;10;Фиточай с чабрецом - 4 пакетика;Омолаживающий барсучий эликсир;Омолаживающий барсучий эликсир;0;;;;;;;;;;;;;;;;;;;;;;;;;;;;;;;;;;;;;;;;;;;;;;
02.11.2021;3901;;8 990;completed;sophiamoore1987@gmail.com;10.09.2021;9;3;3500.0;4900.0;240.0;;11;Омолаживающий барсучий эликсир;Омолаживающий барсучий эликсир;Маття-латте - 1 шт.;350;;;;;;;;;;;;;;;;;;;;;;;;;;;;;;;;;;;;;;;;;;;;;;
21.02.2021;3049;;2 277;completed;Alexandersmith66@yahoo.com;21.02.2021;2;3;587.0;800.0;890.0;;2;Фиточай с чабрецом - 4 пакетика;Фиточай с чабрецом - 4 пакетика;Фиточай с чабрецом - 4 пакетика;0;;;;;;;;;;;;;;;;;;;;;;;;;;;;;;;;;;;;;;;;;;;;;;
10.04.2021;2602;;5 700;completed;Avathomas88@yandex.ru;10.04.2021;4;2;4900.0;;800.0;;4;Омолаживающий барсучий эликсир;Маття-латте - 1 шт.;Фиточай с чабрецом - 4 пакетика;0;;;;;;;;;;;;;;;;;;;;;;;;;;;;;;;;;;;;;;;;;;;;;;
28.03.2021;2922;;2 700;returned;Sophiawilliams88@yahoo.com;28.03.2021;3;2;;800.0;1900.0;;3;Маття-латте - 1 шт.;Фиточай с чабрецом - 4 пакетика;Маття-латте - 5 шт.;0;;;;;;;;;;;;;;;;;;;;;;;;;;;;;;;;;;;;;;;;;;;;;;
05.09.2021;1529;;2 837;completed;emmataylor66@gmail.com;05.09.2021;9;2;587.0;1900.0;;;9;Фиточай с чабрецом - 4 пакетика;Маття-латте - 5 шт.;Маття-латте - 1 шт.;350;;;;;;;;;;;;;;;;;;;;;;;;;;;;;;;;;;;;;;;;;;;;;;
13.02.2022;3319;;1 990;completed;Charlotteanderson66@outlook.com;13.02.2022;14;2;;1100.0;890.0;;14;Маття-латте - 1 шт.;Маття-латте - 5 шт.;Фиточай с чабрецом - 4 пакетика;0;;;;;;;;;;;;;;;;;;;;;;;;;;;;;;;;;;;;;;;;;;;;;;
08.08.2021;1390;;3 174;completed;Isabellajackson13@outlook.com;08.08.2021;8;3;587.0;2000.0;587.0;;8;Фиточай с чабрецом - 4 пакетика;Омолаживающий барсучий эликсир;Фиточай с чабрецом - 4 пакетика;0;;;;;;;;;;;;;;;;;;;;;;;;;;;;;;;;;;;;;;;;;;;;;;
26.05.2021;2499;;4 415;completed;Liamjackson2007@mail.ru;26.05.2021;5;3;240.0;325.0;3500.0;;5;Маття-латте - 1 шт.;Маття-латте - 1 шт.;Омолаживающий барсучий эликсир;350;;;;;;;;;;;;;;;;;;;;;;;;;;;;;;;;;;;;;;;;;;;;;;
09.06.2021;3763;;2 020;completed;Sophiamartinez0@yahoo.com;09.06.2021;6;3;890.0;240.0;890.0;;6;Фиточай с чабрецом - 4 пакетика;Маття-латте - 1 шт.;Фиточай с чабрецом - 4 пакетика;0;;;;;;;;;;;;;;;;;;;;;;;;;;;;;;;;;;;;;;;;;;;;;;
26.04.2021;1344;;9 337;returned;Sophiataylor33@outlook.com;26.04.2021;4;3;3500.0;4900.0;587.0;;4;Омолаживающий барсучий эликсир;Омолаживающий барсучий эликсир;Фиточай с чабрецом - 4 пакетика;350;;;;;;;;;;;;;;;;;;;;;;;;;;;;;;;;;;;;;;;;;;;;;;
30.07.2021;4097;;7 900;completed;Alexandertaylor13@yahoo.com;01.03.2021;3;3;1900.0;1100.0;4900.0;;7;Маття-латте - 5 шт.;Маття-латте - 5 шт.;Омолаживающий барсучий эликсир;0;;;;;;;;;;;;;;;;;;;;;;;;;;;;;;;;;;;;;;;;;;;;;;
03.02.2022;4082;;3 287;completed;Isabellabrown2007@yahoo.com;26.02.2021;2;3;1900.0;587.0;800.0;;14;Маття-латте - 5 шт.;Фиточай с чабрецом - 4 пакетика;Фиточай с чабрецом - 4 пакетика;0;;;;;;;;;;;;;;;;;;;;;;;;;;;;;;;;;;;;;;;;;;;;;;
26.06.2021;2359;;5 065;completed;Sophiawilliams12@mail.ru;26.06.2021;6;3;3500.0;890.0;325.0;;6;Омолаживающий барсучий эликсир;Фиточай с чабрецом - 4 пакетика;Маття-латте - 1 шт.;350;;;;;;;;;;;;;;;;;;;;;;;;;;;;;;;;;;;;;;;;;;;;;;
17.08.2021;1378;;4 487;completed;Isabellamartinez66@mail.ru;17.08.2021;8;3;2000.0;587.0;1900.0;;8;Омолаживающий барсучий эликсир;Фиточай с чабрецом - 4 пакетика;Маття-латте - 5 шт.;0;;;;;;;;;;;;;;;;;;;;;;;;;;;;;;;;;;;;;;;;;;;;;;
18.09.2021;3289;;2 240;completed;Liamjackson1993@yandex.ru;19.04.2021;4;2;;2000.0;240.0;;9;Маття-латте - 1 шт.;Омолаживающий барсучий эликсир;Маття-латте - 1 шт.;0;;;;;;;;;;;;;;;;;;;;;;;;;;;;;;;;;;;;;;;;;;;;;;
16.11.2021;3571;;3 025;completed;lucasmoore33@gmail.com;17.03.2021;3;3;325.0;1900.0;800.0;;11;Маття-латте - 1 шт.;Маття-латте - 5 шт.;Фиточай с чабрецом - 4 пакетика;0;;;;;;;;;;;;;;;;;;;;;;;;;;;;;;;;;;;;;;;;;;;;;;
02.04.2021;2295;;7 937;completed;Williamwilliams69@yandex.ru;02.04.2021;4;3;3500.0;3500.0;587.0;;4;Омолаживающий барсучий эликсир;Омолаживающий барсучий эликсир;Фиточай с чабрецом - 4 пакетика;350;;;;;;;;;;;;;;;;;;;;;;;;;;;;;;;;;;;;;;;;;;;;;;
18.04.2021;1282;;4 140;completed;isabellathomas1993@gmail.com;18.04.2021;4;3;1900.0;240.0;2000.0;;4;Маття-латте - 5 шт.;Маття-латте - 1 шт.;Омолаживающий барсучий эликсир;0;;;;;;;;;;;;;;;;;;;;;;;;;;;;;;;;;;;;;;;;;;;;;;
20.02.2021;3966;;5 190;completed;avajackson88@gmail.com;20.02.2021;2;3;240.0;1100.0;3500.0;;2;Маття-латте - 1 шт.;Маття-латте - 5 шт.;Омолаживающий барсучий эликсир;350;;;;;;;;;;;;;;;;;;;;;;;;;;;;;;;;;;;;;;;;;;;;;;
05.07.2021;3049;;5 540;completed;Alexandersmith66@yahoo.com;21.02.2021;2;3;3500.0;890.0;800.0;;7;Омолаживающий барсучий эликсир;Фиточай с чабрецом - 4 пакетика;Фиточай с чабрецом - 4 пакетика;350;;;;;;;;;;;;;;;;;;;;;;;;;;;;;;;;;;;;;;;;;;;;;;
15.07.2021;3653;;3 425;completed;Alexanderjackson66@yahoo.com;26.02.2021;2;3;2000.0;1100.0;325.0;;7;Омолаживающий барсучий эликсир;Маття-латте - 5 шт.;Маття-латте - 1 шт.;0;;;;;;;;;;;;;;;;;;;;;;;;;;;;;;;;;;;;;;;;;;;;;;
11.03.2021;2011;;4 150;completed;Isabellasmith12@outlook.com;11.03.2021;3;3;325.0;3500.0;325.0;;3;Маття-латте - 1 шт.;Омолаживающий барсучий эликсир;Маття-латте - 1 шт.;0;;;;;;;;;;;;;;;;;;;;;;;;;;;;;;;;;;;;;;;;;;;;;;
19.03.2021;2234;;6 900;completed;Lucassmith66@yandex.ru;19.03.2021;3;2;4900.0;2000.0;;;3;Омолаживающий барсучий эликсир;Омолаживающий барсучий эликсир;Маття-латте - 1 шт.;0;;;;;;;;;;;;;;;;;;;;;;;;;;;;;;;;;;;;;;;;;;;;;;
10.05.2021;2691;;7 575;completed;Avaanderson33@yahoo.com;10.05.2021;5;3;2000.0;4900.0;325.0;;5;Омолаживающий барсучий эликсир;Омолаживающий барсучий эликсир;Маття-латте - 1 шт.;350;;;;;;;;;;;;;;;;;;;;;;;;;;;;;;;;;;;;;;;;;;;;;;
02.08.2021;1649;;5 225;completed;williamwilliams13@gmail.com;02.08.2021;8;2;325.0;4900.0;;;8;Маття-латте - 1 шт.;Омолаживающий барсучий эликсир;Маття-латте - 1 шт.;0;;;;;;;;;;;;;;;;;;;;;;;;;;;;;;;;;;;;;;;;;;;;;;
25.01.2022;2218;;3 500;completed;Oliverjackson66@mail.ru;25.01.2022;13;3;800.0;800.0;1900.0;;13;Фиточай с чабрецом - 4 пакетика;Фиточай с чабрецом - 4 пакетика;Маття-латте - 5 шт.;0;;;;;;;;;;;;;;;;;;;;;;;;;;;;;;;;;;;;;;;;;;;;;;
20.12.2021;2339;;7 600;completed;Avawilliams69@yandex.ru;19.04.2021;4;3;4900.0;800.0;1900.0;;12;Омолаживающий барсучий эликсир;Фиточай с чабрецом - 4 пакетика;Маття-латте - 5 шт.;0;;;;;;;;;;;;;;;;;;;;;;;;;;;;;;;;;;;;;;;;;;;;;;
24.04.2021;4136;;4 587;completed;Williamtaylor0@yandex.ru;24.04.2021;4;3;2000.0;587.0;2000.0;;4;Омолаживающий барсучий эликсир;Фиточай с чабрецом - 4 пакетика;Омолаживающий барсучий эликсир;0;;;;;;;;;;;;;;;;;;;;;;;;;;;;;;;;;;;;;;;;;;;;;;
02.11.2021;3152;;3 690;completed;Williammartinez69@mail.ru;02.11.2021;11;3;890.0;800.0;2000.0;;11;Фиточай с чабрецом - 4 пакетика;Фиточай с чабрецом - 4 пакетика;Омолаживающий барсучий эликсир;0;;;;;;;;;;;;;;;;;;;;;;;;;;;;;;;;;;;;;;;;;;;;;;
30.12.2021;3607;;3 587;completed;Sophiabrown13@yandex.ru;30.12.2021;12;3;1900.0;1100.0;587.0;;12;Маття-латте - 5 шт.;Маття-латте - 5 шт.;Фиточай с чабрецом - 4 пакетика;0;;;;;;;;;;;;;;;;;;;;;;;;;;;;;;;;;;;;;;;;;;;;;;
26.12.2021;1326;;2 277;completed;Avaanderson1987@mail.ru;14.07.2021;7;3;890.0;800.0;587.0;;12;Фиточай с чабрецом - 4 пакетика;Фиточай с чабрецом - 4 пакетика;Фиточай с чабрецом - 4 пакетика;0;;;;;;;;;;;;;;;;;;;;;;;;;;;;;;;;;;;;;;;;;;;;;;
08.06.2021;1906;;6 050;completed;Olivertaylor1987@mail.ru;23.05.2021;5;2;4900.0;800.0;;;6;Омолаживающий барсучий эликсир;Фиточай с чабрецом - 4 пакетика;Маття-латте - 1 шт.;350;;;;;;;;;;;;;;;;;;;;;;;;;;;;;;;;;;;;;;;;;;;;;;
31.07.2021;2797;;1 340;completed;avawilliams2007@yahoo.com;01.06.2021;6;2;240.0;;1100.0;;7;Маття-латте - 1 шт.;Маття-латте - 1 шт.;Маття-латте - 5 шт.;0;;;;;;;;;;;;;;;;;;;;;;;;;;;;;;;;;;;;;;;;;;;;;;
29.10.2021;3940;;4 225;returned;Avaanderson88@yandex.ru;29.10.2021;10;3;1900.0;325.0;2000.0;;10;Маття-латте - 5 шт.;Маття-латте - 1 шт.;Омолаживающий барсучий эликсир;0;;;;;;;;;;;;;;;;;;;;;;;;;;;;;;;;;;;;;;;;;;;;;;
31.08.2021;2610;;3 980;completed;Emmasmith33@yahoo.com;31.08.2021;8;3;240.0;3500.0;240.0;;8;Маття-латте - 1 шт.;Омолаживающий барсучий эликсир;Маття-латте - 1 шт.;0;;;;;;;;;;;;;;;;;;;;;;;;;;;;;;;;;;;;;;;;;;;;;;
04.09.2021;1829;;5 750;completed;Emmalopez33@mail.ru;04.09.2021;9;3;3500.0;1100.0;800.0;;9;Омолаживающий барсучий эликсир;Маття-латте - 5 шт.;Фиточай с чабрецом - 4 пакетика;350;;;;;;;;;;;;;;;;;;;;;;;;;;;;;;;;;;;;;;;;;;;;;;
22.03.2021;1781;;5 000;completed;Avalopez2007@yahoo.com;22.03.2021;3;3;2000.0;1900.0;1100.0;;3;Омолаживающий барсучий эликсир;Маття-латте - 5 шт.;Маття-латте - 5 шт.;0;;;;;;;;;;;;;;;;;;;;;;;;;;;;;;;;;;;;;;;;;;;;;;
07.08.2021;2752;;10 600;completed;avaanderson12@gmail.com;28.04.2021;4;3;800.0;4900.0;4900.0;;8;Фиточай с чабрецом - 4 пакетика;Омолаживающий барсучий эликсир;Омолаживающий барсучий эликсир;0;;;;;;;;;;;;;;;;;;;;;;;;;;;;;;;;;;;;;;;;;;;;;;
16.07.2021;1285;;3 800;completed;Sophiabrown1987@outlook.com;12.03.2021;3;3;800.0;1900.0;1100.0;;7;Фиточай с чабрецом - 4 пакетика;Маття-латте - 5 шт.;Маття-латте - 5 шт.;0;;;;;;;;;;;;;;;;;;;;;;;;;;;;;;;;;;;;;;;;;;;;;;
02.04.2021;2081;;7 650;completed;Liamthomas13@outlook.com;02.04.2021;4;3;1900.0;1900.0;3500.0;;4;Маття-латте - 5 шт.;Маття-латте - 5 шт.;Омолаживающий барсучий эликсир;350;;;;;;;;;;;;;;;;;;;;;;;;;;;;;;;;;;;;;;;;;;;;;;
24.04.2021;1353;;4 300;completed;Avasmith0@yandex.ru;24.04.2021;4;2;800.0;3500.0;;;4;Фиточай с чабрецом - 4 пакетика;Омолаживающий барсучий эликсир;Маття-латте - 1 шт.;0;;;;;;;;;;;;;;;;;;;;;;;;;;;;;;;;;;;;;;;;;;;;;;
03.04.2021;3829;;1 450;completed;Oliverbrown33@yandex.ru;03.04.2021;4;3;325.0;800.0;325.0;;4;Маття-латте - 1 шт.;Фиточай с чабрецом - 4 пакетика;Маття-латте - 1 шт.;0;;;;;;;;;;;;;;;;;;;;;;;;;;;;;;;;;;;;;;;;;;;;;;
19.09.2021;4204;;2 365;completed;olivermartinez13@gmail.com;19.09.2021;9;3;325.0;800.0;890.0;;9;Маття-латте - 1 шт.;Фиточай с чабрецом - 4 пакетика;Фиточай с чабрецом - 4 пакетика;350;;;;;;;;;;;;;;;;;;;;;;;;;;;;;;;;;;;;;;;;;;;;;;
10.02.2022;2529;;2 325;completed;Avataylor1987@yandex.ru;15.12.2021;12;2;2000.0;325.0;;;14;Омолаживающий барсучий эликсир;Маття-латте - 1 шт.;Маття-латте - 1 шт.;0;;;;;;;;;;;;;;;;;;;;;;;;;;;;;;;;;;;;;;;;;;;;;;
13.11.2021;4132;;3 040;completed;Sophiabrown13@yahoo.com;25.09.2021;9;3;240.0;800.0;2000.0;;11;Маття-латте - 1 шт.;Фиточай с чабрецом - 4 пакетика;Омолаживающий барсучий эликсир;0;;;;;;;;;;;;;;;;;;;;;;;;;;;;;;;;;;;;;;;;;;;;;;
30.07.2021;3309;;3 350;completed;charlottebrown2007@yahoo.com;30.07.2021;7;2;1900.0;;1100.0;;7;Маття-латте - 5 шт.;Маття-латте - 1 шт.;Маття-латте - 5 шт.;350;;;;;;;;;;;;;;;;;;;;;;;;;;;;;;;;;;;;;;;;;;;;;;
20.05.2021;2562;;3 940;completed;Liammoore13@yahoo.com;20.05.2021;5;3;890.0;800.0;1900.0;;5;Фиточай с чабрецом - 4 пакетика;Фиточай с чабрецом - 4 пакетика;Маття-латте - 5 шт.;350;;;;;;;;;;;;;;;;;;;;;;;;;;;;;;;;;;;;;;;;;;;;;;
09.07.2021;3415;;2 064;completed;Avalopez1987@yahoo.com;09.07.2021;7;3;587.0;890.0;587.0;;7;Фиточай с чабрецом - 4 пакетика;Фиточай с чабрецом - 4 пакетика;Фиточай с чабрецом - 4 пакетика;0;;;;;;;;;;;;;;;;;;;;;;;;;;;;;;;;;;;;;;;;;;;;;;
10.03.2021;1557;;5 250;completed;Emmawilliams1987@outlook.com;10.03.2021;3;1;;;4900.0;;3;Маття-латте - 1 шт.;Маття-латте - 1 шт.;Омолаживающий барсучий эликсир;350;;;;;;;;;;;;;;;;;;;;;;;;;;;;;;;;;;;;;;;;;;;;;;
12.04.2021;2976;;2 837;returned;Emmataylor2007@yandex.ru;12.04.2021;4;2;1900.0;587.0;;;4;Маття-латте - 5 шт.;Фиточай с чабрецом - 4 пакетика;Маття-латте - 1 шт.;350;;;;;;;;;;;;;;;;;;;;;;;;;;;;;;;;;;;;;;;;;;;;;;
28.08.2021;4153;;13 300;completed;Isabellamartinez2007@outlook.com;28.08.2021;8;3;4900.0;3500.0;4900.0;;8;Омолаживающий барсучий эликсир;Омолаживающий барсучий эликсир;Омолаживающий барсучий эликсир;0;;;;;;;;;;;;;;;;;;;;;;;;;;;;;;;;;;;;;;;;;;;;;;
18.04.2021;2143;;7 240;completed;Avawilliams13@mail.ru;18.04.2021;4;3;1100.0;4900.0;890.0;;4;Маття-латте - 5 шт.;Омолаживающий барсучий эликсир;Фиточай с чабрецом - 4 пакетика;350;;;;;;;;;;;;;;;;;;;;;;;;;;;;;;;;;;;;;;;;;;;;;;
10.10.2021;3080;;5 730;completed;Isabellasmith1993@yahoo.com;10.10.2021;10;3;4900.0;240.0;240.0;;10;Омолаживающий барсучий эликсир;Маття-латте - 1 шт.;Маття-латте - 1 шт.;350;;;;;;;;;;;;;;;;;;;;;;;;;;;;;;;;;;;;;;;;;;;;;;
16.04.2021;1794;;4 840;completed;Avaanderson66@yandex.ru;16.04.2021;4;3;240.0;3500.0;1100.0;;4;Маття-латте - 1 шт.;Омолаживающий барсучий эликсир;Маття-латте - 5 шт.;0;;;;;;;;;;;;;;;;;;;;;;;;;;;;;;;;;;;;;;;;;;;;;;
18.01.2022;3324;;3 440;completed;oliverbrown13@gmail.com;21.09.2021;9;3;1100.0;890.0;1100.0;;13;Маття-латте - 5 шт.;Фиточай с чабрецом - 4 пакетика;Маття-латте - 5 шт.;350;;;;;;;;;;;;;;;;;;;;;;;;;;;;;;;;;;;;;;;;;;;;;;
01.06.2021;2007;;9 290;completed;Lucasanderson33@yandex.ru;01.06.2021;6;3;890.0;4900.0;3500.0;;6;Фиточай с чабрецом - 4 пакетика;Омолаживающий барсучий эликсир;Омолаживающий барсучий эликсир;0;;;;;;;;;;;;;;;;;;;;;;;;;;;;;;;;;;;;;;;;;;;;;;
24.07.2021;3017;;1 927;returned;isabellathomas1987@gmail.com;03.03.2021;3;3;240.0;587.0;1100.0;;7;Маття-латте - 1 шт.;Фиточай с чабрецом - 4 пакетика;Маття-латте - 5 шт.;0;;;;;;;;;;;;;;;;;;;;;;;;;;;;;;;;;;;;;;;;;;;;;;
21.10.2021;4127;;9 200;completed;Avataylor2007@outlook.com;03.03.2021;3;3;800.0;4900.0;3500.0;;10;Фиточай с чабрецом - 4 пакетика;Омолаживающий барсучий эликсир;Омолаживающий барсучий эликсир;0;;;;;;;;;;;;;;;;;;;;;;;;;;;;;;;;;;;;;;;;;;;;;;
02.04.2021;1286;;7 487;completed;williamwilliams1987@gmail.com;02.04.2021;4;3;587.0;2000.0;4900.0;;4;Фиточай с чабрецом - 4 пакетика;Омолаживающий барсучий эликсир;Омолаживающий барсучий эликсир;0;;;;;;;;;;;;;;;;;;;;;;;;;;;;;;;;;;;;;;;;;;;;;;
27.09.2021;3093;;3 937;completed;Charlottethomas69@yahoo.com;27.09.2021;9;3;1900.0;587.0;1100.0;;9;Маття-латте - 5 шт.;Фиточай с чабрецом - 4 пакетика;Маття-латте - 5 шт.;350;;;;;;;;;;;;;;;;;;;;;;;;;;;;;;;;;;;;;;;;;;;;;;
11.05.2021;2525;;1 450;completed;alexandermartinez2007@gmail.com;11.05.2021;5;3;800.0;325.0;325.0;;5;Фиточай с чабрецом - 4 пакетика;Маття-латте - 1 шт.;Маття-латте - 1 шт.;0;;;;;;;;;;;;;;;;;;;;;;;;;;;;;;;;;;;;;;;;;;;;;;
17.06.2021;1279;;2 727;completed;Alexanderthomas33@outlook.com;19.03.2021;3;3;1900.0;240.0;587.0;;6;Маття-латте - 5 шт.;Маття-латте - 1 шт.;Фиточай с чабрецом - 4 пакетика;0;;;;;;;;;;;;;;;;;;;;;;;;;;;;;;;;;;;;;;;;;;;;;;
21.12.2021;2499;;4 250;completed;Liamjackson2007@mail.ru;26.05.2021;5;2;2000.0;1900.0;;;12;Омолаживающий барсучий эликсир;Маття-латте - 5 шт.;Маття-латте - 1 шт.;350;;;;;;;;;;;;;;;;;;;;;;;;;;;;;;;;;;;;;;;;;;;;;;
28.04.2021;3365;;8 750;completed;Avajackson12@yahoo.com;28.04.2021;4;2;;3500.0;4900.0;;4;Маття-латте - 1 шт.;Омолаживающий барсучий эликсир;Омолаживающий барсучий эликсир;350;;;;;;;;;;;;;;;;;;;;;;;;;;;;;;;;;;;;;;;;;;;;;;
17.11.2021;2638;;3 477;completed;Sophiabrown69@mail.ru;17.04.2021;4;3;890.0;2000.0;587.0;;11;Фиточай с чабрецом - 4 пакетика;Омолаживающий барсучий эликсир;Фиточай с чабрецом - 4 пакетика;0;;;;;;;;;;;;;;;;;;;;;;;;;;;;;;;;;;;;;;;;;;;;;;
02.01.2022;3041;;10 300;completed;Lucaslopez33@yahoo.com;06.08.2021;8;3;4900.0;3500.0;1900.0;;13;Омолаживающий барсучий эликсир;Омолаживающий барсучий эликсир;Маття-латте - 5 шт.;0;;;;;;;;;;;;;;;;;;;;;;;;;;;;;;;;;;;;;;;;;;;;;;
22.12.2021;3621;;3 377;completed;Avalopez1987@yahoo.com;21.12.2021;12;3;587.0;1900.0;890.0;;12;Фиточай с чабрецом - 4 пакетика;Маття-латте - 5 шт.;Фиточай с чабрецом - 4 пакетика;0;;;;;;;;;;;;;;;;;;;;;;;;;;;;;;;;;;;;;;;;;;;;;;
21.06.2021;2002;;1000;completed;Alexandertaylor1987@outlook.com;08.03.2021;3;2;325.0;325.0;;;6;Маття-латте - 1 шт.;Маття-латте - 1 шт.;Маття-латте - 1 шт.;350;;;;;;;;;;;;;;;;;;;;;;;;;;;;;;;;;;;;;;;;;;;;;;
14.07.2021;4030;;2 837;completed;Liambrown1993@gmail.com;14.07.2021;7;3;1100.0;587.0;800.0;;7;Маття-латте - 5 шт.;Фиточай с чабрецом - 4 пакетика;Фиточай с чабрецом - 4 пакетика;350;;;;;;;;;;;;;;;;;;;;;;;;;;;;;;;;;;;;;;;;;;;;;;
08.03.2021;1812;;3 240;completed;Lucasanderson88@outlook.com;08.03.2021;3;3;240.0;1100.0;1900.0;;3;Маття-латте - 1 шт.;Маття-латте - 5 шт.;Маття-латте - 5 шт.;0;;;;;;;;;;;;;;;;;;;;;;;;;;;;;;;;;;;;;;;;;;;;;;
15.09.2021;2835;;5 465;completed;Avataylor13@mail.ru;15.09.2021;9;3;4900.0;240.0;325.0;;9;Омолаживающий барсучий эликсир;Маття-латте - 1 шт.;Маття-латте - 1 шт.;0;;;;;;;;;;;;;;;;;;;;;;;;;;;;;;;;;;;;;;;;;;;;;;
06.11.2021;2545;;4 200;completed;Isabellajackson1993@mail.ru;21.09.2021;9;3;1100.0;1100.0;2000.0;;11;Маття-латте - 5 шт.;Маття-латте - 5 шт.;Омолаживающий барсучий эликсир;0;;;;;;;;;;;;;;;;;;;;;;;;;;;;;;;;;;;;;;;;;;;;;;
31.10.2021;3850;;1 665;completed;Alexandertaylor12@mail.ru;29.03.2021;3;3;240.0;1100.0;325.0;;10;Маття-латте - 1 шт.;Маття-латте - 5 шт.;Маття-латте - 1 шт.;0;;;;;;;;;;;;;;;;;;;;;;;;;;;;;;;;;;;;;;;;;;;;;;
20.02.2021;2644;;1 715;completed;Alexanderjackson2007@mail.ru;20.02.2021;2;3;325.0;800.0;240.0;;2;Маття-латте - 1 шт.;Фиточай с чабрецом - 4 пакетика;Маття-латте - 1 шт.;350;;;;;;;;;;;;;;;;;;;;;;;;;;;;;;;;;;;;;;;;;;;;;;
27.04.2021;1257;;3 424;completed;Isabellamoore13@yahoo.com;27.04.2021;4;3;1900.0;587.0;587.0;;4;Маття-латте - 5 шт.;Фиточай с чабрецом - 4 пакетика;Фиточай с чабрецом - 4 пакетика;350;;;;;;;;;;;;;;;;;;;;;;;;;;;;;;;;;;;;;;;;;;;;;;
14.04.2021;3134;;5 725;returned;Avamoore1993@yandex.ru;14.04.2021;4;3;1900.0;3500.0;325.0;;4;Маття-латте - 5 шт.;Омолаживающий барсучий эликсир;Маття-латте - 1 шт.;0;;;;;;;;;;;;;;;;;;;;;;;;;;;;;;;;;;;;;;;;;;;;;;
14.11.2021;3861;;9 500;completed;Liammartinez2007@yahoo.com;24.02.2021;2;3;4900.0;3500.0;1100.0;;11;Омолаживающий барсучий эликсир;Омолаживающий барсучий эликсир;Маття-латте - 5 шт.;0;;;;;;;;;;;;;;;;;;;;;;;;;;;;;;;;;;;;;;;;;;;;;;
27.07.2021;3070;;9 290;completed;sophiamoore69@gmail.com;27.07.2021;7;3;4900.0;890.0;3500.0;;7;Омолаживающий барсучий эликсир;Фиточай с чабрецом - 4 пакетика;Омолаживающий барсучий эликсир;0;;;;;;;;;;;;;;;;;;;;;;;;;;;;;;;;;;;;;;;;;;;;;;
03.02.2022;3670;;2 240;completed;Sophiataylor1987@mail.ru;22.07.2021;7;2;2000.0;;240.0;;14;Омолаживающий барсучий эликсир;Маття-латте - 1 шт.;Маття-латте - 1 шт.;0;;;;;;;;;;;;;;;;;;;;;;;;;;;;;;;;;;;;;;;;;;;;;;
07.09.2021;1324;;5 280;completed;Liammartinez1993@yandex.ru;25.07.2021;7;3;890.0;3500.0;890.0;;9;Фиточай с чабрецом - 4 пакетика;Омолаживающий барсучий эликсир;Фиточай с чабрецом - 4 пакетика;0;;;;;;;;;;;;;;;;;;;;;;;;;;;;;;;;;;;;;;;;;;;;;;
18.04.2021;2024;;5 575;returned;Lucasmoore66@mail.ru;18.04.2021;4;2;;4900.0;325.0;;4;Маття-латте - 1 шт.;Омолаживающий барсучий эликсир;Маття-латте - 1 шт.;350;;;;;;;;;;;;;;;;;;;;;;;;;;;;;;;;;;;;;;;;;;;;;;
09.01.2022;2065;;2 565;completed;avataylor0@gmail.com;09.01.2022;13;3;325.0;240.0;2000.0;;13;Маття-латте - 1 шт.;Маття-латте - 1 шт.;Омолаживающий барсучий эликсир;0;;;;;;;;;;;;;;;;;;;;;;;;;;;;;;;;;;;;;;;;;;;;;;
13.11.2021;2893;;6 940;completed;Lucaswilliams1993@outlook.com;01.07.2021;7;3;4900.0;800.0;890.0;;11;Омолаживающий барсучий эликсир;Фиточай с чабрецом - 4 пакетика;Фиточай с чабрецом - 4 пакетика;350;;;;;;;;;;;;;;;;;;;;;;;;;;;;;;;;;;;;;;;;;;;;;;
08.03.2021;2349;;10 400;completed;emmajackson0@gmail.com;08.03.2021;3;3;4900.0;2000.0;3500.0;;3;Омолаживающий барсучий эликсир;Омолаживающий барсучий эликсир;Омолаживающий барсучий эликсир;0;;;;;;;;;;;;;;;;;;;;;;;;;;;;;;;;;;;;;;;;;;;;;;
14.10.2021;2696;;5 400;completed;Williamjackson2007@outlook.com;14.10.2021;10;3;800.0;1100.0;3500.0;;10;Фиточай с чабрецом - 4 пакетика;Маття-латте - 5 шт.;Омолаживающий барсучий эликсир;0;;;;;;;;;;;;;;;;;;;;;;;;;;;;;;;;;;;;;;;;;;;;;;
27.02.2021;1734;;3 074;completed;Olivermoore66@outlook.com;27.02.2021;2;3;587.0;1900.0;587.0;;2;Фиточай с чабрецом - 4 пакетика;Маття-латте - 5 шт.;Фиточай с чабрецом - 4 пакетика;0;;;;;;;;;;;;;;;;;;;;;;;;;;;;;;;;;;;;;;;;;;;;;;
23.05.2021;3868;;565;completed;williamthomas13@gmail.com;23.05.2021;5;2;240.0;325.0;;;5;Маття-латте - 1 шт.;Маття-латте - 1 шт.;Маття-латте - 1 шт.;0;;;;;;;;;;;;;;;;;;;;;;;;;;;;;;;;;;;;;;;;;;;;;;
05.03.2021;1591;;7 750;returned;Liammartinez1993@outlook.com;05.03.2021;3;3;2000.0;1900.0;3500.0;;3;Омолаживающий барсучий эликсир;Маття-латте - 5 шт.;Омолаживающий барсучий эликсир;350;;;;;;;;;;;;;;;;;;;;;;;;;;;;;;;;;;;;;;;;;;;;;;
06.01.2022;2731;;8 000;completed;Alexandermoore13@yahoo.com;04.11.2021;11;3;2000.0;4900.0;1100.0;;13;Омолаживающий барсучий эликсир;Омолаживающий барсучий эликсир;Маття-латте - 5 шт.;0;;;;;;;;;;;;;;;;;;;;;;;;;;;;;;;;;;;;;;;;;;;;;;
26.07.2021;3408;;2 827;completed;Williammartinez13@yandex.ru;26.07.2021;7;3;240.0;587.0;2000.0;;7;Маття-латте - 1 шт.;Фиточай с чабрецом - 4 пакетика;Омолаживающий барсучий эликсир;0;;;;;;;;;;;;;;;;;;;;;;;;;;;;;;;;;;;;;;;;;;;;;;
06.01.2022;3728;;11 800;completed;Emmaanderson0@mail.ru;06.01.2022;13;3;2000.0;4900.0;4900.0;;13;Омолаживающий барсучий эликсир;Омолаживающий барсучий эликсир;Омолаживающий барсучий эликсир;0;;;;;;;;;;;;;;;;;;;;;;;;;;;;;;;;;;;;;;;;;;;;;;
26.01.2022;4144;;1 477;completed;Sophiamoore13@outlook.com;09.01.2022;13;2;;890.0;587.0;;13;Маття-латте - 1 шт.;Фиточай с чабрецом - 4 пакетика;Фиточай с чабрецом - 4 пакетика;0;;;;;;;;;;;;;;;;;;;;;;;;;;;;;;;;;;;;;;;;;;;;;;
29.10.2021;4012;;912;completed;Charlottewilliams66@outlook.com;25.08.2021;8;2;;587.0;325.0;;10;Маття-латте - 1 шт.;Фиточай с чабрецом - 4 пакетика;Маття-латте - 1 шт.;0;;;;;;;;;;;;;;;;;;;;;;;;;;;;;;;;;;;;;;;;;;;;;;
26.09.2021;2827;;6 900;completed;liamanderson1993@yahoo.com;21.09.2021;9;2;;4900.0;2000.0;;9;Маття-латте - 1 шт.;Омолаживающий барсучий эликсир;Омолаживающий барсучий эликсир;0;;;;;;;;;;;;;;;;;;;;;;;;;;;;;;;;;;;;;;;;;;;;;;
18.07.2021;3111;;4 840;completed;emmaanderson69@gmail.com;18.07.2021;7;3;3500.0;1100.0;240.0;;7;Омолаживающий барсучий эликсир;Маття-латте - 5 шт.;Маття-латте - 1 шт.;0;;;;;;;;;;;;;;;;;;;;;;;;;;;;;;;;;;;;;;;;;;;;;;
28.08.2021;1847;;2 800;completed;Sophiaanderson13@outlook.com;28.08.2021;8;2;800.0;;2000.0;;8;Фиточай с чабрецом - 4 пакетика;Маття-латте - 1 шт.;Омолаживающий барсучий эликсир;0;;;;;;;;;;;;;;;;;;;;;;;;;;;;;;;;;;;;;;;;;;;;;;
03.05.2021;4195;;5 825;returned;Charlottesmith88@mail.ru;03.05.2021;5;3;3500.0;2000.0;325.0;;5;Омолаживающий барсучий эликсир;Омолаживающий барсучий эликсир;Маття-латте - 1 шт.;0;;;;;;;;;;;;;;;;;;;;;;;;;;;;;;;;;;;;;;;;;;;;;;
20.01.2022;1877;;3 590;completed;Alexanderjackson12@outlook.com;29.11.2021;11;3;890.0;1900.0;800.0;;13;Фиточай с чабрецом - 4 пакетика;Маття-латте - 5 шт.;Фиточай с чабрецом - 4 пакетика;0;;;;;;;;;;;;;;;;;;;;;;;;;;;;;;;;;;;;;;;;;;;;;;
05.11.2021;2377;;1 280;returned;Charlottemartinez1987@outlook.com;25.03.2021;3;3;800.0;240.0;240.0;;11;Фиточай с чабрецом - 4 пакетика;Маття-латте - 1 шт.;Маття-латте - 1 шт.;0;;;;;;;;;;;;;;;;;;;;;;;;;;;;;;;;;;;;;;;;;;;;;;
03.11.2021;3051;;7 250;completed;Williammoore88@outlook.com;03.11.2021;11;2;2000.0;;4900.0;;11;Омолаживающий барсучий эликсир;Маття-латте - 1 шт.;Омолаживающий барсучий эликсир;350;;;;;;;;;;;;;;;;;;;;;;;;;;;;;;;;;;;;;;;;;;;;;;
17.06.2021;1909;;3 637;completed;Williamwilliams2007@yandex.ru;17.06.2021;6;3;1900.0;587.0;800.0;;6;Маття-латте - 5 шт.;Фиточай с чабрецом - 4 пакетика;Фиточай с чабрецом - 4 пакетика;350;;;;;;;;;;;;;;;;;;;;;;;;;;;;;;;;;;;;;;;;;;;;;;
23.04.2021;1961;;6 800;completed;Liamlopez69@yandex.ru;23.04.2021;4;2;1900.0;4900.0;;;4;Маття-латте - 5 шт.;Омолаживающий барсучий эликсир;Маття-латте - 1 шт.;0;;;;;;;;;;;;;;;;;;;;;;;;;;;;;;;;;;;;;;;;;;;;;;
23.12.2021;2505;;9 500;completed;Charlottemartinez33@yandex.ru;10.10.2021;10;3;1100.0;3500.0;4900.0;;12;Маття-латте - 5 шт.;Омолаживающий барсучий эликсир;Омолаживающий барсучий эликсир;0;;;;;;;;;;;;;;;;;;;;;;;;;;;;;;;;;;;;;;;;;;;;;;
16.12.2021;3520;;6 200;completed;olivertaylor12@gmail.com;19.05.2021;5;3;1900.0;3500.0;800.0;;12;Маття-латте - 5 шт.;Омолаживающий барсучий эликсир;Фиточай с чабрецом - 4 пакетика;0;;;;;;;;;;;;;;;;;;;;;;;;;;;;;;;;;;;;;;;;;;;;;;
20.06.2021;2113;;2 700;completed;Liamwilliams88@outlook.com;20.06.2021;6;2;800.0;;1900.0;;6;Фиточай с чабрецом - 4 пакетика;Маття-латте - 1 шт.;Маття-латте - 5 шт.;0;;;;;;;;;;;;;;;;;;;;;;;;;;;;;;;;;;;;;;;;;;;;;;
20.01.2022;3613;;6 087;completed;isabellalopez69@gmail.com;04.03.2021;3;3;2000.0;3500.0;587.0;;13;Омолаживающий барсучий эликсир;Омолаживающий барсучий эликсир;Фиточай с чабрецом - 4 пакетика;0;;;;;;;;;;;;;;;;;;;;;;;;;;;;;;;;;;;;;;;;;;;;;;
06.08.2021;2099;;5 940;completed;lucasmartinez12@gmail.com;06.08.2021;8;3;4900.0;800.0;240.0;;8;Омолаживающий барсучий эликсир;Фиточай с чабрецом - 4 пакетика;Маття-латте - 1 шт.;0;;;;;;;;;;;;;;;;;;;;;;;;;;;;;;;;;;;;;;;;;;;;;;
09.06.2021;2454;;1 802;completed;Avabrown69@yandex.ru;09.06.2021;6;3;890.0;325.0;587.0;;6;Фиточай с чабрецом - 4 пакетика;Маття-латте - 1 шт.;Фиточай с чабрецом - 4 пакетика;0;;;;;;;;;;;;;;;;;;;;;;;;;;;;;;;;;;;;;;;;;;;;;;
27.12.2021;1894;;2 367;completed;Charlottemartinez1987@yahoo.com;22.02.2021;2;3;890.0;890.0;587.0;;12;Фиточай с чабрецом - 4 пакетика;Фиточай с чабрецом - 4 пакетика;Фиточай с чабрецом - 4 пакетика;0;;;;;;;;;;;;;;;;;;;;;;;;;;;;;;;;;;;;;;;;;;;;;;
01.04.2021;1271;;9 337;completed;Lucassmith1993@yahoo.com;01.04.2021;4;3;3500.0;587.0;4900.0;;4;Омолаживающий барсучий эликсир;Фиточай с чабрецом - 4 пакетика;Омолаживающий барсучий эликсир;350;;;;;;;;;;;;;;;;;;;;;;;;;;;;;;;;;;;;;;;;;;;;;;
10.09.2021;3195;;5 150;completed;oliverlopez33@gmail.com;02.08.2021;8;3;2000.0;2000.0;800.0;;9;Омолаживающий барсучий эликсир;Омолаживающий барсучий эликсир;Фиточай с чабрецом - 4 пакетика;350;;;;;;;;;;;;;;;;;;;;;;;;;;;;;;;;;;;;;;;;;;;;;;
17.08.2021;1472;;4 630;completed;Charlottethomas88@yandex.ru;17.08.2021;8;3;240.0;3500.0;890.0;;8;Маття-латте - 1 шт.;Омолаживающий барсучий эликсир;Фиточай с чабрецом - 4 пакетика;0;;;;;;;;;;;;;;;;;;;;;;;;;;;;;;;;;;;;;;;;;;;;;;
06.01.2022;3719;;1 414;completed;Isabellathomas69@outlook.com;06.01.2022;13;3;587.0;587.0;240.0;;13;Фиточай с чабрецом - 4 пакетика;Фиточай с чабрецом - 4 пакетика;Маття-латте - 1 шт.;0;;;;;;;;;;;;;;;;;;;;;;;;;;;;;;;;;;;;;;;;;;;;;;
23.02.2021;2317;;7 475;returned;Liamlopez13@outlook.com;23.02.2021;2;3;325.0;4900.0;1900.0;;2;Маття-латте - 1 шт.;Омолаживающий барсучий эликсир;Маття-латте - 5 шт.;350;;;;;;;;;;;;;;;;;;;;;;;;;;;;;;;;;;;;;;;;;;;;;;
30.07.2021;1408;;2 577;completed;Isabellamoore2007@outlook.com;30.07.2021;7;3;890.0;1100.0;587.0;;7;Фиточай с чабрецом - 4 пакетика;Маття-латте - 5 шт.;Фиточай с чабрецом - 4 пакетика;0;;;;;;;;;;;;;;;;;;;;;;;;;;;;;;;;;;;;;;;;;;;;;;
26.06.2021;3599;;8 400;completed;charlottejackson66@gmail.com;20.04.2021;4;2;3500.0;4900.0;;;6;Омолаживающий барсучий эликсир;Омолаживающий барсучий эликсир;Маття-латте - 1 шт.;0;;;;;;;;;;;;;;;;;;;;;;;;;;;;;;;;;;;;;;;;;;;;;;
17.06.2021;1867;;7 250;completed;Lucastaylor33@outlook.com;17.06.2021;6;2;4900.0;;2000.0;;6;Омолаживающий барсучий эликсир;Маття-латте - 1 шт.;Омолаживающий барсучий эликсир;350;;;;;;;;;;;;;;;;;;;;;;;;;;;;;;;;;;;;;;;;;;;;;;
12.12.2021;2473;;7 690;completed;Lucasthomas2007@mail.ru;12.12.2021;12;3;890.0;1900.0;4900.0;;12;Фиточай с чабрецом - 4 пакетика;Маття-латте - 5 шт.;Омолаживающий барсучий эликсир;0;;;;;;;;;;;;;;;;;;;;;;;;;;;;;;;;;;;;;;;;;;;;;;
22.07.2021;2433;;2 837;completed;Sophiasmith1993@mail.ru;04.05.2021;5;3;1100.0;587.0;800.0;;7;Маття-латте - 5 шт.;Фиточай с чабрецом - 4 пакетика;Фиточай с чабрецом - 4 пакетика;350;;;;;;;;;;;;;;;;;;;;;;;;;;;;;;;;;;;;;;;;;;;;;;
06.10.2021;2908;;1 690;completed;Lucasmoore88@yahoo.com;16.05.2021;5;2;240.0;;1100.0;;10;Маття-латте - 1 шт.;Маття-латте - 1 шт.;Маття-латте - 5 шт.;350;;;;;;;;;;;;;;;;;;;;;;;;;;;;;;;;;;;;;;;;;;;;;;
25.10.2021;2703;;3 590;completed;Avalopez13@yahoo.com;27.03.2021;3;3;800.0;1900.0;890.0;;10;Фиточай с чабрецом - 4 пакетика;Маття-латте - 5 шт.;Фиточай с чабрецом - 4 пакетика;0;;;;;;;;;;;;;;;;;;;;;;;;;;;;;;;;;;;;;;;;;;;;;;
11.11.2021;2564;;3 090;completed;lucastaylor13@gmail.com;07.09.2021;9;3;890.0;1100.0;1100.0;;11;Фиточай с чабрецом - 4 пакетика;Маття-латте - 5 шт.;Маття-латте - 5 шт.;0;;;;;;;;;;;;;;;;;;;;;;;;;;;;;;;;;;;;;;;;;;;;;;
12.08.2021;3904;;2 277;returned;Charlottesmith69@mail.ru;02.06.2021;6;3;890.0;800.0;587.0;;8;Фиточай с чабрецом - 4 пакетика;Фиточай с чабрецом - 4 пакетика;Фиточай с чабрецом - 4 пакетика;0;;;;;;;;;;;;;;;;;;;;;;;;;;;;;;;;;;;;;;;;;;;;;;
19.07.2021;3351;;325;completed;Emmamoore1987@yahoo.com;19.07.2021;7;1;325.0;;;;7;Маття-латте - 1 шт.;Маття-латте - 1 шт.;Маття-латте - 1 шт.;0;;;;;;;;;;;;;;;;;;;;;;;;;;;;;;;;;;;;;;;;;;;;;;
27.09.2021;2344;;10 300;completed;oliveranderson2007@gmail.com;07.05.2021;5;3;3500.0;1900.0;4900.0;;9;Омолаживающий барсучий эликсир;Маття-латте - 5 шт.;Омолаживающий барсучий эликсир;0;;;;;;;;;;;;;;;;;;;;;;;;;;;;;;;;;;;;;;;;;;;;;;
07.06.2021;2307;;3 424;completed;Isabellataylor69@yandex.ru;07.06.2021;6;3;587.0;1900.0;587.0;;6;Фиточай с чабрецом - 4 пакетика;Маття-латте - 5 шт.;Фиточай с чабрецом - 4 пакетика;350;;;;;;;;;;;;;;;;;;;;;;;;;;;;;;;;;;;;;;;;;;;;;;
17.12.2021;2316;;10 690;returned;Williamjackson1987@mail.ru;20.02.2021;2;3;890.0;4900.0;4900.0;;12;Фиточай с чабрецом - 4 пакетика;Омолаживающий барсучий эликсир;Омолаживающий барсучий эликсир;0;;;;;;;;;;;;;;;;;;;;;;;;;;;;;;;;;;;;;;;;;;;;;;
07.07.2021;2556;;1 524;completed;Alexandermoore2007@yahoo.com;07.07.2021;7;2;587.0;;587.0;;7;Фиточай с чабрецом - 4 пакетика;Маття-латте - 1 шт.;Фиточай с чабрецом - 4 пакетика;350;;;;;;;;;;;;;;;;;;;;;;;;;;;;;;;;;;;;;;;;;;;;;;
23.04.2021;2415;;2 000;completed;avataylor66@gmail.com;23.04.2021;4;1;;2000.0;;;4;Маття-латте - 1 шт.;Омолаживающий барсучий эликсир;Маття-латте - 1 шт.;0;;;;;;;;;;;;;;;;;;;;;;;;;;;;;;;;;;;;;;;;;;;;;;
19.06.2021;1368;;2 730;returned;Isabellathomas1993@yahoo.com;19.06.2021;6;3;240.0;240.0;1900.0;;6;Маття-латте - 1 шт.;Маття-латте - 1 шт.;Маття-латте - 5 шт.;350;;;;;;;;;;;;;;;;;;;;;;;;;;;;;;;;;;;;;;;;;;;;;;
26.04.2021;2891;;4 790;completed;Alexandertaylor12@outlook.com;25.02.2021;2;3;890.0;1900.0;2000.0;;4;Фиточай с чабрецом - 4 пакетика;Маття-латте - 5 шт.;Омолаживающий барсучий эликсир;0;;;;;;;;;;;;;;;;;;;;;;;;;;;;;;;;;;;;;;;;;;;;;;
23.03.2021;3997;;3 477;completed;Charlottethomas0@outlook.com;23.03.2021;3;3;587.0;2000.0;890.0;;3;Фиточай с чабрецом - 4 пакетика;Омолаживающий барсучий эликсир;Фиточай с чабрецом - 4 пакетика;0;;;;;;;;;;;;;;;;;;;;;;;;;;;;;;;;;;;;;;;;;;;;;;
23.01.2022;1656;;6 200;completed;Emmamoore1987@outlook.com;20.08.2021;8;3;1900.0;3500.0;800.0;;13;Маття-латте - 5 шт.;Омолаживающий барсучий эликсир;Фиточай с чабрецом - 4 пакетика;0;;;;;;;;;;;;;;;;;;;;;;;;;;;;;;;;;;;;;;;;;;;;;;
07.11.2021;1325;;3 287;completed;liamsmith0@gmail.com;15.03.2021;3;3;800.0;587.0;1900.0;;11;Фиточай с чабрецом - 4 пакетика;Фиточай с чабрецом - 4 пакетика;Маття-латте - 5 шт.;0;;;;;;;;;;;;;;;;;;;;;;;;;;;;;;;;;;;;;;;;;;;;;;
08.05.2021;2117;;6 087;completed;Williamthomas2007@mail.ru;08.05.2021;5;3;587.0;3500.0;2000.0;;5;Фиточай с чабрецом - 4 пакетика;Омолаживающий барсучий эликсир;Омолаживающий барсучий эликсир;0;;;;;;;;;;;;;;;;;;;;;;;;;;;;;;;;;;;;;;;;;;;;;;
12.08.2021;1842;;912;completed;Liamlopez1993@outlook.com;20.02.2021;2;2;587.0;;325.0;;8;Фиточай с чабрецом - 4 пакетика;Маття-латте - 1 шт.;Маття-латте - 1 шт.;0;;;;;;;;;;;;;;;;;;;;;;;;;;;;;;;;;;;;;;;;;;;;;;
16.12.2021;1452;;6 087;completed;Williamanderson2007@yahoo.com;06.06.2021;6;3;3500.0;587.0;2000.0;;12;Омолаживающий барсучий эликсир;Фиточай с чабрецом - 4 пакетика;Омолаживающий барсучий эликсир;0;;;;;;;;;;;;;;;;;;;;;;;;;;;;;;;;;;;;;;;;;;;;;;
29.07.2021;2378;;9 075;returned;Isabellaanderson13@outlook.com;29.07.2021;7;3;3500.0;4900.0;325.0;;7;Омолаживающий барсучий эликсир;Омолаживающий барсучий эликсир;Маття-латте - 1 шт.;350;;;;;;;;;;;;;;;;;;;;;;;;;;;;;;;;;;;;;;;;;;;;;;
09.10.2021;2110;;2 015;completed;emmawilliams1987@yahoo.com;12.08.2021;8;3;240.0;1100.0;325.0;;10;Маття-латте - 1 шт.;Маття-латте - 5 шт.;Маття-латте - 1 шт.;350;;;;;;;;;;;;;;;;;;;;;;;;;;;;;;;;;;;;;;;;;;;;;;
15.07.2021;3121;;7 387;completed;Avamoore33@yandex.ru;02.07.2021;7;3;4900.0;587.0;1900.0;;7;Омолаживающий барсучий эликсир;Фиточай с чабрецом - 4 пакетика;Маття-латте - 5 шт.;0;;;;;;;;;;;;;;;;;;;;;;;;;;;;;;;;;;;;;;;;;;;;;;
01.10.2021;1656;;6 077;completed;Emmamoore1987@outlook.com;20.08.2021;8;3;587.0;240.0;4900.0;;10;Фиточай с чабрецом - 4 пакетика;Маття-латте - 1 шт.;Омолаживающий барсучий эликсир;350;;;;;;;;;;;;;;;;;;;;;;;;;;;;;;;;;;;;;;;;;;;;;;
15.09.2021;1773;;6 350;completed;Oliverwilliams13@mail.ru;31.03.2021;3;3;2000.0;2000.0;2000.0;;9;Омолаживающий барсучий эликсир;Омолаживающий барсучий эликсир;Омолаживающий барсучий эликсир;350;;;;;;;;;;;;;;;;;;;;;;;;;;;;;;;;;;;;;;;;;;;;;;
02.04.2021;2934;;2 565;completed;Isabellajackson12@outlook.com;17.03.2021;3;3;325.0;2000.0;240.0;;4;Маття-латте - 1 шт.;Омолаживающий барсучий эликсир;Маття-латте - 1 шт.;0;;;;;;;;;;;;;;;;;;;;;;;;;;;;;;;;;;;;;;;;;;;;;;
18.07.2021;1424;;4 040;completed;Alexanderjackson12@outlook.com;18.07.2021;7;3;2000.0;800.0;890.0;;7;Омолаживающий барсучий эликсир;Фиточай с чабрецом - 4 пакетика;Фиточай с чабрецом - 4 пакетика;350;;;;;;;;;;;;;;;;;;;;;;;;;;;;;;;;;;;;;;;;;;;;;;
19.06.2021;3539;;6 175;completed;Sophiathomas1993@mail.ru;02.05.2021;5;3;325.0;3500.0;2000.0;;6;Маття-латте - 1 шт.;Омолаживающий барсучий эликсир;Омолаживающий барсучий эликсир;350;;;;;;;;;;;;;;;;;;;;;;;;;;;;;;;;;;;;;;;;;;;;;;
04.09.2021;2805;;2 787;completed;Avataylor1993@outlook.com;30.06.2021;6;3;587.0;1100.0;1100.0;;9;Фиточай с чабрецом - 4 пакетика;Маття-латте - 5 шт.;Маття-латте - 5 шт.;0;;;;;;;;;;;;;;;;;;;;;;;;;;;;;;;;;;;;;;;;;;;;;;
25.05.2021;2658;;5 040;completed;Sophiajackson69@outlook.com;25.05.2021;5;3;1900.0;1900.0;890.0;;5;Маття-латте - 5 шт.;Маття-латте - 5 шт.;Фиточай с чабрецом - 4 пакетика;350;;;;;;;;;;;;;;;;;;;;;;;;;;;;;;;;;;;;;;;;;;;;;;
01.05.2021;1359;;6 465;completed;williambrown88@gmail.com;01.05.2021;5;3;325.0;4900.0;890.0;;5;Маття-латте - 1 шт.;Омолаживающий барсучий эликсир;Фиточай с чабрецом - 4 пакетика;350;;;;;;;;;;;;;;;;;;;;;;;;;;;;;;;;;;;;;;;;;;;;;;
10.12.2021;2183;;3 130;completed;Liamwilliams88@yandex.ru;23.11.2021;11;3;890.0;2000.0;240.0;;12;Фиточай с чабрецом - 4 пакетика;Омолаживающий барсучий эликсир;Маття-латте - 1 шт.;0;;;;;;;;;;;;;;;;;;;;;;;;;;;;;;;;;;;;;;;;;;;;;;
14.04.2021;4027;;5 465;completed;Alexanderwilliams88@yandex.ru;14.04.2021;4;3;240.0;325.0;4900.0;;4;Маття-латте - 1 шт.;Маття-латте - 1 шт.;Омолаживающий барсучий эликсир;0;;;;;;;;;;;;;;;;;;;;;;;;;;;;;;;;;;;;;;;;;;;;;;
10.10.2021;3086;;4 900;completed;Alexanderanderson2007@yahoo.com;10.10.2021;10;3;1900.0;1100.0;1900.0;;10;Маття-латте - 5 шт.;Маття-латте - 5 шт.;Маття-латте - 5 шт.;0;;;;;;;;;;;;;;;;;;;;;;;;;;;;;;;;;;;;;;;;;;;;;;
12.03.2021;2296;;3 990;completed;Isabellalopez1987@yandex.ru;12.03.2021;3;3;1100.0;890.0;2000.0;;3;Маття-латте - 5 шт.;Фиточай с чабрецом - 4 пакетика;Омолаживающий барсучий эликсир;0;;;;;;;;;;;;;;;;;;;;;;;;;;;;;;;;;;;;;;;;;;;;;;
21.10.2021;3328;;2 225;completed;Avathomas13@yahoo.com;21.10.2021;10;3;325.0;1100.0;800.0;;10;Маття-латте - 1 шт.;Маття-латте - 5 шт.;Фиточай с чабрецом - 4 пакетика;0;;;;;;;;;;;;;;;;;;;;;;;;;;;;;;;;;;;;;;;;;;;;;;
03.01.2022;1935;;3 477;completed;Emmamoore69@yahoo.com;03.01.2022;13;3;890.0;587.0;2000.0;;13;Фиточай с чабрецом - 4 пакетика;Фиточай с чабрецом - 4 пакетика;Омолаживающий барсучий эликсир;0;;;;;;;;;;;;;;;;;;;;;;;;;;;;;;;;;;;;;;;;;;;;;;
18.02.2021;3918;;6 890;completed;Emmamartinez0@outlook.com;18.02.2021;2;3;1100.0;4900.0;890.0;;2;Маття-латте - 5 шт.;Омолаживающий барсучий эликсир;Фиточай с чабрецом - 4 пакетика;0;;;;;;;;;;;;;;;;;;;;;;;;;;;;;;;;;;;;;;;;;;;;;;
08.09.2021;3569;;1 627;completed;Charlottethomas13@outlook.com;08.09.2021;9;3;240.0;587.0;800.0;;9;Маття-латте - 1 шт.;Фиточай с чабрецом - 4 пакетика;Фиточай с чабрецом - 4 пакетика;0;;;;;;;;;;;;;;;;;;;;;;;;;;;;;;;;;;;;;;;;;;;;;;
21.06.2021;2294;;1 565;completed;Williamjackson69@yandex.ru;21.06.2021;6;2;890.0;;325.0;;6;Фиточай с чабрецом - 4 пакетика;Маття-латте - 1 шт.;Маття-латте - 1 шт.;350;;;;;;;;;;;;;;;;;;;;;;;;;;;;;;;;;;;;;;;;;;;;;;
03.09.2021;2829;;4 900;completed;Olivertaylor1987@mail.ru;18.04.2021;4;3;1900.0;1900.0;1100.0;;9;Маття-латте - 5 шт.;Маття-латте - 5 шт.;Маття-латте - 5 шт.;0;;;;;;;;;;;;;;;;;;;;;;;;;;;;;;;;;;;;;;;;;;;;;;
12.10.2021;2470;;5 812;returned;Emmalopez1993@yahoo.com;12.10.2021;10;3;325.0;4900.0;587.0;;10;Маття-латте - 1 шт.;Омолаживающий барсучий эликсир;Фиточай с чабрецом - 4 пакетика;0;;;;;;;;;;;;;;;;;;;;;;;;;;;;;;;;;;;;;;;;;;;;;;
24.01.2022;3349;;5 450;completed;alexanderthomas66@gmail.com;16.08.2021;8;3;2000.0;2000.0;1100.0;;13;Омолаживающий барсучий эликсир;Омолаживающий барсучий эликсир;Маття-латте - 5 шт.;350;;;;;;;;;;;;;;;;;;;;;;;;;;;;;;;;;;;;;;;;;;;;;;
18.04.2021;2514;;1 425;completed;Avathomas1993@outlook.com;13.04.2021;4;2;;1100.0;325.0;;4;Маття-латте - 1 шт.;Маття-латте - 5 шт.;Маття-латте - 1 шт.;0;;;;;;;;;;;;;;;;;;;;;;;;;;;;;;;;;;;;;;;;;;;;;;
23.06.2021;2839;;3 740;completed;Alexanderthomas33@outlook.com;25.03.2021;3;2;;3500.0;240.0;;6;Маття-латте - 1 шт.;Омолаживающий барсучий эликсир;Маття-латте - 1 шт.;0;;;;;;;;;;;;;;;;;;;;;;;;;;;;;;;;;;;;;;;;;;;;;;
18.03.2021;4073;;3 100;completed;Avalopez69@yandex.ru;18.03.2021;3;2;;1100.0;2000.0;;3;Маття-латте - 1 шт.;Маття-латте - 5 шт.;Омолаживающий барсучий эликсир;0;;;;;;;;;;;;;;;;;;;;;;;;;;;;;;;;;;;;;;;;;;;;;;
17.07.2021;1705;;3 150;completed;Lucasmoore33@yahoo.com;17.07.2021;7;2;;2000.0;800.0;;7;Маття-латте - 1 шт.;Омолаживающий барсучий эликсир;Фиточай с чабрецом - 4 пакетика;350;;;;;;;;;;;;;;;;;;;;;;;;;;;;;;;;;;;;;;;;;;;;;;
10.04.2021;3036;;5 487;completed;Oliverbrown0@yahoo.com;27.03.2021;3;2;;587.0;4900.0;;4;Маття-латте - 1 шт.;Фиточай с чабрецом - 4 пакетика;Омолаживающий барсучий эликсир;0;;;;;;;;;;;;;;;;;;;;;;;;;;;;;;;;;;;;;;;;;;;;;;
05.04.2021;3305;;1 627;returned;williamtaylor1993@gmail.com;05.04.2021;4;3;587.0;240.0;800.0;;4;Фиточай с чабрецом - 4 пакетика;Маття-латте - 1 шт.;Фиточай с чабрецом - 4 пакетика;0;;;;;;;;;;;;;;;;;;;;;;;;;;;;;;;;;;;;;;;;;;;;;;
19.02.2021;1818;;13 300;completed;Isabellalopez12@outlook.com;19.02.2021;2;3;3500.0;4900.0;4900.0;;2;Омолаживающий барсучий эликсир;Омолаживающий барсучий эликсир;Омолаживающий барсучий эликсир;0;;;;;;;;;;;;;;;;;;;;;;;;;;;;;;;;;;;;;;;;;;;;;;
01.06.2021;2081;;2 587;completed;Liamthomas13@outlook.com;02.04.2021;4;2;587.0;;2000.0;;6;Фиточай с чабрецом - 4 пакетика;Маття-латте - 1 шт.;Омолаживающий барсучий эликсир;0;;;;;;;;;;;;;;;;;;;;;;;;;;;;;;;;;;;;;;;;;;;;;;
01.04.2021;3386;;2 400;completed;Avajackson1987@yahoo.com;26.02.2021;2;3;800.0;800.0;800.0;;4;Фиточай с чабрецом - 4 пакетика;Фиточай с чабрецом - 4 пакетика;Фиточай с чабрецом - 4 пакетика;0;;;;;;;;;;;;;;;;;;;;;;;;;;;;;;;;;;;;;;;;;;;;;;
20.06.2021;3614;;1 717;completed;Avaanderson0@outlook.com;20.06.2021;6;3;890.0;587.0;240.0;;6;Фиточай с чабрецом - 4 пакетика;Фиточай с чабрецом - 4 пакетика;Маття-латте - 1 шт.;0;;;;;;;;;;;;;;;;;;;;;;;;;;;;;;;;;;;;;;;;;;;;;;
26.01.2022;1532;;3 690;completed;Olivermoore2007@mail.ru;05.10.2021;10;3;2000.0;800.0;890.0;;13;Омолаживающий барсучий эликсир;Фиточай с чабрецом - 4 пакетика;Фиточай с чабрецом - 4 пакетика;0;;;;;;;;;;;;;;;;;;;;;;;;;;;;;;;;;;;;;;;;;;;;;;
31.12.2021;3462;;1 370;completed;Avataylor2007@yahoo.com;11.07.2021;7;3;890.0;240.0;240.0;;12;Фиточай с чабрецом - 4 пакетика;Маття-латте - 1 шт.;Маття-латте - 1 шт.;0;;;;;;;;;;;;;;;;;;;;;;;;;;;;;;;;;;;;;;;;;;;;;;
20.12.2021;1261;;7 500;completed;Emmataylor2007@yahoo.com;02.07.2021;7;3;2000.0;2000.0;3500.0;;12;Омолаживающий барсучий эликсир;Омолаживающий барсучий эликсир;Омолаживающий барсучий эликсир;0;;;;;;;;;;;;;;;;;;;;;;;;;;;;;;;;;;;;;;;;;;;;;;
08.09.2021;2476;;4 150;completed;Avathomas0@mail.ru;08.09.2021;9;3;1100.0;800.0;1900.0;;9;Маття-латте - 5 шт.;Фиточай с чабрецом - 4 пакетика;Маття-латте - 5 шт.;350;;;;;;;;;;;;;;;;;;;;;;;;;;;;;;;;;;;;;;;;;;;;;;
17.10.2021;1559;;4 500;completed;Liamsmith69@yandex.ru;05.03.2021;3;3;3500.0;325.0;325.0;;10;Омолаживающий барсучий эликсир;Маття-латте - 1 шт.;Маття-латте - 1 шт.;350;;;;;;;;;;;;;;;;;;;;;;;;;;;;;;;;;;;;;;;;;;;;;;
10.12.2021;2852;;2 274;completed;Liammartinez1987@outlook.com;10.12.2021;12;3;1100.0;587.0;587.0;;12;Маття-латте - 5 шт.;Фиточай с чабрецом - 4 пакетика;Фиточай с чабрецом - 4 пакетика;0;;;;;;;;;;;;;;;;;;;;;;;;;;;;;;;;;;;;;;;;;;;;;;
08.12.2021;2717;;3 600;completed;Charlottelopez2007@yandex.ru;09.07.2021;7;3;2000.0;800.0;800.0;;12;Омолаживающий барсучий эликсир;Фиточай с чабрецом - 4 пакетика;Фиточай с чабрецом - 4 пакетика;0;;;;;;;;;;;;;;;;;;;;;;;;;;;;;;;;;;;;;;;;;;;;;;
06.10.2021;2294;;2 790;completed;Williamjackson69@yandex.ru;21.06.2021;6;3;890.0;1100.0;800.0;;10;Фиточай с чабрецом - 4 пакетика;Маття-латте - 5 шт.;Фиточай с чабрецом - 4 пакетика;0;;;;;;;;;;;;;;;;;;;;;;;;;;;;;;;;;;;;;;;;;;;;;;
11.04.2021;2346;;3 325;completed;Charlottemartinez2007@outlook.com;11.04.2021;4;3;1900.0;1100.0;325.0;;4;Маття-латте - 5 шт.;Маття-латте - 5 шт.;Маття-латте - 1 шт.;0;;;;;;;;;;;;;;;;;;;;;;;;;;;;;;;;;;;;;;;;;;;;;;
20.01.2022;3444;;5 187;completed;Liammoore0@yahoo.com;15.07.2021;7;3;587.0;1100.0;3500.0;;13;Фиточай с чабрецом - 4 пакетика;Маття-латте - 5 шт.;Омолаживающий барсучий эликсир;0;;;;;;;;;;;;;;;;;;;;;;;;;;;;;;;;;;;;;;;;;;;;;;
11.06.2021;3753;;4 625;completed;Avajackson33@mail.ru;11.06.2021;6;3;325.0;800.0;3500.0;;6;Маття-латте - 1 шт.;Фиточай с чабрецом - 4 пакетика;Омолаживающий барсучий эликсир;0;;;;;;;;;;;;;;;;;;;;;;;;;;;;;;;;;;;;;;;;;;;;;;
22.07.2021;2766;;7 737;completed;Williamwilliams13@outlook.com;22.07.2021;7;3;4900.0;587.0;1900.0;;7;Омолаживающий барсучий эликсир;Фиточай с чабрецом - 4 пакетика;Маття-латте - 5 шт.;350;;;;;;;;;;;;;;;;;;;;;;;;;;;;;;;;;;;;;;;;;;;;;;
16.07.2021;2735;;8 000;completed;Olivermartinez0@mail.ru;26.06.2021;6;3;4900.0;1100.0;2000.0;;7;Омолаживающий барсучий эликсир;Маття-латте - 5 шт.;Омолаживающий барсучий эликсир;0;;;;;;;;;;;;;;;;;;;;;;;;;;;;;;;;;;;;;;;;;;;;;;
13.10.2021;1873;;2 105;completed;Oliverjackson1987@yandex.ru;13.10.2021;10;3;325.0;890.0;890.0;;10;Маття-латте - 1 шт.;Фиточай с чабрецом - 4 пакетика;Фиточай с чабрецом - 4 пакетика;0;;;;;;;;;;;;;;;;;;;;;;;;;;;;;;;;;;;;;;;;;;;;;;
06.11.2021;3629;;2 700;completed;Charlotteanderson12@mail.ru;06.11.2021;11;2;800.0;1900.0;;;11;Фиточай с чабрецом - 4 пакетика;Маття-латте - 5 шт.;Маття-латте - 1 шт.;0;;;;;;;;;;;;;;;;;;;;;;;;;;;;;;;;;;;;;;;;;;;;;;
09.12.2021;1264;;2 790;completed;Williambrown0@outlook.com;09.12.2021;12;3;1100.0;890.0;800.0;;12;Маття-латте - 5 шт.;Фиточай с чабрецом - 4 пакетика;Фиточай с чабрецом - 4 пакетика;0;;;;;;;;;;;;;;;;;;;;;;;;;;;;;;;;;;;;;;;;;;;;;;
29.06.2021;3418;;5 280;completed;Williamsmith13@mail.ru;29.06.2021;6;3;3500.0;890.0;890.0;;6;Омолаживающий барсучий эликсир;Фиточай с чабрецом - 4 пакетика;Фиточай с чабрецом - 4 пакетика;0;;;;;;;;;;;;;;;;;;;;;;;;;;;;;;;;;;;;;;;;;;;;;;
16.09.2021;1439;;9 550;completed;Charlottemartinez13@yandex.ru;16.09.2021;9;3;4900.0;3500.0;800.0;;9;Омолаживающий барсучий эликсир;Омолаживающий барсучий эликсир;Фиточай с чабрецом - 4 пакетика;350;;;;;;;;;;;;;;;;;;;;;;;;;;;;;;;;;;;;;;;;;;;;;;
20.08.2021;1656;;7 140;completed;Emmamoore1987@outlook.com;20.08.2021;8;3;2000.0;4900.0;240.0;;8;Омолаживающий барсучий эликсир;Омолаживающий барсучий эликсир;Маття-латте - 1 шт.;0;;;;;;;;;;;;;;;;;;;;;;;;;;;;;;;;;;;;;;;;;;;;;;
10.06.2021;1720;;3 587;completed;Williamthomas12@outlook.com;17.05.2021;5;3;587.0;1100.0;1900.0;;6;Фиточай с чабрецом - 4 пакетика;Маття-латте - 5 шт.;Маття-латте - 5 шт.;0;;;;;;;;;;;;;;;;;;;;;;;;;;;;;;;;;;;;;;;;;;;;;;
26.09.2021;4162;;2 325;completed;Sophiataylor88@yandex.ru;26.09.2021;9;2;2000.0;325.0;;;9;Омолаживающий барсучий эликсир;Маття-латте - 1 шт.;Маття-латте - 1 шт.;0;;;;;;;;;;;;;;;;;;;;;;;;;;;;;;;;;;;;;;;;;;;;;;
13.01.2022;2830;;2 790;completed;Sophiathomas13@yandex.ru;13.01.2022;13;3;1100.0;1100.0;240.0;;13;Маття-латте - 5 шт.;Маття-латте - 5 шт.;Маття-латте - 1 шт.;350;;;;;;;;;;;;;;;;;;;;;;;;;;;;;;;;;;;;;;;;;;;;;;
29.07.2021;3796;;2 187;completed;Sophialopez2007@outlook.com;25.02.2021;2;3;800.0;587.0;800.0;;7;Фиточай с чабрецом - 4 пакетика;Фиточай с чабрецом - 4 пакетика;Фиточай с чабрецом - 4 пакетика;0;;;;;;;;;;;;;;;;;;;;;;;;;;;;;;;;;;;;;;;;;;;;;;
01.12.2021;3780;;4 350;completed;avalopez66@gmail.com;01.12.2021;12;2;2000.0;;2000.0;;12;Омолаживающий барсучий эликсир;Маття-латте - 1 шт.;Омолаживающий барсучий эликсир;350;;;;;;;;;;;;;;;;;;;;;;;;;;;;;;;;;;;;;;;;;;;;;;
17.10.2021;3106;;4 677;completed;Williammartinez1987@yandex.ru;13.03.2021;3;3;240.0;3500.0;587.0;;10;Маття-латте - 1 шт.;Омолаживающий барсучий эликсир;Фиточай с чабрецом - 4 пакетика;350;;;;;;;;;;;;;;;;;;;;;;;;;;;;;;;;;;;;;;;;;;;;;;
12.09.2021;2071;;5 812;completed;Isabellalopez69@yahoo.com;12.09.2021;9;3;4900.0;587.0;325.0;;9;Омолаживающий барсучий эликсир;Фиточай с чабрецом - 4 пакетика;Маття-латте - 1 шт.;0;;;;;;;;;;;;;;;;;;;;;;;;;;;;;;;;;;;;;;;;;;;;;;
04.11.2021;2015;;2 277;completed;Isabellasmith13@mail.ru;14.04.2021;4;3;587.0;1100.0;240.0;;11;Фиточай с чабрецом - 4 пакетика;Маття-латте - 5 шт.;Маття-латте - 1 шт.;350;;;;;;;;;;;;;;;;;;;;;;;;;;;;;;;;;;;;;;;;;;;;;;
24.12.2021;1927;;8 100;completed;Avaanderson69@yahoo.com;30.03.2021;3;3;3500.0;1100.0;3500.0;;12;Омолаживающий барсучий эликсир;Маття-латте - 5 шт.;Омолаживающий барсучий эликсир;0;;;;;;;;;;;;;;;;;;;;;;;;;;;;;;;;;;;;;;;;;;;;;;
24.05.2021;2800;;8 987;completed;Sophialopez1993@yandex.ru;07.04.2021;4;3;4900.0;3500.0;587.0;;5;Омолаживающий барсучий эликсир;Омолаживающий барсучий эликсир;Фиточай с чабрецом - 4 пакетика;0;;;;;;;;;;;;;;;;;;;;;;;;;;;;;;;;;;;;;;;;;;;;;;
23.01.2022;3816;;6 350;completed;Oliverwilliams66@mail.ru;23.01.2022;13;2;1100.0;;4900.0;;13;Маття-латте - 5 шт.;Маття-латте - 1 шт.;Омолаживающий барсучий эликсир;350;;;;;;;;;;;;;;;;;;;;;;;;;;;;;;;;;;;;;;;;;;;;;;
21.09.2021;3163;;3 900;completed;Isabellasmith88@yahoo.com;22.04.2021;4;3;1100.0;2000.0;800.0;;9;Маття-латте - 5 шт.;Омолаживающий барсучий эликсир;Фиточай с чабрецом - 4 пакетика;0;;;;;;;;;;;;;;;;;;;;;;;;;;;;;;;;;;;;;;;;;;;;;;
07.08.2021;1965;;8 725;completed;Charlottejackson1987@yandex.ru;26.07.2021;7;3;3500.0;4900.0;325.0;;8;Омолаживающий барсучий эликсир;Омолаживающий барсучий эликсир;Маття-латте - 1 шт.;0;;;;;;;;;;;;;;;;;;;;;;;;;;;;;;;;;;;;;;;;;;;;;;
02.12.2021;1532;;7 675;completed;Olivermoore2007@mail.ru;05.10.2021;10;3;325.0;3500.0;3500.0;;12;Маття-латте - 1 шт.;Омолаживающий барсучий эликсир;Омолаживающий барсучий эликсир;350;;;;;;;;;;;;;;;;;;;;;;;;;;;;;;;;;;;;;;;;;;;;;;
09.04.2021;2868;;1 890;completed;Alexandermartinez0@yandex.ru;09.04.2021;4;3;325.0;890.0;325.0;;4;Маття-латте - 1 шт.;Фиточай с чабрецом - 4 пакетика;Маття-латте - 1 шт.;350;;;;;;;;;;;;;;;;;;;;;;;;;;;;;;;;;;;;;;;;;;;;;;
19.03.2021;3875;;2 225;completed;Alexanderanderson33@mail.ru;19.03.2021;3;3;800.0;1100.0;325.0;;3;Фиточай с чабрецом - 4 пакетика;Маття-латте - 5 шт.;Маття-латте - 1 шт.;0;;;;;;;;;;;;;;;;;;;;;;;;;;;;;;;;;;;;;;;;;;;;;;
21.01.2022;1863;;1 450;completed;Williammartinez1987@outlook.com;21.01.2022;13;3;800.0;325.0;325.0;;13;Фиточай с чабрецом - 4 пакетика;Маття-латте - 1 шт.;Маття-латте - 1 шт.;0;;;;;;;;;;;;;;;;;;;;;;;;;;;;;;;;;;;;;;;;;;;;;;
18.04.2021;2022;;3 690;completed;Sophiabrown12@yahoo.com;18.04.2021;4;3;2000.0;800.0;890.0;;4;Омолаживающий барсучий эликсир;Фиточай с чабрецом - 4 пакетика;Фиточай с чабрецом - 4 пакетика;0;;;;;;;;;;;;;;;;;;;;;;;;;;;;;;;;;;;;;;;;;;;;;;
18.03.2021;2001;;10 125;completed;Charlotteanderson1987@yahoo.com;18.03.2021;3;3;4900.0;4900.0;325.0;;3;Омолаживающий барсучий эликсир;Омолаживающий барсучий эликсир;Маття-латте - 1 шт.;0;;;;;;;;;;;;;;;;;;;;;;;;;;;;;;;;;;;;;;;;;;;;;;
02.09.2021;3029;;4 674;completed;Oliverbrown12@yahoo.com;15.05.2021;5;3;3500.0;587.0;587.0;;9;Омолаживающий барсучий эликсир;Фиточай с чабрецом - 4 пакетика;Фиточай с чабрецом - 4 пакетика;0;;;;;;;;;;;;;;;;;;;;;;;;;;;;;;;;;;;;;;;;;;;;;;
15.09.2021;1380;;3 040;completed;Alexandermoore1993@mail.ru;03.04.2021;4;3;800.0;240.0;2000.0;;9;Фиточай с чабрецом - 4 пакетика;Маття-латте - 1 шт.;Омолаживающий барсучий эликсир;0;;;;;;;;;;;;;;;;;;;;;;;;;;;;;;;;;;;;;;;;;;;;;;
10.04.2021;1671;;3 130;completed;Lucassmith69@yandex.ru;17.02.2021;2;3;2000.0;240.0;890.0;;4;Омолаживающий барсучий эликсир;Маття-латте - 1 шт.;Фиточай с чабрецом - 4 пакетика;0;;;;;;;;;;;;;;;;;;;;;;;;;;;;;;;;;;;;;;;;;;;;;;
26.10.2021;2561;;3 340;completed;Alexandersmith2007@yandex.ru;26.10.2021;10;3;1100.0;2000.0;240.0;;10;Маття-латте - 5 шт.;Омолаживающий барсучий эликсир;Маття-латте - 1 шт.;0;;;;;;;;;;;;;;;;;;;;;;;;;;;;;;;;;;;;;;;;;;;;;;
13.04.2021;2257;;8 640;completed;Charlottewilliams88@yandex.ru;13.04.2021;4;3;4900.0;240.0;3500.0;;4;Омолаживающий барсучий эликсир;Маття-латте - 1 шт.;Омолаживающий барсучий эликсир;0;;;;;;;;;;;;;;;;;;;;;;;;;;;;;;;;;;;;;;;;;;;;;;
30.05.2021;4149;;6 287;completed;Emmataylor0@yandex.ru;30.05.2021;5;3;800.0;587.0;4900.0;;5;Фиточай с чабрецом - 4 пакетика;Фиточай с чабрецом - 4 пакетика;Омолаживающий барсучий эликсир;0;;;;;;;;;;;;;;;;;;;;;;;;;;;;;;;;;;;;;;;;;;;;;;
22.02.2021;3226;;6 637;completed;Williamsmith66@yandex.ru;22.02.2021;2;3;800.0;4900.0;587.0;;2;Фиточай с чабрецом - 4 пакетика;Омолаживающий барсучий эликсир;Фиточай с чабрецом - 4 пакетика;350;;;;;;;;;;;;;;;;;;;;;;;;;;;;;;;;;;;;;;;;;;;;;;
20.10.2021;3189;;2 064;completed;Lucaswilliams33@gmail.com;04.03.2021;3;3;587.0;890.0;587.0;;10;Фиточай с чабрецом - 4 пакетика;Фиточай с чабрецом - 4 пакетика;Фиточай с чабрецом - 4 пакетика;0;;;;;;;;;;;;;;;;;;;;;;;;;;;;;;;;;;;;;;;;;;;;;;
09.03.2021;2148;;5 490;completed;Oliverbrown88@mail.ru;09.03.2021;3;3;1100.0;890.0;3500.0;;3;Маття-латте - 5 шт.;Фиточай с чабрецом - 4 пакетика;Омолаживающий барсучий эликсир;0;;;;;;;;;;;;;;;;;;;;;;;;;;;;;;;;;;;;;;;;;;;;;;
03.04.2021;2023;;1 425;returned;Sophiabrown1993@yahoo.com;03.04.2021;4;2;;325.0;1100.0;;4;Маття-латте - 1 шт.;Маття-латте - 1 шт.;Маття-латте - 5 шт.;0;;;;;;;;;;;;;;;;;;;;;;;;;;;;;;;;;;;;;;;;;;;;;;
04.10.2021;2042;;3 690;completed;Emmawilliams69@yandex.ru;14.06.2021;6;3;2000.0;890.0;800.0;;10;Омолаживающий барсучий эликсир;Фиточай с чабрецом - 4 пакетика;Фиточай с чабрецом - 4 пакетика;0;;;;;;;;;;;;;;;;;;;;;;;;;;;;;;;;;;;;;;;;;;;;;;
30.03.2021;2138;;4 087;completed;Emmabrown2007@mail.ru;18.03.2021;3;2;587.0;;3500.0;;3;Фиточай с чабрецом - 4 пакетика;Маття-латте - 1 шт.;Омолаживающий барсучий эликсир;0;;;;;;;;;;;;;;;;;;;;;;;;;;;;;;;;;;;;;;;;;;;;;;
11.09.2021;1994;;4 240;completed;Lucaslopez12@mail.ru;13.08.2021;8;3;2000.0;240.0;2000.0;;9;Омолаживающий барсучий эликсир;Маття-латте - 1 шт.;Омолаживающий барсучий эликсир;0;;;;;;;;;;;;;;;;;;;;;;;;;;;;;;;;;;;;;;;;;;;;;;
01.03.2021;3441;;8 400;completed;Avamartinez88@outlook.com;01.03.2021;3;2;3500.0;4900.0;;;3;Омолаживающий барсучий эликсир;Омолаживающий барсучий эликсир;Маття-латте - 1 шт.;0;;;;;;;;;;;;;;;;;;;;;;;;;;;;;;;;;;;;;;;;;;;;;;
16.11.2021;1997;;5 190;completed;Isabellathomas1993@yandex.ru;23.09.2021;9;3;3500.0;890.0;800.0;;11;Омолаживающий барсучий эликсир;Фиточай с чабрецом - 4 пакетика;Фиточай с чабрецом - 4 пакетика;0;;;;;;;;;;;;;;;;;;;;;;;;;;;;;;;;;;;;;;;;;;;;;;
15.06.2021;3186;;4 140;completed;Williammartinez1993@yandex.ru;15.06.2021;6;3;2000.0;1900.0;240.0;;6;Омолаживающий барсучий эликсир;Маття-латте - 5 шт.;Маття-латте - 1 шт.;0;;;;;;;;;;;;;;;;;;;;;;;;;;;;;;;;;;;;;;;;;;;;;;
10.02.2022;2239;;3 850;completed;Avalopez33@outlook.com;08.09.2021;9;1;;;3500.0;;14;Маття-латте - 1 шт.;Маття-латте - 1 шт.;Омолаживающий барсучий эликсир;350;;;;;;;;;;;;;;;;;;;;;;;;;;;;;;;;;;;;;;;;;;;;;;
07.05.2021;3359;;3 825;returned;Charlottemoore1993@yandex.ru;27.02.2021;2;2;3500.0;;325.0;;5;Омолаживающий барсучий эликсир;Маття-латте - 1 шт.;Маття-латте - 1 шт.;0;;;;;;;;;;;;;;;;;;;;;;;;;;;;;;;;;;;;;;;;;;;;;;
06.09.2021;2580;;5 400;returned;Isabellalopez0@mail.ru;10.06.2021;6;2;1900.0;3500.0;;;9;Маття-латте - 5 шт.;Омолаживающий барсучий эликсир;Маття-латте - 1 шт.;0;;;;;;;;;;;;;;;;;;;;;;;;;;;;;;;;;;;;;;;;;;;;;;
05.05.2021;1950;;3 350;completed;Oliverwilliams1987@yahoo.com;05.05.2021;5;2;1100.0;1900.0;;;5;Маття-латте - 5 шт.;Маття-латте - 5 шт.;Маття-латте - 1 шт.;350;;;;;;;;;;;;;;;;;;;;;;;;;;;;;;;;;;;;;;;;;;;;;;
26.06.2021;3190;;1262;completed;Alexanderthomas2007@yandex.ru;26.06.2021;6;2;;325.0;587.0;;6;Маття-латте - 1 шт.;Маття-латте - 1 шт.;Фиточай с чабрецом - 4 пакетика;350;;;;;;;;;;;;;;;;;;;;;;;;;;;;;;;;;;;;;;;;;;;;;;
27.01.2022;3949;;1 215;completed;Lucasbrown66@yahoo.com;22.08.2021;8;2;890.0;;325.0;;13;Фиточай с чабрецом - 4 пакетика;Маття-латте - 1 шт.;Маття-латте - 1 шт.;0;;;;;;;;;;;;;;;;;;;;;;;;;;;;;;;;;;;;;;;;;;;;;;
12.08.2021;1777;;9 337;completed;Liambrown1993@mail.ru;12.08.2021;8;3;587.0;3500.0;4900.0;;8;Фиточай с чабрецом - 4 пакетика;Омолаживающий барсучий эликсир;Омолаживающий барсучий эликсир;350;;;;;;;;;;;;;;;;;;;;;;;;;;;;;;;;;;;;;;;;;;;;;;
19.02.2021;1661;;5 280;completed;Emmataylor0@yandex.ru;19.02.2021;2;3;890.0;3500.0;890.0;;2;Фиточай с чабрецом - 4 пакетика;Омолаживающий барсучий эликсир;Фиточай с чабрецом - 4 пакетика;0;;;;;;;;;;;;;;;;;;;;;;;;;;;;;;;;;;;;;;;;;;;;;;
14.08.2021;3033;;1 477;completed;Emmamoore12@yahoo.com;23.04.2021;4;2;587.0;;890.0;;8;Фиточай с чабрецом - 4 пакетика;Маття-латте - 1 шт.;Фиточай с чабрецом - 4 пакетика;0;;;;;;;;;;;;;;;;;;;;;;;;;;;;;;;;;;;;;;;;;;;;;;
17.02.2021;2749;;2 550;completed;Alexanderwilliams0@yandex.ru;16.02.2021;2;2;;1100.0;1100.0;;2;Маття-латте - 1 шт.;Маття-латте - 5 шт.;Маття-латте - 5 шт.;350;;;;;;;;;;;;;;;;;;;;;;;;;;;;;;;;;;;;;;;;;;;;;;
07.06.2021;4017;;480;completed;Alexanderbrown1987@yahoo.com;07.06.2021;6;2;240.0;240.0;;;6;Маття-латте - 1 шт.;Маття-латте - 1 шт.;Маття-латте - 1 шт.;0;;;;;;;;;;;;;;;;;;;;;;;;;;;;;;;;;;;;;;;;;;;;;;
28.08.2021;1920;;2 587;completed;Isabellaanderson69@yahoo.com;28.08.2021;8;2;;587.0;2000.0;;8;Маття-латте - 1 шт.;Фиточай с чабрецом - 4 пакетика;Омолаживающий барсучий эликсир;0;;;;;;;;;;;;;;;;;;;;;;;;;;;;;;;;;;;;;;;;;;;;;;
20.07.2021;1823;;3 825;returned;Olivertaylor88@yandex.ru;20.07.2021;7;2;;325.0;3500.0;;7;Маття-латте - 1 шт.;Маття-латте - 1 шт.;Омолаживающий барсучий эликсир;0;;;;;;;;;;;;;;;;;;;;;;;;;;;;;;;;;;;;;;;;;;;;;;
07.07.2021;3291;;5 275;completed;Emmaanderson1993@yandex.ru;07.07.2021;7;3;1100.0;3500.0;325.0;;7;Маття-латте - 5 шт.;Омолаживающий барсучий эликсир;Маття-латте - 1 шт.;350;;;;;;;;;;;;;;;;;;;;;;;;;;;;;;;;;;;;;;;;;;;;;;
16.12.2021;1718;;6 087;completed;Emmabrown88@yahoo.com;11.05.2021;5;3;2000.0;587.0;3500.0;;12;Омолаживающий барсучий эликсир;Фиточай с чабрецом - 4 пакетика;Омолаживающий барсучий эликсир;0;;;;;;;;;;;;;;;;;;;;;;;;;;;;;;;;;;;;;;;;;;;;;;
05.07.2021;1899;;4 540;completed;liammoore88@gmail.com;05.07.2021;7;3;3500.0;800.0;240.0;;7;Омолаживающий барсучий эликсир;Фиточай с чабрецом - 4 пакетика;Маття-латте - 1 шт.;0;;;;;;;;;;;;;;;;;;;;;;;;;;;;;;;;;;;;;;;;;;;;;;
17.11.2021;3742;;1 580;completed;Charlotteanderson66@outlook.com;06.03.2021;3;3;1100.0;240.0;240.0;;11;Маття-латте - 5 шт.;Маття-латте - 1 шт.;Маття-латте - 1 шт.;0;;;;;;;;;;;;;;;;;;;;;;;;;;;;;;;;;;;;;;;;;;;;;;
03.03.2021;2370;;3 565;completed;Williamwilliams2007@yandex.ru;03.03.2021;3;3;325.0;2000.0;890.0;;3;Маття-латте - 1 шт.;Омолаживающий барсучий эликсир;Фиточай с чабрецом - 4 пакетика;350;;;;;;;;;;;;;;;;;;;;;;;;;;;;;;;;;;;;;;;;;;;;;;
11.08.2021;2831;;5 237;completed;avajackson13@gmail.com;11.08.2021;8;3;587.0;800.0;3500.0;;8;Фиточай с чабрецом - 4 пакетика;Фиточай с чабрецом - 4 пакетика;Омолаживающий барсучий эликсир;350;;;;;;;;;;;;;;;;;;;;;;;;;;;;;;;;;;;;;;;;;;;;;;
09.07.2021;3632;;3 740;completed;Isabellabrown88@yandex.ru;01.07.2021;7;2;;3500.0;240.0;;7;Маття-латте - 1 шт.;Омолаживающий барсучий эликсир;Маття-латте - 1 шт.;0;;;;;;;;;;;;;;;;;;;;;;;;;;;;;;;;;;;;;;;;;;;;;;
08.03.2021;1749;;3 950;completed;Charlotteanderson12@outlook.com;24.02.2021;2;3;800.0;2000.0;800.0;;3;Фиточай с чабрецом - 4 пакетика;Омолаживающий барсучий эликсир;Фиточай с чабрецом - 4 пакетика;350;;;;;;;;;;;;;;;;;;;;;;;;;;;;;;;;;;;;;;;;;;;;;;
23.07.2021;3197;;5 987;completed;Olivermartinez2007@mail.ru;16.02.2021;2;3;1900.0;3500.0;587.0;;7;Маття-латте - 5 шт.;Омолаживающий барсучий эликсир;Фиточай с чабрецом - 4 пакетика;0;;;;;;;;;;;;;;;;;;;;;;;;;;;;;;;;;;;;;;;;;;;;;;
08.07.2021;3192;;2 927;completed;Sophialopez33@mail.ru;03.05.2021;5;3;587.0;1100.0;890.0;;7;Фиточай с чабрецом - 4 пакетика;Маття-латте - 5 шт.;Фиточай с чабрецом - 4 пакетика;350;;;;;;;;;;;;;;;;;;;;;;;;;;;;;;;;;;;;;;;;;;;;;;
31.05.2021;1617;;3 000;completed;isabellabrown66@gmail.com;31.05.2021;5;2;1900.0;;1100.0;;5;Маття-латте - 5 шт.;Маття-латте - 1 шт.;Маття-латте - 5 шт.;0;;;;;;;;;;;;;;;;;;;;;;;;;;;;;;;;;;;;;;;;;;;;;;
03.01.2022;1595;;3 477;returned;alexanderanderson0@gmail.com;11.03.2021;3;3;2000.0;890.0;587.0;;13;Омолаживающий барсучий эликсир;Фиточай с чабрецом - 4 пакетика;Фиточай с чабрецом - 4 пакетика;0;;;;;;;;;;;;;;;;;;;;;;;;;;;;;;;;;;;;;;;;;;;;;;
18.07.2021;1486;;13 300;completed;Oliverthomas1993@mail.ru;18.07.2021;7;3;4900.0;3500.0;4900.0;;7;Омолаживающий барсучий эликсир;Омолаживающий барсучий эликсир;Омолаживающий барсучий эликсир;0;;;;;;;;;;;;;;;;;;;;;;;;;;;;;;;;;;;;;;;;;;;;;;
05.10.2021;2606;;8 900;completed;Charlottethomas0@yahoo.com;28.06.2021;6;3;1900.0;3500.0;3500.0;;10;Маття-латте - 5 шт.;Омолаживающий барсучий эликсир;Омолаживающий барсучий эликсир;0;;;;;;;;;;;;;;;;;;;;;;;;;;;;;;;;;;;;;;;;;;;;;;
12.04.2021;1864;;1 687;completed;emmalopez1993@gmail.com;12.04.2021;4;2;587.0;1100.0;;;4;Фиточай с чабрецом - 4 пакетика;Маття-латте - 5 шт.;Маття-латте - 1 шт.;0;;;;;;;;;;;;;;;;;;;;;;;;;;;;;;;;;;;;;;;;;;;;;;
26.10.2021;2117;;4 890;returned;Williamthomas2007@mail.ru;08.05.2021;5;3;240.0;3500.0;800.0;;10;Маття-латте - 1 шт.;Омолаживающий барсучий эликсир;Фиточай с чабрецом - 4 пакетика;350;;;;;;;;;;;;;;;;;;;;;;;;;;;;;;;;;;;;;;;;;;;;;;
22.07.2021;3256;;2 325;completed;Charlottejackson88@mail.ru;22.02.2021;2;2;;325.0;2000.0;;7;Маття-латте - 1 шт.;Маття-латте - 1 шт.;Омолаживающий барсучий эликсир;0;;;;;;;;;;;;;;;;;;;;;;;;;;;;;;;;;;;;;;;;;;;;;;
30.11.2021;2135;;1 930;completed;Sophiataylor12@outlook.com;30.11.2021;11;3;240.0;800.0;890.0;;11;Маття-латте - 1 шт.;Фиточай с чабрецом - 4 пакетика;Фиточай с чабрецом - 4 пакетика;0;;;;;;;;;;;;;;;;;;;;;;;;;;;;;;;;;;;;;;;;;;;;;;
15.08.2021;1777;;6 587;returned;Liambrown1993@mail.ru;12.08.2021;8;3;1100.0;587.0;4900.0;;8;Маття-латте - 5 шт.;Фиточай с чабрецом - 4 пакетика;Омолаживающий барсучий эликсир;0;;;;;;;;;;;;;;;;;;;;;;;;;;;;;;;;;;;;;;;;;;;;;;
02.09.2021;2832;;4 715;completed;Emmabrown88@mail.ru;02.09.2021;9;3;325.0;890.0;3500.0;;9;Маття-латте - 1 шт.;Фиточай с чабрецом - 4 пакетика;Омолаживающий барсучий эликсир;0;;;;;;;;;;;;;;;;;;;;;;;;;;;;;;;;;;;;;;;;;;;;;;
03.06.2021;2683;;7 150;completed;alexanderthomas1993@gmail.com;03.06.2021;6;2;;4900.0;1900.0;;6;Маття-латте - 1 шт.;Омолаживающий барсучий эликсир;Маття-латте - 5 шт.;350;;;;;;;;;;;;;;;;;;;;;;;;;;;;;;;;;;;;;;;;;;;;;;
04.01.2022;3365;;4 890;completed;Avajackson12@yahoo.com;28.04.2021;4;3;240.0;3500.0;800.0;;13;Маття-латте - 1 шт.;Омолаживающий барсучий эликсир;Фиточай с чабрецом - 4 пакетика;350;;;;;;;;;;;;;;;;;;;;;;;;;;;;;;;;;;;;;;;;;;;;;;
20.11.2021;1840;;6 074;completed;williambrown33@gmail.com;04.03.2021;3;3;587.0;587.0;4900.0;;11;Фиточай с чабрецом - 4 пакетика;Фиточай с чабрецом - 4 пакетика;Омолаживающий барсучий эликсир;0;;;;;;;;;;;;;;;;;;;;;;;;;;;;;;;;;;;;;;;;;;;;;;
27.04.2021;2958;;3 290;completed;alexanderjackson12@gmail.com;27.04.2021;4;3;1900.0;240.0;800.0;;4;Маття-латте - 5 шт.;Маття-латте - 1 шт.;Фиточай с чабрецом - 4 пакетика;350;;;;;;;;;;;;;;;;;;;;;;;;;;;;;;;;;;;;;;;;;;;;;;
18.02.2021;3713;;3 287;returned;Charlottewilliams2007@mail.ru;18.02.2021;2;3;587.0;800.0;1900.0;;2;Фиточай с чабрецом - 4 пакетика;Фиточай с чабрецом - 4 пакетика;Маття-латте - 5 шт.;0;;;;;;;;;;;;;;;;;;;;;;;;;;;;;;;;;;;;;;;;;;;;;;
31.08.2021;4201;;2 000;completed;Emmamartinez1987@outlook.com;16.04.2021;4;1;2000.0;;;;8;Омолаживающий барсучий эликсир;Маття-латте - 1 шт.;Маття-латте - 1 шт.;0;;;;;;;;;;;;;;;;;;;;;;;;;;;;;;;;;;;;;;;;;;;;;;
26.02.2021;4046;;2 675;returned;Avajackson69@outlook.com;26.02.2021;2;2;2000.0;325.0;;;2;Омолаживающий барсучий эликсир;Маття-латте - 1 шт.;Маття-латте - 1 шт.;350;;;;;;;;;;;;;;;;;;;;;;;;;;;;;;;;;;;;;;;;;;;;;;
08.10.2021;2263;;2 015;completed;Charlottethomas33@yahoo.com;08.10.2021;10;3;325.0;800.0;890.0;;10;Маття-латте - 1 шт.;Фиточай с чабрецом - 4 пакетика;Фиточай с чабрецом - 4 пакетика;0;;;;;;;;;;;;;;;;;;;;;;;;;;;;;;;;;;;;;;;;;;;;;;
15.12.2021;1404;;2 280;completed;Lucasmartinez88@outlook.com;22.05.2021;5;3;800.0;890.0;240.0;;12;Фиточай с чабрецом - 4 пакетика;Фиточай с чабрецом - 4 пакетика;Маття-латте - 1 шт.;350;;;;;;;;;;;;;;;;;;;;;;;;;;;;;;;;;;;;;;;;;;;;;;
16.02.2021;3197;;6 377;completed;Olivermartinez2007@mail.ru;16.02.2021;2;3;890.0;587.0;4900.0;;2;Фиточай с чабрецом - 4 пакетика;Фиточай с чабрецом - 4 пакетика;Омолаживающий барсучий эликсир;0;;;;;;;;;;;;;;;;;;;;;;;;;;;;;;;;;;;;;;;;;;;;;;
16.05.2021;3252;;6 375;completed;Oliverwilliams88@mail.ru;16.05.2021;5;3;4900.0;800.0;325.0;;5;Омолаживающий барсучий эликсир;Фиточай с чабрецом - 4 пакетика;Маття-латте - 1 шт.;350;;;;;;;;;;;;;;;;;;;;;;;;;;;;;;;;;;;;;;;;;;;;;;
11.07.2021;3462;;2 152;completed;Avataylor2007@yahoo.com;11.07.2021;7;3;587.0;890.0;325.0;;7;Фиточай с чабрецом - 4 пакетика;Фиточай с чабрецом - 4 пакетика;Маття-латте - 1 шт.;350;;;;;;;;;;;;;;;;;;;;;;;;;;;;;;;;;;;;;;;;;;;;;;
22.07.2021;2033;;480;completed;Lucasmoore69@yandex.ru;04.04.2021;4;2;;240.0;240.0;;7;Маття-латте - 1 шт.;Маття-латте - 1 шт.;Маття-латте - 1 шт.;0;;;;;;;;;;;;;;;;;;;;;;;;;;;;;;;;;;;;;;;;;;;;;;
06.09.2021;1392;;7 700;completed;Emmawilliams0@yahoo.com;06.09.2021;9;3;4900.0;2000.0;800.0;;9;Омолаживающий барсучий эликсир;Омолаживающий барсучий эликсир;Фиточай с чабрецом - 4 пакетика;0;;;;;;;;;;;;;;;;;;;;;;;;;;;;;;;;;;;;;;;;;;;;;;
01.11.2021;1323;;5 100;completed;Charlottebrown1993@outlook.com;25.02.2021;2;3;800.0;3500.0;800.0;;11;Фиточай с чабрецом - 4 пакетика;Омолаживающий барсучий эликсир;Фиточай с чабрецом - 4 пакетика;0;;;;;;;;;;;;;;;;;;;;;;;;;;;;;;;;;;;;;;;;;;;;;;
31.12.2021;2326;;5 280;completed;Charlotteanderson88@outlook.com;18.04.2021;4;3;3500.0;890.0;890.0;;12;Омолаживающий барсучий эликсир;Фиточай с чабрецом - 4 пакетика;Фиточай с чабрецом - 4 пакетика;0;;;;;;;;;;;;;;;;;;;;;;;;;;;;;;;;;;;;;;;;;;;;;;
11.09.2021;3920;;14 700;completed;sophiasmith33@gmail.com;11.09.2021;9;3;4900.0;4900.0;4900.0;;9;Омолаживающий барсучий эликсир;Омолаживающий барсучий эликсир;Омолаживающий барсучий эликсир;0;;;;;;;;;;;;;;;;;;;;;;;;;;;;;;;;;;;;;;;;;;;;;;
06.12.2021;2273;;3 040;completed;Williambrown13@yahoo.com;06.12.2021;12;3;2000.0;800.0;240.0;;12;Омолаживающий барсучий эликсир;Фиточай с чабрецом - 4 пакетика;Маття-латте - 1 шт.;0;;;;;;;;;;;;;;;;;;;;;;;;;;;;;;;;;;;;;;;;;;;;;;
24.11.2021;3842;;2 480;completed;emmabrown12@gmail.com;24.11.2021;11;3;240.0;240.0;2000.0;;11;Маття-латте - 1 шт.;Маття-латте - 1 шт.;Омолаживающий барсучий эликсир;0;;;;;;;;;;;;;;;;;;;;;;;;;;;;;;;;;;;;;;;;;;;;;;
30.10.2021;4204;;3 030;completed;olivermartinez13@gmail.com;19.09.2021;9;3;890.0;1900.0;240.0;;10;Фиточай с чабрецом - 4 пакетика;Маття-латте - 5 шт.;Маття-латте - 1 шт.;0;;;;;;;;;;;;;;;;;;;;;;;;;;;;;;;;;;;;;;;;;;;;;;
09.10.2021;1727;;3 240;completed;Lucaslopez1987@outlook.com;07.06.2021;6;2;890.0;2000.0;;;10;Фиточай с чабрецом - 4 пакетика;Омолаживающий барсучий эликсир;Маття-латте - 1 шт.;350;;;;;;;;;;;;;;;;;;;;;;;;;;;;;;;;;;;;;;;;;;;;;;
09.04.2021;2650;;3 177;completed;liammoore0@gmail.com;09.04.2021;4;3;2000.0;240.0;587.0;;4;Омолаживающий барсучий эликсир;Маття-латте - 1 шт.;Фиточай с чабрецом - 4 пакетика;350;;;;;;;;;;;;;;;;;;;;;;;;;;;;;;;;;;;;;;;;;;;;;;
26.10.2021;2519;;6 325;completed;Lucasjackson12@yahoo.com;05.06.2021;6;3;4900.0;1100.0;325.0;;10;Омолаживающий барсучий эликсир;Маття-латте - 5 шт.;Маття-латте - 1 шт.;0;;;;;;;;;;;;;;;;;;;;;;;;;;;;;;;;;;;;;;;;;;;;;;
07.04.2021;2237;;3 215;completed;Liamlopez33@yandex.ru;07.04.2021;4;3;890.0;2000.0;325.0;;4;Фиточай с чабрецом - 4 пакетика;Омолаживающий барсучий эликсир;Маття-латте - 1 шт.;0;;;;;;;;;;;;;;;;;;;;;;;;;;;;;;;;;;;;;;;;;;;;;;
29.11.2021;2554;;1 340;completed;Olivertaylor33@yahoo.com;29.11.2021;11;2;;1100.0;240.0;;11;Маття-латте - 1 шт.;Маття-латте - 5 шт.;Маття-латте - 1 шт.;0;;;;;;;;;;;;;;;;;;;;;;;;;;;;;;;;;;;;;;;;;;;;;;
12.12.2021;3048;;4 887;returned;sophiabrown0@gmail.com;12.12.2021;12;3;3500.0;800.0;587.0;;12;Омолаживающий барсучий эликсир;Фиточай с чабрецом - 4 пакетика;Фиточай с чабрецом - 4 пакетика;0;;;;;;;;;;;;;;;;;;;;;;;;;;;;;;;;;;;;;;;;;;;;;;
08.05.2021;4093;;4 140;completed;Alexanderthomas33@mail.ru;08.05.2021;5;3;2000.0;240.0;1900.0;;5;Омолаживающий барсучий эликсир;Маття-латте - 1 шт.;Маття-латте - 5 шт.;0;;;;;;;;;;;;;;;;;;;;;;;;;;;;;;;;;;;;;;;;;;;;;;
27.12.2021;1326;;3 000;completed;Avaanderson1987@mail.ru;14.07.2021;7;2;1100.0;;1900.0;;12;Маття-латте - 5 шт.;Маття-латте - 1 шт.;Маття-латте - 5 шт.;0;;;;;;;;;;;;;;;;;;;;;;;;;;;;;;;;;;;;;;;;;;;;;;
10.09.2021;1646;;3 125;completed;Oliverthomas33@mail.ru;17.03.2021;3;3;800.0;325.0;2000.0;;9;Фиточай с чабрецом - 4 пакетика;Маття-латте - 1 шт.;Омолаживающий барсучий эликсир;0;;;;;;;;;;;;;;;;;;;;;;;;;;;;;;;;;;;;;;;;;;;;;;
18.11.2021;1573;;1 712;completed;Emmalopez1993@mail.ru;18.11.2021;11;3;325.0;800.0;587.0;;11;Маття-латте - 1 шт.;Фиточай с чабрецом - 4 пакетика;Фиточай с чабрецом - 4 пакетика;0;;;;;;;;;;;;;;;;;;;;;;;;;;;;;;;;;;;;;;;;;;;;;;
02.05.2021;1477;;5 150;completed;Liamwilliams69@yandex.ru;02.05.2021;5;3;2000.0;800.0;2000.0;;5;Омолаживающий барсучий эликсир;Фиточай с чабрецом - 4 пакетика;Омолаживающий барсучий эликсир;350;;;;;;;;;;;;;;;;;;;;;;;;;;;;;;;;;;;;;;;;;;;;;;
30.03.2021;2642;;2 880;completed;Oliveranderson0@outlook.com;30.03.2021;3;3;890.0;1100.0;890.0;;3;Фиточай с чабрецом - 4 пакетика;Маття-латте - 5 шт.;Фиточай с чабрецом - 4 пакетика;0;;;;;;;;;;;;;;;;;;;;;;;;;;;;;;;;;;;;;;;;;;;;;;
30.06.2021;2805;;2 487;completed;Avataylor1993@outlook.com;30.06.2021;6;3;800.0;1100.0;587.0;;6;Фиточай с чабрецом - 4 пакетика;Маття-латте - 5 шт.;Фиточай с чабрецом - 4 пакетика;0;;;;;;;;;;;;;;;;;;;;;;;;;;;;;;;;;;;;;;;;;;;;;;
26.10.2021;1238;;2 840;completed;Williamtaylor33@outlook.com;26.10.2021;10;3;800.0;800.0;890.0;;10;Фиточай с чабрецом - 4 пакетика;Фиточай с чабрецом - 4 пакетика;Фиточай с чабрецом - 4 пакетика;350;;;;;;;;;;;;;;;;;;;;;;;;;;;;;;;;;;;;;;;;;;;;;;
02.10.2021;1315;;2 064;completed;Avajackson2007@mail.ru;02.10.2021;10;3;587.0;587.0;890.0;;10;Фиточай с чабрецом - 4 пакетика;Фиточай с чабрецом - 4 пакетика;Фиточай с чабрецом - 4 пакетика;0;;;;;;;;;;;;;;;;;;;;;;;;;;;;;;;;;;;;;;;;;;;;;;
15.07.2021;3444;;7 125;completed;Liammoore0@yahoo.com;15.07.2021;7;3;1900.0;4900.0;325.0;;7;Маття-латте - 5 шт.;Омолаживающий барсучий эликсир;Маття-латте - 1 шт.;0;;;;;;;;;;;;;;;;;;;;;;;;;;;;;;;;;;;;;;;;;;;;;;
12.06.2021;3753;;2 225;completed;Avajackson33@mail.ru;11.06.2021;6;3;325.0;800.0;1100.0;;6;Маття-латте - 1 шт.;Фиточай с чабрецом - 4 пакетика;Маття-латте - 5 шт.;0;;;;;;;;;;;;;;;;;;;;;;;;;;;;;;;;;;;;;;;;;;;;;;
25.12.2021;2238;;3 425;completed;Alexandertaylor66@outlook.com;05.12.2021;12;3;325.0;1100.0;2000.0;;12;Маття-латте - 1 шт.;Маття-латте - 5 шт.;Омолаживающий барсучий эликсир;0;;;;;;;;;;;;;;;;;;;;;;;;;;;;;;;;;;;;;;;;;;;;;;
12.11.2021;1734;;4 327;returned;Olivermoore66@outlook.com;27.02.2021;2;3;3500.0;240.0;587.0;;11;Омолаживающий барсучий эликсир;Маття-латте - 1 шт.;Фиточай с чабрецом - 4 пакетика;0;;;;;;;;;;;;;;;;;;;;;;;;;;;;;;;;;;;;;;;;;;;;;;
15.07.2021;2905;;6 800;returned;Liamwilliams66@gmail.com;15.07.2021;7;2;1900.0;;4900.0;;7;Маття-латте - 5 шт.;Маття-латте - 1 шт.;Омолаживающий барсучий эликсир;0;;;;;;;;;;;;;;;;;;;;;;;;;;;;;;;;;;;;;;;;;;;;;;
09.05.2021;2687;;3 827;completed;Avalopez12@yahoo.com;22.03.2021;3;3;890.0;2000.0;587.0;;5;Фиточай с чабрецом - 4 пакетика;Омолаживающий барсучий эликсир;Фиточай с чабрецом - 4 пакетика;350;;;;;;;;;;;;;;;;;;;;;;;;;;;;;;;;;;;;;;;;;;;;;;
22.11.2021;1906;;7 650;returned;Olivertaylor1987@mail.ru;23.05.2021;5;3;1900.0;1900.0;3500.0;;11;Маття-латте - 5 шт.;Маття-латте - 5 шт.;Омолаживающий барсучий эликсир;350;;;;;;;;;;;;;;;;;;;;;;;;;;;;;;;;;;;;;;;;;;;;;;
21.11.2021;4175;;6 740;completed;Williammartinez66@yandex.ru;21.11.2021;11;3;890.0;2000.0;3500.0;;11;Фиточай с чабрецом - 4 пакетика;Омолаживающий барсучий эликсир;Омолаживающий барсучий эликсир;350;;;;;;;;;;;;;;;;;;;;;;;;;;;;;;;;;;;;;;;;;;;;;;
29.05.2021;3783;;7 350;completed;Charlottebrown12@yahoo.com;07.04.2021;4;2;;3500.0;3500.0;;5;Маття-латте - 1 шт.;Омолаживающий барсучий эликсир;Омолаживающий барсучий эликсир;350;;;;;;;;;;;;;;;;;;;;;;;;;;;;;;;;;;;;;;;;;;;;;;
05.09.2021;3072;;2 465;completed;Sophiamartinez33@outlook.com;12.03.2021;3;3;240.0;1900.0;325.0;;9;Маття-латте - 1 шт.;Маття-латте - 5 шт.;Маття-латте - 1 шт.;0;;;;;;;;;;;;;;;;;;;;;;;;;;;;;;;;;;;;;;;;;;;;;;
01.11.2021;2800;;4 487;completed;Sophialopez1993@yandex.ru;07.04.2021;4;3;2000.0;587.0;1900.0;;11;Омолаживающий барсучий эликсир;Фиточай с чабрецом - 4 пакетика;Маття-латте - 5 шт.;0;;;;;;;;;;;;;;;;;;;;;;;;;;;;;;;;;;;;;;;;;;;;;;
26.05.2021;2514;;2 550;completed;Avathomas1993@outlook.com;13.04.2021;4;3;325.0;1900.0;325.0;;5;Маття-латте - 1 шт.;Маття-латте - 5 шт.;Маття-латте - 1 шт.;0;;;;;;;;;;;;;;;;;;;;;;;;;;;;;;;;;;;;;;;;;;;;;;
21.03.2021;1913;;1 627;completed;Avaanderson1987@yahoo.com;21.03.2021;3;3;800.0;240.0;587.0;;3;Фиточай с чабрецом - 4 пакетика;Маття-латте - 1 шт.;Фиточай с чабрецом - 4 пакетика;0;;;;;;;;;;;;;;;;;;;;;;;;;;;;;;;;;;;;;;;;;;;;;;
06.06.2021;2422;;1 990;completed;Sophiathomas88@mail.ru;06.06.2021;6;2;890.0;;1100.0;;6;Фиточай с чабрецом - 4 пакетика;Маття-латте - 1 шт.;Маття-латте - 5 шт.;0;;;;;;;;;;;;;;;;;;;;;;;;;;;;;;;;;;;;;;;;;;;;;;
04.11.2021;2703;;1 502;completed;Avalopez13@yahoo.com;27.03.2021;3;3;587.0;240.0;325.0;;11;Фиточай с чабрецом - 4 пакетика;Маття-латте - 1 шт.;Маття-латте - 1 шт.;350;;;;;;;;;;;;;;;;;;;;;;;;;;;;;;;;;;;;;;;;;;;;;;
06.12.2021;3448;;7 790;completed;emmamoore2007@gmail.com;03.04.2021;4;3;890.0;4900.0;2000.0;;12;Фиточай с чабрецом - 4 пакетика;Омолаживающий барсучий эликсир;Омолаживающий барсучий эликсир;0;;;;;;;;;;;;;;;;;;;;;;;;;;;;;;;;;;;;;;;;;;;;;;
25.08.2021;2815;;3 350;completed;Isabellabrown0@outlook.com;17.02.2021;2;2;1900.0;1100.0;;;8;Маття-латте - 5 шт.;Маття-латте - 5 шт.;Маття-латте - 1 шт.;350;;;;;;;;;;;;;;;;;;;;;;;;;;;;;;;;;;;;;;;;;;;;;;
07.03.2021;2327;;5 465;completed;Alexanderlopez69@outlook.com;07.03.2021;3;3;325.0;240.0;4900.0;;3;Маття-латте - 1 шт.;Маття-латте - 1 шт.;Омолаживающий барсучий эликсир;0;;;;;;;;;;;;;;;;;;;;;;;;;;;;;;;;;;;;;;;;;;;;;;
07.01.2022;2346;;5 825;returned;Charlottemartinez2007@outlook.com;11.04.2021;4;3;325.0;3500.0;2000.0;;13;Маття-латте - 1 шт.;Омолаживающий барсучий эликсир;Омолаживающий барсучий эликсир;0;;;;;;;;;;;;;;;;;;;;;;;;;;;;;;;;;;;;;;;;;;;;;;
03.09.2021;2136;;8 100;completed;Avamartinez69@yahoo.com;03.09.2021;9;3;3500.0;1100.0;3500.0;;9;Омолаживающий барсучий эликсир;Маття-латте - 5 шт.;Омолаживающий барсучий эликсир;0;;;;;;;;;;;;;;;;;;;;;;;;;;;;;;;;;;;;;;;;;;;;;;
11.10.2021;2042;;6 650;completed;Emmawilliams69@yandex.ru;14.06.2021;6;3;2000.0;800.0;3500.0;;10;Омолаживающий барсучий эликсир;Фиточай с чабрецом - 4 пакетика;Омолаживающий барсучий эликсир;350;;;;;;;;;;;;;;;;;;;;;;;;;;;;;;;;;;;;;;;;;;;;;;
22.10.2021;3327;;4 950;completed;Lucaswilliams1987@yahoo.com;22.10.2021;10;2;3500.0;1100.0;;;10;Омолаживающий барсучий эликсир;Маття-латте - 5 шт.;Маття-латте - 1 шт.;350;;;;;;;;;;;;;;;;;;;;;;;;;;;;;;;;;;;;;;;;;;;;;;
12.06.2021;4112;;2 550;completed;Williammoore33@mail.ru;12.06.2021;6;3;1900.0;325.0;325.0;;6;Маття-латте - 5 шт.;Маття-латте - 1 шт.;Маття-латте - 1 шт.;0;;;;;;;;;;;;;;;;;;;;;;;;;;;;;;;;;;;;;;;;;;;;;;
29.12.2021;3563;;6 350;completed;charlottethomas0@gmail.com;17.11.2021;11;3;2000.0;2000.0;2000.0;;12;Омолаживающий барсучий эликсир;Омолаживающий барсучий эликсир;Омолаживающий барсучий эликсир;350;;;;;;;;;;;;;;;;;;;;;;;;;;;;;;;;;;;;;;;;;;;;;;
16.05.2021;3396;;7 030;completed;Olivermartinez69@yahoo.com;16.05.2021;5;3;4900.0;890.0;890.0;;5;Омолаживающий барсучий эликсир;Фиточай с чабрецом - 4 пакетика;Фиточай с чабрецом - 4 пакетика;350;;;;;;;;;;;;;;;;;;;;;;;;;;;;;;;;;;;;;;;;;;;;;;
11.05.2021;1480;;2 700;completed;Alexandermoore69@yandex.ru;11.05.2021;5;2;;1900.0;800.0;;5;Маття-латте - 1 шт.;Маття-латте - 5 шт.;Фиточай с чабрецом - 4 пакетика;0;;;;;;;;;;;;;;;;;;;;;;;;;;;;;;;;;;;;;;;;;;;;;;
26.12.2021;4179;;5 400;completed;Williamlopez12@outlook.com;30.10.2021;10;2;3500.0;1900.0;;;12;Омолаживающий барсучий эликсир;Маття-латте - 5 шт.;Маття-латте - 1 шт.;0;;;;;;;;;;;;;;;;;;;;;;;;;;;;;;;;;;;;;;;;;;;;;;
15.05.2021;3760;;6 074;completed;Williammoore1987@yandex.ru;15.04.2021;4;3;587.0;4900.0;587.0;;5;Фиточай с чабрецом - 4 пакетика;Омолаживающий барсучий эликсир;Фиточай с чабрецом - 4 пакетика;0;;;;;;;;;;;;;;;;;;;;;;;;;;;;;;;;;;;;;;;;;;;;;;
31.08.2021;1660;;6 325;returned;williamlopez13@gmail.com;12.07.2021;7;3;4900.0;1100.0;325.0;;8;Омолаживающий барсучий эликсир;Маття-латте - 5 шт.;Маття-латте - 1 шт.;0;;;;;;;;;;;;;;;;;;;;;;;;;;;;;;;;;;;;;;;;;;;;;;
06.07.2021;3490;;1150;completed;Oliverjackson2007@yandex.ru;06.07.2021;7;1;;800.0;;;7;Маття-латте - 1 шт.;Фиточай с чабрецом - 4 пакетика;Маття-латте - 1 шт.;350;;;;;;;;;;;;;;;;;;;;;;;;;;;;;;;;;;;;;;;;;;;;;;
27.09.2021;2268;;1 750;completed;charlottesmith66@gmail.com;26.04.2021;4;3;325.0;325.0;1100.0;;9;Маття-латте - 1 шт.;Маття-латте - 1 шт.;Маття-латте - 5 шт.;0;;;;;;;;;;;;;;;;;;;;;;;;;;;;;;;;;;;;;;;;;;;;;;
20.11.2021;4208;;4 740;completed;Liammoore13@outlook.com;16.09.2021;9;2;;3500.0;890.0;;11;Маття-латте - 1 шт.;Омолаживающий барсучий эликсир;Фиточай с чабрецом - 4 пакетика;350;;;;;;;;;;;;;;;;;;;;;;;;;;;;;;;;;;;;;;;;;;;;;;
28.04.2021;3175;;5 237;completed;Sophialopez33@outlook.com;18.04.2021;4;3;3500.0;800.0;587.0;;4;Омолаживающий барсучий эликсир;Фиточай с чабрецом - 4 пакетика;Фиточай с чабрецом - 4 пакетика;350;;;;;;;;;;;;;;;;;;;;;;;;;;;;;;;;;;;;;;;;;;;;;;
11.05.2021;3148;;6 030;completed;Sophiasmith1993@yahoo.com;11.05.2021;5;3;890.0;240.0;4900.0;;5;Фиточай с чабрецом - 4 пакетика;Маття-латте - 1 шт.;Омолаживающий барсучий эликсир;0;;;;;;;;;;;;;;;;;;;;;;;;;;;;;;;;;;;;;;;;;;;;;;
02.01.2022;1487;;6 600;completed;Liamlopez88@mail.ru;02.01.2022;13;3;2000.0;1100.0;3500.0;;13;Омолаживающий барсучий эликсир;Маття-латте - 5 шт.;Омолаживающий барсучий эликсир;0;;;;;;;;;;;;;;;;;;;;;;;;;;;;;;;;;;;;;;;;;;;;;;
02.10.2021;3110;;3 800;completed;Sophiawilliams1987@yandex.ru;10.08.2021;8;3;1900.0;1100.0;800.0;;10;Маття-латте - 5 шт.;Маття-латте - 5 шт.;Фиточай с чабрецом - 4 пакетика;0;;;;;;;;;;;;;;;;;;;;;;;;;;;;;;;;;;;;;;;;;;;;;;
07.01.2022;1316;;2 927;completed;Isabellabrown1987@outlook.com;07.01.2022;13;3;890.0;587.0;1100.0;;13;Фиточай с чабрецом - 4 пакетика;Фиточай с чабрецом - 4 пакетика;Маття-латте - 5 шт.;350;;;;;;;;;;;;;;;;;;;;;;;;;;;;;;;;;;;;;;;;;;;;;;
14.12.2021;1619;;11 040;completed;Alexanderanderson1993@mail.ru;28.06.2021;6;3;890.0;4900.0;4900.0;;12;Фиточай с чабрецом - 4 пакетика;Омолаживающий барсучий эликсир;Омолаживающий барсучий эликсир;350;;;;;;;;;;;;;;;;;;;;;;;;;;;;;;;;;;;;;;;;;;;;;;
12.03.2021;1664;;4 175;completed;Alexanderthomas12@mail.ru;12.03.2021;3;2;3500.0;325.0;;;3;Омолаживающий барсучий эликсир;Маття-латте - 1 шт.;Маття-латте - 1 шт.;350;;;;;;;;;;;;;;;;;;;;;;;;;;;;;;;;;;;;;;;;;;;;;;
25.06.2021;2044;;4 575;completed;Liamwilliams69@outlook.com;14.03.2021;3;3;325.0;1900.0;2000.0;;6;Маття-латте - 1 шт.;Маття-латте - 5 шт.;Омолаживающий барсучий эликсир;350;;;;;;;;;;;;;;;;;;;;;;;;;;;;;;;;;;;;;;;;;;;;;;
30.08.2021;3779;;7 387;completed;Charlottejackson69@yahoo.com;27.03.2021;3;3;1900.0;4900.0;587.0;;8;Маття-латте - 5 шт.;Омолаживающий барсучий эликсир;Фиточай с чабрецом - 4 пакетика;0;;;;;;;;;;;;;;;;;;;;;;;;;;;;;;;;;;;;;;;;;;;;;;
06.11.2021;3639;;3 680;completed;Emmalopez0@mail.ru;08.04.2021;4;3;890.0;890.0;1900.0;;11;Фиточай с чабрецом - 4 пакетика;Фиточай с чабрецом - 4 пакетика;Маття-латте - 5 шт.;0;;;;;;;;;;;;;;;;;;;;;;;;;;;;;;;;;;;;;;;;;;;;;;
31.03.2021;4114;;6 075;returned;Charlottetaylor88@mail.ru;26.03.2021;3;3;325.0;1900.0;3500.0;;3;Маття-латте - 1 шт.;Маття-латте - 5 шт.;Омолаживающий барсучий эликсир;350;;;;;;;;;;;;;;;;;;;;;;;;;;;;;;;;;;;;;;;;;;;;;;
24.03.2021;1637;;4 674;completed;Liamtaylor33@mail.ru;24.03.2021;3;3;587.0;587.0;3500.0;;3;Фиточай с чабрецом - 4 пакетика;Фиточай с чабрецом - 4 пакетика;Омолаживающий барсучий эликсир;0;;;;;;;;;;;;;;;;;;;;;;;;;;;;;;;;;;;;;;;;;;;;;;
30.03.2021;1494;;5 575;completed;Charlottemartinez69@gmail.com;30.03.2021;3;2;4900.0;325.0;;;3;Омолаживающий барсучий эликсир;Маття-латте - 1 шт.;Маття-латте - 1 шт.;350;;;;;;;;;;;;;;;;;;;;;;;;;;;;;;;;;;;;;;;;;;;;;;
16.02.2021;3141;;9 200;completed;Liamanderson0@yandex.ru;16.02.2021;2;3;4900.0;3500.0;800.0;;2;Омолаживающий барсучий эликсир;Омолаживающий барсучий эликсир;Фиточай с чабрецом - 4 пакетика;0;;;;;;;;;;;;;;;;;;;;;;;;;;;;;;;;;;;;;;;;;;;;;;
17.09.2021;1829;;3 215;completed;Emmalopez33@mail.ru;04.09.2021;9;3;890.0;2000.0;325.0;;9;Фиточай с чабрецом - 4 пакетика;Омолаживающий барсучий эликсир;Маття-латте - 1 шт.;0;;;;;;;;;;;;;;;;;;;;;;;;;;;;;;;;;;;;;;;;;;;;;;
21.06.2021;2339;;9 150;completed;Avawilliams69@yandex.ru;19.04.2021;4;3;1900.0;2000.0;4900.0;;6;Маття-латте - 5 шт.;Омолаживающий барсучий эликсир;Омолаживающий барсучий эликсир;350;;;;;;;;;;;;;;;;;;;;;;;;;;;;;;;;;;;;;;;;;;;;;;
15.11.2021;3049;;8 750;completed;Alexandersmith66@yahoo.com;21.02.2021;2;2;3500.0;;4900.0;;11;Омолаживающий барсучий эликсир;Маття-латте - 1 шт.;Омолаживающий барсучий эликсир;350;;;;;;;;;;;;;;;;;;;;;;;;;;;;;;;;;;;;;;;;;;;;;;
12.10.2021;3092;;3 030;completed;sophiathomas0@gmail.com;08.09.2021;9;3;240.0;1900.0;890.0;;10;Маття-латте - 1 шт.;Маття-латте - 5 шт.;Фиточай с чабрецом - 4 пакетика;0;;;;;;;;;;;;;;;;;;;;;;;;;;;;;;;;;;;;;;;;;;;;;;
10.12.2021;3850;;4 225;completed;Alexandertaylor12@mail.ru;29.03.2021;3;3;325.0;1900.0;2000.0;;12;Маття-латте - 1 шт.;Маття-латте - 5 шт.;Омолаживающий барсучий эликсир;0;;;;;;;;;;;;;;;;;;;;;;;;;;;;;;;;;;;;;;;;;;;;;;
06.10.2021;2247;;3 090;completed;Charlottewilliams12@mail.ru;06.10.2021;10;3;1100.0;890.0;1100.0;;10;Маття-латте - 5 шт.;Фиточай с чабрецом - 4 пакетика;Маття-латте - 5 шт.;0;;;;;;;;;;;;;;;;;;;;;;;;;;;;;;;;;;;;;;;;;;;;;;
15.07.2021;3574;;1 340;completed;Isabellabrown66@yandex.ru;15.07.2021;7;2;;1100.0;240.0;;7;Маття-латте - 1 шт.;Маття-латте - 5 шт.;Маття-латте - 1 шт.;0;;;;;;;;;;;;;;;;;;;;;;;;;;;;;;;;;;;;;;;;;;;;;;
27.01.2022;2425;;3 477;completed;Avathomas66@mail.ru;03.08.2021;8;3;2000.0;890.0;587.0;;13;Омолаживающий барсучий эликсир;Фиточай с чабрецом - 4 пакетика;Фиточай с чабрецом - 4 пакетика;0;;;;;;;;;;;;;;;;;;;;;;;;;;;;;;;;;;;;;;;;;;;;;;
11.06.2021;2794;;2 325;completed;williamanderson69@gmail.com;11.06.2021;6;2;325.0;2000.0;;;6;Маття-латте - 1 шт.;Омолаживающий барсучий эликсир;Маття-латте - 1 шт.;0;;;;;;;;;;;;;;;;;;;;;;;;;;;;;;;;;;;;;;;;;;;;;;
08.06.2021;4028;;2 015;completed;sophiaanderson1987@gmail.com;08.06.2021;6;3;240.0;325.0;1100.0;;6;Маття-латте - 1 шт.;Маття-латте - 1 шт.;Маття-латте - 5 шт.;350;;;;;;;;;;;;;;;;;;;;;;;;;;;;;;;;;;;;;;;;;;;;;;
04.12.2021;3316;;6 800;completed;Isabellamartinez1987@gmail.com;03.03.2021;3;2;;1900.0;4900.0;;12;Маття-латте - 1 шт.;Маття-латте - 5 шт.;Омолаживающий барсучий эликсир;0;;;;;;;;;;;;;;;;;;;;;;;;;;;;;;;;;;;;;;;;;;;;;;
19.08.2021;2928;;5 815;completed;Oliverwilliams12@outlook.com;19.07.2021;7;3;325.0;240.0;4900.0;;8;Маття-латте - 1 шт.;Маття-латте - 1 шт.;Омолаживающий барсучий эликсир;350;;;;;;;;;;;;;;;;;;;;;;;;;;;;;;;;;;;;;;;;;;;;;;
29.09.2021;1470;;2 487;returned;Emmataylor88@yahoo.com;22.03.2021;3;2;587.0;;1900.0;;9;Фиточай с чабрецом - 4 пакетика;Маття-латте - 1 шт.;Маття-латте - 5 шт.;0;;;;;;;;;;;;;;;;;;;;;;;;;;;;;;;;;;;;;;;;;;;;;;
17.03.2021;2535;;8 700;returned;Alexandermartinez33@yahoo.com;17.03.2021;3;3;1900.0;4900.0;1900.0;;3;Маття-латте - 5 шт.;Омолаживающий барсучий эликсир;Маття-латте - 5 шт.;0;;;;;;;;;;;;;;;;;;;;;;;;;;;;;;;;;;;;;;;;;;;;;;
04.07.2021;2372;;2 700;completed;charlottesmith13@gmail.com;09.03.2021;3;3;800.0;1100.0;800.0;;7;Фиточай с чабрецом - 4 пакетика;Маття-латте - 5 шт.;Фиточай с чабрецом - 4 пакетика;0;;;;;;;;;;;;;;;;;;;;;;;;;;;;;;;;;;;;;;;;;;;;;;
07.02.2022;2722;;3 980;completed;Emmalopez1993@yandex.ru;07.02.2022;14;3;3500.0;240.0;240.0;;14;Омолаживающий барсучий эликсир;Маття-латте - 1 шт.;Маття-латте - 1 шт.;0;;;;;;;;;;;;;;;;;;;;;;;;;;;;;;;;;;;;;;;;;;;;;;
13.11.2021;2934;;10 737;completed;Isabellajackson12@outlook.com;17.03.2021;3;3;4900.0;587.0;4900.0;;11;Омолаживающий барсучий эликсир;Фиточай с чабрецом - 4 пакетика;Омолаживающий барсучий эликсир;350;;;;;;;;;;;;;;;;;;;;;;;;;;;;;;;;;;;;;;;;;;;;;;
07.07.2021;3539;;8 725;completed;Sophiathomas1993@mail.ru;02.05.2021;5;3;4900.0;325.0;3500.0;;7;Омолаживающий барсучий эликсир;Маття-латте - 1 шт.;Омолаживающий барсучий эликсир;0;;;;;;;;;;;;;;;;;;;;;;;;;;;;;;;;;;;;;;;;;;;;;;
12.01.2022;3505;;5 487;completed;Isabellamartinez1987@mail.ru;02.03.2021;3;2;;4900.0;587.0;;13;Маття-латте - 1 шт.;Омолаживающий барсучий эликсир;Фиточай с чабрецом - 4 пакетика;0;;;;;;;;;;;;;;;;;;;;;;;;;;;;;;;;;;;;;;;;;;;;;;
17.12.2021;1624;;8 750;completed;Isabellamartinez12@mail.ru;17.12.2021;12;2;;4900.0;3500.0;;12;Маття-латте - 1 шт.;Омолаживающий барсучий эликсир;Омолаживающий барсучий эликсир;350;;;;;;;;;;;;;;;;;;;;;;;;;;;;;;;;;;;;;;;;;;;;;;
09.11.2021;3454;;7 040;completed;Alexanderthomas88@outlook.com;31.05.2021;5;3;4900.0;240.0;1900.0;;11;Омолаживающий барсучий эликсир;Маття-латте - 1 шт.;Маття-латте - 5 шт.;0;;;;;;;;;;;;;;;;;;;;;;;;;;;;;;;;;;;;;;;;;;;;;;
16.11.2021;4194;;7 030;completed;Charlottethomas12@yahoo.com;16.11.2021;11;3;4900.0;890.0;890.0;;11;Омолаживающий барсучий эликсир;Фиточай с чабрецом - 4 пакетика;Фиточай с чабрецом - 4 пакетика;350;;;;;;;;;;;;;;;;;;;;;;;;;;;;;;;;;;;;;;;;;;;;;;
02.07.2021;1427;;2 815;completed;williammartinez88@yahoo.com;02.07.2021;7;3;240.0;1900.0;325.0;;7;Маття-латте - 1 шт.;Маття-латте - 5 шт.;Маття-латте - 1 шт.;350;;;;;;;;;;;;;;;;;;;;;;;;;;;;;;;;;;;;;;;;;;;;;;
20.11.2021;4190;;6 437;completed;Alexanderjackson66@yahoo.com;16.06.2021;6;3;3500.0;2000.0;587.0;;11;Омолаживающий барсучий эликсир;Омолаживающий барсучий эликсир;Фиточай с чабрецом - 4 пакетика;350;;;;;;;;;;;;;;;;;;;;;;;;;;;;;;;;;;;;;;;;;;;;;;
31.07.2021;2492;;7 240;completed;Avamoore2007@outlook.com;31.07.2021;7;3;240.0;3500.0;3500.0;;7;Маття-латте - 1 шт.;Омолаживающий барсучий эликсир;Омолаживающий барсучий эликсир;0;;;;;;;;;;;;;;;;;;;;;;;;;;;;;;;;;;;;;;;;;;;;;;
25.01.2022;3385;;4 762;completed;Isabellataylor69@outlook.com;26.03.2021;3;3;325.0;587.0;3500.0;;13;Маття-латте - 1 шт.;Фиточай с чабрецом - 4 пакетика;Омолаживающий барсучий эликсир;350;;;;;;;;;;;;;;;;;;;;;;;;;;;;;;;;;;;;;;;;;;;;;;
10.09.2021;3557;;9 250;completed;Sophiataylor13@yandex.ru;10.09.2021;9;3;3500.0;1900.0;3500.0;;9;Омолаживающий барсучий эликсир;Маття-латте - 5 шт.;Омолаживающий барсучий эликсир;350;;;;;;;;;;;;;;;;;;;;;;;;;;;;;;;;;;;;;;;;;;;;;;
18.03.2021;3511;;3 480;completed;Williammoore12@yahoo.com;18.03.2021;3;3;890.0;240.0;2000.0;;3;Фиточай с чабрецом - 4 пакетика;Маття-латте - 1 шт.;Омолаживающий барсучий эликсир;350;;;;;;;;;;;;;;;;;;;;;;;;;;;;;;;;;;;;;;;;;;;;;;
21.06.2021;2088;;2 020;completed;Liamtaylor2007@yandex.ru;20.05.2021;5;3;240.0;890.0;890.0;;6;Маття-латте - 1 шт.;Фиточай с чабрецом - 4 пакетика;Фиточай с чабрецом - 4 пакетика;0;;;;;;;;;;;;;;;;;;;;;;;;;;;;;;;;;;;;;;;;;;;;;;
01.01.2022;3999;;6 250;completed;Isabellamartinez33@mail.ru;20.05.2021;5;3;2000.0;1900.0;2000.0;;13;Омолаживающий барсучий эликсир;Маття-латте - 5 шт.;Омолаживающий барсучий эликсир;350;;;;;;;;;;;;;;;;;;;;;;;;;;;;;;;;;;;;;;;;;;;;;;
23.04.2021;1884;;1150;completed;oliveranderson12@gmail.com;23.04.2021;4;1;800.0;;;;4;Фиточай с чабрецом - 4 пакетика;Маття-латте - 1 шт.;Маття-латте - 1 шт.;350;;;;;;;;;;;;;;;;;;;;;;;;;;;;;;;;;;;;;;;;;;;;;;
26.05.2021;2095;;2 225;completed;Sophiaanderson1987@yandex.ru;26.05.2021;5;3;1100.0;325.0;800.0;;5;Маття-латте - 5 шт.;Маття-латте - 1 шт.;Фиточай с чабрецом - 4 пакетика;0;;;;;;;;;;;;;;;;;;;;;;;;;;;;;;;;;;;;;;;;;;;;;;
03.09.2021;2874;;6 587;completed;Lucasmoore88@yandex.ru;03.09.2021;9;3;587.0;4900.0;1100.0;;9;Фиточай с чабрецом - 4 пакетика;Омолаживающий барсучий эликсир;Маття-латте - 5 шт.;0;;;;;;;;;;;;;;;;;;;;;;;;;;;;;;;;;;;;;;;;;;;;;;
15.02.2022;3344;;8 400;returned;Alexanderbrown2007@outlook.com;06.09.2021;9;2;;3500.0;4900.0;;14;Маття-латте - 1 шт.;Омолаживающий барсучий эликсир;Омолаживающий барсучий эликсир;0;;;;;;;;;;;;;;;;;;;;;;;;;;;;;;;;;;;;;;;;;;;;;;
02.11.2021;2441;;4 890;completed;Sophiamoore88@yahoo.com;02.11.2021;11;3;800.0;240.0;3500.0;;11;Фиточай с чабрецом - 4 пакетика;Маття-латте - 1 шт.;Омолаживающий барсучий эликсир;350;;;;;;;;;;;;;;;;;;;;;;;;;;;;;;;;;;;;;;;;;;;;;;
18.03.2021;2094;;2 565;completed;Liammartinez33@yahoo.com;18.03.2021;3;3;2000.0;240.0;325.0;;3;Омолаживающий барсучий эликсир;Маття-латте - 1 шт.;Маття-латте - 1 шт.;0;;;;;;;;;;;;;;;;;;;;;;;;;;;;;;;;;;;;;;;;;;;;;;
06.08.2021;1406;;1 130;completed;Emmawilliams69@outlook.com;06.08.2021;8;2;;240.0;890.0;;8;Маття-латте - 1 шт.;Маття-латте - 1 шт.;Фиточай с чабрецом - 4 пакетика;0;;;;;;;;;;;;;;;;;;;;;;;;;;;;;;;;;;;;;;;;;;;;;;
01.12.2021;1562;;4 327;completed;isabellathomas33@gmail.com;21.06.2021;6;3;240.0;587.0;3500.0;;12;Маття-латте - 1 шт.;Фиточай с чабрецом - 4 пакетика;Омолаживающий барсучий эликсир;0;;;;;;;;;;;;;;;;;;;;;;;;;;;;;;;;;;;;;;;;;;;;;;
22.04.2021;3635;;6 287;completed;Isabellawilliams33@outlook.com;22.04.2021;4;3;4900.0;587.0;800.0;;4;Омолаживающий барсучий эликсир;Фиточай с чабрецом - 4 пакетика;Фиточай с чабрецом - 4 пакетика;0;;;;;;;;;;;;;;;;;;;;;;;;;;;;;;;;;;;;;;;;;;;;;;
31.03.2021;2064;;7 387;returned;Sophiasmith66@yahoo.com;31.03.2021;3;3;4900.0;1900.0;587.0;;3;Омолаживающий барсучий эликсир;Маття-латте - 5 шт.;Фиточай с чабрецом - 4 пакетика;0;;;;;;;;;;;;;;;;;;;;;;;;;;;;;;;;;;;;;;;;;;;;;;
05.10.2021;1532;;10 650;completed;Olivermoore2007@mail.ru;05.10.2021;10;3;4900.0;3500.0;1900.0;;10;Омолаживающий барсучий эликсир;Омолаживающий барсучий эликсир;Маття-латте - 5 шт.;350;;;;;;;;;;;;;;;;;;;;;;;;;;;;;;;;;;;;;;;;;;;;;;
19.07.2021;3749;;4 600;completed;Isabellajackson1993@yahoo.com;19.07.2021;7;3;800.0;1900.0;1900.0;;7;Фиточай с чабрецом - 4 пакетика;Маття-латте - 5 шт.;Маття-латте - 5 шт.;0;;;;;;;;;;;;;;;;;;;;;;;;;;;;;;;;;;;;;;;;;;;;;;
31.03.2021;1773;;8 250;completed;Oliverwilliams13@mail.ru;31.03.2021;3;3;1100.0;1900.0;4900.0;;3;Маття-латте - 5 шт.;Маття-латте - 5 шт.;Омолаживающий барсучий эликсир;350;;;;;;;;;;;;;;;;;;;;;;;;;;;;;;;;;;;;;;;;;;;;;;
20.09.2021;2129;;5 727;returned;Liamthomas69@yandex.ru;05.06.2021;6;3;4900.0;240.0;587.0;;9;Омолаживающий барсучий эликсир;Маття-латте - 1 шт.;Фиточай с чабрецом - 4 пакетика;0;;;;;;;;;;;;;;;;;;;;;;;;;;;;;;;;;;;;;;;;;;;;;;
11.05.2021;2160;;12 050;completed;Charlottethomas88@gmail.com;07.04.2021;4;3;4900.0;1900.0;4900.0;;5;Омолаживающий барсучий эликсир;Маття-латте - 5 шт.;Омолаживающий барсучий эликсир;350;;;;;;;;;;;;;;;;;;;;;;;;;;;;;;;;;;;;;;;;;;;;;;
04.01.2022;2746;;9 200;completed;liammoore69@gmail.com;18.03.2021;3;3;4900.0;800.0;3500.0;;13;Омолаживающий барсучий эликсир;Фиточай с чабрецом - 4 пакетика;Омолаживающий барсучий эликсир;0;;;;;;;;;;;;;;;;;;;;;;;;;;;;;;;;;;;;;;;;;;;;;;
26.03.2021;4096;;2 487;returned;liammoore13@gmail.com;26.03.2021;3;2;587.0;1900.0;;;3;Фиточай с чабрецом - 4 пакетика;Маття-латте - 5 шт.;Маття-латте - 1 шт.;0;;;;;;;;;;;;;;;;;;;;;;;;;;;;;;;;;;;;;;;;;;;;;;
19.12.2021;2965;;2 062;completed;Sophiabrown88@yandex.ru;27.06.2021;6;3;587.0;800.0;325.0;;12;Фиточай с чабрецом - 4 пакетика;Фиточай с чабрецом - 4 пакетика;Маття-латте - 1 шт.;350;;;;;;;;;;;;;;;;;;;;;;;;;;;;;;;;;;;;;;;;;;;;;;
14.12.2021;4011;;5 250;completed;Charlottethomas69@yahoo.com;02.03.2021;3;1;;;4900.0;;12;Маття-латте - 1 шт.;Маття-латте - 1 шт.;Омолаживающий барсучий эликсир;350;;;;;;;;;;;;;;;;;;;;;;;;;;;;;;;;;;;;;;;;;;;;;;
25.02.2021;3207;;4 977;completed;williamanderson66@gmail.com;25.02.2021;2;3;3500.0;890.0;587.0;;2;Омолаживающий барсучий эликсир;Фиточай с чабрецом - 4 пакетика;Фиточай с чабрецом - 4 пакетика;0;;;;;;;;;;;;;;;;;;;;;;;;;;;;;;;;;;;;;;;;;;;;;;
10.08.2021;3791;;10 600;completed;Liamjackson0@yandex.ru;14.05.2021;5;3;800.0;4900.0;4900.0;;8;Фиточай с чабрецом - 4 пакетика;Омолаживающий барсучий эликсир;Омолаживающий барсучий эликсир;0;;;;;;;;;;;;;;;;;;;;;;;;;;;;;;;;;;;;;;;;;;;;;;
15.12.2021;1413;;5 812;completed;Isabellamartinez1987@yandex.ru;16.07.2021;7;3;4900.0;587.0;325.0;;12;Омолаживающий барсучий эликсир;Фиточай с чабрецом - 4 пакетика;Маття-латте - 1 шт.;0;;;;;;;;;;;;;;;;;;;;;;;;;;;;;;;;;;;;;;;;;;;;;;
17.04.2021;3771;;8 725;completed;Olivertaylor33@outlook.com;17.04.2021;4;3;325.0;3500.0;4900.0;;4;Маття-латте - 1 шт.;Омолаживающий барсучий эликсир;Омолаживающий барсучий эликсир;0;;;;;;;;;;;;;;;;;;;;;;;;;;;;;;;;;;;;;;;;;;;;;;
14.11.2021;1426;;3 450;completed;Isabellajackson1987@yahoo.com;19.10.2021;10;2;;2000.0;1100.0;;11;Маття-латте - 1 шт.;Омолаживающий барсучий эликсир;Маття-латте - 5 шт.;350;;;;;;;;;;;;;;;;;;;;;;;;;;;;;;;;;;;;;;;;;;;;;;
04.03.2021;1762;;2 000;completed;Emmataylor88@mail.ru;04.03.2021;3;1;2000.0;;;;3;Омолаживающий барсучий эликсир;Маття-латте - 1 шт.;Маття-латте - 1 шт.;0;;;;;;;;;;;;;;;;;;;;;;;;;;;;;;;;;;;;;;;;;;;;;;
27.03.2021;3799;;7 400;completed;Williammoore12@mail.ru;27.03.2021;3;3;3500.0;2000.0;1900.0;;3;Омолаживающий барсучий эликсир;Омолаживающий барсучий эликсир;Маття-латте - 5 шт.;0;;;;;;;;;;;;;;;;;;;;;;;;;;;;;;;;;;;;;;;;;;;;;;
11.05.2021;3476;;9 337;completed;Emmamoore2007@yandex.ru;11.05.2021;5;3;4900.0;587.0;3500.0;;5;Омолаживающий барсучий эликсир;Фиточай с чабрецом - 4 пакетика;Омолаживающий барсучий эликсир;350;;;;;;;;;;;;;;;;;;;;;;;;;;;;;;;;;;;;;;;;;;;;;;
06.04.2021;3756;;1 152;completed;Williamanderson33@yandex.ru;06.04.2021;4;3;325.0;587.0;240.0;;4;Маття-латте - 1 шт.;Фиточай с чабрецом - 4 пакетика;Маття-латте - 1 шт.;0;;;;;;;;;;;;;;;;;;;;;;;;;;;;;;;;;;;;;;;;;;;;;;
30.10.2021;2195;;3 727;completed;sophiamoore0@gmail.com;30.04.2021;4;3;1900.0;587.0;890.0;;10;Маття-латте - 5 шт.;Фиточай с чабрецом - 4 пакетика;Фиточай с чабрецом - 4 пакетика;350;;;;;;;;;;;;;;;;;;;;;;;;;;;;;;;;;;;;;;;;;;;;;;
22.01.2022;4046;;1 477;completed;Avajackson69@outlook.com;26.02.2021;2;2;;890.0;587.0;;13;Маття-латте - 1 шт.;Фиточай с чабрецом - 4 пакетика;Фиточай с чабрецом - 4 пакетика;0;;;;;;;;;;;;;;;;;;;;;;;;;;;;;;;;;;;;;;;;;;;;;;
06.04.2021;3962;;2 015;completed;Charlottesmith12@yandex.ru;06.04.2021;4;3;800.0;890.0;325.0;;4;Фиточай с чабрецом - 4 пакетика;Фиточай с чабрецом - 4 пакетика;Маття-латте - 1 шт.;0;;;;;;;;;;;;;;;;;;;;;;;;;;;;;;;;;;;;;;;;;;;;;;
02.03.2021;4011;;5 280;completed;Charlottethomas69@yahoo.com;02.03.2021;3;3;890.0;890.0;3500.0;;3;Фиточай с чабрецом - 4 пакетика;Фиточай с чабрецом - 4 пакетика;Омолаживающий барсучий эликсир;0;;;;;;;;;;;;;;;;;;;;;;;;;;;;;;;;;;;;;;;;;;;;;;
13.06.2021;3422;;7 690;completed;Isabellawilliams0@yahoo.com;11.04.2021;4;3;4900.0;1900.0;890.0;;6;Омолаживающий барсучий эликсир;Маття-латте - 5 шт.;Фиточай с чабрецом - 4 пакетика;0;;;;;;;;;;;;;;;;;;;;;;;;;;;;;;;;;;;;;;;;;;;;;;
08.03.2021;1697;;3 375;completed;Avalopez1993@outlook.com;08.03.2021;3;3;325.0;1900.0;800.0;;3;Маття-латте - 1 шт.;Маття-латте - 5 шт.;Фиточай с чабрецом - 4 пакетика;350;;;;;;;;;;;;;;;;;;;;;;;;;;;;;;;;;;;;;;;;;;;;;;
05.12.2021;1822;;1 455;completed;Charlottemartinez66@outlook.com;05.12.2021;12;3;240.0;890.0;325.0;;12;Маття-латте - 1 шт.;Фиточай с чабрецом - 4 пакетика;Маття-латте - 1 шт.;0;;;;;;;;;;;;;;;;;;;;;;;;;;;;;;;;;;;;;;;;;;;;;;
21.05.2021;1284;;2 200;completed;williamthomas33@gmail.com;21.05.2021;5;2;;1100.0;1100.0;;5;Маття-латте - 1 шт.;Маття-латте - 5 шт.;Маття-латте - 5 шт.;0;;;;;;;;;;;;;;;;;;;;;;;;;;;;;;;;;;;;;;;;;;;;;;
08.07.2021;4149;;6 424;completed;Emmataylor0@yandex.ru;30.05.2021;5;3;4900.0;587.0;587.0;;7;Омолаживающий барсучий эликсир;Фиточай с чабрецом - 4 пакетика;Фиточай с чабрецом - 4 пакетика;350;;;;;;;;;;;;;;;;;;;;;;;;;;;;;;;;;;;;;;;;;;;;;;
17.10.2021;2624;;12 150;completed;Alexanderanderson0@yahoo.com;13.03.2021;3;3;4900.0;4900.0;2000.0;;10;Омолаживающий барсучий эликсир;Омолаживающий барсучий эликсир;Омолаживающий барсучий эликсир;350;;;;;;;;;;;;;;;;;;;;;;;;;;;;;;;;;;;;;;;;;;;;;;
27.12.2021;1529;;2 890;returned;emmataylor66@gmail.com;05.09.2021;9;2;890.0;2000.0;;;12;Фиточай с чабрецом - 4 пакетика;Омолаживающий барсучий эликсир;Маття-латте - 1 шт.;0;;;;;;;;;;;;;;;;;;;;;;;;;;;;;;;;;;;;;;;;;;;;;;
26.02.2021;2883;;2 927;completed;isabellataylor33@gmail.com;26.02.2021;2;3;587.0;890.0;1100.0;;2;Фиточай с чабрецом - 4 пакетика;Фиточай с чабрецом - 4 пакетика;Маття-латте - 5 шт.;350;;;;;;;;;;;;;;;;;;;;;;;;;;;;;;;;;;;;;;;;;;;;;;
08.06.2021;1659;;3 590;completed;emmamartinez13@yahoo.com;08.06.2021;6;3;1100.0;240.0;1900.0;;6;Маття-латте - 5 шт.;Маття-латте - 1 шт.;Маття-латте - 5 шт.;350;;;;;;;;;;;;;;;;;;;;;;;;;;;;;;;;;;;;;;;;;;;;;;
16.02.2022;2881;;1 580;completed;Emmawilliams69@mail.ru;09.09.2021;9;3;240.0;240.0;1100.0;;14;Маття-латте - 1 шт.;Маття-латте - 1 шт.;Маття-латте - 5 шт.;0;;;;;;;;;;;;;;;;;;;;;;;;;;;;;;;;;;;;;;;;;;;;;;
13.09.2021;3145;;2 325;completed;Liamlopez88@outlook.com;13.09.2021;9;2;325.0;;2000.0;;9;Маття-латте - 1 шт.;Маття-латте - 1 шт.;Омолаживающий барсучий эликсир;0;;;;;;;;;;;;;;;;;;;;;;;;;;;;;;;;;;;;;;;;;;;;;;
12.01.2022;2739;;2 367;completed;Avabrown1987@yandex.ru;12.01.2022;13;3;587.0;890.0;890.0;;13;Фиточай с чабрецом - 4 пакетика;Фиточай с чабрецом - 4 пакетика;Фиточай с чабрецом - 4 пакетика;0;;;;;;;;;;;;;;;;;;;;;;;;;;;;;;;;;;;;;;;;;;;;;;
14.09.2021;2396;;5 450;completed;Emmamartinez33@mail.ru;26.07.2021;7;3;2000.0;2000.0;1100.0;;9;Омолаживающий барсучий эликсир;Омолаживающий барсучий эликсир;Маття-латте - 5 шт.;350;;;;;;;;;;;;;;;;;;;;;;;;;;;;;;;;;;;;;;;;;;;;;;
16.01.2022;2611;;1 340;completed;Avabrown88@yahoo.com;16.01.2022;13;2;;1100.0;240.0;;13;Маття-латте - 1 шт.;Маття-латте - 5 шт.;Маття-латте - 1 шт.;0;;;;;;;;;;;;;;;;;;;;;;;;;;;;;;;;;;;;;;;;;;;;;;
04.05.2021;2433;;5 327;returned;Sophiasmith1993@mail.ru;04.05.2021;5;3;890.0;587.0;3500.0;;5;Фиточай с чабрецом - 4 пакетика;Фиточай с чабрецом - 4 пакетика;Омолаживающий барсучий эликсир;350;;;;;;;;;;;;;;;;;;;;;;;;;;;;;;;;;;;;;;;;;;;;;;
05.11.2021;3702;;3 524;completed;Isabellamartinez88@yahoo.com;15.10.2021;10;3;587.0;587.0;2000.0;;11;Фиточай с чабрецом - 4 пакетика;Фиточай с чабрецом - 4 пакетика;Омолаживающий барсучий эликсир;350;;;;;;;;;;;;;;;;;;;;;;;;;;;;;;;;;;;;;;;;;;;;;;
30.07.2021;4056;;2 012;completed;Avajackson1993@gmail.com;30.07.2021;7;3;325.0;587.0;1100.0;;7;Маття-латте - 1 шт.;Фиточай с чабрецом - 4 пакетика;Маття-латте - 5 шт.;0;;;;;;;;;;;;;;;;;;;;;;;;;;;;;;;;;;;;;;;;;;;;;;
24.06.2021;3175;;3 587;completed;Sophialopez33@outlook.com;18.04.2021;4;3;1900.0;1100.0;587.0;;6;Маття-латте - 5 шт.;Маття-латте - 5 шт.;Фиточай с чабрецом - 4 пакетика;0;;;;;;;;;;;;;;;;;;;;;;;;;;;;;;;;;;;;;;;;;;;;;;
13.10.2021;4193;;6 115;completed;charlottethomas2007@gmail.com;13.10.2021;10;3;4900.0;890.0;325.0;;10;Омолаживающий барсучий эликсир;Фиточай с чабрецом - 4 пакетика;Маття-латте - 1 шт.;0;;;;;;;;;;;;;;;;;;;;;;;;;;;;;;;;;;;;;;;;;;;;;;
16.11.2021;1413;;1 477;completed;Isabellamartinez1987@yandex.ru;16.07.2021;7;2;587.0;;890.0;;11;Фиточай с чабрецом - 4 пакетика;Маття-латте - 1 шт.;Фиточай с чабрецом - 4 пакетика;0;;;;;;;;;;;;;;;;;;;;;;;;;;;;;;;;;;;;;;;;;;;;;;
05.04.2021;3313;;5 490;completed;Williammartinez88@outlook.com;05.04.2021;4;3;890.0;3500.0;1100.0;;4;Фиточай с чабрецом - 4 пакетика;Омолаживающий барсучий эликсир;Маття-латте - 5 шт.;0;;;;;;;;;;;;;;;;;;;;;;;;;;;;;;;;;;;;;;;;;;;;;;
02.11.2021;3854;;6 290;completed;Williamthomas66@mail.ru;11.09.2021;9;3;1900.0;3500.0;890.0;;11;Маття-латте - 5 шт.;Омолаживающий барсучий эликсир;Фиточай с чабрецом - 4 пакетика;0;;;;;;;;;;;;;;;;;;;;;;;;;;;;;;;;;;;;;;;;;;;;;;
23.11.2021;3169;;6 350;returned;Alexandermartinez69@mail.ru;18.11.2021;11;3;2000.0;2000.0;2000.0;;11;Омолаживающий барсучий эликсир;Омолаживающий барсучий эликсир;Омолаживающий барсучий эликсир;350;;;;;;;;;;;;;;;;;;;;;;;;;;;;;;;;;;;;;;;;;;;;;;
03.04.2021;2194;;6 300;completed;Oliverlopez33@mail.ru;03.04.2021;4;3;2000.0;800.0;3500.0;;4;Омолаживающий барсучий эликсир;Фиточай с чабрецом - 4 пакетика;Омолаживающий барсучий эликсир;0;;;;;;;;;;;;;;;;;;;;;;;;;;;;;;;;;;;;;;;;;;;;;;
27.01.2022;4204;;3 115;completed;olivermartinez13@gmail.com;19.09.2021;9;3;890.0;1900.0;325.0;;13;Фиточай с чабрецом - 4 пакетика;Маття-латте - 5 шт.;Маття-латте - 1 шт.;0;;;;;;;;;;;;;;;;;;;;;;;;;;;;;;;;;;;;;;;;;;;;;;
18.09.2021;3458;;6 300;completed;Alexanderbrown33@yandex.ru;14.09.2021;9;3;3500.0;800.0;2000.0;;9;Омолаживающий барсучий эликсир;Фиточай с чабрецом - 4 пакетика;Омолаживающий барсучий эликсир;0;;;;;;;;;;;;;;;;;;;;;;;;;;;;;;;;;;;;;;;;;;;;;;
07.08.2021;4089;;2 940;completed;Avabrown33@yandex.ru;07.08.2021;8;3;1900.0;240.0;800.0;;8;Маття-латте - 5 шт.;Маття-латте - 1 шт.;Фиточай с чабрецом - 4 пакетика;0;;;;;;;;;;;;;;;;;;;;;;;;;;;;;;;;;;;;;;;;;;;;;;
21.09.2021;1372;;2 575;completed;Lucaswilliams66@yandex.ru;02.07.2021;7;3;1100.0;325.0;800.0;;9;Маття-латте - 5 шт.;Маття-латте - 1 шт.;Фиточай с чабрецом - 4 пакетика;350;;;;;;;;;;;;;;;;;;;;;;;;;;;;;;;;;;;;;;;;;;;;;;
24.07.2021;1363;;3 980;completed;Isabellamoore66@yandex.ru;22.06.2021;6;3;240.0;3500.0;240.0;;7;Маття-латте - 1 шт.;Омолаживающий барсучий эликсир;Маття-латте - 1 шт.;0;;;;;;;;;;;;;;;;;;;;;;;;;;;;;;;;;;;;;;;;;;;;;;
11.01.2022;1980;;6 587;completed;Avalopez2007@outlook.com;21.05.2021;5;3;1100.0;587.0;4900.0;;13;Маття-латте - 5 шт.;Фиточай с чабрецом - 4 пакетика;Омолаживающий барсучий эликсир;0;;;;;;;;;;;;;;;;;;;;;;;;;;;;;;;;;;;;;;;;;;;;;;
10.05.2021;4123;;4 240;completed;Olivermoore33@yahoo.com;18.02.2021;2;3;1100.0;1900.0;890.0;;5;Маття-латте - 5 шт.;Маття-латте - 5 шт.;Фиточай с чабрецом - 4 пакетика;350;;;;;;;;;;;;;;;;;;;;;;;;;;;;;;;;;;;;;;;;;;;;;;
17.04.2021;1900;;5 490;completed;Williamsmith13@mail.ru;17.04.2021;4;3;3500.0;890.0;1100.0;;4;Омолаживающий барсучий эликсир;Фиточай с чабрецом - 4 пакетика;Маття-латте - 5 шт.;0;;;;;;;;;;;;;;;;;;;;;;;;;;;;;;;;;;;;;;;;;;;;;;
03.01.2022;1429;;3 115;completed;Avataylor88@yandex.ru;03.01.2022;13;3;1900.0;890.0;325.0;;13;Маття-латте - 5 шт.;Фиточай с чабрецом - 4 пакетика;Маття-латте - 1 шт.;0;;;;;;;;;;;;;;;;;;;;;;;;;;;;;;;;;;;;;;;;;;;;;;
08.07.2021;3138;;7 240;returned;Lucasbrown12@mail.ru;08.07.2021;7;3;4900.0;890.0;1100.0;;7;Омолаживающий барсучий эликсир;Фиточай с чабрецом - 4 пакетика;Маття-латте - 5 шт.;350;;;;;;;;;;;;;;;;;;;;;;;;;;;;;;;;;;;;;;;;;;;;;;
08.04.2021;2423;;3 440;completed;Liamjackson0@yandex.ru;08.04.2021;4;3;1100.0;890.0;1100.0;;4;Маття-латте - 5 шт.;Фиточай с чабрецом - 4 пакетика;Маття-латте - 5 шт.;350;;;;;;;;;;;;;;;;;;;;;;;;;;;;;;;;;;;;;;;;;;;;;;
08.01.2022;2791;;9 850;completed;Alexandersmith66@outlook.com;31.12.2021;12;3;3500.0;1100.0;4900.0;;13;Омолаживающий барсучий эликсир;Маття-латте - 5 шт.;Омолаживающий барсучий эликсир;350;;;;;;;;;;;;;;;;;;;;;;;;;;;;;;;;;;;;;;;;;;;;;;
01.05.2021;1246;;3 377;completed;Avasmith2007@outlook.com;03.04.2021;4;3;587.0;1900.0;890.0;;5;Фиточай с чабрецом - 4 пакетика;Маття-латте - 5 шт.;Фиточай с чабрецом - 4 пакетика;0;;;;;;;;;;;;;;;;;;;;;;;;;;;;;;;;;;;;;;;;;;;;;;
15.10.2021;4159;;7 490;completed;Isabellamartinez88@yandex.ru;15.10.2021;10;3;2000.0;240.0;4900.0;;10;Омолаживающий барсучий эликсир;Маття-латте - 1 шт.;Омолаживающий барсучий эликсир;350;;;;;;;;;;;;;;;;;;;;;;;;;;;;;;;;;;;;;;;;;;;;;;
14.11.2021;1349;;4 890;completed;Charlottebrown1987@outlook.com;11.06.2021;6;3;3500.0;240.0;800.0;;11;Омолаживающий барсучий эликсир;Маття-латте - 1 шт.;Фиточай с чабрецом - 4 пакетика;350;;;;;;;;;;;;;;;;;;;;;;;;;;;;;;;;;;;;;;;;;;;;;;
17.02.2021;2999;;6 140;completed;Avajackson13@outlook.com;17.02.2021;2;2;4900.0;;890.0;;2;Омолаживающий барсучий эликсир;Маття-латте - 1 шт.;Фиточай с чабрецом - 4 пакетика;350;;;;;;;;;;;;;;;;;;;;;;;;;;;;;;;;;;;;;;;;;;;;;;
12.12.2021;2860;;2 580;completed;avamartinez1987@gmail.com;25.03.2021;3;3;1100.0;240.0;890.0;;12;Маття-латте - 5 шт.;Маття-латте - 1 шт.;Фиточай с чабрецом - 4 пакетика;350;;;;;;;;;;;;;;;;;;;;;;;;;;;;;;;;;;;;;;;;;;;;;;
24.07.2021;2501;;2 800;completed;Oliverwilliams13@yahoo.com;26.03.2021;3;2;;800.0;2000.0;;7;Маття-латте - 1 шт.;Фиточай с чабрецом - 4 пакетика;Омолаживающий барсучий эликсир;0;;;;;;;;;;;;;;;;;;;;;;;;;;;;;;;;;;;;;;;;;;;;;;
23.02.2021;3522;;7 390;completed;Williamthomas2007@outlook.com;23.02.2021;2;3;4900.0;1900.0;240.0;;2;Омолаживающий барсучий эликсир;Маття-латте - 5 шт.;Маття-латте - 1 шт.;350;;;;;;;;;;;;;;;;;;;;;;;;;;;;;;;;;;;;;;;;;;;;;;
16.11.2021;1759;;5 065;completed;Emmamartinez66@yandex.ru;01.05.2021;5;3;890.0;325.0;3500.0;;11;Фиточай с чабрецом - 4 пакетика;Маття-латте - 1 шт.;Омолаживающий барсучий эликсир;350;;;;;;;;;;;;;;;;;;;;;;;;;;;;;;;;;;;;;;;;;;;;;;
11.10.2021;3733;;4 412;returned;Liammartinez2007@yahoo.com;11.10.2021;10;3;3500.0;325.0;587.0;;10;Омолаживающий барсучий эликсир;Маття-латте - 1 шт.;Фиточай с чабрецом - 4 пакетика;0;;;;;;;;;;;;;;;;;;;;;;;;;;;;;;;;;;;;;;;;;;;;;;
29.07.2021;3454;;1 540;completed;Alexanderthomas88@outlook.com;31.05.2021;5;3;325.0;325.0;890.0;;7;Маття-латте - 1 шт.;Маття-латте - 1 шт.;Фиточай с чабрецом - 4 пакетика;0;;;;;;;;;;;;;;;;;;;;;;;;;;;;;;;;;;;;;;;;;;;;;;
21.05.2021;1980;;5 450;completed;Avalopez2007@outlook.com;21.05.2021;5;3;1100.0;2000.0;2000.0;;5;Маття-латте - 5 шт.;Омолаживающий барсучий эликсир;Омолаживающий барсучий эликсир;350;;;;;;;;;;;;;;;;;;;;;;;;;;;;;;;;;;;;;;;;;;;;;;
06.03.2021;4166;;5 987;completed;Sophiabrown66@gmail.com;06.03.2021;3;3;3500.0;587.0;1900.0;;3;Омолаживающий барсучий эликсир;Фиточай с чабрецом - 4 пакетика;Маття-латте - 5 шт.;0;;;;;;;;;;;;;;;;;;;;;;;;;;;;;;;;;;;;;;;;;;;;;;
11.03.2021;2222;;9 550;completed;Avamoore69@yandex.ru;11.03.2021;3;3;4900.0;800.0;3500.0;;3;Омолаживающий барсучий эликсир;Фиточай с чабрецом - 4 пакетика;Омолаживающий барсучий эликсир;350;;;;;;;;;;;;;;;;;;;;;;;;;;;;;;;;;;;;;;;;;;;;;;
29.07.2021;3561;;9 150;completed;Sophiasmith33@mail.ru;05.05.2021;5;3;1900.0;4900.0;2000.0;;7;Маття-латте - 5 шт.;Омолаживающий барсучий эликсир;Омолаживающий барсучий эликсир;350;;;;;;;;;;;;;;;;;;;;;;;;;;;;;;;;;;;;;;;;;;;;;;
07.11.2021;3475;;7 240;completed;Liammartinez1987@yandex.ru;28.03.2021;3;3;3500.0;240.0;3500.0;;11;Омолаживающий барсучий эликсир;Маття-латте - 1 шт.;Омолаживающий барсучий эликсир;0;;;;;;;;;;;;;;;;;;;;;;;;;;;;;;;;;;;;;;;;;;;;;;
20.10.2021;1851;;1 627;completed;Isabellajackson13@mail.ru;20.02.2021;2;3;587.0;240.0;800.0;;10;Фиточай с чабрецом - 4 пакетика;Маття-латте - 1 шт.;Фиточай с чабрецом - 4 пакетика;0;;;;;;;;;;;;;;;;;;;;;;;;;;;;;;;;;;;;;;;;;;;;;;
19.05.2021;3956;;2 465;completed;Lucasthomas88@yahoo.com;19.05.2021;5;3;325.0;1900.0;240.0;;5;Маття-латте - 1 шт.;Маття-латте - 5 шт.;Маття-латте - 1 шт.;0;;;;;;;;;;;;;;;;;;;;;;;;;;;;;;;;;;;;;;;;;;;;;;
08.04.2021;3748;;2 930;completed;Sophiathomas1993@outlook.com;08.04.2021;4;3;800.0;890.0;890.0;;4;Фиточай с чабрецом - 4 пакетика;Фиточай с чабрецом - 4 пакетика;Фиточай с чабрецом - 4 пакетика;350;;;;;;;;;;;;;;;;;;;;;;;;;;;;;;;;;;;;;;;;;;;;;;
28.06.2021;4201;;3 800;completed;Emmamartinez1987@outlook.com;16.04.2021;4;3;1900.0;800.0;1100.0;;6;Маття-латте - 5 шт.;Фиточай с чабрецом - 4 пакетика;Маття-латте - 5 шт.;0;;;;;;;;;;;;;;;;;;;;;;;;;;;;;;;;;;;;;;;;;;;;;;
23.12.2021;3102;;7 040;completed;Isabellajackson13@mail.ru;23.12.2021;12;3;240.0;4900.0;1900.0;;12;Маття-латте - 1 шт.;Омолаживающий барсучий эликсир;Маття-латте - 5 шт.;0;;;;;;;;;;;;;;;;;;;;;;;;;;;;;;;;;;;;;;;;;;;;;;
13.04.2021;2514;;7 790;completed;Avathomas1993@outlook.com;13.04.2021;4;3;4900.0;890.0;2000.0;;4;Омолаживающий барсучий эликсир;Фиточай с чабрецом - 4 пакетика;Омолаживающий барсучий эликсир;0;;;;;;;;;;;;;;;;;;;;;;;;;;;;;;;;;;;;;;;;;;;;;;
01.08.2021;2741;;3 390;completed;Sophiajackson13@mail.ru;13.03.2021;3;3;240.0;2000.0;800.0;;8;Маття-латте - 1 шт.;Омолаживающий барсучий эликсир;Фиточай с чабрецом - 4 пакетика;350;;;;;;;;;;;;;;;;;;;;;;;;;;;;;;;;;;;;;;;;;;;;;;
02.05.2021;3248;;7 387;completed;Lucaslopez88@outlook.com;02.05.2021;5;3;587.0;4900.0;1900.0;;5;Фиточай с чабрецом - 4 пакетика;Омолаживающий барсучий эликсир;Маття-латте - 5 шт.;0;;;;;;;;;;;;;;;;;;;;;;;;;;;;;;;;;;;;;;;;;;;;;;
11.09.2021;2478;;650;completed;Williambrown69@yahoo.com;05.04.2021;4;2;325.0;;325.0;;9;Маття-латте - 1 шт.;Маття-латте - 1 шт.;Маття-латте - 1 шт.;0;;;;;;;;;;;;;;;;;;;;;;;;;;;;;;;;;;;;;;;;;;;;;;
06.01.2022;3680;;6 090;completed;Alexanderthomas66@yahoo.com;11.10.2021;10;3;2000.0;240.0;3500.0;;13;Омолаживающий барсучий эликсир;Маття-латте - 1 шт.;Омолаживающий барсучий эликсир;350;;;;;;;;;;;;;;;;;;;;;;;;;;;;;;;;;;;;;;;;;;;;;;
30.07.2021;1967;;6 375;completed;Avamartinez13@yahoo.com;30.05.2021;5;3;4900.0;800.0;325.0;;7;Омолаживающий барсучий эликсир;Фиточай с чабрецом - 4 пакетика;Маття-латте - 1 шт.;350;;;;;;;;;;;;;;;;;;;;;;;;;;;;;;;;;;;;;;;;;;;;;;
10.06.2021;3512;;8 987;completed;sophiabrown1987@gmail.com;23.04.2021;4;3;4900.0;587.0;3500.0;;6;Омолаживающий барсучий эликсир;Фиточай с чабрецом - 4 пакетика;Омолаживающий барсучий эликсир;0;;;;;;;;;;;;;;;;;;;;;;;;;;;;;;;;;;;;;;;;;;;;;;
30.08.2021;3178;;2 140;completed;isabellaanderson88@gmail.com;23.02.2021;2;2;240.0;1900.0;;;8;Маття-латте - 1 шт.;Маття-латте - 5 шт.;Маття-латте - 1 шт.;0;;;;;;;;;;;;;;;;;;;;;;;;;;;;;;;;;;;;;;;;;;;;;;
02.06.2021;3417;;7 250;completed;Charlotteanderson1987@yahoo.com;02.06.2021;6;2;4900.0;2000.0;;;6;Омолаживающий барсучий эликсир;Омолаживающий барсучий эликсир;Маття-латте - 1 шт.;350;;;;;;;;;;;;;;;;;;;;;;;;;;;;;;;;;;;;;;;;;;;;;;
04.07.2021;2521;;6 090;completed;Williamlopez0@yahoo.com;27.03.2021;3;3;2000.0;3500.0;240.0;;7;Омолаживающий барсучий эликсир;Омолаживающий барсучий эликсир;Маття-латте - 1 шт.;350;;;;;;;;;;;;;;;;;;;;;;;;;;;;;;;;;;;;;;;;;;;;;;
13.11.2021;1946;;6 115;completed;Sophiataylor66@outlook.com;08.03.2021;3;3;890.0;4900.0;325.0;;11;Фиточай с чабрецом - 4 пакетика;Омолаживающий барсучий эликсир;Маття-латте - 1 шт.;0;;;;;;;;;;;;;;;;;;;;;;;;;;;;;;;;;;;;;;;;;;;;;;
15.09.2021;1849;;10 750;completed;Avajackson2007@yandex.ru;15.09.2021;9;3;4900.0;3500.0;2000.0;;9;Омолаживающий барсучий эликсир;Омолаживающий барсучий эликсир;Омолаживающий барсучий эликсир;350;;;;;;;;;;;;;;;;;;;;;;;;;;;;;;;;;;;;;;;;;;;;;;
11.03.2021;3784;;1262;completed;Oliverbrown2007@yandex.ru;11.03.2021;3;2;325.0;;587.0;;3;Маття-латте - 1 шт.;Маття-латте - 1 шт.;Фиточай с чабрецом - 4 пакетика;350;;;;;;;;;;;;;;;;;;;;;;;;;;;;;;;;;;;;;;;;;;;;;;
04.12.2021;3099;;1 805;completed;Alexanderanderson1987@outlook.com;04.12.2021;12;3;325.0;890.0;240.0;;12;Маття-латте - 1 шт.;Фиточай с чабрецом - 4 пакетика;Маття-латте - 1 шт.;350;;;;;;;;;;;;;;;;;;;;;;;;;;;;;;;;;;;;;;;;;;;;;;
28.04.2021;3708;;4 677;completed;Isabellalopez69@mail.ru;28.04.2021;4;3;587.0;3500.0;240.0;;4;Фиточай с чабрецом - 4 пакетика;Омолаживающий барсучий эликсир;Маття-латте - 1 шт.;350;;;;;;;;;;;;;;;;;;;;;;;;;;;;;;;;;;;;;;;;;;;;;;
11.10.2021;1337;;3 377;completed;Sophiaanderson69@outlook.com;11.10.2021;10;3;1900.0;890.0;587.0;;10;Маття-латте - 5 шт.;Фиточай с чабрецом - 4 пакетика;Фиточай с чабрецом - 4 пакетика;0;;;;;;;;;;;;;;;;;;;;;;;;;;;;;;;;;;;;;;;;;;;;;;
10.11.2021;4116;;10 650;completed;Oliveranderson33@outlook.com;11.05.2021;5;3;4900.0;3500.0;1900.0;;11;Омолаживающий барсучий эликсир;Омолаживающий барсучий эликсир;Маття-латте - 5 шт.;350;;;;;;;;;;;;;;;;;;;;;;;;;;;;;;;;;;;;;;;;;;;;;;
11.07.2021;3867;;4 240;completed;Charlottelopez88@yandex.ru;11.07.2021;7;3;2000.0;2000.0;240.0;;7;Омолаживающий барсучий эликсир;Омолаживающий барсучий эликсир;Маття-латте - 1 шт.;0;;;;;;;;;;;;;;;;;;;;;;;;;;;;;;;;;;;;;;;;;;;;;;
28.11.2021;3063;;4 437;completed;avalopez88@gmail.com;30.09.2021;9;2;;587.0;3500.0;;11;Маття-латте - 1 шт.;Фиточай с чабрецом - 4 пакетика;Омолаживающий барсучий эликсир;350;;;;;;;;;;;;;;;;;;;;;;;;;;;;;;;;;;;;;;;;;;;;;;
17.01.2022;2065;;4 087;completed;avataylor0@gmail.com;09.01.2022;13;2;;3500.0;587.0;;13;Маття-латте - 1 шт.;Омолаживающий барсучий эликсир;Фиточай с чабрецом - 4 пакетика;0;;;;;;;;;;;;;;;;;;;;;;;;;;;;;;;;;;;;;;;;;;;;;;
04.09.2021;3997;;5 350;completed;Charlottethomas0@outlook.com;23.03.2021;3;3;1100.0;2000.0;1900.0;;9;Маття-латте - 5 шт.;Омолаживающий барсучий эликсир;Маття-латте - 5 шт.;350;;;;;;;;;;;;;;;;;;;;;;;;;;;;;;;;;;;;;;;;;;;;;;
07.06.2021;3208;;7 390;completed;Avamoore1987@mail.ru;07.06.2021;6;3;1900.0;4900.0;240.0;;6;Маття-латте - 5 шт.;Омолаживающий барсучий эликсир;Маття-латте - 1 шт.;350;;;;;;;;;;;;;;;;;;;;;;;;;;;;;;;;;;;;;;;;;;;;;;
02.07.2021;2784;;3 177;completed;emmajackson2007@gmail.com;02.07.2021;7;3;587.0;240.0;2000.0;;7;Фиточай с чабрецом - 4 пакетика;Маття-латте - 1 шт.;Омолаживающий барсучий эликсир;350;;;;;;;;;;;;;;;;;;;;;;;;;;;;;;;;;;;;;;;;;;;;;;
30.07.2021;2198;;10 650;returned;Oliverthomas1987@outlook.com;30.07.2021;7;3;1900.0;3500.0;4900.0;;7;Маття-латте - 5 шт.;Омолаживающий барсучий эликсир;Омолаживающий барсучий эликсир;350;;;;;;;;;;;;;;;;;;;;;;;;;;;;;;;;;;;;;;;;;;;;;;
16.07.2021;3887;;3 825;completed;Isabellasmith12@yandex.ru;17.03.2021;3;2;3500.0;325.0;;;7;Омолаживающий барсучий эликсир;Маття-латте - 1 шт.;Маття-латте - 1 шт.;0;;;;;;;;;;;;;;;;;;;;;;;;;;;;;;;;;;;;;;;;;;;;;;
08.11.2021;2093;;2 367;completed;Liambrown0@mail.ru;08.11.2021;11;3;587.0;890.0;890.0;;11;Фиточай с чабрецом - 4 пакетика;Фиточай с чабрецом - 4 пакетика;Фиточай с чабрецом - 4 пакетика;0;;;;;;;;;;;;;;;;;;;;;;;;;;;;;;;;;;;;;;;;;;;;;;
04.04.2021;1277;;4 140;completed;oliverwilliams69@gmail.com;04.04.2021;4;3;1900.0;2000.0;240.0;;4;Маття-латте - 5 шт.;Омолаживающий барсучий эликсир;Маття-латте - 1 шт.;0;;;;;;;;;;;;;;;;;;;;;;;;;;;;;;;;;;;;;;;;;;;;;;
16.11.2021;1632;;1 125;completed;Isabellathomas1987@outlook.com;02.04.2021;4;2;325.0;800.0;;;11;Маття-латте - 1 шт.;Фиточай с чабрецом - 4 пакетика;Маття-латте - 1 шт.;0;;;;;;;;;;;;;;;;;;;;;;;;;;;;;;;;;;;;;;;;;;;;;;
24.09.2021;1629;;1 840;completed;Lucaslopez1987@yahoo.com;03.08.2021;8;3;240.0;800.0;800.0;;9;Маття-латте - 1 шт.;Фиточай с чабрецом - 4 пакетика;Фиточай с чабрецом - 4 пакетика;0;;;;;;;;;;;;;;;;;;;;;;;;;;;;;;;;;;;;;;;;;;;;;;
28.09.2021;2462;;2 525;completed;Isabellaanderson1987@gmail.com;06.07.2021;7;3;1100.0;1100.0;325.0;;9;Маття-латте - 5 шт.;Маття-латте - 5 шт.;Маття-латте - 1 шт.;0;;;;;;;;;;;;;;;;;;;;;;;;;;;;;;;;;;;;;;;;;;;;;;
08.11.2021;2711;;2 490;completed;Oliverthomas66@mail.ru;08.11.2021;11;2;240.0;;1900.0;;11;Маття-латте - 1 шт.;Маття-латте - 1 шт.;Маття-латте - 5 шт.;350;;;;;;;;;;;;;;;;;;;;;;;;;;;;;;;;;;;;;;;;;;;;;;
08.03.2021;2002;;2 875;completed;Alexandertaylor1987@outlook.com;08.03.2021;3;3;325.0;1100.0;1100.0;;3;Маття-латте - 1 шт.;Маття-латте - 5 шт.;Маття-латте - 5 шт.;350;;;;;;;;;;;;;;;;;;;;;;;;;;;;;;;;;;;;;;;;;;;;;;
29.05.2021;1602;;5 727;completed;Olivermartinez12@yandex.ru;29.05.2021;5;3;240.0;4900.0;587.0;;5;Маття-латте - 1 шт.;Омолаживающий барсучий эликсир;Фиточай с чабрецом - 4 пакетика;0;;;;;;;;;;;;;;;;;;;;;;;;;;;;;;;;;;;;;;;;;;;;;;
04.11.2021;3478;;2 225;completed;Alexandertaylor88@outlook.com;14.07.2021;7;2;1900.0;;325.0;;11;Маття-латте - 5 шт.;Маття-латте - 1 шт.;Маття-латте - 1 шт.;0;;;;;;;;;;;;;;;;;;;;;;;;;;;;;;;;;;;;;;;;;;;;;;
16.01.2022;2136;;5 725;completed;Avamartinez69@yahoo.com;03.09.2021;9;3;325.0;3500.0;1900.0;;13;Маття-латте - 1 шт.;Омолаживающий барсучий эликсир;Маття-латте - 5 шт.;0;;;;;;;;;;;;;;;;;;;;;;;;;;;;;;;;;;;;;;;;;;;;;;
05.11.2021;3461;;4 540;completed;oliverwilliams2007@gmail.com;11.04.2021;4;3;3500.0;240.0;800.0;;11;Омолаживающий барсучий эликсир;Маття-латте - 1 шт.;Фиточай с чабрецом - 4 пакетика;0;;;;;;;;;;;;;;;;;;;;;;;;;;;;;;;;;;;;;;;;;;;;;;
13.09.2021;2823;;1 370;completed;Oliveranderson1987@yandex.ru;09.03.2021;3;3;240.0;240.0;890.0;;9;Маття-латте - 1 шт.;Маття-латте - 1 шт.;Фиточай с чабрецом - 4 пакетика;0;;;;;;;;;;;;;;;;;;;;;;;;;;;;;;;;;;;;;;;;;;;;;;
09.09.2021;2873;;0;completed;sophiamartinez69@gmail.com;09.09.2021;9;0;;;;;9;Маття-латте - 1 шт.;Маття-латте - 1 шт.;Маття-латте - 1 шт.;0;;;;;;;;;;;;;;;;;;;;;;;;;;;;;;;;;;;;;;;;;;;;;;
09.06.2021;2788;;6 162;completed;oliverbrown12@gmail.com;09.06.2021;6;3;325.0;4900.0;587.0;;6;Маття-латте - 1 шт.;Омолаживающий барсучий эликсир;Фиточай с чабрецом - 4 пакетика;350;;;;;;;;;;;;;;;;;;;;;;;;;;;;;;;;;;;;;;;;;;;;;;
17.02.2021;3852;;2 727;returned;Olivermoore33@mail.ru;17.02.2021;2;3;587.0;1900.0;240.0;;2;Фиточай с чабрецом - 4 пакетика;Маття-латте - 5 шт.;Маття-латте - 1 шт.;0;;;;;;;;;;;;;;;;;;;;;;;;;;;;;;;;;;;;;;;;;;;;;;
16.03.2021;2038;;3 940;completed;Emmalopez0@yandex.ru;16.03.2021;3;3;800.0;1900.0;890.0;;3;Фиточай с чабрецом - 4 пакетика;Маття-латте - 5 шт.;Фиточай с чабрецом - 4 пакетика;350;;;;;;;;;;;;;;;;;;;;;;;;;;;;;;;;;;;;;;;;;;;;;;
01.08.2021;2749;;1 900;returned;Alexanderwilliams0@yandex.ru;16.02.2021;2;1;;;1900.0;;8;Маття-латте - 1 шт.;Маття-латте - 1 шт.;Маття-латте - 5 шт.;0;;;;;;;;;;;;;;;;;;;;;;;;;;;;;;;;;;;;;;;;;;;;;;
19.04.2021;1683;;3 825;completed;Lucasthomas1987@yahoo.com;19.04.2021;4;2;;3500.0;325.0;;4;Маття-латте - 1 шт.;Омолаживающий барсучий эликсир;Маття-латте - 1 шт.;0;;;;;;;;;;;;;;;;;;;;;;;;;;;;;;;;;;;;;;;;;;;;;;
27.11.2021;4119;;8 250;completed;Charlotteanderson2007@outlook.com;19.08.2021;8;3;4900.0;1900.0;1100.0;;11;Омолаживающий барсучий эликсир;Маття-латте - 5 шт.;Маття-латте - 5 шт.;350;;;;;;;;;;;;;;;;;;;;;;;;;;;;;;;;;;;;;;;;;;;;;;
21.10.2021;3576;;10 600;completed;Olivermoore12@yandex.ru;14.03.2021;3;3;4900.0;800.0;4900.0;;10;Омолаживающий барсучий эликсир;Фиточай с чабрецом - 4 пакетика;Омолаживающий барсучий эликсир;0;;;;;;;;;;;;;;;;;;;;;;;;;;;;;;;;;;;;;;;;;;;;;;
05.03.2021;3245;;7 150;completed;liamtaylor0@gmail.com;05.03.2021;3;2;4900.0;;1900.0;;3;Омолаживающий барсучий эликсир;Маття-латте - 1 шт.;Маття-латте - 5 шт.;350;;;;;;;;;;;;;;;;;;;;;;;;;;;;;;;;;;;;;;;;;;;;;;
22.07.2021;3008;;6 680;returned;avataylor2007@gmail.com;22.07.2021;7;3;890.0;890.0;4900.0;;7;Фиточай с чабрецом - 4 пакетика;Фиточай с чабрецом - 4 пакетика;Омолаживающий барсучий эликсир;0;;;;;;;;;;;;;;;;;;;;;;;;;;;;;;;;;;;;;;;;;;;;;;
21.03.2021;3370;;7 225;completed;charlottethomas13@gmail.com;21.03.2021;3;3;2000.0;325.0;4900.0;;3;Омолаживающий барсучий эликсир;Маття-латте - 1 шт.;Омолаживающий барсучий эликсир;0;;;;;;;;;;;;;;;;;;;;;;;;;;;;;;;;;;;;;;;;;;;;;;
09.10.2021;1620;;1 900;completed;Isabellaanderson69@mail.ru;14.04.2021;4;1;;;1900.0;;10;Маття-латте - 1 шт.;Маття-латте - 1 шт.;Маття-латте - 5 шт.;0;;;;;;;;;;;;;;;;;;;;;;;;;;;;;;;;;;;;;;;;;;;;;;
29.05.2021;3308;;6 025;completed;Isabellamoore1987@yahoo.com;29.05.2021;5;3;4900.0;800.0;325.0;;5;Омолаживающий барсучий эликсир;Фиточай с чабрецом - 4 пакетика;Маття-латте - 1 шт.;0;;;;;;;;;;;;;;;;;;;;;;;;;;;;;;;;;;;;;;;;;;;;;;
20.04.2021;3874;;6 287;completed;Oliverwilliams2007@yahoo.com;20.04.2021;4;3;587.0;4900.0;800.0;;4;Фиточай с чабрецом - 4 пакетика;Омолаживающий барсучий эликсир;Фиточай с чабрецом - 4 пакетика;0;;;;;;;;;;;;;;;;;;;;;;;;;;;;;;;;;;;;;;;;;;;;;;
07.06.2021;2896;;480;completed;Avataylor69@mail.ru;07.06.2021;6;2;;240.0;240.0;;6;Маття-латте - 1 шт.;Маття-латте - 1 шт.;Маття-латте - 1 шт.;0;;;;;;;;;;;;;;;;;;;;;;;;;;;;;;;;;;;;;;;;;;;;;;
17.03.2021;3551;;10 475;completed;Isabellathomas1993@mail.ru;17.03.2021;3;3;325.0;4900.0;4900.0;;3;Маття-латте - 1 шт.;Омолаживающий барсучий эликсир;Омолаживающий барсучий эликсир;350;;;;;;;;;;;;;;;;;;;;;;;;;;;;;;;;;;;;;;;;;;;;;;
17.09.2021;1562;;4 977;completed;isabellathomas33@gmail.com;21.06.2021;6;3;890.0;3500.0;587.0;;9;Фиточай с чабрецом - 4 пакетика;Омолаживающий барсучий эликсир;Фиточай с чабрецом - 4 пакетика;0;;;;;;;;;;;;;;;;;;;;;;;;;;;;;;;;;;;;;;;;;;;;;;
21.05.2021;2655;;3 687;completed;Williamlopez1987@outlook.com;21.05.2021;5;3;1100.0;587.0;2000.0;;5;Маття-латте - 5 шт.;Фиточай с чабрецом - 4 пакетика;Омолаживающий барсучий эликсир;0;;;;;;;;;;;;;;;;;;;;;;;;;;;;;;;;;;;;;;;;;;;;;;
17.09.2021;1742;;5 065;completed;Emmajackson69@outlook.com;01.04.2021;4;3;3500.0;325.0;890.0;;9;Омолаживающий барсучий эликсир;Маття-латте - 1 шт.;Фиточай с чабрецом - 4 пакетика;350;;;;;;;;;;;;;;;;;;;;;;;;;;;;;;;;;;;;;;;;;;;;;;
12.01.2022;1992;;7 350;completed;Alexanderwilliams0@mail.ru;16.02.2021;2;2;;3500.0;3500.0;;13;Маття-латте - 1 шт.;Омолаживающий барсучий эликсир;Омолаживающий барсучий эликсир;350;;;;;;;;;;;;;;;;;;;;;;;;;;;;;;;;;;;;;;;;;;;;;;
13.12.2021;3769;;9 337;returned;charlottetaylor12@yahoo.com;15.07.2021;7;3;3500.0;4900.0;587.0;;12;Омолаживающий барсучий эликсир;Омолаживающий барсучий эликсир;Фиточай с чабрецом - 4 пакетика;350;;;;;;;;;;;;;;;;;;;;;;;;;;;;;;;;;;;;;;;;;;;;;;
18.11.2021;1325;;5 400;completed;liamsmith0@gmail.com;15.03.2021;3;3;800.0;1100.0;3500.0;;11;Фиточай с чабрецом - 4 пакетика;Маття-латте - 5 шт.;Омолаживающий барсучий эликсир;0;;;;;;;;;;;;;;;;;;;;;;;;;;;;;;;;;;;;;;;;;;;;;;
13.11.2021;3974;;4 790;completed;sophiajackson1987@gmail.com;17.05.2021;5;3;1900.0;890.0;2000.0;;11;Маття-латте - 5 шт.;Фиточай с чабрецом - 4 пакетика;Омолаживающий барсучий эликсир;0;;;;;;;;;;;;;;;;;;;;;;;;;;;;;;;;;;;;;;;;;;;;;;
02.11.2021;2443;;10 600;completed;Oliverbrown88@mail.ru;04.05.2021;5;3;4900.0;4900.0;800.0;;11;Омолаживающий барсучий эликсир;Омолаживающий барсучий эликсир;Фиточай с чабрецом - 4 пакетика;0;;;;;;;;;;;;;;;;;;;;;;;;;;;;;;;;;;;;;;;;;;;;;;
21.06.2021;3789;;3 900;returned;Alexanderanderson0@mail.ru;13.06.2021;6;3;2000.0;800.0;1100.0;;6;Омолаживающий барсучий эликсир;Фиточай с чабрецом - 4 пакетика;Маття-латте - 5 шт.;0;;;;;;;;;;;;;;;;;;;;;;;;;;;;;;;;;;;;;;;;;;;;;;
24.08.2021;4060;;3 050;completed;Charlottewilliams88@mail.ru;18.05.2021;5;2;;1900.0;800.0;;8;Маття-латте - 1 шт.;Маття-латте - 5 шт.;Фиточай с чабрецом - 4 пакетика;350;;;;;;;;;;;;;;;;;;;;;;;;;;;;;;;;;;;;;;;;;;;;;;
11.04.2021;1771;;3 000;completed;Emmawilliams2007@yandex.ru;03.04.2021;4;3;1100.0;1100.0;800.0;;4;Маття-латте - 5 шт.;Маття-латте - 5 шт.;Фиточай с чабрецом - 4 пакетика;0;;;;;;;;;;;;;;;;;;;;;;;;;;;;;;;;;;;;;;;;;;;;;;
02.04.2021;1544;;5 700;completed;Alexanderbrown33@outlook.com;02.04.2021;4;2;800.0;;4900.0;;4;Фиточай с чабрецом - 4 пакетика;Маття-латте - 1 шт.;Омолаживающий барсучий эликсир;0;;;;;;;;;;;;;;;;;;;;;;;;;;;;;;;;;;;;;;;;;;;;;;
29.08.2021;4203;;2 490;completed;Williambrown88@outlook.com;29.08.2021;8;3;890.0;800.0;800.0;;8;Фиточай с чабрецом - 4 пакетика;Фиточай с чабрецом - 4 пакетика;Фиточай с чабрецом - 4 пакетика;0;;;;;;;;;;;;;;;;;;;;;;;;;;;;;;;;;;;;;;;;;;;;;;
10.05.2021;1764;;2 727;completed;Lucasbrown1993@mail.ru;01.05.2021;5;3;587.0;240.0;1900.0;;5;Фиточай с чабрецом - 4 пакетика;Маття-латте - 1 шт.;Маття-латте - 5 шт.;0;;;;;;;;;;;;;;;;;;;;;;;;;;;;;;;;;;;;;;;;;;;;;;
04.05.2021;3729;;6 090;completed;Sophiataylor66@yahoo.com;04.05.2021;5;3;3500.0;2000.0;240.0;;5;Омолаживающий барсучий эликсир;Омолаживающий барсучий эликсир;Маття-латте - 1 шт.;350;;;;;;;;;;;;;;;;;;;;;;;;;;;;;;;;;;;;;;;;;;;;;;
30.06.2021;1397;;4 412;completed;Emmasmith66@mail.ru;25.02.2021;2;3;325.0;3500.0;587.0;;6;Маття-латте - 1 шт.;Омолаживающий барсучий эликсир;Фиточай с чабрецом - 4 пакетика;0;;;;;;;;;;;;;;;;;;;;;;;;;;;;;;;;;;;;;;;;;;;;;;
03.11.2021;2813;;2 200;completed;Liamthomas88@yandex.ru;03.11.2021;11;2;1100.0;1100.0;;;11;Маття-латте - 5 шт.;Маття-латте - 5 шт.;Маття-латте - 1 шт.;0;;;;;;;;;;;;;;;;;;;;;;;;;;;;;;;;;;;;;;;;;;;;;;
25.12.2021;2232;;2 730;completed;Williambrown12@outlook.com;16.11.2021;11;3;1900.0;240.0;240.0;;12;Маття-латте - 5 шт.;Маття-латте - 1 шт.;Маття-латте - 1 шт.;350;;;;;;;;;;;;;;;;;;;;;;;;;;;;;;;;;;;;;;;;;;;;;;
26.03.2021;3385;;9 075;completed;Isabellataylor69@outlook.com;26.03.2021;3;3;4900.0;325.0;3500.0;;3;Омолаживающий барсучий эликсир;Маття-латте - 1 шт.;Омолаживающий барсучий эликсир;350;;;;;;;;;;;;;;;;;;;;;;;;;;;;;;;;;;;;;;;;;;;;;;
07.04.2021;2800;;6 424;completed;Sophialopez1993@yandex.ru;07.04.2021;4;3;4900.0;587.0;587.0;;4;Омолаживающий барсучий эликсир;Фиточай с чабрецом - 4 пакетика;Фиточай с чабрецом - 4 пакетика;350;;;;;;;;;;;;;;;;;;;;;;;;;;;;;;;;;;;;;;;;;;;;;;
28.12.2021;2164;;1 340;completed;Williamthomas12@yahoo.com;19.04.2021;4;2;1100.0;;240.0;;12;Маття-латте - 5 шт.;Маття-латте - 1 шт.;Маття-латте - 1 шт.;0;;;;;;;;;;;;;;;;;;;;;;;;;;;;;;;;;;;;;;;;;;;;;;
01.11.2021;3202;;2 340;completed;Sophiasmith0@yandex.ru;08.07.2021;7;2;;890.0;1100.0;;11;Маття-латте - 1 шт.;Фиточай с чабрецом - 4 пакетика;Маття-латте - 5 шт.;350;;;;;;;;;;;;;;;;;;;;;;;;;;;;;;;;;;;;;;;;;;;;;;
02.01.2022;3984;;3 350;completed;Avamoore66@outlook.com;02.01.2022;13;3;1100.0;1100.0;800.0;;13;Маття-латте - 5 шт.;Маття-латте - 5 шт.;Фиточай с чабрецом - 4 пакетика;350;;;;;;;;;;;;;;;;;;;;;;;;;;;;;;;;;;;;;;;;;;;;;;
16.03.2021;2757;;4 975;completed;Lucaslopez66@outlook.com;16.03.2021;3;3;800.0;325.0;3500.0;;3;Фиточай с чабрецом - 4 пакетика;Маття-латте - 1 шт.;Омолаживающий барсучий эликсир;350;;;;;;;;;;;;;;;;;;;;;;;;;;;;;;;;;;;;;;;;;;;;;;
14.10.2021;3028;;1 130;completed;Sophiajackson66@yandex.ru;14.10.2021;10;2;890.0;240.0;;;10;Фиточай с чабрецом - 4 пакетика;Маття-латте - 1 шт.;Маття-латте - 1 шт.;0;;;;;;;;;;;;;;;;;;;;;;;;;;;;;;;;;;;;;;;;;;;;;;
23.12.2021;1807;;7 300;completed;Oliverlopez12@outlook.com;19.03.2021;3;3;3500.0;1900.0;1900.0;;12;Омолаживающий барсучий эликсир;Маття-латте - 5 шт.;Маття-латте - 5 шт.;0;;;;;;;;;;;;;;;;;;;;;;;;;;;;;;;;;;;;;;;;;;;;;;
16.12.2021;3759;;1 687;completed;Lucasjackson12@gmail.com;30.11.2021;11;2;1100.0;587.0;;;12;Маття-латте - 5 шт.;Фиточай с чабрецом - 4 пакетика;Маття-латте - 1 шт.;0;;;;;;;;;;;;;;;;;;;;;;;;;;;;;;;;;;;;;;;;;;;;;;
11.09.2021;2276;;2 880;completed;Isabellamoore1987@outlook.com;16.04.2021;4;3;890.0;890.0;1100.0;;9;Фиточай с чабрецом - 4 пакетика;Фиточай с чабрецом - 4 пакетика;Маття-латте - 5 шт.;0;;;;;;;;;;;;;;;;;;;;;;;;;;;;;;;;;;;;;;;;;;;;;;
30.07.2021;3366;;650;completed;Alexanderanderson66@mail.ru;30.07.2021;7;2;325.0;;325.0;;7;Маття-латте - 1 шт.;Маття-латте - 1 шт.;Маття-латте - 1 шт.;0;;;;;;;;;;;;;;;;;;;;;;;;;;;;;;;;;;;;;;;;;;;;;;
07.01.2022;1700;;4 900;completed;Avasmith1993@mail.ru;20.03.2021;3;3;1900.0;1100.0;1900.0;;13;Маття-латте - 5 шт.;Маття-латте - 5 шт.;Маття-латте - 5 шт.;0;;;;;;;;;;;;;;;;;;;;;;;;;;;;;;;;;;;;;;;;;;;;;;
19.01.2022;2730;;1 425;completed;williamjackson33@gmail.com;11.10.2021;10;2;325.0;1100.0;;;13;Маття-латте - 1 шт.;Маття-латте - 5 шт.;Маття-латте - 1 шт.;0;;;;;;;;;;;;;;;;;;;;;;;;;;;;;;;;;;;;;;;;;;;;;;
17.11.2021;2144;;6 900;completed;Sophiamoore12@mail.ru;17.11.2021;11;2;2000.0;;4900.0;;11;Омолаживающий барсучий эликсир;Маття-латте - 1 шт.;Омолаживающий барсучий эликсир;0;;;;;;;;;;;;;;;;;;;;;;;;;;;;;;;;;;;;;;;;;;;;;;
25.07.2021;1760;;3 290;completed;Williamlopez69@outlook.com;25.07.2021;7;3;240.0;800.0;1900.0;;7;Маття-латте - 1 шт.;Фиточай с чабрецом - 4 пакетика;Маття-латте - 5 шт.;350;;;;;;;;;;;;;;;;;;;;;;;;;;;;;;;;;;;;;;;;;;;;;;
18.01.2022;1510;;1 930;completed;Charlottemartinez33@yandex.ru;25.08.2021;8;3;240.0;240.0;1100.0;;13;Маття-латте - 1 шт.;Маття-латте - 1 шт.;Маття-латте - 5 шт.;350;;;;;;;;;;;;;;;;;;;;;;;;;;;;;;;;;;;;;;;;;;;;;;
26.07.2021;1965;;2 927;completed;Charlottejackson1987@yandex.ru;26.07.2021;7;3;1100.0;587.0;890.0;;7;Маття-латте - 5 шт.;Фиточай с чабрецом - 4 пакетика;Фиточай с чабрецом - 4 пакетика;350;;;;;;;;;;;;;;;;;;;;;;;;;;;;;;;;;;;;;;;;;;;;;;
02.06.2021;2219;;2 480;completed;Sophiamoore0@yandex.ru;02.06.2021;6;3;240.0;240.0;2000.0;;6;Маття-латте - 1 шт.;Маття-латте - 1 шт.;Омолаживающий барсучий эликсир;0;;;;;;;;;;;;;;;;;;;;;;;;;;;;;;;;;;;;;;;;;;;;;;
24.02.2021;3616;;10 650;completed;Oliverjackson33@mail.ru;20.02.2021;2;3;1900.0;4900.0;3500.0;;2;Маття-латте - 5 шт.;Омолаживающий барсучий эликсир;Омолаживающий барсучий эликсир;350;;;;;;;;;;;;;;;;;;;;;;;;;;;;;;;;;;;;;;;;;;;;;;
07.10.2021;2278;;6 800;completed;Williammoore12@yahoo.com;31.05.2021;5;3;800.0;1100.0;4900.0;;10;Фиточай с чабрецом - 4 пакетика;Маття-латте - 5 шт.;Омолаживающий барсучий эликсир;0;;;;;;;;;;;;;;;;;;;;;;;;;;;;;;;;;;;;;;;;;;;;;;
18.08.2021;1629;;5 500;completed;Lucaslopez1987@yahoo.com;03.08.2021;8;2;2000.0;;3500.0;;8;Омолаживающий барсучий эликсир;Маття-латте - 1 шт.;Омолаживающий барсучий эликсир;0;;;;;;;;;;;;;;;;;;;;;;;;;;;;;;;;;;;;;;;;;;;;;;
13.09.2021;3635;;1 475;completed;Isabellawilliams33@outlook.com;22.04.2021;4;2;325.0;;800.0;;9;Маття-латте - 1 шт.;Маття-латте - 1 шт.;Фиточай с чабрецом - 4 пакетика;350;;;;;;;;;;;;;;;;;;;;;;;;;;;;;;;;;;;;;;;;;;;;;;
18.07.2021;1542;;2 812;completed;alexanderjackson66@gmail.com;27.05.2021;5;3;1900.0;587.0;325.0;;7;Маття-латте - 5 шт.;Фиточай с чабрецом - 4 пакетика;Маття-латте - 1 шт.;0;;;;;;;;;;;;;;;;;;;;;;;;;;;;;;;;;;;;;;;;;;;;;;
07.08.2021;4090;;6 150;completed;Charlottelopez13@yahoo.com;03.06.2021;6;3;1900.0;1900.0;2000.0;;8;Маття-латте - 5 шт.;Маття-латте - 5 шт.;Омолаживающий барсучий эликсир;350;;;;;;;;;;;;;;;;;;;;;;;;;;;;;;;;;;;;;;;;;;;;;;
15.03.2021;2834;;3 125;completed;Liamwilliams69@yandex.ru;15.03.2021;3;3;2000.0;325.0;800.0;;3;Омолаживающий барсучий эликсир;Маття-латте - 1 шт.;Фиточай с чабрецом - 4 пакетика;0;;;;;;;;;;;;;;;;;;;;;;;;;;;;;;;;;;;;;;;;;;;;;;
17.10.2021;3352;;4 925;completed;Isabellathomas88@outlook.com;17.10.2021;10;3;3500.0;1100.0;325.0;;10;Омолаживающий барсучий эликсир;Маття-латте - 5 шт.;Маття-латте - 1 шт.;0;;;;;;;;;;;;;;;;;;;;;;;;;;;;;;;;;;;;;;;;;;;;;;
22.01.2022;1357;;2 152;completed;charlottejackson13@gmail.com;22.10.2021;10;3;890.0;587.0;325.0;;13;Фиточай с чабрецом - 4 пакетика;Фиточай с чабрецом - 4 пакетика;Маття-латте - 1 шт.;350;;;;;;;;;;;;;;;;;;;;;;;;;;;;;;;;;;;;;;;;;;;;;;
14.01.2022;1287;;1 125;completed;Emmalopez1993@outlook.com;27.05.2021;5;2;800.0;;325.0;;13;Фиточай с чабрецом - 4 пакетика;Маття-латте - 1 шт.;Маття-латте - 1 шт.;0;;;;;;;;;;;;;;;;;;;;;;;;;;;;;;;;;;;;;;;;;;;;;;
25.02.2021;1323;;5 840;completed;Charlottebrown1993@outlook.com;25.02.2021;2;3;1100.0;890.0;3500.0;;2;Маття-латте - 5 шт.;Фиточай с чабрецом - 4 пакетика;Омолаживающий барсучий эликсир;350;;;;;;;;;;;;;;;;;;;;;;;;;;;;;;;;;;;;;;;;;;;;;;
16.11.2021;2544;;7 325;completed;Liamlopez2007@yahoo.com;16.11.2021;11;3;325.0;3500.0;3500.0;;11;Маття-латте - 1 шт.;Омолаживающий барсучий эликсир;Омолаживающий барсучий эликсир;0;;;;;;;;;;;;;;;;;;;;;;;;;;;;;;;;;;;;;;;;;;;;;;
14.03.2021;1949;;3 215;completed;Lucasthomas2007@mail.ru;14.03.2021;3;3;890.0;2000.0;325.0;;3;Фиточай с чабрецом - 4 пакетика;Омолаживающий барсучий эликсир;Маття-латте - 1 шт.;0;;;;;;;;;;;;;;;;;;;;;;;;;;;;;;;;;;;;;;;;;;;;;;
04.03.2021;2409;;3 940;completed;Oliverlopez2007@yahoo.com;04.03.2021;3;3;890.0;800.0;1900.0;;3;Фиточай с чабрецом - 4 пакетика;Фиточай с чабрецом - 4 пакетика;Маття-латте - 5 шт.;350;;;;;;;;;;;;;;;;;;;;;;;;;;;;;;;;;;;;;;;;;;;;;;
11.07.2021;3419;;6 390;completed;Lucasanderson1993@mail.ru;25.06.2021;6;3;2000.0;890.0;3500.0;;7;Омолаживающий барсучий эликсир;Фиточай с чабрецом - 4 пакетика;Омолаживающий барсучий эликсир;0;;;;;;;;;;;;;;;;;;;;;;;;;;;;;;;;;;;;;;;;;;;;;;
15.05.2021;1513;;6 075;completed;avathomas2007@gmail.com;25.03.2021;3;3;3500.0;325.0;1900.0;;5;Омолаживающий барсучий эликсир;Маття-латте - 1 шт.;Маття-латте - 5 шт.;350;;;;;;;;;;;;;;;;;;;;;;;;;;;;;;;;;;;;;;;;;;;;;;
14.07.2021;1924;;10 387;completed;Emmamoore12@outlook.com;14.07.2021;7;3;4900.0;4900.0;587.0;;7;Омолаживающий барсучий эликсир;Омолаживающий барсучий эликсир;Фиточай с чабрецом - 4 пакетика;0;;;;;;;;;;;;;;;;;;;;;;;;;;;;;;;;;;;;;;;;;;;;;;
18.12.2021;2344;;4 590;completed;oliveranderson2007@gmail.com;07.05.2021;5;3;2000.0;240.0;2000.0;;12;Омолаживающий барсучий эликсир;Маття-латте - 1 шт.;Омолаживающий барсучий эликсир;350;;;;;;;;;;;;;;;;;;;;;;;;;;;;;;;;;;;;;;;;;;;;;;
13.09.2021;1361;;3 425;completed;Liammartinez1993@yandex.ru;13.09.2021;9;3;1100.0;2000.0;325.0;;9;Маття-латте - 5 шт.;Омолаживающий барсучий эликсир;Маття-латте - 1 шт.;0;;;;;;;;;;;;;;;;;;;;;;;;;;;;;;;;;;;;;;;;;;;;;;
28.07.2021;4086;;4 550;completed;sophiasmith1987@gmail.com;28.07.2021;7;3;2000.0;1100.0;1100.0;;7;Омолаживающий барсучий эликсир;Маття-латте - 5 шт.;Маття-латте - 5 шт.;350;;;;;;;;;;;;;;;;;;;;;;;;;;;;;;;;;;;;;;;;;;;;;;
18.07.2021;1488;;6 377;completed;Oliverthomas13@mail.ru;01.03.2021;3;3;890.0;587.0;4900.0;;7;Фиточай с чабрецом - 4 пакетика;Фиточай с чабрецом - 4 пакетика;Омолаживающий барсучий эликсир;0;;;;;;;;;;;;;;;;;;;;;;;;;;;;;;;;;;;;;;;;;;;;;;
01.07.2021;4167;;5 700;completed;Lucasbrown1993@mail.ru;11.05.2021;5;2;4900.0;800.0;;;7;Омолаживающий барсучий эликсир;Фиточай с чабрецом - 4 пакетика;Маття-латте - 1 шт.;0;;;;;;;;;;;;;;;;;;;;;;;;;;;;;;;;;;;;;;;;;;;;;;
07.04.2021;3260;;4 630;completed;Isabellamoore2007@mail.ru;07.04.2021;4;3;240.0;890.0;3500.0;;4;Маття-латте - 1 шт.;Фиточай с чабрецом - 4 пакетика;Омолаживающий барсучий эликсир;0;;;;;;;;;;;;;;;;;;;;;;;;;;;;;;;;;;;;;;;;;;;;;;
14.02.2022;2831;;1 930;completed;avajackson13@gmail.com;11.08.2021;8;3;890.0;240.0;800.0;;14;Фиточай с чабрецом - 4 пакетика;Маття-латте - 1 шт.;Фиточай с чабрецом - 4 пакетика;0;;;;;;;;;;;;;;;;;;;;;;;;;;;;;;;;;;;;;;;;;;;;;;
07.03.2021;2367;;5 825;completed;Williamlopez2007@mail.ru;07.03.2021;3;3;325.0;2000.0;3500.0;;3;Маття-латте - 1 шт.;Омолаживающий барсучий эликсир;Омолаживающий барсучий эликсир;0;;;;;;;;;;;;;;;;;;;;;;;;;;;;;;;;;;;;;;;;;;;;;;
13.03.2021;2624;;3 990;completed;Alexanderanderson0@yahoo.com;13.03.2021;3;3;1100.0;2000.0;890.0;;3;Маття-латте - 5 шт.;Омолаживающий барсучий эликсир;Фиточай с чабрецом - 4 пакетика;0;;;;;;;;;;;;;;;;;;;;;;;;;;;;;;;;;;;;;;;;;;;;;;
24.06.2021;1268;;1 690;completed;Charlottethomas66@outlook.com;25.04.2021;4;2;;1100.0;240.0;;6;Маття-латте - 1 шт.;Маття-латте - 5 шт.;Маття-латте - 1 шт.;350;;;;;;;;;;;;;;;;;;;;;;;;;;;;;;;;;;;;;;;;;;;;;;
01.04.2021;2899;;1 125;completed;Isabellaanderson12@mail.ru;01.04.2021;4;2;;800.0;325.0;;4;Маття-латте - 1 шт.;Фиточай с чабрецом - 4 пакетика;Маття-латте - 1 шт.;0;;;;;;;;;;;;;;;;;;;;;;;;;;;;;;;;;;;;;;;;;;;;;;
21.07.2021;1767;;14 700;completed;Emmabrown88@yandex.ru;21.07.2021;7;3;4900.0;4900.0;4900.0;;7;Омолаживающий барсучий эликсир;Омолаживающий барсучий эликсир;Омолаживающий барсучий эликсир;0;;;;;;;;;;;;;;;;;;;;;;;;;;;;;;;;;;;;;;;;;;;;;;
09.09.2021;2415;;5 487;completed;avataylor66@gmail.com;23.04.2021;4;2;;587.0;4900.0;;9;Маття-латте - 1 шт.;Фиточай с чабрецом - 4 пакетика;Омолаживающий барсучий эликсир;0;;;;;;;;;;;;;;;;;;;;;;;;;;;;;;;;;;;;;;;;;;;;;;
04.12.2021;2344;;9 250;returned;oliveranderson2007@gmail.com;07.05.2021;5;3;2000.0;4900.0;2000.0;;12;Омолаживающий барсучий эликсир;Омолаживающий барсучий эликсир;Омолаживающий барсучий эликсир;350;;;;;;;;;;;;;;;;;;;;;;;;;;;;;;;;;;;;;;;;;;;;;;
09.06.2021;3812;;8 100;completed;Lucassmith1987@outlook.com;18.03.2021;3;3;1100.0;3500.0;3500.0;;6;Маття-латте - 5 шт.;Омолаживающий барсучий эликсир;Омолаживающий барсучий эликсир;0;;;;;;;;;;;;;;;;;;;;;;;;;;;;;;;;;;;;;;;;;;;;;;
11.04.2021;3461;;2 915;completed;oliverwilliams2007@gmail.com;11.04.2021;4;3;325.0;240.0;2000.0;;4;Маття-латте - 1 шт.;Маття-латте - 1 шт.;Омолаживающий барсучий эликсир;350;;;;;;;;;;;;;;;;;;;;;;;;;;;;;;;;;;;;;;;;;;;;;;
17.10.2021;4104;;1 925;returned;sophiawilliams1987@gmail.com;17.10.2021;10;3;800.0;800.0;325.0;;10;Фиточай с чабрецом - 4 пакетика;Фиточай с чабрецом - 4 пакетика;Маття-латте - 1 шт.;0;;;;;;;;;;;;;;;;;;;;;;;;;;;;;;;;;;;;;;;;;;;;;;
10.08.2021;3071;;3 587;completed;liamwilliams88@gmail.com;10.08.2021;8;3;1100.0;1900.0;587.0;;8;Маття-латте - 5 шт.;Маття-латте - 5 шт.;Фиточай с чабрецом - 4 пакетика;0;;;;;;;;;;;;;;;;;;;;;;;;;;;;;;;;;;;;;;;;;;;;;;
08.09.2021;2239;;2 940;completed;Avalopez33@outlook.com;08.09.2021;9;3;800.0;1900.0;240.0;;9;Фиточай с чабрецом - 4 пакетика;Маття-латте - 5 шт.;Маття-латте - 1 шт.;0;;;;;;;;;;;;;;;;;;;;;;;;;;;;;;;;;;;;;;;;;;;;;;
30.04.2021;3922;;7 225;completed;Oliverthomas88@outlook.com;04.03.2021;3;3;2000.0;325.0;4900.0;;4;Омолаживающий барсучий эликсир;Маття-латте - 1 шт.;Омолаживающий барсучий эликсир;0;;;;;;;;;;;;;;;;;;;;;;;;;;;;;;;;;;;;;;;;;;;;;;
16.12.2021;3853;;3 937;returned;Avaanderson1993@mail.ru;04.03.2021;3;3;1900.0;1100.0;587.0;;12;Маття-латте - 5 шт.;Маття-латте - 5 шт.;Фиточай с чабрецом - 4 пакетика;350;;;;;;;;;;;;;;;;;;;;;;;;;;;;;;;;;;;;;;;;;;;;;;
25.12.2021;2442;;3 687;completed;Oliverthomas33@mail.ru;25.12.2021;12;3;1100.0;2000.0;587.0;;12;Маття-латте - 5 шт.;Омолаживающий барсучий эликсир;Фиточай с чабрецом - 4 пакетика;0;;;;;;;;;;;;;;;;;;;;;;;;;;;;;;;;;;;;;;;;;;;;;;
18.05.2021;3487;;3 480;completed;Liamtaylor88@yahoo.com;18.05.2021;5;3;240.0;890.0;2000.0;;5;Маття-латте - 1 шт.;Фиточай с чабрецом - 4 пакетика;Омолаживающий барсучий эликсир;350;;;;;;;;;;;;;;;;;;;;;;;;;;;;;;;;;;;;;;;;;;;;;;
31.10.2021;3235;;5 400;completed;Sophiaanderson12@outlook.com;26.06.2021;6;3;800.0;1100.0;3500.0;;10;Фиточай с чабрецом - 4 пакетика;Маття-латте - 5 шт.;Омолаживающий барсучий эликсир;0;;;;;;;;;;;;;;;;;;;;;;;;;;;;;;;;;;;;;;;;;;;;;;
12.03.2021;3072;;3 150;completed;Sophiamartinez33@outlook.com;12.03.2021;3;2;;800.0;2000.0;;3;Маття-латте - 1 шт.;Фиточай с чабрецом - 4 пакетика;Омолаживающий барсучий эликсир;350;;;;;;;;;;;;;;;;;;;;;;;;;;;;;;;;;;;;;;;;;;;;;;
24.08.2021;1296;;6 030;completed;Sophiamoore1993@outlook.com;24.08.2021;8;3;240.0;4900.0;890.0;;8;Маття-латте - 1 шт.;Омолаживающий барсучий эликсир;Фиточай с чабрецом - 4 пакетика;0;;;;;;;;;;;;;;;;;;;;;;;;;;;;;;;;;;;;;;;;;;;;;;
24.05.2021;2302;;6 437;returned;lucassmith69@gmail.com;24.05.2021;5;3;587.0;3500.0;2000.0;;5;Фиточай с чабрецом - 4 пакетика;Омолаживающий барсучий эликсир;Омолаживающий барсучий эликсир;350;;;;;;;;;;;;;;;;;;;;;;;;;;;;;;;;;;;;;;;;;;;;;;
09.02.2022;3030;;2 565;completed;Williamtaylor1993@mail.ru;23.12.2021;12;3;2000.0;325.0;240.0;;14;Омолаживающий барсучий эликсир;Маття-латте - 1 шт.;Маття-латте - 1 шт.;0;;;;;;;;;;;;;;;;;;;;;;;;;;;;;;;;;;;;;;;;;;;;;;
03.08.2021;2577;;3 125;completed;Emmabrown69@yahoo.com;03.08.2021;8;3;325.0;800.0;2000.0;;8;Маття-латте - 1 шт.;Фиточай с чабрецом - 4 пакетика;Омолаживающий барсучий эликсир;0;;;;;;;;;;;;;;;;;;;;;;;;;;;;;;;;;;;;;;;;;;;;;;
14.03.2021;4230;;2 140;completed;Avasmith88@outlook.com;14.03.2021;3;3;800.0;1100.0;240.0;;3;Фиточай с чабрецом - 4 пакетика;Маття-латте - 5 шт.;Маття-латте - 1 шт.;0;;;;;;;;;;;;;;;;;;;;;;;;;;;;;;;;;;;;;;;;;;;;;;
09.12.2021;1501;;3 900;completed;Charlottetaylor2007@yahoo.com;09.12.2021;12;2;;2000.0;1900.0;;12;Маття-латте - 1 шт.;Омолаживающий барсучий эликсир;Маття-латте - 5 шт.;0;;;;;;;;;;;;;;;;;;;;;;;;;;;;;;;;;;;;;;;;;;;;;;
26.07.2021;2147;;7 500;completed;Emmathomas12@yandex.ru;18.03.2021;3;3;2000.0;3500.0;2000.0;;7;Омолаживающий барсучий эликсир;Омолаживающий барсучий эликсир;Омолаживающий барсучий эликсир;0;;;;;;;;;;;;;;;;;;;;;;;;;;;;;;;;;;;;;;;;;;;;;;
06.03.2021;1987;;3 130;returned;Oliveranderson0@yahoo.com;06.03.2021;3;3;240.0;890.0;2000.0;;3;Маття-латте - 1 шт.;Фиточай с чабрецом - 4 пакетика;Омолаживающий барсучий эликсир;0;;;;;;;;;;;;;;;;;;;;;;;;;;;;;;;;;;;;;;;;;;;;;;
18.08.2021;1262;;2 277;completed;alexanderthomas33@gmail.com;01.07.2021;7;3;890.0;587.0;800.0;;8;Фиточай с чабрецом - 4 пакетика;Фиточай с чабрецом - 4 пакетика;Фиточай с чабрецом - 4 пакетика;0;;;;;;;;;;;;;;;;;;;;;;;;;;;;;;;;;;;;;;;;;;;;;;
05.04.2021;1983;;7 150;completed;Williamjackson1993@outlook.com;05.04.2021;4;2;1900.0;4900.0;;;4;Маття-латте - 5 шт.;Омолаживающий барсучий эликсир;Маття-латте - 1 шт.;350;;;;;;;;;;;;;;;;;;;;;;;;;;;;;;;;;;;;;;;;;;;;;;
21.04.2021;2005;;6 030;completed;Isabellamoore1987@yandex.ru;22.02.2021;2;3;4900.0;240.0;890.0;;4;Омолаживающий барсучий эликсир;Маття-латте - 1 шт.;Фиточай с чабрецом - 4 пакетика;0;;;;;;;;;;;;;;;;;;;;;;;;;;;;;;;;;;;;;;;;;;;;;;
11.02.2022;3748;;1 900;completed;Sophiathomas1993@outlook.com;08.04.2021;4;1;;;1900.0;;14;Маття-латте - 1 шт.;Маття-латте - 1 шт.;Маття-латте - 5 шт.;0;;;;;;;;;;;;;;;;;;;;;;;;;;;;;;;;;;;;;;;;;;;;;;
12.11.2021;2378;;3 115;completed;Isabellaanderson13@outlook.com;29.07.2021;7;3;1900.0;890.0;325.0;;11;Маття-латте - 5 шт.;Фиточай с чабрецом - 4 пакетика;Маття-латте - 1 шт.;0;;;;;;;;;;;;;;;;;;;;;;;;;;;;;;;;;;;;;;;;;;;;;;
12.05.2021;2781;;4 150;completed;Isabellataylor1987@mail.ru;12.05.2021;5;3;1100.0;1900.0;800.0;;5;Маття-латте - 5 шт.;Маття-латте - 5 шт.;Фиточай с чабрецом - 4 пакетика;350;;;;;;;;;;;;;;;;;;;;;;;;;;;;;;;;;;;;;;;;;;;;;;
18.03.2021;2746;;1 827;returned;liammoore69@gmail.com;18.03.2021;3;2;;587.0;890.0;;3;Маття-латте - 1 шт.;Фиточай с чабрецом - 4 пакетика;Фиточай с чабрецом - 4 пакетика;350;;;;;;;;;;;;;;;;;;;;;;;;;;;;;;;;;;;;;;;;;;;;;;
15.10.2021;1498;;1 365;completed;Oliverlopez33@mail.ru;15.10.2021;10;3;325.0;800.0;240.0;;10;Маття-латте - 1 шт.;Фиточай с чабрецом - 4 пакетика;Маття-латте - 1 шт.;0;;;;;;;;;;;;;;;;;;;;;;;;;;;;;;;;;;;;;;;;;;;;;;
25.07.2021;2190;;4 487;returned;emmasmith12@gmail.com;25.07.2021;7;3;1900.0;2000.0;587.0;;7;Маття-латте - 5 шт.;Омолаживающий барсучий эликсир;Фиточай с чабрецом - 4 пакетика;0;;;;;;;;;;;;;;;;;;;;;;;;;;;;;;;;;;;;;;;;;;;;;;
24.07.2021;2050;;11 700;completed;alexandersmith1987@gmail.com;24.07.2021;7;3;4900.0;4900.0;1900.0;;7;Омолаживающий барсучий эликсир;Омолаживающий барсучий эликсир;Маття-латте - 5 шт.;0;;;;;;;;;;;;;;;;;;;;;;;;;;;;;;;;;;;;;;;;;;;;;;
20.03.2021;4187;;2 487;completed;Lucaswilliams66@mail.ru;20.03.2021;3;2;587.0;;1900.0;;3;Фиточай с чабрецом - 4 пакетика;Маття-латте - 1 шт.;Маття-латте - 5 шт.;0;;;;;;;;;;;;;;;;;;;;;;;;;;;;;;;;;;;;;;;;;;;;;;
29.10.2021;1360;;3 290;completed;avasmith13@gmail.com;29.10.2021;10;3;800.0;240.0;1900.0;;10;Фиточай с чабрецом - 4 пакетика;Маття-латте - 1 шт.;Маття-латте - 5 шт.;350;;;;;;;;;;;;;;;;;;;;;;;;;;;;;;;;;;;;;;;;;;;;;;
05.02.2022;2509;;3 287;completed;Liamlopez12@mail.ru;21.04.2021;4;3;1900.0;587.0;800.0;;14;Маття-латте - 5 шт.;Фиточай с чабрецом - 4 пакетика;Фиточай с чабрецом - 4 пакетика;0;;;;;;;;;;;;;;;;;;;;;;;;;;;;;;;;;;;;;;;;;;;;;;
13.09.2021;2164;;4 600;completed;Williamthomas12@yahoo.com;19.04.2021;4;3;800.0;1900.0;1900.0;;9;Фиточай с чабрецом - 4 пакетика;Маття-латте - 5 шт.;Маття-латте - 5 шт.;0;;;;;;;;;;;;;;;;;;;;;;;;;;;;;;;;;;;;;;;;;;;;;;
11.10.2021;2433;;1 900;returned;Sophiasmith1993@mail.ru;04.05.2021;5;2;800.0;;1100.0;;10;Фиточай с чабрецом - 4 пакетика;Маття-латте - 1 шт.;Маття-латте - 5 шт.;0;;;;;;;;;;;;;;;;;;;;;;;;;;;;;;;;;;;;;;;;;;;;;;
31.07.2021;3209;;3 240;completed;Alexanderwilliams88@yahoo.com;10.06.2021;6;3;1100.0;1900.0;240.0;;7;Маття-латте - 5 шт.;Маття-латте - 5 шт.;Маття-латте - 1 шт.;0;;;;;;;;;;;;;;;;;;;;;;;;;;;;;;;;;;;;;;;;;;;;;;
07.08.2021;2424;;2 587;completed;Sophiaanderson69@mail.ru;07.08.2021;8;2;2000.0;587.0;;;8;Омолаживающий барсучий эликсир;Фиточай с чабрецом - 4 пакетика;Маття-латте - 1 шт.;0;;;;;;;;;;;;;;;;;;;;;;;;;;;;;;;;;;;;;;;;;;;;;;
18.09.2021;1519;;9 290;returned;Emmaanderson88@mail.ru;18.09.2021;9;3;890.0;3500.0;4900.0;;9;Фиточай с чабрецом - 4 пакетика;Омолаживающий барсучий эликсир;Омолаживающий барсучий эликсир;0;;;;;;;;;;;;;;;;;;;;;;;;;;;;;;;;;;;;;;;;;;;;;;
11.02.2022;1607;;2 700;completed;Emmathomas2007@outlook.com;28.06.2021;6;3;800.0;1100.0;800.0;;14;Фиточай с чабрецом - 4 пакетика;Маття-латте - 5 шт.;Фиточай с чабрецом - 4 пакетика;0;;;;;;;;;;;;;;;;;;;;;;;;;;;;;;;;;;;;;;;;;;;;;;
26.02.2021;4082;;4 550;completed;Isabellabrown2007@yahoo.com;26.02.2021;2;3;1100.0;2000.0;1100.0;;2;Маття-латте - 5 шт.;Омолаживающий барсучий эликсир;Маття-латте - 5 шт.;350;;;;;;;;;;;;;;;;;;;;;;;;;;;;;;;;;;;;;;;;;;;;;;
06.07.2021;3699;;2 730;completed;liambrown12@gmail.com;22.02.2021;2;3;240.0;1900.0;240.0;;7;Маття-латте - 1 шт.;Маття-латте - 5 шт.;Маття-латте - 1 шт.;350;;;;;;;;;;;;;;;;;;;;;;;;;;;;;;;;;;;;;;;;;;;;;;
04.03.2021;4138;;1 100;completed;Emmaanderson12@outlook.com;04.03.2021;3;1;1100.0;;;;3;Маття-латте - 5 шт.;Маття-латте - 1 шт.;Маття-латте - 1 шт.;0;;;;;;;;;;;;;;;;;;;;;;;;;;;;;;;;;;;;;;;;;;;;;;
25.09.2021;2678;;3 800;completed;Charlottelopez1987@outlook.com;23.09.2021;9;3;1900.0;1100.0;800.0;;9;Маття-латте - 5 шт.;Маття-латте - 5 шт.;Фиточай с чабрецом - 4 пакетика;0;;;;;;;;;;;;;;;;;;;;;;;;;;;;;;;;;;;;;;;;;;;;;;
04.10.2021;3508;;4 390;completed;Sophiaanderson12@outlook.com;15.03.2021;3;2;;3500.0;890.0;;10;Маття-латте - 1 шт.;Омолаживающий барсучий эликсир;Фиточай с чабрецом - 4 пакетика;0;;;;;;;;;;;;;;;;;;;;;;;;;;;;;;;;;;;;;;;;;;;;;;
19.05.2021;3824;;4 240;completed;isabellajackson0@gmail.com;19.05.2021;5;3;1900.0;890.0;1100.0;;5;Маття-латте - 5 шт.;Фиточай с чабрецом - 4 пакетика;Маття-латте - 5 шт.;350;;;;;;;;;;;;;;;;;;;;;;;;;;;;;;;;;;;;;;;;;;;;;;
08.06.2021;3723;;650;completed;Olivermartinez69@yahoo.com;08.06.2021;6;2;;325.0;325.0;;6;Маття-латте - 1 шт.;Маття-латте - 1 шт.;Маття-латте - 1 шт.;0;;;;;;;;;;;;;;;;;;;;;;;;;;;;;;;;;;;;;;;;;;;;;;
11.10.2021;3680;;5 190;completed;Alexanderthomas66@yahoo.com;11.10.2021;10;3;800.0;3500.0;890.0;;10;Фиточай с чабрецом - 4 пакетика;Омолаживающий барсучий эликсир;Фиточай с чабрецом - 4 пакетика;0;;;;;;;;;;;;;;;;;;;;;;;;;;;;;;;;;;;;;;;;;;;;;;
14.07.2021;2846;;1 600;completed;Alexandermoore69@outlook.com;16.04.2021;4;2;800.0;800.0;;;7;Фиточай с чабрецом - 4 пакетика;Фиточай с чабрецом - 4 пакетика;Маття-латте - 1 шт.;0;;;;;;;;;;;;;;;;;;;;;;;;;;;;;;;;;;;;;;;;;;;;;;
04.12.2021;1945;;3 000;completed;isabellataylor69@gmail.com;30.03.2021;3;3;1100.0;800.0;1100.0;;12;Маття-латте - 5 шт.;Фиточай с чабрецом - 4 пакетика;Маття-латте - 5 шт.;0;;;;;;;;;;;;;;;;;;;;;;;;;;;;;;;;;;;;;;;;;;;;;;
23.01.2022;1558;;2 575;completed;Sophiamoore66@mail.ru;14.06.2021;6;3;1100.0;800.0;325.0;;13;Маття-латте - 5 шт.;Фиточай с чабрецом - 4 пакетика;Маття-латте - 1 шт.;350;;;;;;;;;;;;;;;;;;;;;;;;;;;;;;;;;;;;;;;;;;;;;;
26.03.2021;1792;;6 325;completed;lucasanderson33@gmail.com;26.03.2021;3;3;4900.0;325.0;1100.0;;3;Омолаживающий барсучий эликсир;Маття-латте - 1 шт.;Маття-латте - 5 шт.;0;;;;;;;;;;;;;;;;;;;;;;;;;;;;;;;;;;;;;;;;;;;;;;
07.01.2022;1539;;3 687;completed;Williamjackson1993@outlook.com;07.01.2022;13;3;1100.0;587.0;2000.0;;13;Маття-латте - 5 шт.;Фиточай с чабрецом - 4 пакетика;Омолаживающий барсучий эликсир;0;;;;;;;;;;;;;;;;;;;;;;;;;;;;;;;;;;;;;;;;;;;;;;
03.04.2021;2098;;6 290;completed;Liamjackson66@mail.ru;03.04.2021;4;3;3500.0;890.0;1900.0;;4;Омолаживающий барсучий эликсир;Фиточай с чабрецом - 4 пакетика;Маття-латте - 5 шт.;0;;;;;;;;;;;;;;;;;;;;;;;;;;;;;;;;;;;;;;;;;;;;;;
10.02.2022;1344;;6 162;completed;Sophiataylor33@outlook.com;26.04.2021;4;3;587.0;4900.0;325.0;;14;Фиточай с чабрецом - 4 пакетика;Омолаживающий барсучий эликсир;Маття-латте - 1 шт.;350;;;;;;;;;;;;;;;;;;;;;;;;;;;;;;;;;;;;;;;;;;;;;;
06.10.2021;1777;;2 067;completed;Liambrown1993@mail.ru;12.08.2021;8;3;240.0;587.0;890.0;;10;Маття-латте - 1 шт.;Фиточай с чабрецом - 4 пакетика;Фиточай с чабрецом - 4 пакетика;350;;;;;;;;;;;;;;;;;;;;;;;;;;;;;;;;;;;;;;;;;;;;;;
11.09.2021;2657;;2 550;returned;avawilliams66@gmail.com;18.05.2021;5;3;1900.0;325.0;325.0;;9;Маття-латте - 5 шт.;Маття-латте - 1 шт.;Маття-латте - 1 шт.;0;;;;;;;;;;;;;;;;;;;;;;;;;;;;;;;;;;;;;;;;;;;;;;
01.11.2021;1762;;1240;completed;Emmataylor88@mail.ru;04.03.2021;3;1;;890.0;;;11;Маття-латте - 1 шт.;Фиточай с чабрецом - 4 пакетика;Маття-латте - 1 шт.;350;;;;;;;;;;;;;;;;;;;;;;;;;;;;;;;;;;;;;;;;;;;;;;
15.02.2022;3007;;8 725;completed;Sophiajackson69@yahoo.com;27.02.2021;2;3;325.0;3500.0;4900.0;;14;Маття-латте - 1 шт.;Омолаживающий барсучий эликсир;Омолаживающий барсучий эликсир;0;;;;;;;;;;;;;;;;;;;;;;;;;;;;;;;;;;;;;;;;;;;;;;
18.10.2021;2117;;6 030;completed;Williamthomas2007@mail.ru;08.05.2021;5;3;4900.0;240.0;890.0;;10;Омолаживающий барсучий эликсир;Маття-латте - 1 шт.;Фиточай с чабрецом - 4 пакетика;0;;;;;;;;;;;;;;;;;;;;;;;;;;;;;;;;;;;;;;;;;;;;;;
17.02.2021;3142;;6 240;completed;Isabellalopez33@yandex.ru;17.02.2021;2;3;240.0;1100.0;4900.0;;2;Маття-латте - 1 шт.;Маття-латте - 5 шт.;Омолаживающий барсучий эликсир;0;;;;;;;;;;;;;;;;;;;;;;;;;;;;;;;;;;;;;;;;;;;;;;
11.05.2021;1640;;4 980;completed;Avabrown0@outlook.com;11.05.2021;5;3;890.0;3500.0;240.0;;5;Фиточай с чабрецом - 4 пакетика;Омолаживающий барсучий эликсир;Маття-латте - 1 шт.;350;;;;;;;;;;;;;;;;;;;;;;;;;;;;;;;;;;;;;;;;;;;;;;
30.07.2021;3431;;9 500;completed;Emmawilliams1987@outlook.com;25.06.2021;6;3;3500.0;1100.0;4900.0;;7;Омолаживающий барсучий эликсир;Маття-латте - 5 шт.;Омолаживающий барсучий эликсир;0;;;;;;;;;;;;;;;;;;;;;;;;;;;;;;;;;;;;;;;;;;;;;;
06.12.2021;2927;;4 540;completed;avamartinez66@gmail.com;16.03.2021;3;3;3500.0;800.0;240.0;;12;Омолаживающий барсучий эликсир;Фиточай с чабрецом - 4 пакетика;Маття-латте - 1 шт.;0;;;;;;;;;;;;;;;;;;;;;;;;;;;;;;;;;;;;;;;;;;;;;;
30.08.2021;1799;;4 887;completed;Olivertaylor69@yahoo.com;30.08.2021;8;3;800.0;587.0;3500.0;;8;Фиточай с чабрецом - 4 пакетика;Фиточай с чабрецом - 4 пакетика;Омолаживающий барсучий эликсир;0;;;;;;;;;;;;;;;;;;;;;;;;;;;;;;;;;;;;;;;;;;;;;;
21.11.2021;2828;;1 215;completed;Williamanderson12@yandex.ru;18.02.2021;2;2;325.0;;890.0;;11;Маття-латте - 1 шт.;Маття-латте - 1 шт.;Фиточай с чабрецом - 4 пакетика;0;;;;;;;;;;;;;;;;;;;;;;;;;;;;;;;;;;;;;;;;;;;;;;
31.10.2021;4145;;6 587;completed;Williammartinez69@yandex.ru;25.08.2021;8;3;587.0;1100.0;4900.0;;10;Фиточай с чабрецом - 4 пакетика;Маття-латте - 5 шт.;Омолаживающий барсучий эликсир;0;;;;;;;;;;;;;;;;;;;;;;;;;;;;;;;;;;;;;;;;;;;;;;
12.02.2022;3231;;4 140;completed;Isabellamoore1993@yahoo.com;26.06.2021;6;3;2000.0;240.0;1900.0;;14;Омолаживающий барсучий эликсир;Маття-латте - 1 шт.;Маття-латте - 5 шт.;0;;;;;;;;;;;;;;;;;;;;;;;;;;;;;;;;;;;;;;;;;;;;;;
23.08.2021;3318;;480;completed;Alexanderthomas1987@outlook.com;30.03.2021;3;2;240.0;;240.0;;8;Маття-латте - 1 шт.;Маття-латте - 1 шт.;Маття-латте - 1 шт.;0;;;;;;;;;;;;;;;;;;;;;;;;;;;;;;;;;;;;;;;;;;;;;;
08.10.2021;4149;;3 587;completed;Emmataylor0@yandex.ru;30.05.2021;5;3;1900.0;587.0;1100.0;;10;Маття-латте - 5 шт.;Фиточай с чабрецом - 4 пакетика;Маття-латте - 5 шт.;0;;;;;;;;;;;;;;;;;;;;;;;;;;;;;;;;;;;;;;;;;;;;;;
06.09.2021;3138;;3 827;returned;Lucasbrown12@mail.ru;08.07.2021;7;3;587.0;890.0;2000.0;;9;Фиточай с чабрецом - 4 пакетика;Фиточай с чабрецом - 4 пакетика;Омолаживающий барсучий эликсир;350;;;;;;;;;;;;;;;;;;;;;;;;;;;;;;;;;;;;;;;;;;;;;;
03.01.2022;2621;;9 550;completed;liamanderson1987@gmail.com;25.07.2021;7;3;4900.0;3500.0;800.0;;13;Омолаживающий барсучий эликсир;Омолаживающий барсучий эликсир;Фиточай с чабрецом - 4 пакетика;350;;;;;;;;;;;;;;;;;;;;;;;;;;;;;;;;;;;;;;;;;;;;;;
11.10.2021;3407;;2 915;completed;Liamanderson13@yandex.ru;11.10.2021;10;3;240.0;325.0;2000.0;;10;Маття-латте - 1 шт.;Маття-латте - 1 шт.;Омолаживающий барсучий эликсир;350;;;;;;;;;;;;;;;;;;;;;;;;;;;;;;;;;;;;;;;;;;;;;;
07.08.2021;1338;;7 225;completed;Emmaanderson1993@yandex.ru;07.08.2021;8;3;2000.0;325.0;4900.0;;8;Омолаживающий барсучий эликсир;Маття-латте - 1 шт.;Омолаживающий барсучий эликсир;0;;;;;;;;;;;;;;;;;;;;;;;;;;;;;;;;;;;;;;;;;;;;;;
18.11.2021;3227;;7 325;completed;Olivermartinez0@yahoo.com;18.11.2021;11;3;3500.0;325.0;3500.0;;11;Омолаживающий барсучий эликсир;Маття-латте - 1 шт.;Омолаживающий барсучий эликсир;0;;;;;;;;;;;;;;;;;;;;;;;;;;;;;;;;;;;;;;;;;;;;;;
01.12.2021;1530;;3 950;completed;Charlottemartinez0@yandex.ru;01.12.2021;12;3;2000.0;800.0;800.0;;12;Омолаживающий барсучий эликсир;Фиточай с чабрецом - 4 пакетика;Фиточай с чабрецом - 4 пакетика;350;;;;;;;;;;;;;;;;;;;;;;;;;;;;;;;;;;;;;;;;;;;;;;
12.03.2021;2575;;3 177;returned;Lucastaylor88@mail.ru;12.03.2021;3;3;240.0;587.0;2000.0;;3;Маття-латте - 1 шт.;Фиточай с чабрецом - 4 пакетика;Омолаживающий барсучий эликсир;350;;;;;;;;;;;;;;;;;;;;;;;;;;;;;;;;;;;;;;;;;;;;;;
15.03.2021;2082;;7 790;completed;alexanderanderson66@gmail.com;15.03.2021;3;3;890.0;2000.0;4900.0;;3;Фиточай с чабрецом - 4 пакетика;Омолаживающий барсучий эликсир;Омолаживающий барсучий эликсир;0;;;;;;;;;;;;;;;;;;;;;;;;;;;;;;;;;;;;;;;;;;;;;;
09.03.2021;1730;;4 040;returned;Lucasbrown66@yahoo.com;09.03.2021;3;3;890.0;800.0;2000.0;;3;Фиточай с чабрецом - 4 пакетика;Фиточай с чабрецом - 4 пакетика;Омолаживающий барсучий эликсир;350;;;;;;;;;;;;;;;;;;;;;;;;;;;;;;;;;;;;;;;;;;;;;;
03.04.2021;1447;;8 700;completed;liamanderson33@gmail.com;03.04.2021;4;3;1900.0;4900.0;1900.0;;4;Маття-латте - 5 шт.;Омолаживающий барсучий эликсир;Маття-латте - 5 шт.;0;;;;;;;;;;;;;;;;;;;;;;;;;;;;;;;;;;;;;;;;;;;;;;
10.07.2021;4085;;10 600;completed;Sophiaanderson88@mail.ru;05.04.2021;4;3;800.0;4900.0;4900.0;;7;Фиточай с чабрецом - 4 пакетика;Омолаживающий барсучий эликсир;Омолаживающий барсучий эликсир;0;;;;;;;;;;;;;;;;;;;;;;;;;;;;;;;;;;;;;;;;;;;;;;
17.12.2021;1507;;6 200;completed;emmasmith1993@gmail.com;17.12.2021;12;3;3500.0;800.0;1900.0;;12;Омолаживающий барсучий эликсир;Фиточай с чабрецом - 4 пакетика;Маття-латте - 5 шт.;0;;;;;;;;;;;;;;;;;;;;;;;;;;;;;;;;;;;;;;;;;;;;;;
01.10.2021;2651;;2 490;completed;Lucasanderson69@yandex.ru;01.10.2021;10;3;240.0;1100.0;800.0;;10;Маття-латте - 1 шт.;Маття-латте - 5 шт.;Фиточай с чабрецом - 4 пакетика;350;;;;;;;;;;;;;;;;;;;;;;;;;;;;;;;;;;;;;;;;;;;;;;
22.12.2021;2299;;10 400;completed;Avabrown88@yahoo.com;22.12.2021;12;3;4900.0;2000.0;3500.0;;12;Омолаживающий барсучий эликсир;Омолаживающий барсучий эликсир;Омолаживающий барсучий эликсир;0;;;;;;;;;;;;;;;;;;;;;;;;;;;;;;;;;;;;;;;;;;;;;;
30.04.2021;2195;;1 802;completed;sophiamoore0@gmail.com;30.04.2021;4;3;890.0;587.0;325.0;;4;Фиточай с чабрецом - 4 пакетика;Фиточай с чабрецом - 4 пакетика;Маття-латте - 1 шт.;0;;;;;;;;;;;;;;;;;;;;;;;;;;;;;;;;;;;;;;;;;;;;;;
31.12.2021;2733;;4 600;completed;liammoore1993@gmail.com;25.09.2021;9;2;1100.0;3500.0;;;12;Маття-латте - 5 шт.;Омолаживающий барсучий эликсир;Маття-латте - 1 шт.;0;;;;;;;;;;;;;;;;;;;;;;;;;;;;;;;;;;;;;;;;;;;;;;
27.12.2021;4082;;8 400;returned;Isabellabrown2007@yahoo.com;26.02.2021;2;2;3500.0;4900.0;;;12;Омолаживающий барсучий эликсир;Омолаживающий барсучий эликсир;Маття-латте - 1 шт.;0;;;;;;;;;;;;;;;;;;;;;;;;;;;;;;;;;;;;;;;;;;;;;;
25.06.2021;3050;;1262;completed;Charlottemoore13@yahoo.com;20.02.2021;2;2;587.0;;325.0;;6;Фиточай с чабрецом - 4 пакетика;Маття-латте - 1 шт.;Маття-латте - 1 шт.;350;;;;;;;;;;;;;;;;;;;;;;;;;;;;;;;;;;;;;;;;;;;;;;
27.01.2022;4045;;4 487;completed;Charlottemoore69@outlook.com;27.01.2022;13;3;1900.0;587.0;2000.0;;13;Маття-латте - 5 шт.;Фиточай с чабрецом - 4 пакетика;Омолаживающий барсучий эликсир;0;;;;;;;;;;;;;;;;;;;;;;;;;;;;;;;;;;;;;;;;;;;;;;
12.10.2021;3360;;3 262;returned;Alexandermartinez66@yandex.ru;10.06.2021;6;3;325.0;587.0;2000.0;;10;Маття-латте - 1 шт.;Фиточай с чабрецом - 4 пакетика;Омолаживающий барсучий эликсир;350;;;;;;;;;;;;;;;;;;;;;;;;;;;;;;;;;;;;;;;;;;;;;;
02.05.2021;2171;;1 340;completed;Alexanderwilliams33@yahoo.com;31.03.2021;3;2;;240.0;1100.0;;5;Маття-латте - 1 шт.;Маття-латте - 1 шт.;Маття-латте - 5 шт.;0;;;;;;;;;;;;;;;;;;;;;;;;;;;;;;;;;;;;;;;;;;;;;;
08.10.2021;3103;;6 800;completed;liamwilliams13@gmail.com;22.04.2021;4;3;1100.0;4900.0;800.0;;10;Маття-латте - 5 шт.;Омолаживающий барсучий эликсир;Фиточай с чабрецом - 4 пакетика;0;;;;;;;;;;;;;;;;;;;;;;;;;;;;;;;;;;;;;;;;;;;;;;
23.10.2021;2276;;6 390;completed;Isabellamoore1987@outlook.com;16.04.2021;4;3;3500.0;890.0;2000.0;;10;Омолаживающий барсучий эликсир;Фиточай с чабрецом - 4 пакетика;Омолаживающий барсучий эликсир;0;;;;;;;;;;;;;;;;;;;;;;;;;;;;;;;;;;;;;;;;;;;;;;
29.04.2021;1476;;2 890;completed;Williamsmith88@mail.ru;29.04.2021;4;2;2000.0;;890.0;;4;Омолаживающий барсучий эликсир;Маття-латте - 1 шт.;Фиточай с чабрецом - 4 пакетика;0;;;;;;;;;;;;;;;;;;;;;;;;;;;;;;;;;;;;;;;;;;;;;;
19.09.2021;3709;;4 840;completed;Lucasbrown66@yandex.ru;15.06.2021;6;3;1100.0;3500.0;240.0;;9;Маття-латте - 5 шт.;Омолаживающий барсучий эликсир;Маття-латте - 1 шт.;0;;;;;;;;;;;;;;;;;;;;;;;;;;;;;;;;;;;;;;;;;;;;;;
21.12.2021;3621;;3 130;completed;Avalopez1987@yahoo.com;21.12.2021;12;3;890.0;2000.0;240.0;;12;Фиточай с чабрецом - 4 пакетика;Омолаживающий барсучий эликсир;Маття-латте - 1 шт.;0;;;;;;;;;;;;;;;;;;;;;;;;;;;;;;;;;;;;;;;;;;;;;;
23.09.2021;2935;;3 500;completed;isabellasmith1987@gmail.com;23.09.2021;9;3;800.0;800.0;1900.0;;9;Фиточай с чабрецом - 4 пакетика;Фиточай с чабрецом - 4 пакетика;Маття-латте - 5 шт.;0;;;;;;;;;;;;;;;;;;;;;;;;;;;;;;;;;;;;;;;;;;;;;;
05.11.2021;2746;;10 900;completed;liammoore69@gmail.com;18.03.2021;3;3;4900.0;1100.0;4900.0;;11;Омолаживающий барсучий эликсир;Маття-латте - 5 шт.;Омолаживающий барсучий эликсир;0;;;;;;;;;;;;;;;;;;;;;;;;;;;;;;;;;;;;;;;;;;;;;;
15.11.2021;2182;;4 000;completed;Emmabrown88@outlook.com;15.11.2021;11;2;;2000.0;2000.0;;11;Маття-латте - 1 шт.;Омолаживающий барсучий эликсир;Омолаживающий барсучий эликсир;0;;;;;;;;;;;;;;;;;;;;;;;;;;;;;;;;;;;;;;;;;;;;;;
22.05.2021;4130;;3 687;completed;Lucastaylor0@yahoo.com;22.05.2021;5;3;2000.0;1100.0;587.0;;5;Омолаживающий барсучий эликсир;Маття-латте - 5 шт.;Фиточай с чабрецом - 4 пакетика;0;;;;;;;;;;;;;;;;;;;;;;;;;;;;;;;;;;;;;;;;;;;;;;
21.10.2021;3100;;9 550;completed;Liamtaylor0@yahoo.com;07.04.2021;4;3;4900.0;3500.0;800.0;;10;Омолаживающий барсучий эликсир;Омолаживающий барсучий эликсир;Фиточай с чабрецом - 4 пакетика;350;;;;;;;;;;;;;;;;;;;;;;;;;;;;;;;;;;;;;;;;;;;;;;
22.11.2021;3470;;6 287;completed;Charlottejackson1993@yandex.ru;22.11.2021;11;3;4900.0;800.0;587.0;;11;Омолаживающий барсучий эликсир;Фиточай с чабрецом - 4 пакетика;Фиточай с чабрецом - 4 пакетика;0;;;;;;;;;;;;;;;;;;;;;;;;;;;;;;;;;;;;;;;;;;;;;;
16.02.2022;3082;;937;completed;Charlottebrown12@yandex.ru;02.05.2021;5;1;;;587.0;;14;Маття-латте - 1 шт.;Маття-латте - 1 шт.;Фиточай с чабрецом - 4 пакетика;350;;;;;;;;;;;;;;;;;;;;;;;;;;;;;;;;;;;;;;;;;;;;;;
04.02.2022;1927;;1 900;completed;Avaanderson69@yahoo.com;30.03.2021;3;2;;800.0;1100.0;;14;Маття-латте - 1 шт.;Фиточай с чабрецом - 4 пакетика;Маття-латте - 5 шт.;0;;;;;;;;;;;;;;;;;;;;;;;;;;;;;;;;;;;;;;;;;;;;;;
21.09.2021;3333;;3 000;completed;charlottejackson0@gmail.com;02.09.2021;9;3;800.0;1100.0;1100.0;;9;Фиточай с чабрецом - 4 пакетика;Маття-латте - 5 шт.;Маття-латте - 5 шт.;0;;;;;;;;;;;;;;;;;;;;;;;;;;;;;;;;;;;;;;;;;;;;;;
31.03.2021;1248;;2 700;completed;isabellajackson33@gmail.com;31.03.2021;3;2;1900.0;800.0;;;3;Маття-латте - 5 шт.;Фиточай с чабрецом - 4 пакетика;Маття-латте - 1 шт.;0;;;;;;;;;;;;;;;;;;;;;;;;;;;;;;;;;;;;;;;;;;;;;;
06.09.2021;3192;;5 400;completed;Sophialopez33@mail.ru;03.05.2021;5;2;1900.0;3500.0;;;9;Маття-латте - 5 шт.;Омолаживающий барсучий эликсир;Маття-латте - 1 шт.;0;;;;;;;;;;;;;;;;;;;;;;;;;;;;;;;;;;;;;;;;;;;;;;
05.08.2021;2833;;2 890;completed;Charlotteanderson33@mail.ru;05.08.2021;8;2;890.0;2000.0;;;8;Фиточай с чабрецом - 4 пакетика;Омолаживающий барсучий эликсир;Маття-латте - 1 шт.;0;;;;;;;;;;;;;;;;;;;;;;;;;;;;;;;;;;;;;;;;;;;;;;
25.06.2021;2161;;4 980;completed;Liamlopez33@yahoo.com;22.04.2021;4;3;240.0;890.0;3500.0;;6;Маття-латте - 1 шт.;Фиточай с чабрецом - 4 пакетика;Омолаживающий барсучий эликсир;350;;;;;;;;;;;;;;;;;;;;;;;;;;;;;;;;;;;;;;;;;;;;;;
22.07.2021;1862;;9 850;completed;emmamoore13@gmail.com;24.03.2021;3;3;1100.0;3500.0;4900.0;;7;Маття-латте - 5 шт.;Омолаживающий барсучий эликсир;Омолаживающий барсучий эликсир;350;;;;;;;;;;;;;;;;;;;;;;;;;;;;;;;;;;;;;;;;;;;;;;
14.11.2021;1734;;8 140;completed;Olivermoore66@outlook.com;27.02.2021;2;3;4900.0;2000.0;890.0;;11;Омолаживающий барсучий эликсир;Омолаживающий барсучий эликсир;Фиточай с чабрецом - 4 пакетика;350;;;;;;;;;;;;;;;;;;;;;;;;;;;;;;;;;;;;;;;;;;;;;;
22.08.2021;2590;;4 840;completed;isabellathomas12@gmail.com;22.08.2021;8;3;240.0;1100.0;3500.0;;8;Маття-латте - 1 шт.;Маття-латте - 5 шт.;Омолаживающий барсучий эликсир;0;;;;;;;;;;;;;;;;;;;;;;;;;;;;;;;;;;;;;;;;;;;;;;
22.01.2022;2584;;5 275;returned;Lucaslopez1987@yahoo.com;22.01.2022;13;3;3500.0;1100.0;325.0;;13;Омолаживающий барсучий эликсир;Маття-латте - 5 шт.;Маття-латте - 1 шт.;350;;;;;;;;;;;;;;;;;;;;;;;;;;;;;;;;;;;;;;;;;;;;;;
01.07.2021;3390;;8 640;completed;williamjackson1987@gmail.com;27.05.2021;5;3;3500.0;4900.0;240.0;;7;Омолаживающий барсучий эликсир;Омолаживающий барсучий эликсир;Маття-латте - 1 шт.;0;;;;;;;;;;;;;;;;;;;;;;;;;;;;;;;;;;;;;;;;;;;;;;
22.06.2021;3377;;6 937;completed;Alexandersmith12@mail.ru;22.06.2021;6;3;1100.0;4900.0;587.0;;6;Маття-латте - 5 шт.;Омолаживающий барсучий эликсир;Фиточай с чабрецом - 4 пакетика;350;;;;;;;;;;;;;;;;;;;;;;;;;;;;;;;;;;;;;;;;;;;;;;
01.04.2021;2970;;3 475;completed;Alexandermartinez12@mail.ru;18.02.2021;2;3;800.0;2000.0;325.0;;4;Фиточай с чабрецом - 4 пакетика;Омолаживающий барсучий эликсир;Маття-латте - 1 шт.;350;;;;;;;;;;;;;;;;;;;;;;;;;;;;;;;;;;;;;;;;;;;;;;
27.10.2021;3941;;2 880;completed;Lucasmartinez33@mail.ru;27.10.2021;10;3;1100.0;890.0;890.0;;10;Маття-латте - 5 шт.;Фиточай с чабрецом - 4 пакетика;Фиточай с чабрецом - 4 пакетика;0;;;;;;;;;;;;;;;;;;;;;;;;;;;;;;;;;;;;;;;;;;;;;;
15.08.2021;1300;;1 425;completed;Avathomas1993@yandex.ru;05.08.2021;8;2;325.0;;1100.0;;8;Маття-латте - 1 шт.;Маття-латте - 1 шт.;Маття-латте - 5 шт.;0;;;;;;;;;;;;;;;;;;;;;;;;;;;;;;;;;;;;;;;;;;;;;;
03.08.2021;2425;;4 490;completed;Avathomas66@mail.ru;03.08.2021;8;3;240.0;2000.0;1900.0;;8;Маття-латте - 1 шт.;Омолаживающий барсучий эликсир;Маття-латте - 5 шт.;350;;;;;;;;;;;;;;;;;;;;;;;;;;;;;;;;;;;;;;;;;;;;;;
01.03.2021;4097;;3 240;completed;Alexandertaylor13@yahoo.com;01.03.2021;3;3;1100.0;240.0;1900.0;;3;Маття-латте - 5 шт.;Маття-латте - 1 шт.;Маття-латте - 5 шт.;0;;;;;;;;;;;;;;;;;;;;;;;;;;;;;;;;;;;;;;;;;;;;;;
03.05.2021;2449;;1 067;completed;oliverwilliams88@gmail.com;03.05.2021;5;3;587.0;240.0;240.0;;5;Фиточай с чабрецом - 4 пакетика;Маття-латте - 1 шт.;Маття-латте - 1 шт.;0;;;;;;;;;;;;;;;;;;;;;;;;;;;;;;;;;;;;;;;;;;;;;;
30.03.2021;3318;;5 400;completed;Alexanderthomas1987@outlook.com;30.03.2021;3;2;;1900.0;3500.0;;3;Маття-латте - 1 шт.;Маття-латте - 5 шт.;Омолаживающий барсучий эликсир;0;;;;;;;;;;;;;;;;;;;;;;;;;;;;;;;;;;;;;;;;;;;;;;
25.03.2021;2860;;8 725;completed;avamartinez1987@gmail.com;25.03.2021;3;3;4900.0;325.0;3500.0;;3;Омолаживающий барсучий эликсир;Маття-латте - 1 шт.;Омолаживающий барсучий эликсир;0;;;;;;;;;;;;;;;;;;;;;;;;;;;;;;;;;;;;;;;;;;;;;;
21.06.2021;2898;;3 425;completed;avabrown33@gmail.com;21.06.2021;6;3;325.0;2000.0;1100.0;;6;Маття-латте - 1 шт.;Омолаживающий барсучий эликсир;Маття-латте - 5 шт.;0;;;;;;;;;;;;;;;;;;;;;;;;;;;;;;;;;;;;;;;;;;;;;;
29.09.2021;3220;;10 737;completed;emmataylor88@gmail.com;29.09.2021;9;3;4900.0;587.0;4900.0;;9;Омолаживающий барсучий эликсир;Фиточай с чабрецом - 4 пакетика;Омолаживающий барсучий эликсир;350;;;;;;;;;;;;;;;;;;;;;;;;;;;;;;;;;;;;;;;;;;;;;;
12.10.2021;2268;;6 424;completed;charlottesmith66@gmail.com;26.04.2021;4;3;587.0;587.0;4900.0;;10;Фиточай с чабрецом - 4 пакетика;Фиточай с чабрецом - 4 пакетика;Омолаживающий барсучий эликсир;350;;;;;;;;;;;;;;;;;;;;;;;;;;;;;;;;;;;;;;;;;;;;;;
23.05.2021;2376;;6 390;completed;Lucasanderson69@gmail.com;23.05.2021;5;3;890.0;3500.0;2000.0;;5;Фиточай с чабрецом - 4 пакетика;Омолаживающий барсучий эликсир;Омолаживающий барсучий эликсир;0;;;;;;;;;;;;;;;;;;;;;;;;;;;;;;;;;;;;;;;;;;;;;;
15.11.2021;2789;;4 100;completed;Lucassmith1993@mail.ru;22.10.2021;10;3;1900.0;1100.0;1100.0;;11;Маття-латте - 5 шт.;Маття-латте - 5 шт.;Маття-латте - 5 шт.;0;;;;;;;;;;;;;;;;;;;;;;;;;;;;;;;;;;;;;;;;;;;;;;
27.09.2021;3748;;1 764;completed;Sophiathomas1993@outlook.com;08.04.2021;4;3;240.0;587.0;587.0;;9;Маття-латте - 1 шт.;Фиточай с чабрецом - 4 пакетика;Фиточай с чабрецом - 4 пакетика;350;;;;;;;;;;;;;;;;;;;;;;;;;;;;;;;;;;;;;;;;;;;;;;
17.09.2021;2877;;4 415;returned;isabellalopez1993@gmail.com;06.08.2021;8;3;240.0;325.0;3500.0;;9;Маття-латте - 1 шт.;Маття-латте - 1 шт.;Омолаживающий барсучий эликсир;350;;;;;;;;;;;;;;;;;;;;;;;;;;;;;;;;;;;;;;;;;;;;;;
26.11.2021;3097;;2 140;completed;oliverwilliams13@gmail.com;04.11.2021;11;3;800.0;240.0;1100.0;;11;Фиточай с чабрецом - 4 пакетика;Маття-латте - 1 шт.;Маття-латте - 5 шт.;0;;;;;;;;;;;;;;;;;;;;;;;;;;;;;;;;;;;;;;;;;;;;;;
06.03.2021;3742;;2 274;returned;Charlotteanderson66@outlook.com;06.03.2021;3;3;587.0;587.0;1100.0;;3;Фиточай с чабрецом - 4 пакетика;Фиточай с чабрецом - 4 пакетика;Маття-латте - 5 шт.;0;;;;;;;;;;;;;;;;;;;;;;;;;;;;;;;;;;;;;;;;;;;;;;
06.11.2021;2543;;8 987;completed;Sophiamartinez88@mail.ru;12.10.2021;10;3;587.0;4900.0;3500.0;;11;Фиточай с чабрецом - 4 пакетика;Омолаживающий барсучий эликсир;Омолаживающий барсучий эликсир;0;;;;;;;;;;;;;;;;;;;;;;;;;;;;;;;;;;;;;;;;;;;;;;
17.11.2021;3563;;1 805;completed;charlottethomas0@gmail.com;17.11.2021;11;3;240.0;890.0;325.0;;11;Маття-латте - 1 шт.;Фиточай с чабрецом - 4 пакетика;Маття-латте - 1 шт.;350;;;;;;;;;;;;;;;;;;;;;;;;;;;;;;;;;;;;;;;;;;;;;;
28.02.2021;3338;;5 800;completed;Sophiamoore33@yandex.ru;28.02.2021;2;3;2000.0;1900.0;1900.0;;2;Омолаживающий барсучий эликсир;Маття-латте - 5 шт.;Маття-латте - 5 шт.;0;;;;;;;;;;;;;;;;;;;;;;;;;;;;;;;;;;;;;;;;;;;;;;
30.10.2021;2792;;1 690;completed;Isabellamoore88@yahoo.com;30.10.2021;10;2;890.0;800.0;;;10;Фиточай с чабрецом - 4 пакетика;Фиточай с чабрецом - 4 пакетика;Маття-латте - 1 шт.;0;;;;;;;;;;;;;;;;;;;;;;;;;;;;;;;;;;;;;;;;;;;;;;
29.08.2021;1958;;8 140;completed;Isabellamoore1987@yandex.ru;29.08.2021;8;3;890.0;4900.0;2000.0;;8;Фиточай с чабрецом - 4 пакетика;Омолаживающий барсучий эликсир;Омолаживающий барсучий эликсир;350;;;;;;;;;;;;;;;;;;;;;;;;;;;;;;;;;;;;;;;;;;;;;;
16.03.2021;1747;;5 465;returned;liamanderson88@gmail.com;16.03.2021;3;3;325.0;240.0;4900.0;;3;Маття-латте - 1 шт.;Маття-латте - 1 шт.;Омолаживающий барсучий эликсир;0;;;;;;;;;;;;;;;;;;;;;;;;;;;;;;;;;;;;;;;;;;;;;;
10.06.2021;2494;;10 737;completed;Lucasanderson1987@outlook.com;13.04.2021;4;3;4900.0;4900.0;587.0;;6;Омолаживающий барсучий эликсир;Омолаживающий барсучий эликсир;Фиточай с чабрецом - 4 пакетика;350;;;;;;;;;;;;;;;;;;;;;;;;;;;;;;;;;;;;;;;;;;;;;;
27.12.2021;3771;;4 125;completed;Olivertaylor33@outlook.com;17.04.2021;4;3;1900.0;325.0;1900.0;;12;Маття-латте - 5 шт.;Маття-латте - 1 шт.;Маття-латте - 5 шт.;0;;;;;;;;;;;;;;;;;;;;;;;;;;;;;;;;;;;;;;;;;;;;;;
25.04.2021;2126;;1 930;completed;Oliverlopez1993@yandex.ru;16.03.2021;3;3;890.0;800.0;240.0;;4;Фиточай с чабрецом - 4 пакетика;Фиточай с чабрецом - 4 пакетика;Маття-латте - 1 шт.;0;;;;;;;;;;;;;;;;;;;;;;;;;;;;;;;;;;;;;;;;;;;;;;
18.01.2022;2945;;5 840;completed;Williamwilliams69@yandex.ru;08.05.2021;5;3;3500.0;1100.0;890.0;;13;Омолаживающий барсучий эликсир;Маття-латте - 5 шт.;Фиточай с чабрецом - 4 пакетика;350;;;;;;;;;;;;;;;;;;;;;;;;;;;;;;;;;;;;;;;;;;;;;;
31.03.2021;2993;;6 087;returned;Emmabrown12@yahoo.com;31.03.2021;3;3;587.0;2000.0;3500.0;;3;Фиточай с чабрецом - 4 пакетика;Омолаживающий барсучий эликсир;Омолаживающий барсучий эликсир;0;;;;;;;;;;;;;;;;;;;;;;;;;;;;;;;;;;;;;;;;;;;;;;
17.07.2021;1620;;4 175;completed;Isabellaanderson69@mail.ru;14.04.2021;4;2;325.0;;3500.0;;7;Маття-латте - 1 шт.;Маття-латте - 1 шт.;Омолаживающий барсучий эликсир;350;;;;;;;;;;;;;;;;;;;;;;;;;;;;;;;;;;;;;;;;;;;;;;
12.08.2021;3464;;325;completed;Avathomas0@yahoo.com;12.03.2021;3;1;;;325.0;;8;Маття-латте - 1 шт.;Маття-латте - 1 шт.;Маття-латте - 1 шт.;0;;;;;;;;;;;;;;;;;;;;;;;;;;;;;;;;;;;;;;;;;;;;;;
09.04.2021;3056;;5 640;completed;Charlottetaylor1987@mail.ru;09.04.2021;4;3;240.0;1900.0;3500.0;;4;Маття-латте - 1 шт.;Маття-латте - 5 шт.;Омолаживающий барсучий эликсир;0;;;;;;;;;;;;;;;;;;;;;;;;;;;;;;;;;;;;;;;;;;;;;;
29.11.2021;2171;;7 700;completed;Alexanderwilliams33@yahoo.com;31.03.2021;3;3;4900.0;2000.0;800.0;;11;Омолаживающий барсучий эликсир;Омолаживающий барсучий эликсир;Фиточай с чабрецом - 4 пакетика;0;;;;;;;;;;;;;;;;;;;;;;;;;;;;;;;;;;;;;;;;;;;;;;
21.07.2021;3105;;11 800;completed;alexanderbrown1987@gmail.com;21.07.2021;7;3;4900.0;2000.0;4900.0;;7;Омолаживающий барсучий эликсир;Омолаживающий барсучий эликсир;Омолаживающий барсучий эликсир;0;;;;;;;;;;;;;;;;;;;;;;;;;;;;;;;;;;;;;;;;;;;;;;
28.10.2021;3304;;4 575;completed;Lucasjackson12@outlook.com;01.06.2021;6;3;2000.0;1900.0;325.0;;10;Омолаживающий барсучий эликсир;Маття-латте - 5 шт.;Маття-латте - 1 шт.;350;;;;;;;;;;;;;;;;;;;;;;;;;;;;;;;;;;;;;;;;;;;;;;
14.11.2021;3753;;1 280;completed;Avajackson33@mail.ru;11.06.2021;6;3;240.0;240.0;800.0;;11;Маття-латте - 1 шт.;Маття-латте - 1 шт.;Фиточай с чабрецом - 4 пакетика;0;;;;;;;;;;;;;;;;;;;;;;;;;;;;;;;;;;;;;;;;;;;;;;
24.06.2021;2974;;3 687;completed;Avaanderson12@yahoo.com;24.06.2021;6;3;587.0;2000.0;1100.0;;6;Фиточай с чабрецом - 4 пакетика;Омолаживающий барсучий эликсир;Маття-латте - 5 шт.;0;;;;;;;;;;;;;;;;;;;;;;;;;;;;;;;;;;;;;;;;;;;;;;
07.03.2021;2948;;11 900;completed;Lucaslopez13@outlook.com;07.03.2021;3;3;4900.0;3500.0;3500.0;;3;Омолаживающий барсучий эликсир;Омолаживающий барсучий эликсир;Омолаживающий барсучий эликсир;0;;;;;;;;;;;;;;;;;;;;;;;;;;;;;;;;;;;;;;;;;;;;;;
27.05.2021;1896;;2 455;completed;Sophiawilliams0@mail.ru;17.02.2021;2;3;890.0;890.0;325.0;;5;Фиточай с чабрецом - 4 пакетика;Фиточай с чабрецом - 4 пакетика;Маття-латте - 1 шт.;350;;;;;;;;;;;;;;;;;;;;;;;;;;;;;;;;;;;;;;;;;;;;;;
17.05.2021;3635;;7 487;completed;Isabellawilliams33@outlook.com;22.04.2021;4;3;2000.0;4900.0;587.0;;5;Омолаживающий барсучий эликсир;Омолаживающий барсучий эликсир;Фиточай с чабрецом - 4 пакетика;0;;;;;;;;;;;;;;;;;;;;;;;;;;;;;;;;;;;;;;;;;;;;;;
04.09.2021;3480;;1 524;completed;Liamanderson1993@yandex.ru;04.09.2021;9;2;;587.0;587.0;;9;Маття-латте - 1 шт.;Фиточай с чабрецом - 4 пакетика;Фиточай с чабрецом - 4 пакетика;350;;;;;;;;;;;;;;;;;;;;;;;;;;;;;;;;;;;;;;;;;;;;;;
17.10.2021;1602;;2 277;completed;Olivermartinez12@yandex.ru;29.05.2021;5;3;1100.0;587.0;240.0;;10;Маття-латте - 5 шт.;Фиточай с чабрецом - 4 пакетика;Маття-латте - 1 шт.;350;;;;;;;;;;;;;;;;;;;;;;;;;;;;;;;;;;;;;;;;;;;;;;
14.07.2021;1326;;5 190;completed;Avaanderson1987@mail.ru;14.07.2021;7;3;800.0;890.0;3500.0;;7;Фиточай с чабрецом - 4 пакетика;Фиточай с чабрецом - 4 пакетика;Омолаживающий барсучий эликсир;0;;;;;;;;;;;;;;;;;;;;;;;;;;;;;;;;;;;;;;;;;;;;;;
02.08.2021;3037;;3 240;completed;Williamwilliams0@mail.ru;02.06.2021;6;3;1100.0;240.0;1900.0;;8;Маття-латте - 5 шт.;Маття-латте - 1 шт.;Маття-латте - 5 шт.;0;;;;;;;;;;;;;;;;;;;;;;;;;;;;;;;;;;;;;;;;;;;;;;
18.08.2021;3486;;3 900;completed;Sophiamartinez1987@outlook.com;18.08.2021;8;2;;1900.0;2000.0;;8;Маття-латте - 1 шт.;Маття-латте - 5 шт.;Омолаживающий барсучий эликсир;0;;;;;;;;;;;;;;;;;;;;;;;;;;;;;;;;;;;;;;;;;;;;;;
31.12.2021;3760;;7 600;completed;Williammoore1987@yandex.ru;15.04.2021;4;3;800.0;1900.0;4900.0;;12;Фиточай с чабрецом - 4 пакетика;Маття-латте - 5 шт.;Омолаживающий барсучий эликсир;0;;;;;;;;;;;;;;;;;;;;;;;;;;;;;;;;;;;;;;;;;;;;;;
26.09.2021;1785;;4 890;returned;Williamjackson33@yahoo.com;02.04.2021;4;3;240.0;800.0;3500.0;;9;Маття-латте - 1 шт.;Фиточай с чабрецом - 4 пакетика;Омолаживающий барсучий эликсир;350;;;;;;;;;;;;;;;;;;;;;;;;;;;;;;;;;;;;;;;;;;;;;;
04.03.2021;1840;;2 465;completed;williambrown33@gmail.com;04.03.2021;3;3;325.0;1900.0;240.0;;3;Маття-латте - 1 шт.;Маття-латте - 5 шт.;Маття-латте - 1 шт.;0;;;;;;;;;;;;;;;;;;;;;;;;;;;;;;;;;;;;;;;;;;;;;;
14.12.2021;3677;;5 400;completed;Olivertaylor2007@yahoo.com;14.12.2021;12;3;800.0;3500.0;1100.0;;12;Фиточай с чабрецом - 4 пакетика;Омолаживающий барсучий эликсир;Маття-латте - 5 шт.;0;;;;;;;;;;;;;;;;;;;;;;;;;;;;;;;;;;;;;;;;;;;;;;
08.09.2021;3531;;4 087;returned;Alexanderjackson1993@outlook.com;16.02.2021;2;2;;587.0;3500.0;;9;Маття-латте - 1 шт.;Фиточай с чабрецом - 4 пакетика;Омолаживающий барсучий эликсир;0;;;;;;;;;;;;;;;;;;;;;;;;;;;;;;;;;;;;;;;;;;;;;;
03.06.2021;4090;;3 030;completed;Charlottelopez13@yahoo.com;03.06.2021;6;3;1900.0;240.0;890.0;;6;Маття-латте - 5 шт.;Маття-латте - 1 шт.;Фиточай с чабрецом - 4 пакетика;0;;;;;;;;;;;;;;;;;;;;;;;;;;;;;;;;;;;;;;;;;;;;;;
10.07.2021;3488;;2 240;completed;Emmataylor1987@yandex.ru;10.07.2021;7;2;2000.0;240.0;;;7;Омолаживающий барсучий эликсир;Маття-латте - 1 шт.;Маття-латте - 1 шт.;0;;;;;;;;;;;;;;;;;;;;;;;;;;;;;;;;;;;;;;;;;;;;;;
21.08.2021;3317;;2 790;completed;alexanderbrown12@gmail.com;21.08.2021;8;2;1900.0;;890.0;;8;Маття-латте - 5 шт.;Маття-латте - 1 шт.;Фиточай с чабрецом - 4 пакетика;0;;;;;;;;;;;;;;;;;;;;;;;;;;;;;;;;;;;;;;;;;;;;;;
09.09.2021;2881;;5 400;completed;Emmawilliams69@mail.ru;09.09.2021;9;3;800.0;3500.0;1100.0;;9;Фиточай с чабрецом - 4 пакетика;Омолаживающий барсучий эликсир;Маття-латте - 5 шт.;0;;;;;;;;;;;;;;;;;;;;;;;;;;;;;;;;;;;;;;;;;;;;;;
17.09.2021;3449;;4 840;completed;Isabellamartinez1987@yahoo.com;17.09.2021;9;3;1100.0;240.0;3500.0;;9;Маття-латте - 5 шт.;Маття-латте - 1 шт.;Омолаживающий барсучий эликсир;0;;;;;;;;;;;;;;;;;;;;;;;;;;;;;;;;;;;;;;;;;;;;;;
02.10.2021;2614;;565;completed;avaanderson1987@gmail.com;02.10.2021;10;2;240.0;325.0;;;10;Маття-латте - 1 шт.;Маття-латте - 1 шт.;Маття-латте - 1 шт.;0;;;;;;;;;;;;;;;;;;;;;;;;;;;;;;;;;;;;;;;;;;;;;;
04.03.2021;2891;;5 727;completed;Alexandertaylor12@outlook.com;25.02.2021;2;3;4900.0;587.0;240.0;;3;Омолаживающий барсучий эликсир;Фиточай с чабрецом - 4 пакетика;Маття-латте - 1 шт.;0;;;;;;;;;;;;;;;;;;;;;;;;;;;;;;;;;;;;;;;;;;;;;;
02.07.2021;1372;;7 300;completed;Lucaswilliams66@yandex.ru;02.07.2021;7;3;3500.0;1900.0;1900.0;;7;Омолаживающий барсучий эликсир;Маття-латте - 5 шт.;Маття-латте - 5 шт.;0;;;;;;;;;;;;;;;;;;;;;;;;;;;;;;;;;;;;;;;;;;;;;;
05.08.2021;3114;;1 340;completed;isabellathomas66@gmail.com;05.08.2021;8;2;240.0;1100.0;;;8;Маття-латте - 1 шт.;Маття-латте - 5 шт.;Маття-латте - 1 шт.;0;;;;;;;;;;;;;;;;;;;;;;;;;;;;;;;;;;;;;;;;;;;;;;
13.04.2021;2216;;325;completed;olivermoore12@gmail.com;13.04.2021;4;1;;325.0;;;4;Маття-латте - 1 шт.;Маття-латте - 1 шт.;Маття-латте - 1 шт.;0;;;;;;;;;;;;;;;;;;;;;;;;;;;;;;;;;;;;;;;;;;;;;;
29.04.2021;3726;;7 000;completed;Emmalopez2007@yahoo.com;29.04.2021;4;2;;3500.0;3500.0;;4;Маття-латте - 1 шт.;Омолаживающий барсучий эликсир;Омолаживающий барсучий эликсир;0;;;;;;;;;;;;;;;;;;;;;;;;;;;;;;;;;;;;;;;;;;;;;;
15.10.2021;3600;;8 000;completed;Sophiabrown66@yahoo.com;24.02.2021;2;3;4900.0;1100.0;2000.0;;10;Омолаживающий барсучий эликсир;Маття-латте - 5 шт.;Омолаживающий барсучий эликсир;0;;;;;;;;;;;;;;;;;;;;;;;;;;;;;;;;;;;;;;;;;;;;;;
18.11.2021;1831;;2 912;completed;Charlottesmith1987@mail.ru;28.03.2021;3;3;2000.0;325.0;587.0;;11;Омолаживающий барсучий эликсир;Маття-латте - 1 шт.;Фиточай с чабрецом - 4 пакетика;0;;;;;;;;;;;;;;;;;;;;;;;;;;;;;;;;;;;;;;;;;;;;;;
29.05.2021;3178;;5 190;completed;isabellaanderson88@gmail.com;23.02.2021;2;3;800.0;890.0;3500.0;;5;Фиточай с чабрецом - 4 пакетика;Фиточай с чабрецом - 4 пакетика;Омолаживающий барсучий эликсир;0;;;;;;;;;;;;;;;;;;;;;;;;;;;;;;;;;;;;;;;;;;;;;;
20.12.2021;3263;;325;completed;Alexandermoore66@mail.ru;11.10.2021;10;1;;325.0;;;12;Маття-латте - 1 шт.;Маття-латте - 1 шт.;Маття-латте - 1 шт.;0;;;;;;;;;;;;;;;;;;;;;;;;;;;;;;;;;;;;;;;;;;;;;;
20.08.2021;1892;;1 365;completed;Sophiajackson88@yandex.ru;20.08.2021;8;3;325.0;800.0;240.0;;8;Маття-латте - 1 шт.;Фиточай с чабрецом - 4 пакетика;Маття-латте - 1 шт.;0;;;;;;;;;;;;;;;;;;;;;;;;;;;;;;;;;;;;;;;;;;;;;;
07.05.2021;3857;;4 175;completed;Sophiajackson1993@yandex.ru;07.05.2021;5;2;;3500.0;325.0;;5;Маття-латте - 1 шт.;Омолаживающий барсучий эликсир;Маття-латте - 1 шт.;350;;;;;;;;;;;;;;;;;;;;;;;;;;;;;;;;;;;;;;;;;;;;;;
06.05.2021;3174;;7 140;completed;Sophiasmith33@mail.ru;16.02.2021;2;3;240.0;2000.0;4900.0;;5;Маття-латте - 1 шт.;Омолаживающий барсучий эликсир;Омолаживающий барсучий эликсир;0;;;;;;;;;;;;;;;;;;;;;;;;;;;;;;;;;;;;;;;;;;;;;;
28.05.2021;3496;;3 900;returned;Oliveranderson0@outlook.com;28.05.2021;5;2;2000.0;1900.0;;;5;Омолаживающий барсучий эликсир;Маття-латте - 5 шт.;Маття-латте - 1 шт.;0;;;;;;;;;;;;;;;;;;;;;;;;;;;;;;;;;;;;;;;;;;;;;;
04.05.2021;1871;;7 000;completed;Liamsmith0@outlook.com;04.05.2021;5;2;;3500.0;3500.0;;5;Маття-латте - 1 шт.;Омолаживающий барсучий эликсир;Омолаживающий барсучий эликсир;0;;;;;;;;;;;;;;;;;;;;;;;;;;;;;;;;;;;;;;;;;;;;;;
30.10.2021;1745;;827;completed;Oliverjackson69@outlook.com;16.09.2021;9;2;;587.0;240.0;;10;Маття-латте - 1 шт.;Фиточай с чабрецом - 4 пакетика;Маття-латте - 1 шт.;0;;;;;;;;;;;;;;;;;;;;;;;;;;;;;;;;;;;;;;;;;;;;;;
04.11.2021;3561;;325;completed;Sophiasmith33@mail.ru;05.05.2021;5;1;;325.0;;;11;Маття-латте - 1 шт.;Маття-латте - 1 шт.;Маття-латте - 1 шт.;0;;;;;;;;;;;;;;;;;;;;;;;;;;;;;;;;;;;;;;;;;;;;;;
01.10.2021;2896;;2 815;completed;Avataylor69@mail.ru;07.06.2021;6;3;240.0;325.0;1900.0;;10;Маття-латте - 1 шт.;Маття-латте - 1 шт.;Маття-латте - 5 шт.;350;;;;;;;;;;;;;;;;;;;;;;;;;;;;;;;;;;;;;;;;;;;;;;
03.07.2021;2290;;2 577;completed;Liamtaylor1987@yahoo.com;27.03.2021;3;3;890.0;587.0;1100.0;;7;Фиточай с чабрецом - 4 пакетика;Фиточай с чабрецом - 4 пакетика;Маття-латте - 5 шт.;0;;;;;;;;;;;;;;;;;;;;;;;;;;;;;;;;;;;;;;;;;;;;;;
21.01.2022;4175;;10 690;completed;Williammartinez66@yandex.ru;21.11.2021;11;3;4900.0;4900.0;890.0;;13;Омолаживающий барсучий эликсир;Омолаживающий барсучий эликсир;Фиточай с чабрецом - 4 пакетика;0;;;;;;;;;;;;;;;;;;;;;;;;;;;;;;;;;;;;;;;;;;;;;;
06.02.2022;1753;;1 690;completed;liamthomas0@gmail.com;13.01.2022;13;2;;1100.0;240.0;;14;Маття-латте - 1 шт.;Маття-латте - 5 шт.;Маття-латте - 1 шт.;350;;;;;;;;;;;;;;;;;;;;;;;;;;;;;;;;;;;;;;;;;;;;;;
05.12.2021;3139;;1 237;completed;alexanderthomas2007@gmail.com;07.04.2021;4;3;325.0;587.0;325.0;;12;Маття-латте - 1 шт.;Фиточай с чабрецом - 4 пакетика;Маття-латте - 1 шт.;0;;;;;;;;;;;;;;;;;;;;;;;;;;;;;;;;;;;;;;;;;;;;;;
20.05.2021;3334;;5 740;completed;Liamsmith13@yandex.ru;20.05.2021;5;3;2000.0;3500.0;240.0;;5;Омолаживающий барсучий эликсир;Омолаживающий барсучий эликсир;Маття-латте - 1 шт.;0;;;;;;;;;;;;;;;;;;;;;;;;;;;;;;;;;;;;;;;;;;;;;;
14.06.2021;1693;;4 500;completed;Sophiawilliams2007@yandex.ru;14.06.2021;6;3;325.0;325.0;3500.0;;6;Маття-латте - 1 шт.;Маття-латте - 1 шт.;Омолаживающий барсучий эликсир;350;;;;;;;;;;;;;;;;;;;;;;;;;;;;;;;;;;;;;;;;;;;;;;
28.10.2021;2851;;3 162;completed;Sophialopez66@outlook.com;28.10.2021;10;3;1900.0;325.0;587.0;;10;Маття-латте - 5 шт.;Маття-латте - 1 шт.;Фиточай с чабрецом - 4 пакетика;350;;;;;;;;;;;;;;;;;;;;;;;;;;;;;;;;;;;;;;;;;;;;;;
16.02.2021;3016;;2 100;completed;Emmathomas12@mail.ru;16.02.2021;2;3;1100.0;325.0;325.0;;2;Маття-латте - 5 шт.;Маття-латте - 1 шт.;Маття-латте - 1 шт.;350;;;;;;;;;;;;;;;;;;;;;;;;;;;;;;;;;;;;;;;;;;;;;;
07.02.2022;2067;;3 890;completed;Liamanderson69@yahoo.com;07.02.2022;14;3;890.0;1900.0;1100.0;;14;Фиточай с чабрецом - 4 пакетика;Маття-латте - 5 шт.;Маття-латте - 5 шт.;0;;;;;;;;;;;;;;;;;;;;;;;;;;;;;;;;;;;;;;;;;;;;;;
14.03.2021;2508;;3 690;returned;lucasbrown69@gmail.com;14.03.2021;3;3;2000.0;1100.0;240.0;;3;Омолаживающий барсучий эликсир;Маття-латте - 5 шт.;Маття-латте - 1 шт.;350;;;;;;;;;;;;;;;;;;;;;;;;;;;;;;;;;;;;;;;;;;;;;;
07.07.2021;1867;;6 940;completed;Lucastaylor33@outlook.com;17.06.2021;6;3;800.0;890.0;4900.0;;7;Фиточай с чабрецом - 4 пакетика;Фиточай с чабрецом - 4 пакетика;Омолаживающий барсучий эликсир;350;;;;;;;;;;;;;;;;;;;;;;;;;;;;;;;;;;;;;;;;;;;;;;
27.07.2021;4030;;1 900;returned;Liambrown1993@gmail.com;14.07.2021;7;2;800.0;;1100.0;;7;Фиточай с чабрецом - 4 пакетика;Маття-латте - 1 шт.;Маття-латте - 5 шт.;0;;;;;;;;;;;;;;;;;;;;;;;;;;;;;;;;;;;;;;;;;;;;;;
26.01.2022;2119;;5 800;returned;alexanderthomas1987@gmail.com;26.01.2022;13;3;2000.0;1900.0;1900.0;;13;Омолаживающий барсучий эликсир;Маття-латте - 5 шт.;Маття-латте - 5 шт.;0;;;;;;;;;;;;;;;;;;;;;;;;;;;;;;;;;;;;;;;;;;;;;;
22.05.2021;1253;;1 627;completed;Emmasmith1987@mail.ru;25.02.2021;2;3;587.0;240.0;800.0;;5;Фиточай с чабрецом - 4 пакетика;Маття-латте - 1 шт.;Фиточай с чабрецом - 4 пакетика;0;;;;;;;;;;;;;;;;;;;;;;;;;;;;;;;;;;;;;;;;;;;;;;
26.09.2021;2859;;1 387;completed;Emmamoore88@gmail.com;26.09.2021;9;2;800.0;587.0;;;9;Фиточай с чабрецом - 4 пакетика;Фиточай с чабрецом - 4 пакетика;Маття-латте - 1 шт.;0;;;;;;;;;;;;;;;;;;;;;;;;;;;;;;;;;;;;;;;;;;;;;;
22.09.2021;2457;;1 387;completed;lucasmartinez88@gmail.com;01.09.2021;9;2;;800.0;587.0;;9;Маття-латте - 1 шт.;Фиточай с чабрецом - 4 пакетика;Фиточай с чабрецом - 4 пакетика;0;;;;;;;;;;;;;;;;;;;;;;;;;;;;;;;;;;;;;;;;;;;;;;
23.02.2021;1962;;5 940;completed;Emmamartinez69@yandex.ru;23.02.2021;2;3;4900.0;800.0;240.0;;2;Омолаживающий барсучий эликсир;Фиточай с чабрецом - 4 пакетика;Маття-латте - 1 шт.;0;;;;;;;;;;;;;;;;;;;;;;;;;;;;;;;;;;;;;;;;;;;;;;
18.02.2021;4123;;5 730;completed;Olivermoore33@yahoo.com;18.02.2021;2;3;4900.0;240.0;240.0;;2;Омолаживающий барсучий эликсир;Маття-латте - 1 шт.;Маття-латте - 1 шт.;350;;;;;;;;;;;;;;;;;;;;;;;;;;;;;;;;;;;;;;;;;;;;;;
04.12.2021;3544;;3 900;completed;Sophiaanderson1993@yandex.ru;04.12.2021;12;2;2000.0;;1900.0;;12;Омолаживающий барсучий эликсир;Маття-латте - 1 шт.;Маття-латте - 5 шт.;0;;;;;;;;;;;;;;;;;;;;;;;;;;;;;;;;;;;;;;;;;;;;;;
17.05.2021;3974;;2 240;completed;sophiajackson1987@gmail.com;17.05.2021;5;2;240.0;;2000.0;;5;Маття-латте - 1 шт.;Маття-латте - 1 шт.;Омолаживающий барсучий эликсир;0;;;;;;;;;;;;;;;;;;;;;;;;;;;;;;;;;;;;;;;;;;;;;;
26.05.2021;2174;;6 250;completed;Alexandertaylor2007@mail.ru;14.05.2021;5;3;1900.0;2000.0;2000.0;;5;Маття-латте - 5 шт.;Омолаживающий барсучий эликсир;Омолаживающий барсучий эликсир;350;;;;;;;;;;;;;;;;;;;;;;;;;;;;;;;;;;;;;;;;;;;;;;
17.04.2021;3694;;2 537;completed;Charlotteanderson2007@yahoo.com;17.04.2021;4;3;587.0;800.0;800.0;;4;Фиточай с чабрецом - 4 пакетика;Фиточай с чабрецом - 4 пакетика;Фиточай с чабрецом - 4 пакетика;350;;;;;;;;;;;;;;;;;;;;;;;;;;;;;;;;;;;;;;;;;;;;;;
14.07.2021;2597;;1 480;completed;Sophiajackson69@yandex.ru;05.07.2021;7;2;890.0;;240.0;;7;Фиточай с чабрецом - 4 пакетика;Маття-латте - 1 шт.;Маття-латте - 1 шт.;350;;;;;;;;;;;;;;;;;;;;;;;;;;;;;;;;;;;;;;;;;;;;;;
22.01.2022;2376;;6 800;completed;Lucasanderson69@gmail.com;23.05.2021;5;2;;1900.0;4900.0;;13;Маття-латте - 1 шт.;Маття-латте - 5 шт.;Омолаживающий барсучий эликсир;0;;;;;;;;;;;;;;;;;;;;;;;;;;;;;;;;;;;;;;;;;;;;;;
05.01.2022;2042;;1 780;completed;Emmawilliams69@yandex.ru;14.06.2021;6;2;;890.0;890.0;;13;Маття-латте - 1 шт.;Фиточай с чабрецом - 4 пакетика;Фиточай с чабрецом - 4 пакетика;0;;;;;;;;;;;;;;;;;;;;;;;;;;;;;;;;;;;;;;;;;;;;;;
04.05.2021;3472;;3 325;completed;Lucaslopez88@mail.ru;04.05.2021;5;3;1900.0;325.0;1100.0;;5;Маття-латте - 5 шт.;Маття-латте - 1 шт.;Маття-латте - 5 шт.;0;;;;;;;;;;;;;;;;;;;;;;;;;;;;;;;;;;;;;;;;;;;;;;
21.08.2021;1835;;3 690;returned;Sophiajackson69@yandex.ru;21.08.2021;8;3;2000.0;800.0;890.0;;8;Омолаживающий барсучий эликсир;Фиточай с чабрецом - 4 пакетика;Фиточай с чабрецом - 4 пакетика;0;;;;;;;;;;;;;;;;;;;;;;;;;;;;;;;;;;;;;;;;;;;;;;
30.10.2021;3476;;10 750;completed;Emmamoore2007@yandex.ru;11.05.2021;5;3;3500.0;2000.0;4900.0;;10;Омолаживающий барсучий эликсир;Омолаживающий барсучий эликсир;Омолаживающий барсучий эликсир;350;;;;;;;;;;;;;;;;;;;;;;;;;;;;;;;;;;;;;;;;;;;;;;
30.11.2021;3600;;5 190;completed;Sophiabrown66@yahoo.com;24.02.2021;2;3;3500.0;890.0;800.0;;11;Омолаживающий барсучий эликсир;Фиточай с чабрецом - 4 пакетика;Фиточай с чабрецом - 4 пакетика;0;;;;;;;;;;;;;;;;;;;;;;;;;;;;;;;;;;;;;;;;;;;;;;
18.11.2021;1283;;5 190;completed;Isabellalopez1987@outlook.com;18.11.2021;11;3;1100.0;240.0;3500.0;;11;Маття-латте - 5 шт.;Маття-латте - 1 шт.;Омолаживающий барсучий эликсир;350;;;;;;;;;;;;;;;;;;;;;;;;;;;;;;;;;;;;;;;;;;;;;;
31.12.2021;3751;;6 800;completed;Avathomas2007@mail.ru;31.12.2021;12;3;800.0;4900.0;1100.0;;12;Фиточай с чабрецом - 4 пакетика;Омолаживающий барсучий эликсир;Маття-латте - 5 шт.;0;;;;;;;;;;;;;;;;;;;;;;;;;;;;;;;;;;;;;;;;;;;;;;
26.07.2021;2829;;3 380;completed;Olivertaylor1987@mail.ru;18.04.2021;4;3;240.0;1900.0;890.0;;7;Маття-латте - 1 шт.;Маття-латте - 5 шт.;Фиточай с чабрецом - 4 пакетика;350;;;;;;;;;;;;;;;;;;;;;;;;;;;;;;;;;;;;;;;;;;;;;;
16.10.2021;2829;;3 387;completed;Olivertaylor1987@mail.ru;18.04.2021;4;3;2000.0;800.0;587.0;;10;Омолаживающий барсучий эликсир;Фиточай с чабрецом - 4 пакетика;Фиточай с чабрецом - 4 пакетика;0;;;;;;;;;;;;;;;;;;;;;;;;;;;;;;;;;;;;;;;;;;;;;;
21.04.2021;2509;;6 090;completed;Liamlopez12@mail.ru;21.04.2021;4;3;2000.0;240.0;3500.0;;4;Омолаживающий барсучий эликсир;Маття-латте - 1 шт.;Омолаживающий барсучий эликсир;350;;;;;;;;;;;;;;;;;;;;;;;;;;;;;;;;;;;;;;;;;;;;;;
16.05.2021;2582;;827;completed;Lucasanderson13@yandex.ru;16.05.2021;5;2;240.0;;587.0;;5;Маття-латте - 1 шт.;Маття-латте - 1 шт.;Фиточай с чабрецом - 4 пакетика;0;;;;;;;;;;;;;;;;;;;;;;;;;;;;;;;;;;;;;;;;;;;;;;
17.05.2021;1720;;3 690;returned;Williamthomas12@outlook.com;17.05.2021;5;3;2000.0;240.0;1100.0;;5;Омолаживающий барсучий эликсир;Маття-латте - 1 шт.;Маття-латте - 5 шт.;350;;;;;;;;;;;;;;;;;;;;;;;;;;;;;;;;;;;;;;;;;;;;;;
30.10.2021;3205;;2 000;completed;Charlottetaylor2007@mail.ru;30.10.2021;10;1;;2000.0;;;10;Маття-латте - 1 шт.;Омолаживающий барсучий эликсир;Маття-латте - 1 шт.;0;;;;;;;;;;;;;;;;;;;;;;;;;;;;;;;;;;;;;;;;;;;;;;
10.12.2021;3503;;2 940;completed;Williammartinez1993@outlook.com;10.12.2021;12;3;800.0;1900.0;240.0;;12;Фиточай с чабрецом - 4 пакетика;Маття-латте - 5 шт.;Маття-латте - 1 шт.;0;;;;;;;;;;;;;;;;;;;;;;;;;;;;;;;;;;;;;;;;;;;;;;
27.05.2021;3056;;1 687;completed;Charlottetaylor1987@mail.ru;09.04.2021;4;2;;1100.0;587.0;;5;Маття-латте - 1 шт.;Маття-латте - 5 шт.;Фиточай с чабрецом - 4 пакетика;0;;;;;;;;;;;;;;;;;;;;;;;;;;;;;;;;;;;;;;;;;;;;;;
08.01.2022;3588;;3 740;completed;charlottejackson2007@gmail.com;08.01.2022;13;2;;240.0;3500.0;;13;Маття-латте - 1 шт.;Маття-латте - 1 шт.;Омолаживающий барсучий эликсир;0;;;;;;;;;;;;;;;;;;;;;;;;;;;;;;;;;;;;;;;;;;;;;;
14.03.2021;2044;;2 790;completed;Liamwilliams69@outlook.com;14.03.2021;3;3;1100.0;890.0;800.0;;3;Маття-латте - 5 шт.;Фиточай с чабрецом - 4 пакетика;Фиточай с чабрецом - 4 пакетика;0;;;;;;;;;;;;;;;;;;;;;;;;;;;;;;;;;;;;;;;;;;;;;;
19.04.2021;2522;;9 337;completed;Oliverlopez2007@outlook.com;19.04.2021;4;3;587.0;3500.0;4900.0;;4;Фиточай с чабрецом - 4 пакетика;Омолаживающий барсучий эликсир;Омолаживающий барсучий эликсир;350;;;;;;;;;;;;;;;;;;;;;;;;;;;;;;;;;;;;;;;;;;;;;;
14.09.2021;1321;;10 900;completed;Alexanderanderson12@mail.ru;14.09.2021;9;3;4900.0;4900.0;1100.0;;9;Омолаживающий барсучий эликсир;Омолаживающий барсучий эликсир;Маття-латте - 5 шт.;0;;;;;;;;;;;;;;;;;;;;;;;;;;;;;;;;;;;;;;;;;;;;;;
26.10.2021;4012;;7 500;completed;Charlottewilliams66@outlook.com;25.08.2021;8;3;3500.0;2000.0;2000.0;;10;Омолаживающий барсучий эликсир;Омолаживающий барсучий эликсир;Омолаживающий барсучий эликсир;0;;;;;;;;;;;;;;;;;;;;;;;;;;;;;;;;;;;;;;;;;;;;;;
09.06.2021;2293;;827;returned;Charlottebrown12@yandex.ru;09.06.2021;6;2;240.0;587.0;;;6;Маття-латте - 1 шт.;Фиточай с чабрецом - 4 пакетика;Маття-латте - 1 шт.;0;;;;;;;;;;;;;;;;;;;;;;;;;;;;;;;;;;;;;;;;;;;;;;
13.10.2021;4087;;6 115;completed;isabellasmith0@gmail.com;25.03.2021;3;3;890.0;325.0;4900.0;;10;Фиточай с чабрецом - 4 пакетика;Маття-латте - 1 шт.;Омолаживающий барсучий эликсир;0;;;;;;;;;;;;;;;;;;;;;;;;;;;;;;;;;;;;;;;;;;;;;;
15.11.2021;2255;;8 250;completed;Sophiajackson88@mail.ru;15.11.2021;11;3;1100.0;4900.0;1900.0;;11;Маття-латте - 5 шт.;Омолаживающий барсучий эликсир;Маття-латте - 5 шт.;350;;;;;;;;;;;;;;;;;;;;;;;;;;;;;;;;;;;;;;;;;;;;;;
03.10.2021;1346;;4 140;completed;Avalopez0@yahoo.com;23.09.2021;9;3;240.0;2000.0;1900.0;;10;Маття-латте - 1 шт.;Омолаживающий барсучий эликсир;Маття-латте - 5 шт.;0;;;;;;;;;;;;;;;;;;;;;;;;;;;;;;;;;;;;;;;;;;;;;;
27.03.2021;1350;;1177;completed;Isabellamartinez69@outlook.com;27.03.2021;3;2;587.0;;240.0;;3;Фиточай с чабрецом - 4 пакетика;Маття-латте - 1 шт.;Маття-латте - 1 шт.;350;;;;;;;;;;;;;;;;;;;;;;;;;;;;;;;;;;;;;;;;;;;;;;
22.08.2021;3818;;7 700;completed;Alexanderanderson2007@outlook.com;09.05.2021;5;3;2000.0;800.0;4900.0;;8;Омолаживающий барсучий эликсир;Фиточай с чабрецом - 4 пакетика;Омолаживающий барсучий эликсир;0;;;;;;;;;;;;;;;;;;;;;;;;;;;;;;;;;;;;;;;;;;;;;;
09.01.2022;1388;;4 100;completed;lucasjackson88@gmail.com;29.03.2021;3;3;1100.0;1100.0;1900.0;;13;Маття-латте - 5 шт.;Маття-латте - 5 шт.;Маття-латте - 5 шт.;0;;;;;;;;;;;;;;;;;;;;;;;;;;;;;;;;;;;;;;;;;;;;;;
20.02.2021;3213;;3 130;completed;Sophiamoore2007@yahoo.com;20.02.2021;2;3;2000.0;240.0;890.0;;2;Омолаживающий барсучий эликсир;Маття-латте - 1 шт.;Фиточай с чабрецом - 4 пакетика;0;;;;;;;;;;;;;;;;;;;;;;;;;;;;;;;;;;;;;;;;;;;;;;
13.10.2021;3374;;2 105;completed;Avaanderson13@yandex.ru;13.10.2021;10;3;890.0;325.0;890.0;;10;Фиточай с чабрецом - 4 пакетика;Маття-латте - 1 шт.;Фиточай с чабрецом - 4 пакетика;0;;;;;;;;;;;;;;;;;;;;;;;;;;;;;;;;;;;;;;;;;;;;;;
02.10.2021;2612;;4 840;completed;Alexandersmith66@yandex.ru;17.05.2021;5;3;3500.0;1100.0;240.0;;10;Омолаживающий барсучий эликсир;Маття-латте - 5 шт.;Маття-латте - 1 шт.;0;;;;;;;;;;;;;;;;;;;;;;;;;;;;;;;;;;;;;;;;;;;;;;
10.02.2022;4040;;4 550;returned;Emmasmith0@yandex.ru;30.03.2021;3;3;2000.0;1100.0;1100.0;;14;Омолаживающий барсучий эликсир;Маття-латте - 5 шт.;Маття-латте - 5 шт.;350;;;;;;;;;;;;;;;;;;;;;;;;;;;;;;;;;;;;;;;;;;;;;;
06.08.2021;3195;;3 690;completed;oliverlopez33@gmail.com;02.08.2021;8;3;240.0;1100.0;2000.0;;8;Маття-латте - 1 шт.;Маття-латте - 5 шт.;Омолаживающий барсучий эликсир;350;;;;;;;;;;;;;;;;;;;;;;;;;;;;;;;;;;;;;;;;;;;;;;
15.09.2021;2170;;1 690;completed;Williamlopez33@yahoo.com;05.03.2021;3;2;890.0;;800.0;;9;Фиточай с чабрецом - 4 пакетика;Маття-латте - 1 шт.;Фиточай с чабрецом - 4 пакетика;0;;;;;;;;;;;;;;;;;;;;;;;;;;;;;;;;;;;;;;;;;;;;;;
27.03.2021;3321;;1 687;completed;Emmalopez2007@yandex.ru;27.03.2021;3;2;;1100.0;587.0;;3;Маття-латте - 1 шт.;Маття-латте - 5 шт.;Фиточай с чабрецом - 4 пакетика;0;;;;;;;;;;;;;;;;;;;;;;;;;;;;;;;;;;;;;;;;;;;;;;
23.09.2021;4003;;5 187;completed;Alexanderwilliams1987@yandex.ru;21.02.2021;2;3;3500.0;587.0;1100.0;;9;Омолаживающий барсучий эликсир;Фиточай с чабрецом - 4 пакетика;Маття-латте - 5 шт.;0;;;;;;;;;;;;;;;;;;;;;;;;;;;;;;;;;;;;;;;;;;;;;;
21.09.2021;3418;;4 575;completed;Williamsmith13@mail.ru;29.06.2021;6;3;1900.0;325.0;2000.0;;9;Маття-латте - 5 шт.;Маття-латте - 1 шт.;Омолаживающий барсучий эликсир;350;;;;;;;;;;;;;;;;;;;;;;;;;;;;;;;;;;;;;;;;;;;;;;
29.11.2021;2311;;4 327;completed;Lucasthomas69@yandex.ru;11.09.2021;9;3;587.0;3500.0;240.0;;11;Фиточай с чабрецом - 4 пакетика;Омолаживающий барсучий эликсир;Маття-латте - 1 шт.;0;;;;;;;;;;;;;;;;;;;;;;;;;;;;;;;;;;;;;;;;;;;;;;
02.11.2021;2075;;2 280;completed;Charlottemoore0@yandex.ru;02.11.2021;11;3;800.0;890.0;240.0;;11;Фиточай с чабрецом - 4 пакетика;Фиточай с чабрецом - 4 пакетика;Маття-латте - 1 шт.;350;;;;;;;;;;;;;;;;;;;;;;;;;;;;;;;;;;;;;;;;;;;;;;
19.04.2021;2164;;4 325;completed;Williamthomas12@yahoo.com;19.04.2021;4;3;325.0;2000.0;2000.0;;4;Маття-латте - 1 шт.;Омолаживающий барсучий эликсир;Омолаживающий барсучий эликсир;0;;;;;;;;;;;;;;;;;;;;;;;;;;;;;;;;;;;;;;;;;;;;;;
15.05.2021;2001;;3 424;completed;Charlotteanderson1987@yahoo.com;18.03.2021;3;3;587.0;587.0;1900.0;;5;Фиточай с чабрецом - 4 пакетика;Фиточай с чабрецом - 4 пакетика;Маття-латте - 5 шт.;350;;;;;;;;;;;;;;;;;;;;;;;;;;;;;;;;;;;;;;;;;;;;;;
24.01.2022;3462;;3 950;completed;Avataylor2007@yahoo.com;11.07.2021;7;3;2000.0;800.0;800.0;;13;Омолаживающий барсучий эликсир;Фиточай с чабрецом - 4 пакетика;Фиточай с чабрецом - 4 пакетика;350;;;;;;;;;;;;;;;;;;;;;;;;;;;;;;;;;;;;;;;;;;;;;;
29.06.2021;1932;;8 140;completed;charlottejackson33@gmail.com;29.06.2021;6;3;2000.0;4900.0;890.0;;6;Омолаживающий барсучий эликсир;Омолаживающий барсучий эликсир;Фиточай с чабрецом - 4 пакетика;350;;;;;;;;;;;;;;;;;;;;;;;;;;;;;;;;;;;;;;;;;;;;;;
06.08.2021;2877;;2 037;completed;isabellalopez1993@gmail.com;06.08.2021;8;2;;587.0;1100.0;;8;Маття-латте - 1 шт.;Фиточай с чабрецом - 4 пакетика;Маття-латте - 5 шт.;350;;;;;;;;;;;;;;;;;;;;;;;;;;;;;;;;;;;;;;;;;;;;;;
31.12.2021;1887;;6 637;completed;Olivermoore0@outlook.com;17.02.2021;2;3;4900.0;800.0;587.0;;12;Омолаживающий барсучий эликсир;Фиточай с чабрецом - 4 пакетика;Фиточай с чабрецом - 4 пакетика;350;;;;;;;;;;;;;;;;;;;;;;;;;;;;;;;;;;;;;;;;;;;;;;
23.03.2021;4122;;10 690;completed;Lucaswilliams33@mail.ru;23.03.2021;3;3;4900.0;4900.0;890.0;;3;Омолаживающий барсучий эликсир;Омолаживающий барсучий эликсир;Фиточай с чабрецом - 4 пакетика;0;;;;;;;;;;;;;;;;;;;;;;;;;;;;;;;;;;;;;;;;;;;;;;
18.06.2021;3660;;2 250;completed;Charlotteanderson0@outlook.com;18.06.2021;6;1;1900.0;;;;6;Маття-латте - 5 шт.;Маття-латте - 1 шт.;Маття-латте - 1 шт.;350;;;;;;;;;;;;;;;;;;;;;;;;;;;;;;;;;;;;;;;;;;;;;;
05.04.2021;1627;;2 665;completed;Williamanderson1993@yandex.ru;08.03.2021;3;3;325.0;890.0;1100.0;;4;Маття-латте - 1 шт.;Фиточай с чабрецом - 4 пакетика;Маття-латте - 5 шт.;350;;;;;;;;;;;;;;;;;;;;;;;;;;;;;;;;;;;;;;;;;;;;;;
27.04.2021;4084;;3 287;completed;alexandermoore88@gmail.com;27.04.2021;4;3;800.0;587.0;1900.0;;4;Фиточай с чабрецом - 4 пакетика;Фиточай с чабрецом - 4 пакетика;Маття-латте - 5 шт.;0;;;;;;;;;;;;;;;;;;;;;;;;;;;;;;;;;;;;;;;;;;;;;;
27.03.2021;3036;;5 100;completed;Oliverbrown0@yahoo.com;27.03.2021;3;3;800.0;3500.0;800.0;;3;Фиточай с чабрецом - 4 пакетика;Омолаживающий барсучий эликсир;Фиточай с чабрецом - 4 пакетика;0;;;;;;;;;;;;;;;;;;;;;;;;;;;;;;;;;;;;;;;;;;;;;;
30.11.2021;4193;;2 587;completed;charlottethomas2007@gmail.com;13.10.2021;10;2;2000.0;;587.0;;11;Омолаживающий барсучий эликсир;Маття-латте - 1 шт.;Фиточай с чабрецом - 4 пакетика;0;;;;;;;;;;;;;;;;;;;;;;;;;;;;;;;;;;;;;;;;;;;;;;
06.08.2021;1651;;6 800;completed;Emmabrown69@yandex.ru;14.04.2021;4;3;1100.0;800.0;4900.0;;8;Маття-латте - 5 шт.;Фиточай с чабрецом - 4 пакетика;Омолаживающий барсучий эликсир;0;;;;;;;;;;;;;;;;;;;;;;;;;;;;;;;;;;;;;;;;;;;;;;
29.12.2021;1996;;1 717;completed;Emmalopez69@yandex.ru;31.05.2021;5;3;890.0;240.0;587.0;;12;Фиточай с чабрецом - 4 пакетика;Маття-латте - 1 шт.;Фиточай с чабрецом - 4 пакетика;0;;;;;;;;;;;;;;;;;;;;;;;;;;;;;;;;;;;;;;;;;;;;;;
24.09.2021;1405;;2 577;returned;Alexanderlopez1987@outlook.com;24.09.2021;9;3;1100.0;890.0;587.0;;9;Маття-латте - 5 шт.;Фиточай с чабрецом - 4 пакетика;Фиточай с чабрецом - 4 пакетика;0;;;;;;;;;;;;;;;;;;;;;;;;;;;;;;;;;;;;;;;;;;;;;;
02.01.2022;2638;;4 000;completed;Sophiabrown69@mail.ru;17.04.2021;4;2;;2000.0;2000.0;;13;Маття-латте - 1 шт.;Омолаживающий барсучий эликсир;Омолаживающий барсучий эликсир;0;;;;;;;;;;;;;;;;;;;;;;;;;;;;;;;;;;;;;;;;;;;;;;
07.04.2021;3612;;4 587;completed;Avabrown69@yandex.ru;07.04.2021;4;3;2000.0;587.0;2000.0;;4;Омолаживающий барсучий эликсир;Фиточай с чабрецом - 4 пакетика;Омолаживающий барсучий эликсир;0;;;;;;;;;;;;;;;;;;;;;;;;;;;;;;;;;;;;;;;;;;;;;;
30.11.2021;2318;;5 537;completed;Avalopez2007@yahoo.com;15.03.2021;3;3;587.0;1100.0;3500.0;;11;Фиточай с чабрецом - 4 пакетика;Маття-латте - 5 шт.;Омолаживающий барсучий эликсир;350;;;;;;;;;;;;;;;;;;;;;;;;;;;;;;;;;;;;;;;;;;;;;;
21.04.2021;1788;;4 890;completed;emmawilliams69@gmail.com;21.04.2021;4;3;800.0;3500.0;240.0;;4;Фиточай с чабрецом - 4 пакетика;Омолаживающий барсучий эликсир;Маття-латте - 1 шт.;350;;;;;;;;;;;;;;;;;;;;;;;;;;;;;;;;;;;;;;;;;;;;;;
01.12.2021;2598;;6 680;completed;Sophiabrown88@yahoo.com;27.06.2021;6;3;890.0;890.0;4900.0;;12;Фиточай с чабрецом - 4 пакетика;Фиточай с чабрецом - 4 пакетика;Омолаживающий барсучий эликсир;0;;;;;;;;;;;;;;;;;;;;;;;;;;;;;;;;;;;;;;;;;;;;;;
31.07.2021;4183;;890;completed;Lucaswilliams12@yandex.ru;31.03.2021;3;1;890.0;;;;7;Фиточай с чабрецом - 4 пакетика;Маття-латте - 1 шт.;Маття-латте - 1 шт.;0;;;;;;;;;;;;;;;;;;;;;;;;;;;;;;;;;;;;;;;;;;;;;;
02.05.2021;1717;;2 812;completed;sophiabrown69@gmail.com;02.05.2021;5;3;587.0;325.0;1900.0;;5;Фиточай с чабрецом - 4 пакетика;Маття-латте - 1 шт.;Маття-латте - 5 шт.;0;;;;;;;;;;;;;;;;;;;;;;;;;;;;;;;;;;;;;;;;;;;;;;
18.03.2021;2147;;8 000;completed;Emmathomas12@yandex.ru;18.03.2021;3;3;4900.0;1100.0;2000.0;;3;Омолаживающий барсучий эликсир;Маття-латте - 5 шт.;Омолаживающий барсучий эликсир;0;;;;;;;;;;;;;;;;;;;;;;;;;;;;;;;;;;;;;;;;;;;;;;
23.08.2021;2115;;9 500;completed;Sophiawilliams33@gmail.com;09.04.2021;4;3;4900.0;3500.0;1100.0;;8;Омолаживающий барсучий эликсир;Омолаживающий барсучий эликсир;Маття-латте - 5 шт.;0;;;;;;;;;;;;;;;;;;;;;;;;;;;;;;;;;;;;;;;;;;;;;;
24.01.2022;1581;;1 665;completed;Sophiabrown66@yahoo.com;17.07.2021;7;3;240.0;325.0;1100.0;;13;Маття-латте - 1 шт.;Маття-латте - 1 шт.;Маття-латте - 5 шт.;0;;;;;;;;;;;;;;;;;;;;;;;;;;;;;;;;;;;;;;;;;;;;;;
15.10.2021;1561;;6 030;completed;Alexanderbrown33@outlook.com;15.10.2021;10;3;890.0;240.0;4900.0;;10;Фиточай с чабрецом - 4 пакетика;Маття-латте - 1 шт.;Омолаживающий барсучий эликсир;0;;;;;;;;;;;;;;;;;;;;;;;;;;;;;;;;;;;;;;;;;;;;;;
24.03.2021;1934;;5 700;completed;Emmalopez33@mail.ru;24.03.2021;3;2;800.0;;4900.0;;3;Фиточай с чабрецом - 4 пакетика;Маття-латте - 1 шт.;Омолаживающий барсучий эликсир;0;;;;;;;;;;;;;;;;;;;;;;;;;;;;;;;;;;;;;;;;;;;;;;
23.09.2021;2632;;8 900;completed;Liammartinez0@yahoo.com;23.09.2021;9;3;3500.0;1900.0;3500.0;;9;Омолаживающий барсучий эликсир;Маття-латте - 5 шт.;Омолаживающий барсучий эликсир;0;;;;;;;;;;;;;;;;;;;;;;;;;;;;;;;;;;;;;;;;;;;;;;
06.08.2021;3495;;7 837;completed;Olivertaylor66@yandex.ru;17.04.2021;4;3;4900.0;2000.0;587.0;;8;Омолаживающий барсучий эликсир;Омолаживающий барсучий эликсир;Фиточай с чабрецом - 4 пакетика;350;;;;;;;;;;;;;;;;;;;;;;;;;;;;;;;;;;;;;;;;;;;;;;
22.08.2021;1892;;9 800;completed;Sophiajackson88@yandex.ru;20.08.2021;8;2;4900.0;;4900.0;;8;Омолаживающий барсучий эликсир;Маття-латте - 1 шт.;Омолаживающий барсучий эликсир;0;;;;;;;;;;;;;;;;;;;;;;;;;;;;;;;;;;;;;;;;;;;;;;
11.08.2021;2360;;9 200;completed;Emmataylor1993@outlook.com;11.08.2021;8;3;4900.0;800.0;3500.0;;8;Омолаживающий барсучий эликсир;Фиточай с чабрецом - 4 пакетика;Омолаживающий барсучий эликсир;0;;;;;;;;;;;;;;;;;;;;;;;;;;;;;;;;;;;;;;;;;;;;;;
23.07.2021;2059;;2 580;completed;Charlottejackson33@yahoo.com;23.07.2021;7;3;890.0;800.0;890.0;;7;Фиточай с чабрецом - 4 пакетика;Фиточай с чабрецом - 4 пакетика;Фиточай с чабрецом - 4 пакетика;0;;;;;;;;;;;;;;;;;;;;;;;;;;;;;;;;;;;;;;;;;;;;;;
17.12.2021;2716;;5 465;returned;Williambrown1993@yandex.ru;19.04.2021;4;3;4900.0;240.0;325.0;;12;Омолаживающий барсучий эликсир;Маття-латте - 1 шт.;Маття-латте - 1 шт.;0;;;;;;;;;;;;;;;;;;;;;;;;;;;;;;;;;;;;;;;;;;;;;;
04.11.2021;3023;;8 900;completed;Sophialopez13@mail.ru;23.04.2021;4;3;1900.0;3500.0;3500.0;;11;Маття-латте - 5 шт.;Омолаживающий барсучий эликсир;Омолаживающий барсучий эликсир;0;;;;;;;;;;;;;;;;;;;;;;;;;;;;;;;;;;;;;;;;;;;;;;
10.01.2022;3122;;10 400;completed;emmataylor13@gmail.com;26.04.2021;4;3;3500.0;4900.0;2000.0;;13;Омолаживающий барсучий эликсир;Омолаживающий барсучий эликсир;Омолаживающий барсучий эликсир;0;;;;;;;;;;;;;;;;;;;;;;;;;;;;;;;;;;;;;;;;;;;;;;
24.05.2021;1344;;9 640;completed;Sophiataylor33@outlook.com;26.04.2021;4;3;3500.0;4900.0;890.0;;5;Омолаживающий барсучий эликсир;Омолаживающий барсучий эликсир;Фиточай с чабрецом - 4 пакетика;350;;;;;;;;;;;;;;;;;;;;;;;;;;;;;;;;;;;;;;;;;;;;;;
17.10.2021;1927;;2 790;completed;Avaanderson69@yahoo.com;30.03.2021;3;2;;890.0;1900.0;;10;Маття-латте - 1 шт.;Фиточай с чабрецом - 4 пакетика;Маття-латте - 5 шт.;0;;;;;;;;;;;;;;;;;;;;;;;;;;;;;;;;;;;;;;;;;;;;;;
20.05.2021;1308;;1 687;completed;Emmalopez88@outlook.com;20.05.2021;5;2;;1100.0;587.0;;5;Маття-латте - 1 шт.;Маття-латте - 5 шт.;Фиточай с чабрецом - 4 пакетика;0;;;;;;;;;;;;;;;;;;;;;;;;;;;;;;;;;;;;;;;;;;;;;;
23.02.2021;3809;;8 050;completed;charlottemoore33@gmail.com;23.02.2021;2;3;4900.0;2000.0;800.0;;2;Омолаживающий барсучий эликсир;Омолаживающий барсучий эликсир;Фиточай с чабрецом - 4 пакетика;350;;;;;;;;;;;;;;;;;;;;;;;;;;;;;;;;;;;;;;;;;;;;;;
03.08.2021;2814;;1 737;completed;Oliverwilliams0@yandex.ru;03.04.2021;4;2;587.0;;800.0;;8;Фиточай с чабрецом - 4 пакетика;Маття-латте - 1 шт.;Фиточай с чабрецом - 4 пакетика;350;;;;;;;;;;;;;;;;;;;;;;;;;;;;;;;;;;;;;;;;;;;;;;
05.02.2022;2595;;1 100;returned;Williamanderson66@outlook.com;04.05.2021;5;1;1100.0;;;;14;Маття-латте - 5 шт.;Маття-латте - 1 шт.;Маття-латте - 1 шт.;0;;;;;;;;;;;;;;;;;;;;;;;;;;;;;;;;;;;;;;;;;;;;;;
28.09.2021;1986;;2 240;completed;Charlottejackson2007@yahoo.com;26.05.2021;5;2;240.0;2000.0;;;9;Маття-латте - 1 шт.;Омолаживающий барсучий эликсир;Маття-латте - 1 шт.;0;;;;;;;;;;;;;;;;;;;;;;;;;;;;;;;;;;;;;;;;;;;;;;
18.01.2022;4007;;3 240;completed;Williamjackson1987@yandex.ru;11.01.2022;13;3;240.0;1900.0;1100.0;;13;Маття-латте - 1 шт.;Маття-латте - 5 шт.;Маття-латте - 5 шт.;0;;;;;;;;;;;;;;;;;;;;;;;;;;;;;;;;;;;;;;;;;;;;;;
30.03.2021;4040;;7 837;completed;Emmasmith0@yandex.ru;30.03.2021;3;3;2000.0;4900.0;587.0;;3;Омолаживающий барсучий эликсир;Омолаживающий барсучий эликсир;Фиточай с чабрецом - 4 пакетика;350;;;;;;;;;;;;;;;;;;;;;;;;;;;;;;;;;;;;;;;;;;;;;;
16.02.2021;2772;;5 812;completed;Oliverthomas88@yahoo.com;16.02.2021;2;3;4900.0;325.0;587.0;;2;Омолаживающий барсучий эликсир;Маття-латте - 1 шт.;Фиточай с чабрецом - 4 пакетика;0;;;;;;;;;;;;;;;;;;;;;;;;;;;;;;;;;;;;;;;;;;;;;;
25.08.2021;3342;;830;completed;Oliversmith12@mail.ru;16.07.2021;7;2;240.0;;240.0;;8;Маття-латте - 1 шт.;Маття-латте - 1 шт.;Маття-латте - 1 шт.;350;;;;;;;;;;;;;;;;;;;;;;;;;;;;;;;;;;;;;;;;;;;;;;
02.01.2022;3781;;4 700;returned;williammartinez1987@gmail.com;02.11.2021;11;3;800.0;2000.0;1900.0;;13;Фиточай с чабрецом - 4 пакетика;Омолаживающий барсучий эликсир;Маття-латте - 5 шт.;0;;;;;;;;;;;;;;;;;;;;;;;;;;;;;;;;;;;;;;;;;;;;;;
13.11.2021;3053;;10 400;completed;Oliverthomas13@yandex.ru;04.05.2021;5;3;4900.0;3500.0;2000.0;;11;Омолаживающий барсучий эликсир;Омолаживающий барсучий эликсир;Омолаживающий барсучий эликсир;0;;;;;;;;;;;;;;;;;;;;;;;;;;;;;;;;;;;;;;;;;;;;;;
24.03.2021;3801;;6 337;completed;Charlottejackson66@yahoo.com;24.03.2021;3;3;3500.0;587.0;1900.0;;3;Омолаживающий барсучий эликсир;Фиточай с чабрецом - 4 пакетика;Маття-латте - 5 шт.;350;;;;;;;;;;;;;;;;;;;;;;;;;;;;;;;;;;;;;;;;;;;;;;
26.04.2021;2999;;6 937;completed;Avajackson13@outlook.com;17.02.2021;2;3;587.0;4900.0;1100.0;;4;Фиточай с чабрецом - 4 пакетика;Омолаживающий барсучий эликсир;Маття-латте - 5 шт.;350;;;;;;;;;;;;;;;;;;;;;;;;;;;;;;;;;;;;;;;;;;;;;;
14.04.2021;2662;;9 500;completed;oliverwilliams0@gmail.com;05.03.2021;3;3;3500.0;1100.0;4900.0;;4;Омолаживающий барсучий эликсир;Маття-латте - 5 шт.;Омолаживающий барсучий эликсир;0;;;;;;;;;;;;;;;;;;;;;;;;;;;;;;;;;;;;;;;;;;;;;;
07.05.2021;2410;;2 315;completed;Oliveranderson13@yandex.ru;07.05.2021;5;3;1100.0;325.0;890.0;;5;Маття-латте - 5 шт.;Маття-латте - 1 шт.;Фиточай с чабрецом - 4 пакетика;0;;;;;;;;;;;;;;;;;;;;;;;;;;;;;;;;;;;;;;;;;;;;;;
18.05.2021;1445;;6 300;completed;isabellawilliams33@gmail.com;11.05.2021;5;3;800.0;3500.0;2000.0;;5;Фиточай с чабрецом - 4 пакетика;Омолаживающий барсучий эликсир;Омолаживающий барсучий эликсир;0;;;;;;;;;;;;;;;;;;;;;;;;;;;;;;;;;;;;;;;;;;;;;;
17.05.2021;2671;;5 190;completed;charlottejackson69@gmail.com;17.05.2021;5;3;3500.0;1100.0;240.0;;5;Омолаживающий барсучий эликсир;Маття-латте - 5 шт.;Маття-латте - 1 шт.;350;;;;;;;;;;;;;;;;;;;;;;;;;;;;;;;;;;;;;;;;;;;;;;
12.07.2021;1660;;7 587;completed;williamlopez13@gmail.com;12.07.2021;7;3;587.0;3500.0;3500.0;;7;Фиточай с чабрецом - 4 пакетика;Омолаживающий барсучий эликсир;Омолаживающий барсучий эликсир;0;;;;;;;;;;;;;;;;;;;;;;;;;;;;;;;;;;;;;;;;;;;;;;
30.01.2022;2857;;6 680;returned;Charlottebrown33@yandex.ru;21.03.2021;3;3;4900.0;890.0;890.0;;13;Омолаживающий барсучий эликсир;Фиточай с чабрецом - 4 пакетика;Фиточай с чабрецом - 4 пакетика;0;;;;;;;;;;;;;;;;;;;;;;;;;;;;;;;;;;;;;;;;;;;;;;
12.08.2021;1857;;1 827;completed;Liambrown0@yandex.ru;06.04.2021;4;2;;587.0;890.0;;8;Маття-латте - 1 шт.;Фиточай с чабрецом - 4 пакетика;Фиточай с чабрецом - 4 пакетика;350;;;;;;;;;;;;;;;;;;;;;;;;;;;;;;;;;;;;;;;;;;;;;;
19.08.2021;3434;;1 125;completed;Emmabrown66@yandex.ru;19.04.2021;4;2;325.0;;800.0;;8;Маття-латте - 1 шт.;Маття-латте - 1 шт.;Фиточай с чабрецом - 4 пакетика;0;;;;;;;;;;;;;;;;;;;;;;;;;;;;;;;;;;;;;;;;;;;;;;
31.10.2021;1922;;2 324;completed;Williamthomas13@yandex.ru;04.06.2021;6;3;800.0;587.0;587.0;;10;Фиточай с чабрецом - 4 пакетика;Фиточай с чабрецом - 4 пакетика;Фиточай с чабрецом - 4 пакетика;350;;;;;;;;;;;;;;;;;;;;;;;;;;;;;;;;;;;;;;;;;;;;;;
21.10.2021;3189;;6 740;completed;Lucaswilliams33@gmail.com;04.03.2021;3;3;890.0;3500.0;2000.0;;10;Фиточай с чабрецом - 4 пакетика;Омолаживающий барсучий эликсир;Омолаживающий барсучий эликсир;350;;;;;;;;;;;;;;;;;;;;;;;;;;;;;;;;;;;;;;;;;;;;;;
16.02.2021;1992;;2 800;completed;Alexanderwilliams0@mail.ru;16.02.2021;2;2;800.0;2000.0;;;2;Фиточай с чабрецом - 4 пакетика;Омолаживающий барсучий эликсир;Маття-латте - 1 шт.;0;;;;;;;;;;;;;;;;;;;;;;;;;;;;;;;;;;;;;;;;;;;;;;
26.12.2021;2336;;7 487;completed;Lucaslopez1987@yandex.ru;26.12.2021;12;3;4900.0;2000.0;587.0;;12;Омолаживающий барсучий эликсир;Омолаживающий барсучий эликсир;Фиточай с чабрецом - 4 пакетика;0;;;;;;;;;;;;;;;;;;;;;;;;;;;;;;;;;;;;;;;;;;;;;;
26.04.2021;1755;;2 790;returned;Isabellabrown66@yahoo.com;26.04.2021;4;3;1100.0;890.0;800.0;;4;Маття-латте - 5 шт.;Фиточай с чабрецом - 4 пакетика;Фиточай с чабрецом - 4 пакетика;0;;;;;;;;;;;;;;;;;;;;;;;;;;;;;;;;;;;;;;;;;;;;;;
20.04.2021;2391;;6 437;completed;Lucaswilliams88@yahoo.com;20.04.2021;4;3;2000.0;587.0;3500.0;;4;Омолаживающий барсучий эликсир;Фиточай с чабрецом - 4 пакетика;Омолаживающий барсучий эликсир;350;;;;;;;;;;;;;;;;;;;;;;;;;;;;;;;;;;;;;;;;;;;;;;
17.11.2021;3681;;3 500;completed;Lucasjackson1993@yandex.ru;17.11.2021;11;1;;;3500.0;;11;Маття-латте - 1 шт.;Маття-латте - 1 шт.;Омолаживающий барсучий эликсир;0;;;;;;;;;;;;;;;;;;;;;;;;;;;;;;;;;;;;;;;;;;;;;;
13.09.2021;2042;;6 650;completed;Emmawilliams69@yandex.ru;14.06.2021;6;3;800.0;2000.0;3500.0;;9;Фиточай с чабрецом - 4 пакетика;Омолаживающий барсучий эликсир;Омолаживающий барсучий эликсир;350;;;;;;;;;;;;;;;;;;;;;;;;;;;;;;;;;;;;;;;;;;;;;;
17.12.2021;2513;;12 050;completed;Williamthomas12@mail.ru;17.12.2021;12;3;4900.0;4900.0;1900.0;;12;Омолаживающий барсучий эликсир;Омолаживающий барсучий эликсир;Маття-латте - 5 шт.;350;;;;;;;;;;;;;;;;;;;;;;;;;;;;;;;;;;;;;;;;;;;;;;
06.12.2021;2131;;5 140;completed;Olivertaylor69@yandex.ru;11.07.2021;7;2;240.0;;4900.0;;12;Маття-латте - 1 шт.;Маття-латте - 1 шт.;Омолаживающий барсучий эликсир;0;;;;;;;;;;;;;;;;;;;;;;;;;;;;;;;;;;;;;;;;;;;;;;
07.10.2021;1450;;2 465;completed;Williamanderson33@yahoo.com;07.10.2021;10;3;325.0;1900.0;240.0;;10;Маття-латте - 1 шт.;Маття-латте - 5 шт.;Маття-латте - 1 шт.;0;;;;;;;;;;;;;;;;;;;;;;;;;;;;;;;;;;;;;;;;;;;;;;
11.07.2021;4149;;9 290;completed;Emmataylor0@yandex.ru;30.05.2021;5;3;890.0;4900.0;3500.0;;7;Фиточай с чабрецом - 4 пакетика;Омолаживающий барсучий эликсир;Омолаживающий барсучий эликсир;0;;;;;;;;;;;;;;;;;;;;;;;;;;;;;;;;;;;;;;;;;;;;;;
11.09.2021;1630;;5 140;completed;Isabellasmith1987@yandex.ru;11.09.2021;9;2;4900.0;;240.0;;9;Омолаживающий барсучий эликсир;Маття-латте - 1 шт.;Маття-латте - 1 шт.;0;;;;;;;;;;;;;;;;;;;;;;;;;;;;;;;;;;;;;;;;;;;;;;
06.08.2021;2352;;6 650;returned;Williamlopez33@outlook.com;06.08.2021;8;3;800.0;2000.0;3500.0;;8;Фиточай с чабрецом - 4 пакетика;Омолаживающий барсучий эликсир;Омолаживающий барсучий эликсир;350;;;;;;;;;;;;;;;;;;;;;;;;;;;;;;;;;;;;;;;;;;;;;;
07.12.2021;3443;;5 640;completed;Alexanderbrown12@mail.ru;28.07.2021;7;3;240.0;3500.0;1900.0;;12;Маття-латте - 1 шт.;Омолаживающий барсучий эликсир;Маття-латте - 5 шт.;0;;;;;;;;;;;;;;;;;;;;;;;;;;;;;;;;;;;;;;;;;;;;;;
21.02.2021;2907;;2 812;completed;Alexandertaylor13@yandex.ru;21.02.2021;2;3;1900.0;587.0;325.0;;2;Маття-латте - 5 шт.;Фиточай с чабрецом - 4 пакетика;Маття-латте - 1 шт.;0;;;;;;;;;;;;;;;;;;;;;;;;;;;;;;;;;;;;;;;;;;;;;;
05.06.2021;3576;;5 940;completed;Olivermoore12@yandex.ru;14.03.2021;3;3;240.0;4900.0;800.0;;6;Маття-латте - 1 шт.;Омолаживающий барсучий эликсир;Фиточай с чабрецом - 4 пакетика;0;;;;;;;;;;;;;;;;;;;;;;;;;;;;;;;;;;;;;;;;;;;;;;
22.08.2021;2923;;2 490;completed;Avasmith69@yandex.ru;10.03.2021;3;3;800.0;800.0;890.0;;8;Фиточай с чабрецом - 4 пакетика;Фиточай с чабрецом - 4 пакетика;Фиточай с чабрецом - 4 пакетика;0;;;;;;;;;;;;;;;;;;;;;;;;;;;;;;;;;;;;;;;;;;;;;;
31.08.2021;2391;;1 340;completed;Lucaswilliams88@yahoo.com;20.04.2021;4;2;1100.0;240.0;;;8;Маття-латте - 5 шт.;Маття-латте - 1 шт.;Маття-латте - 1 шт.;0;;;;;;;;;;;;;;;;;;;;;;;;;;;;;;;;;;;;;;;;;;;;;;
09.09.2021;3204;;7 890;completed;Oliverwilliams33@outlook.com;09.09.2021;9;3;3500.0;3500.0;890.0;;9;Омолаживающий барсучий эликсир;Омолаживающий барсучий эликсир;Фиточай с чабрецом - 4 пакетика;0;;;;;;;;;;;;;;;;;;;;;;;;;;;;;;;;;;;;;;;;;;;;;;
01.05.2021;3918;;1 775;completed;Emmamartinez0@outlook.com;18.02.2021;2;2;1100.0;325.0;;;5;Маття-латте - 5 шт.;Маття-латте - 1 шт.;Маття-латте - 1 шт.;350;;;;;;;;;;;;;;;;;;;;;;;;;;;;;;;;;;;;;;;;;;;;;;
01.11.2021;4150;;6 030;completed;Sophiamoore1987@yahoo.com;08.08.2021;8;3;890.0;4900.0;240.0;;11;Фиточай с чабрецом - 4 пакетика;Омолаживающий барсучий эликсир;Маття-латте - 1 шт.;0;;;;;;;;;;;;;;;;;;;;;;;;;;;;;;;;;;;;;;;;;;;;;;
14.04.2021;3535;;7 650;completed;Sophiaanderson0@mail.ru;19.02.2021;2;3;1900.0;1900.0;3500.0;;4;Маття-латте - 5 шт.;Маття-латте - 5 шт.;Омолаживающий барсучий эликсир;350;;;;;;;;;;;;;;;;;;;;;;;;;;;;;;;;;;;;;;;;;;;;;;
29.03.2021;3906;;15 050;completed;Avajackson88@yandex.ru;29.03.2021;3;3;4900.0;4900.0;4900.0;;3;Омолаживающий барсучий эликсир;Омолаживающий барсучий эликсир;Омолаживающий барсучий эликсир;350;;;;;;;;;;;;;;;;;;;;;;;;;;;;;;;;;;;;;;;;;;;;;;
15.12.2021;3947;;9 800;completed;Isabellasmith12@mail.ru;15.12.2021;12;2;4900.0;;4900.0;;12;Омолаживающий барсучий эликсир;Маття-латте - 1 шт.;Омолаживающий барсучий эликсир;0;;;;;;;;;;;;;;;;;;;;;;;;;;;;;;;;;;;;;;;;;;;;;;
11.08.2021;1317;;5 065;returned;Olivertaylor69@outlook.com;11.08.2021;8;3;325.0;3500.0;890.0;;8;Маття-латте - 1 шт.;Омолаживающий барсучий эликсир;Фиточай с чабрецом - 4 пакетика;350;;;;;;;;;;;;;;;;;;;;;;;;;;;;;;;;;;;;;;;;;;;;;;
17.01.2022;3655;;1 930;completed;Isabellathomas1993@mail.ru;20.03.2021;3;3;800.0;890.0;240.0;;13;Фиточай с чабрецом - 4 пакетика;Фиточай с чабрецом - 4 пакетика;Маття-латте - 1 шт.;0;;;;;;;;;;;;;;;;;;;;;;;;;;;;;;;;;;;;;;;;;;;;;;
15.05.2021;3029;;6 680;returned;Oliverbrown12@yahoo.com;15.05.2021;5;3;890.0;4900.0;890.0;;5;Фиточай с чабрецом - 4 пакетика;Омолаживающий барсучий эликсир;Фиточай с чабрецом - 4 пакетика;0;;;;;;;;;;;;;;;;;;;;;;;;;;;;;;;;;;;;;;;;;;;;;;
06.02.2022;3333;;13 300;returned;charlottejackson0@gmail.com;02.09.2021;9;3;4900.0;4900.0;3500.0;;14;Омолаживающий барсучий эликсир;Омолаживающий барсучий эликсир;Омолаживающий барсучий эликсир;0;;;;;;;;;;;;;;;;;;;;;;;;;;;;;;;;;;;;;;;;;;;;;;
28.05.2021;2525;;2 550;completed;alexandermartinez2007@gmail.com;11.05.2021;5;3;325.0;325.0;1900.0;;5;Маття-латте - 1 шт.;Маття-латте - 1 шт.;Маття-латте - 5 шт.;0;;;;;;;;;;;;;;;;;;;;;;;;;;;;;;;;;;;;;;;;;;;;;;
21.05.2021;4032;;4 700;completed;Isabellataylor1987@mail.ru;21.05.2021;5;3;2000.0;1900.0;800.0;;5;Омолаживающий барсучий эликсир;Маття-латте - 5 шт.;Фиточай с чабрецом - 4 пакетика;0;;;;;;;;;;;;;;;;;;;;;;;;;;;;;;;;;;;;;;;;;;;;;;
11.03.2021;1595;;3 590;completed;alexanderanderson0@gmail.com;11.03.2021;3;3;890.0;1900.0;800.0;;3;Фиточай с чабрецом - 4 пакетика;Маття-латте - 5 шт.;Фиточай с чабрецом - 4 пакетика;0;;;;;;;;;;;;;;;;;;;;;;;;;;;;;;;;;;;;;;;;;;;;;;
02.01.2022;1286;;3 690;completed;williamwilliams1987@gmail.com;02.04.2021;4;3;2000.0;890.0;800.0;;13;Омолаживающий барсучий эликсир;Фиточай с чабрецом - 4 пакетика;Фиточай с чабрецом - 4 пакетика;0;;;;;;;;;;;;;;;;;;;;;;;;;;;;;;;;;;;;;;;;;;;;;;
14.01.2022;2585;;1 925;completed;Liammoore1987@yahoo.com;03.10.2021;10;3;325.0;800.0;800.0;;13;Маття-латте - 1 шт.;Фиточай с чабрецом - 4 пакетика;Фиточай с чабрецом - 4 пакетика;0;;;;;;;;;;;;;;;;;;;;;;;;;;;;;;;;;;;;;;;;;;;;;;
26.03.2021;4091;;7 387;completed;Williambrown2007@mail.ru;26.03.2021;3;3;1900.0;587.0;4900.0;;3;Маття-латте - 5 шт.;Фиточай с чабрецом - 4 пакетика;Омолаживающий барсучий эликсир;0;;;;;;;;;;;;;;;;;;;;;;;;;;;;;;;;;;;;;;;;;;;;;;
01.08.2021;2607;;1 174;completed;Avamartinez12@mail.ru;01.08.2021;8;2;587.0;587.0;;;8;Фиточай с чабрецом - 4 пакетика;Фиточай с чабрецом - 4 пакетика;Маття-латте - 1 шт.;0;;;;;;;;;;;;;;;;;;;;;;;;;;;;;;;;;;;;;;;;;;;;;;
29.05.2021;3387;;1 067;completed;Lucaswilliams88@mail.ru;29.05.2021;5;3;587.0;240.0;240.0;;5;Фиточай с чабрецом - 4 пакетика;Маття-латте - 1 шт.;Маття-латте - 1 шт.;0;;;;;;;;;;;;;;;;;;;;;;;;;;;;;;;;;;;;;;;;;;;;;;
12.10.2021;3045;;1 687;completed;Charlotteanderson1993@mail.ru;25.03.2021;3;2;1100.0;587.0;;;10;Маття-латте - 5 шт.;Фиточай с чабрецом - 4 пакетика;Маття-латте - 1 шт.;0;;;;;;;;;;;;;;;;;;;;;;;;;;;;;;;;;;;;;;;;;;;;;;
20.10.2021;1840;;2 790;completed;williambrown33@gmail.com;04.03.2021;3;3;1100.0;240.0;1100.0;;10;Маття-латте - 5 шт.;Маття-латте - 1 шт.;Маття-латте - 5 шт.;350;;;;;;;;;;;;;;;;;;;;;;;;;;;;;;;;;;;;;;;;;;;;;;
08.07.2021;3138;;2 812;completed;Lucasbrown12@mail.ru;08.07.2021;7;3;1900.0;587.0;325.0;;7;Маття-латте - 5 шт.;Фиточай с чабрецом - 4 пакетика;Маття-латте - 1 шт.;0;;;;;;;;;;;;;;;;;;;;;;;;;;;;;;;;;;;;;;;;;;;;;;
19.04.2021;1926;;4 890;completed;Sophiasmith2007@yandex.ru;24.03.2021;3;3;240.0;3500.0;800.0;;4;Маття-латте - 1 шт.;Омолаживающий барсучий эликсир;Фиточай с чабрецом - 4 пакетика;350;;;;;;;;;;;;;;;;;;;;;;;;;;;;;;;;;;;;;;;;;;;;;;
12.01.2022;3108;;8 987;completed;isabellawilliams2007@gmail.com;12.01.2022;13;3;4900.0;587.0;3500.0;;13;Омолаживающий барсучий эликсир;Фиточай с чабрецом - 4 пакетика;Омолаживающий барсучий эликсир;0;;;;;;;;;;;;;;;;;;;;;;;;;;;;;;;;;;;;;;;;;;;;;;
18.04.2021;3839;;7 587;completed;Oliverbrown1987@outlook.com;18.04.2021;4;3;3500.0;587.0;3500.0;;4;Омолаживающий барсучий эликсир;Фиточай с чабрецом - 4 пакетика;Омолаживающий барсучий эликсир;0;;;;;;;;;;;;;;;;;;;;;;;;;;;;;;;;;;;;;;;;;;;;;;
13.12.2021;3307;;1 152;completed;alexandermartinez1993@gmail.com;23.04.2021;4;3;325.0;240.0;587.0;;12;Маття-латте - 1 шт.;Маття-латте - 1 шт.;Фиточай с чабрецом - 4 пакетика;0;;;;;;;;;;;;;;;;;;;;;;;;;;;;;;;;;;;;;;;;;;;;;;
26.07.2021;4014;;2 812;completed;Emmalopez0@outlook.com;26.07.2021;7;3;325.0;1900.0;587.0;;7;Маття-латте - 1 шт.;Маття-латте - 5 шт.;Фиточай с чабрецом - 4 пакетика;0;;;;;;;;;;;;;;;;;;;;;;;;;;;;;;;;;;;;;;;;;;;;;;
02.02.2022;1677;;3 074;returned;Sophiasmith13@mail.ru;17.09.2021;9;3;1900.0;587.0;587.0;;14;Маття-латте - 5 шт.;Фиточай с чабрецом - 4 пакетика;Фиточай с чабрецом - 4 пакетика;0;;;;;;;;;;;;;;;;;;;;;;;;;;;;;;;;;;;;;;;;;;;;;;
04.05.2021;2443;;2 812;completed;Oliverbrown88@mail.ru;04.05.2021;5;3;325.0;587.0;1900.0;;5;Маття-латте - 1 шт.;Фиточай с чабрецом - 4 пакетика;Маття-латте - 5 шт.;0;;;;;;;;;;;;;;;;;;;;;;;;;;;;;;;;;;;;;;;;;;;;;;
02.12.2021;3666;;2 815;completed;Emmabrown88@mail.ru;02.12.2021;12;3;1900.0;325.0;240.0;;12;Маття-латте - 5 шт.;Маття-латте - 1 шт.;Маття-латте - 1 шт.;350;;;;;;;;;;;;;;;;;;;;;;;;;;;;;;;;;;;;;;;;;;;;;;
28.09.2021;4024;;4 150;completed;Emmalopez66@yandex.ru;28.09.2021;9;3;325.0;325.0;3500.0;;9;Маття-латте - 1 шт.;Маття-латте - 1 шт.;Омолаживающий барсучий эликсир;0;;;;;;;;;;;;;;;;;;;;;;;;;;;;;;;;;;;;;;;;;;;;;;
07.01.2022;2673;;5 400;completed;lucasbrown69@gmail.com;07.01.2022;13;3;3500.0;800.0;1100.0;;13;Омолаживающий барсучий эликсир;Фиточай с чабрецом - 4 пакетика;Маття-латте - 5 шт.;0;;;;;;;;;;;;;;;;;;;;;;;;;;;;;;;;;;;;;;;;;;;;;;
03.04.2021;3448;;10 690;completed;emmamoore2007@gmail.com;03.04.2021;4;3;4900.0;890.0;4900.0;;4;Омолаживающий барсучий эликсир;Фиточай с чабрецом - 4 пакетика;Омолаживающий барсучий эликсир;0;;;;;;;;;;;;;;;;;;;;;;;;;;;;;;;;;;;;;;;;;;;;;;
20.01.2022;3462;;2 550;completed;Avataylor2007@yahoo.com;11.07.2021;7;2;;1100.0;1100.0;;13;Маття-латте - 1 шт.;Маття-латте - 5 шт.;Маття-латте - 5 шт.;350;;;;;;;;;;;;;;;;;;;;;;;;;;;;;;;;;;;;;;;;;;;;;;
14.12.2021;4097;;2 480;completed;Alexandertaylor13@yahoo.com;01.03.2021;3;3;2000.0;240.0;240.0;;12;Омолаживающий барсучий эликсир;Маття-латте - 1 шт.;Маття-латте - 1 шт.;0;;;;;;;;;;;;;;;;;;;;;;;;;;;;;;;;;;;;;;;;;;;;;;
15.03.2021;2392;;1 125;completed;Emmalopez13@yahoo.com;15.03.2021;3;2;800.0;;325.0;;3;Фиточай с чабрецом - 4 пакетика;Маття-латте - 1 шт.;Маття-латте - 1 шт.;0;;;;;;;;;;;;;;;;;;;;;;;;;;;;;;;;;;;;;;;;;;;;;;
01.07.2021;2893;;1 390;returned;Lucaswilliams1993@outlook.com;01.07.2021;7;2;800.0;;240.0;;7;Фиточай с чабрецом - 4 пакетика;Маття-латте - 1 шт.;Маття-латте - 1 шт.;350;;;;;;;;;;;;;;;;;;;;;;;;;;;;;;;;;;;;;;;;;;;;;;
27.01.2022;2213;;7 900;completed;Liammoore2007@yahoo.com;27.01.2022;13;3;1900.0;1100.0;4900.0;;13;Маття-латте - 5 шт.;Маття-латте - 5 шт.;Омолаживающий барсучий эликсир;0;;;;;;;;;;;;;;;;;;;;;;;;;;;;;;;;;;;;;;;;;;;;;;
10.08.2021;1394;;7 240;completed;Sophiaanderson1987@outlook.com;10.08.2021;8;3;3500.0;3500.0;240.0;;8;Омолаживающий барсучий эликсир;Омолаживающий барсучий эликсир;Маття-латте - 1 шт.;0;;;;;;;;;;;;;;;;;;;;;;;;;;;;;;;;;;;;;;;;;;;;;;
27.08.2021;3810;;2 830;completed;Oliverthomas2007@yahoo.com;24.08.2021;8;3;2000.0;240.0;240.0;;8;Омолаживающий барсучий эликсир;Маття-латте - 1 шт.;Маття-латте - 1 шт.;350;;;;;;;;;;;;;;;;;;;;;;;;;;;;;;;;;;;;;;;;;;;;;;
16.05.2021;1866;;4 100;returned;Alexandertaylor69@yahoo.com;16.05.2021;5;3;1900.0;1100.0;1100.0;;5;Маття-латте - 5 шт.;Маття-латте - 5 шт.;Маття-латте - 5 шт.;0;;;;;;;;;;;;;;;;;;;;;;;;;;;;;;;;;;;;;;;;;;;;;;
06.05.2021;3130;;12 150;completed;isabellathomas66@gmail.com;06.05.2021;5;3;4900.0;2000.0;4900.0;;5;Омолаживающий барсучий эликсир;Омолаживающий барсучий эликсир;Омолаживающий барсучий эликсир;350;;;;;;;;;;;;;;;;;;;;;;;;;;;;;;;;;;;;;;;;;;;;;;
18.01.2022;3636;;3 380;completed;Liamwilliams69@yahoo.com;18.01.2022;13;3;890.0;240.0;1900.0;;13;Фиточай с чабрецом - 4 пакетика;Маття-латте - 1 шт.;Маття-латте - 5 шт.;350;;;;;;;;;;;;;;;;;;;;;;;;;;;;;;;;;;;;;;;;;;;;;;
14.12.2021;2501;;5 825;completed;Oliverwilliams13@yahoo.com;26.03.2021;3;3;2000.0;325.0;3500.0;;12;Омолаживающий барсучий эликсир;Маття-латте - 1 шт.;Омолаживающий барсучий эликсир;0;;;;;;;;;;;;;;;;;;;;;;;;;;;;;;;;;;;;;;;;;;;;;;
09.10.2021;1505;;5 640;completed;williamanderson0@gmail.com;14.07.2021;7;3;240.0;3500.0;1900.0;;10;Маття-латте - 1 шт.;Омолаживающий барсучий эликсир;Маття-латте - 5 шт.;0;;;;;;;;;;;;;;;;;;;;;;;;;;;;;;;;;;;;;;;;;;;;;;
11.02.2022;4109;;5 800;completed;Williamanderson12@yandex.ru;03.08.2021;8;3;1900.0;1900.0;2000.0;;14;Маття-латте - 5 шт.;Маття-латте - 5 шт.;Омолаживающий барсучий эликсир;0;;;;;;;;;;;;;;;;;;;;;;;;;;;;;;;;;;;;;;;;;;;;;;
16.03.2021;2127;;830;completed;Liamsmith1987@yandex.ru;16.03.2021;3;2;240.0;;240.0;;3;Маття-латте - 1 шт.;Маття-латте - 1 шт.;Маття-латте - 1 шт.;350;;;;;;;;;;;;;;;;;;;;;;;;;;;;;;;;;;;;;;;;;;;;;;
04.02.2022;3230;;13 300;completed;Charlottebrown0@outlook.com;04.02.2022;14;3;3500.0;4900.0;4900.0;;14;Омолаживающий барсучий эликсир;Омолаживающий барсучий эликсир;Омолаживающий барсучий эликсир;0;;;;;;;;;;;;;;;;;;;;;;;;;;;;;;;;;;;;;;;;;;;;;;
27.03.2021;4114;;2 912;returned;Charlottetaylor88@mail.ru;26.03.2021;3;3;325.0;2000.0;587.0;;3;Маття-латте - 1 шт.;Омолаживающий барсучий эликсир;Фиточай с чабрецом - 4 пакетика;0;;;;;;;;;;;;;;;;;;;;;;;;;;;;;;;;;;;;;;;;;;;;;;
17.06.2021;3275;;1 687;completed;Oliverjackson12@outlook.com;17.06.2021;6;2;1100.0;;587.0;;6;Маття-латте - 5 шт.;Маття-латте - 1 шт.;Фиточай с чабрецом - 4 пакетика;0;;;;;;;;;;;;;;;;;;;;;;;;;;;;;;;;;;;;;;;;;;;;;;
05.08.2021;3012;;4 740;returned;Lucaswilliams0@yandex.ru;05.08.2021;8;2;3500.0;890.0;;;8;Омолаживающий барсучий эликсир;Фиточай с чабрецом - 4 пакетика;Маття-латте - 1 шт.;350;;;;;;;;;;;;;;;;;;;;;;;;;;;;;;;;;;;;;;;;;;;;;;
25.06.2021;2157;;4 087;returned;Alexandermoore0@yahoo.com;25.06.2021;6;2;;587.0;3500.0;;6;Маття-латте - 1 шт.;Фиточай с чабрецом - 4 пакетика;Омолаживающий барсучий эликсир;0;;;;;;;;;;;;;;;;;;;;;;;;;;;;;;;;;;;;;;;;;;;;;;
23.09.2021;3389;;2 575;completed;Alexandersmith88@outlook.com;08.06.2021;6;2;1900.0;325.0;;;9;Маття-латте - 5 шт.;Маття-латте - 1 шт.;Маття-латте - 1 шт.;350;;;;;;;;;;;;;;;;;;;;;;;;;;;;;;;;;;;;;;;;;;;;;;
19.10.2021;3459;;8 450;completed;sophiamoore33@gmail.com;19.10.2021;10;3;3500.0;3500.0;1100.0;;10;Омолаживающий барсучий эликсир;Омолаживающий барсучий эликсир;Маття-латте - 5 шт.;350;;;;;;;;;;;;;;;;;;;;;;;;;;;;;;;;;;;;;;;;;;;;;;
05.06.2021;2818;;7 790;completed;Liammartinez13@outlook.com;07.05.2021;5;3;890.0;4900.0;2000.0;;6;Фиточай с чабрецом - 4 пакетика;Омолаживающий барсучий эликсир;Омолаживающий барсучий эликсир;0;;;;;;;;;;;;;;;;;;;;;;;;;;;;;;;;;;;;;;;;;;;;;;
16.09.2021;2208;;6 650;completed;Liamanderson1993@yandex.ru;15.04.2021;4;3;800.0;3500.0;2000.0;;9;Фиточай с чабрецом - 4 пакетика;Омолаживающий барсучий эликсир;Омолаживающий барсучий эликсир;350;;;;;;;;;;;;;;;;;;;;;;;;;;;;;;;;;;;;;;;;;;;;;;
03.08.2021;2154;;13 650;completed;Charlottetaylor88@mail.ru;03.08.2021;8;3;4900.0;4900.0;3500.0;;8;Омолаживающий барсучий эликсир;Омолаживающий барсучий эликсир;Омолаживающий барсучий эликсир;350;;;;;;;;;;;;;;;;;;;;;;;;;;;;;;;;;;;;;;;;;;;;;;
24.01.2022;2403;;2 187;completed;avawilliams66@gmail.com;24.01.2022;13;3;800.0;800.0;587.0;;13;Фиточай с чабрецом - 4 пакетика;Фиточай с чабрецом - 4 пакетика;Фиточай с чабрецом - 4 пакетика;0;;;;;;;;;;;;;;;;;;;;;;;;;;;;;;;;;;;;;;;;;;;;;;
29.05.2021;3606;;3 600;completed;Alexanderanderson0@mail.ru;29.05.2021;5;3;2000.0;800.0;800.0;;5;Омолаживающий барсучий эликсир;Фиточай с чабрецом - 4 пакетика;Фиточай с чабрецом - 4 пакетика;0;;;;;;;;;;;;;;;;;;;;;;;;;;;;;;;;;;;;;;;;;;;;;;
15.11.2021;2250;;3 325;completed;avamoore66@gmail.com;22.09.2021;9;3;1900.0;1100.0;325.0;;11;Маття-латте - 5 шт.;Маття-латте - 5 шт.;Маття-латте - 1 шт.;0;;;;;;;;;;;;;;;;;;;;;;;;;;;;;;;;;;;;;;;;;;;;;;
02.12.2021;3744;;8 750;completed;Lucasmartinez1987@yahoo.com;02.12.2021;12;2;3500.0;;4900.0;;12;Омолаживающий барсучий эликсир;Маття-латте - 1 шт.;Омолаживающий барсучий эликсир;350;;;;;;;;;;;;;;;;;;;;;;;;;;;;;;;;;;;;;;;;;;;;;;
26.08.2021;3118;;4 300;completed;Isabellataylor69@mail.ru;26.08.2021;8;2;3500.0;800.0;;;8;Омолаживающий барсучий эликсир;Фиточай с чабрецом - 4 пакетика;Маття-латте - 1 шт.;0;;;;;;;;;;;;;;;;;;;;;;;;;;;;;;;;;;;;;;;;;;;;;;
18.10.2021;4056;;4 087;completed;Avajackson1993@gmail.com;30.07.2021;7;2;3500.0;587.0;;;10;Омолаживающий барсучий эликсир;Фиточай с чабрецом - 4 пакетика;Маття-латте - 1 шт.;0;;;;;;;;;;;;;;;;;;;;;;;;;;;;;;;;;;;;;;;;;;;;;;
06.07.2021;3463;;8 900;completed;Isabellasmith88@yandex.ru;06.07.2021;7;3;3500.0;1900.0;3500.0;;7;Омолаживающий барсучий эликсир;Маття-латте - 5 шт.;Омолаживающий барсучий эликсир;0;;;;;;;;;;;;;;;;;;;;;;;;;;;;;;;;;;;;;;;;;;;;;;
25.02.2021;1288;;6 030;completed;Charlotteanderson0@yahoo.com;25.02.2021;2;3;240.0;4900.0;890.0;;2;Маття-латте - 1 шт.;Омолаживающий барсучий эликсир;Фиточай с чабрецом - 4 пакетика;0;;;;;;;;;;;;;;;;;;;;;;;;;;;;;;;;;;;;;;;;;;;;;;
16.08.2021;3395;;1 927;completed;Isabellawilliams33@yandex.ru;16.08.2021;8;3;240.0;587.0;1100.0;;8;Маття-латте - 1 шт.;Фиточай с чабрецом - 4 пакетика;Маття-латте - 5 шт.;0;;;;;;;;;;;;;;;;;;;;;;;;;;;;;;;;;;;;;;;;;;;;;;
03.09.2021;2732;;2 230;completed;Liamwilliams2007@yandex.ru;12.08.2021;8;3;240.0;890.0;1100.0;;9;Маття-латте - 1 шт.;Фиточай с чабрецом - 4 пакетика;Маття-латте - 5 шт.;0;;;;;;;;;;;;;;;;;;;;;;;;;;;;;;;;;;;;;;;;;;;;;;
15.07.2021;3615;;6 587;completed;alexanderanderson33@gmail.com;15.07.2021;7;3;1100.0;587.0;4900.0;;7;Маття-латте - 5 шт.;Фиточай с чабрецом - 4 пакетика;Омолаживающий барсучий эликсир;0;;;;;;;;;;;;;;;;;;;;;;;;;;;;;;;;;;;;;;;;;;;;;;
25.12.2021;3596;;2 225;completed;Oliverthomas33@mail.ru;10.09.2021;9;3;800.0;1100.0;325.0;;12;Фиточай с чабрецом - 4 пакетика;Маття-латте - 5 шт.;Маття-латте - 1 шт.;0;;;;;;;;;;;;;;;;;;;;;;;;;;;;;;;;;;;;;;;;;;;;;;
09.07.2021;1270;;1 340;completed;Charlottesmith33@mail.ru;05.04.2021;4;2;;240.0;1100.0;;7;Маття-латте - 1 шт.;Маття-латте - 1 шт.;Маття-латте - 5 шт.;0;;;;;;;;;;;;;;;;;;;;;;;;;;;;;;;;;;;;;;;;;;;;;;
23.12.2021;3496;;3 477;completed;Oliveranderson0@outlook.com;28.05.2021;5;3;2000.0;587.0;890.0;;12;Омолаживающий барсучий эликсир;Фиточай с чабрецом - 4 пакетика;Фиточай с чабрецом - 4 пакетика;0;;;;;;;;;;;;;;;;;;;;;;;;;;;;;;;;;;;;;;;;;;;;;;
27.11.2021;1871;;3 727;completed;Liamsmith0@outlook.com;04.05.2021;5;3;587.0;1900.0;890.0;;11;Фиточай с чабрецом - 4 пакетика;Маття-латте - 5 шт.;Фиточай с чабрецом - 4 пакетика;350;;;;;;;;;;;;;;;;;;;;;;;;;;;;;;;;;;;;;;;;;;;;;;
24.11.2021;3086;;2 812;completed;Alexanderanderson2007@yahoo.com;10.10.2021;10;3;325.0;1900.0;587.0;;11;Маття-латте - 1 шт.;Маття-латте - 5 шт.;Фиточай с чабрецом - 4 пакетика;0;;;;;;;;;;;;;;;;;;;;;;;;;;;;;;;;;;;;;;;;;;;;;;
30.09.2021;2061;;4 087;completed;lucaslopez0@gmail.com;07.04.2021;4;2;587.0;3500.0;;;9;Фиточай с чабрецом - 4 пакетика;Омолаживающий барсучий эликсир;Маття-латте - 1 шт.;0;;;;;;;;;;;;;;;;;;;;;;;;;;;;;;;;;;;;;;;;;;;;;;
10.09.2021;3628;;2 490;completed;Emmajackson88@outlook.com;10.09.2021;9;3;800.0;240.0;1100.0;;9;Фиточай с чабрецом - 4 пакетика;Маття-латте - 1 шт.;Маття-латте - 5 шт.;350;;;;;;;;;;;;;;;;;;;;;;;;;;;;;;;;;;;;;;;;;;;;;;
11.01.2022;3269;;6 500;completed;oliverlopez88@gmail.com;17.08.2021;8;3;3500.0;1900.0;1100.0;;13;Омолаживающий барсучий эликсир;Маття-латте - 5 шт.;Маття-латте - 5 шт.;0;;;;;;;;;;;;;;;;;;;;;;;;;;;;;;;;;;;;;;;;;;;;;;
05.07.2021;2387;;2 230;completed;Oliverjackson2007@yahoo.com;05.07.2021;7;3;240.0;1100.0;890.0;;7;Маття-латте - 1 шт.;Маття-латте - 5 шт.;Фиточай с чабрецом - 4 пакетика;0;;;;;;;;;;;;;;;;;;;;;;;;;;;;;;;;;;;;;;;;;;;;;;
19.05.2021;3520;;6 290;returned;olivertaylor12@gmail.com;19.05.2021;5;3;240.0;4900.0;800.0;;5;Маття-латте - 1 шт.;Омолаживающий барсучий эликсир;Фиточай с чабрецом - 4 пакетика;350;;;;;;;;;;;;;;;;;;;;;;;;;;;;;;;;;;;;;;;;;;;;;;
14.11.2021;2633;;3 740;completed;Williambrown88@mail.ru;08.06.2021;6;2;3500.0;240.0;;;11;Омолаживающий барсучий эликсир;Маття-латте - 1 шт.;Маття-латте - 1 шт.;0;;;;;;;;;;;;;;;;;;;;;;;;;;;;;;;;;;;;;;;;;;;;;;
20.07.2021;4095;;7 140;completed;Avabrown13@outlook.com;20.07.2021;7;3;2000.0;240.0;4900.0;;7;Омолаживающий барсучий эликсир;Маття-латте - 1 шт.;Омолаживающий барсучий эликсир;0;;;;;;;;;;;;;;;;;;;;;;;;;;;;;;;;;;;;;;;;;;;;;;
04.07.2021;3668;;2 727;completed;Charlottejackson1993@yahoo.com;04.07.2021;7;3;240.0;587.0;1900.0;;7;Маття-латте - 1 шт.;Фиточай с чабрецом - 4 пакетика;Маття-латте - 5 шт.;0;;;;;;;;;;;;;;;;;;;;;;;;;;;;;;;;;;;;;;;;;;;;;;
28.11.2021;1681;;6 727;completed;Emmataylor13@mail.ru;10.03.2021;3;3;890.0;587.0;4900.0;;11;Фиточай с чабрецом - 4 пакетика;Фиточай с чабрецом - 4 пакетика;Омолаживающий барсучий эликсир;350;;;;;;;;;;;;;;;;;;;;;;;;;;;;;;;;;;;;;;;;;;;;;;
10.06.2021;1979;;2 490;completed;Emmathomas12@yandex.ru;10.06.2021;6;2;1900.0;240.0;;;6;Маття-латте - 5 шт.;Маття-латте - 1 шт.;Маття-латте - 1 шт.;350;;;;;;;;;;;;;;;;;;;;;;;;;;;;;;;;;;;;;;;;;;;;;;
22.03.2021;2123;;565;completed;Lucasjackson1993@yahoo.com;19.02.2021;2;2;240.0;;325.0;;3;Маття-латте - 1 шт.;Маття-латте - 1 шт.;Маття-латте - 1 шт.;0;;;;;;;;;;;;;;;;;;;;;;;;;;;;;;;;;;;;;;;;;;;;;;
03.08.2021;2582;;5 537;returned;Lucasanderson13@yandex.ru;16.05.2021;5;3;587.0;1100.0;3500.0;;8;Фиточай с чабрецом - 4 пакетика;Маття-латте - 5 шт.;Омолаживающий барсучий эликсир;350;;;;;;;;;;;;;;;;;;;;;;;;;;;;;;;;;;;;;;;;;;;;;;
26.04.2021;3122;;3 050;completed;emmataylor13@gmail.com;26.04.2021;4;2;;1900.0;800.0;;4;Маття-латте - 1 шт.;Маття-латте - 5 шт.;Фиточай с чабрецом - 4 пакетика;350;;;;;;;;;;;;;;;;;;;;;;;;;;;;;;;;;;;;;;;;;;;;;;
25.09.2021;4132;;7 400;completed;Sophiabrown13@yahoo.com;25.09.2021;9;3;3500.0;1900.0;2000.0;;9;Омолаживающий барсучий эликсир;Маття-латте - 5 шт.;Омолаживающий барсучий эликсир;0;;;;;;;;;;;;;;;;;;;;;;;;;;;;;;;;;;;;;;;;;;;;;;
05.06.2021;1923;;3 500;completed;Emmathomas69@mail.ru;05.06.2021;6;1;;3500.0;;;6;Маття-латте - 1 шт.;Омолаживающий барсучий эликсир;Маття-латте - 1 шт.;0;;;;;;;;;;;;;;;;;;;;;;;;;;;;;;;;;;;;;;;;;;;;;;
20.12.2021;3875;;4 925;completed;Alexanderanderson33@mail.ru;19.03.2021;3;3;1100.0;3500.0;325.0;;12;Маття-латте - 5 шт.;Омолаживающий барсучий эликсир;Маття-латте - 1 шт.;0;;;;;;;;;;;;;;;;;;;;;;;;;;;;;;;;;;;;;;;;;;;;;;
09.10.2021;2518;;2 020;completed;Emmamartinez1993@outlook.com;17.06.2021;6;3;240.0;890.0;890.0;;10;Маття-латте - 1 шт.;Фиточай с чабрецом - 4 пакетика;Фиточай с чабрецом - 4 пакетика;0;;;;;;;;;;;;;;;;;;;;;;;;;;;;;;;;;;;;;;;;;;;;;;
27.05.2021;4202;;6 350;completed;Charlottejackson33@yandex.ru;21.03.2021;3;2;1100.0;4900.0;;;5;Маття-латте - 5 шт.;Омолаживающий барсучий эликсир;Маття-латте - 1 шт.;350;;;;;;;;;;;;;;;;;;;;;;;;;;;;;;;;;;;;;;;;;;;;;;
27.01.2022;3370;;4 690;completed;charlottethomas13@gmail.com;21.03.2021;3;3;1900.0;890.0;1900.0;;13;Маття-латте - 5 шт.;Фиточай с чабрецом - 4 пакетика;Маття-латте - 5 шт.;0;;;;;;;;;;;;;;;;;;;;;;;;;;;;;;;;;;;;;;;;;;;;;;
10.01.2022;2212;;3 215;completed;Liambrown88@mail.ru;30.03.2021;3;3;890.0;325.0;2000.0;;13;Фиточай с чабрецом - 4 пакетика;Маття-латте - 1 шт.;Омолаживающий барсучий эликсир;0;;;;;;;;;;;;;;;;;;;;;;;;;;;;;;;;;;;;;;;;;;;;;;
29.12.2021;1740;;6 500;completed;Emmawilliams13@outlook.com;29.12.2021;12;3;1100.0;3500.0;1900.0;;12;Маття-латте - 5 шт.;Омолаживающий барсучий эликсир;Маття-латте - 5 шт.;0;;;;;;;;;;;;;;;;;;;;;;;;;;;;;;;;;;;;;;;;;;;;;;
16.12.2021;1314;;4 475;returned;williamthomas33@gmail.com;15.09.2021;9;3;1900.0;325.0;1900.0;;12;Маття-латте - 5 шт.;Маття-латте - 1 шт.;Маття-латте - 5 шт.;350;;;;;;;;;;;;;;;;;;;;;;;;;;;;;;;;;;;;;;;;;;;;;;
18.05.2021;1940;;4 475;completed;Williamthomas33@yandex.ru;18.05.2021;5;3;1900.0;1900.0;325.0;;5;Маття-латте - 5 шт.;Маття-латте - 5 шт.;Маття-латте - 1 шт.;350;;;;;;;;;;;;;;;;;;;;;;;;;;;;;;;;;;;;;;;;;;;;;;
27.07.2021;1604;;5 400;completed;Avataylor2007@yahoo.com;16.07.2021;7;3;3500.0;1100.0;800.0;;7;Омолаживающий барсучий эликсир;Маття-латте - 5 шт.;Фиточай с чабрецом - 4 пакетика;0;;;;;;;;;;;;;;;;;;;;;;;;;;;;;;;;;;;;;;;;;;;;;;
01.06.2021;3101;;6 300;completed;Lucasthomas12@yandex.ru;01.06.2021;6;3;800.0;3500.0;2000.0;;6;Фиточай с чабрецом - 4 пакетика;Омолаживающий барсучий эликсир;Омолаживающий барсучий эликсир;0;;;;;;;;;;;;;;;;;;;;;;;;;;;;;;;;;;;;;;;;;;;;;;
10.07.2021;1475;;2 340;completed;charlottebrown33@gmail.com;24.02.2021;2;2;1100.0;890.0;;;7;Маття-латте - 5 шт.;Фиточай с чабрецом - 4 пакетика;Маття-латте - 1 шт.;350;;;;;;;;;;;;;;;;;;;;;;;;;;;;;;;;;;;;;;;;;;;;;;
14.05.2021;2488;;9 200;completed;Avabrown13@yahoo.com;14.05.2021;5;3;800.0;3500.0;4900.0;;5;Фиточай с чабрецом - 4 пакетика;Омолаживающий барсучий эликсир;Омолаживающий барсучий эликсир;0;;;;;;;;;;;;;;;;;;;;;;;;;;;;;;;;;;;;;;;;;;;;;;
14.09.2021;3033;;2 277;completed;Emmamoore12@yahoo.com;23.04.2021;4;3;1100.0;240.0;587.0;;9;Маття-латте - 5 шт.;Маття-латте - 1 шт.;Фиточай с чабрецом - 4 пакетика;350;;;;;;;;;;;;;;;;;;;;;;;;;;;;;;;;;;;;;;;;;;;;;;
25.01.2022;2871;;6 937;completed;Emmasmith2007@yandex.ru;28.02.2021;2;3;4900.0;587.0;1100.0;;13;Омолаживающий барсучий эликсир;Фиточай с чабрецом - 4 пакетика;Маття-латте - 5 шт.;350;;;;;;;;;;;;;;;;;;;;;;;;;;;;;;;;;;;;;;;;;;;;;;
06.06.2021;4167;;1 840;completed;Lucasbrown1993@mail.ru;11.05.2021;5;3;800.0;800.0;240.0;;6;Фиточай с чабрецом - 4 пакетика;Фиточай с чабрецом - 4 пакетика;Маття-латте - 1 шт.;0;;;;;;;;;;;;;;;;;;;;;;;;;;;;;;;;;;;;;;;;;;;;;;
30.09.2021;1801;;5 237;completed;Williamthomas12@yahoo.com;15.04.2021;4;3;800.0;3500.0;587.0;;9;Фиточай с чабрецом - 4 пакетика;Омолаживающий барсучий эликсир;Фиточай с чабрецом - 4 пакетика;350;;;;;;;;;;;;;;;;;;;;;;;;;;;;;;;;;;;;;;;;;;;;;;
21.09.2021;3384;;6 800;completed;avalopez2007@gmail.com;01.04.2021;4;3;1100.0;800.0;4900.0;;9;Маття-латте - 5 шт.;Фиточай с чабрецом - 4 пакетика;Омолаживающий барсучий эликсир;0;;;;;;;;;;;;;;;;;;;;;;;;;;;;;;;;;;;;;;;;;;;;;;
26.02.2021;2768;;6 025;completed;Liamlopez1987@mail.ru;26.02.2021;2;3;800.0;4900.0;325.0;;2;Фиточай с чабрецом - 4 пакетика;Омолаживающий барсучий эликсир;Маття-латте - 1 шт.;0;;;;;;;;;;;;;;;;;;;;;;;;;;;;;;;;;;;;;;;;;;;;;;
11.04.2021;1251;;8 800;completed;charlottemoore12@gmail.com;11.04.2021;4;3;1900.0;2000.0;4900.0;;4;Маття-латте - 5 шт.;Омолаживающий барсучий эликсир;Омолаживающий барсучий эликсир;0;;;;;;;;;;;;;;;;;;;;;;;;;;;;;;;;;;;;;;;;;;;;;;
07.03.2021;3575;;7 690;completed;Liammartinez12@yahoo.com;07.03.2021;3;3;1900.0;4900.0;890.0;;3;Маття-латте - 5 шт.;Омолаживающий барсучий эликсир;Фиточай с чабрецом - 4 пакетика;0;;;;;;;;;;;;;;;;;;;;;;;;;;;;;;;;;;;;;;;;;;;;;;
25.07.2021;2699;;6 900;returned;Alexanderjackson69@yandex.ru;25.07.2021;7;2;2000.0;;4900.0;;7;Омолаживающий барсучий эликсир;Маття-латте - 1 шт.;Омолаживающий барсучий эликсир;0;;;;;;;;;;;;;;;;;;;;;;;;;;;;;;;;;;;;;;;;;;;;;;
09.05.2021;3818;;5 700;completed;Alexanderanderson2007@outlook.com;09.05.2021;5;2;4900.0;;800.0;;5;Омолаживающий барсучий эликсир;Маття-латте - 1 шт.;Фиточай с чабрецом - 4 пакетика;0;;;;;;;;;;;;;;;;;;;;;;;;;;;;;;;;;;;;;;;;;;;;;;
20.08.2021;2962;;2 490;completed;Avataylor1987@yandex.ru;20.08.2021;8;3;240.0;800.0;1100.0;;8;Маття-латте - 1 шт.;Фиточай с чабрецом - 4 пакетика;Маття-латте - 5 шт.;350;;;;;;;;;;;;;;;;;;;;;;;;;;;;;;;;;;;;;;;;;;;;;;
24.11.2021;2222;;5 790;completed;Avamoore69@yandex.ru;11.03.2021;3;2;;890.0;4900.0;;11;Маття-латте - 1 шт.;Фиточай с чабрецом - 4 пакетика;Омолаживающий барсучий эликсир;0;;;;;;;;;;;;;;;;;;;;;;;;;;;;;;;;;;;;;;;;;;;;;;
06.05.2021;2950;;6 377;returned;Isabellalopez2007@yandex.ru;06.05.2021;5;3;890.0;587.0;4900.0;;5;Фиточай с чабрецом - 4 пакетика;Фиточай с чабрецом - 4 пакетика;Омолаживающий барсучий эликсир;0;;;;;;;;;;;;;;;;;;;;;;;;;;;;;;;;;;;;;;;;;;;;;;
08.10.2021;1730;;2 465;completed;Lucasbrown66@yahoo.com;09.03.2021;3;3;325.0;240.0;1900.0;;10;Маття-латте - 1 шт.;Маття-латте - 1 шт.;Маття-латте - 5 шт.;0;;;;;;;;;;;;;;;;;;;;;;;;;;;;;;;;;;;;;;;;;;;;;;
25.02.2021;2708;;7 387;returned;Oliverjackson33@outlook.com;25.02.2021;2;3;587.0;1900.0;4900.0;;2;Фиточай с чабрецом - 4 пакетика;Маття-латте - 5 шт.;Омолаживающий барсучий эликсир;0;;;;;;;;;;;;;;;;;;;;;;;;;;;;;;;;;;;;;;;;;;;;;;
23.12.2021;1445;;6 550;returned;isabellawilliams33@gmail.com;11.05.2021;5;3;3500.0;1900.0;800.0;;12;Омолаживающий барсучий эликсир;Маття-латте - 5 шт.;Фиточай с чабрецом - 4 пакетика;350;;;;;;;;;;;;;;;;;;;;;;;;;;;;;;;;;;;;;;;;;;;;;;
23.02.2021;3136;;3 215;completed;Lucastaylor0@outlook.com;23.02.2021;2;3;890.0;325.0;2000.0;;2;Фиточай с чабрецом - 4 пакетика;Маття-латте - 1 шт.;Омолаживающий барсучий эликсир;0;;;;;;;;;;;;;;;;;;;;;;;;;;;;;;;;;;;;;;;;;;;;;;
11.09.2021;3854;;4 575;completed;Williamthomas66@mail.ru;11.09.2021;9;3;1900.0;2000.0;325.0;;9;Маття-латте - 5 шт.;Омолаживающий барсучий эликсир;Маття-латте - 1 шт.;350;;;;;;;;;;;;;;;;;;;;;;;;;;;;;;;;;;;;;;;;;;;;;;
30.11.2021;2370;;4 977;completed;Williamwilliams2007@yandex.ru;03.03.2021;3;3;890.0;587.0;3500.0;;11;Фиточай с чабрецом - 4 пакетика;Фиточай с чабрецом - 4 пакетика;Омолаживающий барсучий эликсир;0;;;;;;;;;;;;;;;;;;;;;;;;;;;;;;;;;;;;;;;;;;;;;;
04.09.2021;3496;;1 040;completed;Oliveranderson0@outlook.com;28.05.2021;5;2;800.0;;240.0;;9;Фиточай с чабрецом - 4 пакетика;Маття-латте - 1 шт.;Маття-латте - 1 шт.;0;;;;;;;;;;;;;;;;;;;;;;;;;;;;;;;;;;;;;;;;;;;;;;
27.10.2021;1386;;3 500;completed;Williamtaylor69@outlook.com;08.03.2021;3;3;800.0;800.0;1900.0;;10;Фиточай с чабрецом - 4 пакетика;Фиточай с чабрецом - 4 пакетика;Маття-латте - 5 шт.;0;;;;;;;;;;;;;;;;;;;;;;;;;;;;;;;;;;;;;;;;;;;;;;
03.05.2021;1676;;325;completed;isabellasmith1987@gmail.com;03.05.2021;5;1;;325.0;;;5;Маття-латте - 1 шт.;Маття-латте - 1 шт.;Маття-латте - 1 шт.;0;;;;;;;;;;;;;;;;;;;;;;;;;;;;;;;;;;;;;;;;;;;;;;
02.02.2022;1401;;3 215;returned;Sophiaanderson13@yahoo.com;03.01.2022;13;3;890.0;2000.0;325.0;;14;Фиточай с чабрецом - 4 пакетика;Омолаживающий барсучий эликсир;Маття-латте - 1 шт.;0;;;;;;;;;;;;;;;;;;;;;;;;;;;;;;;;;;;;;;;;;;;;;;
13.07.2021;1706;;7 125;completed;Emmataylor0@yandex.ru;13.07.2021;7;3;1900.0;325.0;4900.0;;7;Маття-латте - 5 шт.;Маття-латте - 1 шт.;Омолаживающий барсучий эликсир;0;;;;;;;;;;;;;;;;;;;;;;;;;;;;;;;;;;;;;;;;;;;;;;
30.09.2021;2020;;3 100;completed;Alexanderjackson1987@mail.ru;30.09.2021;9;2;;2000.0;1100.0;;9;Маття-латте - 1 шт.;Омолаживающий барсучий эликсир;Маття-латте - 5 шт.;0;;;;;;;;;;;;;;;;;;;;;;;;;;;;;;;;;;;;;;;;;;;;;;
26.10.2021;1959;;2 280;completed;Emmajackson1987@yahoo.com;18.03.2021;3;3;800.0;240.0;890.0;;10;Фиточай с чабрецом - 4 пакетика;Маття-латте - 1 шт.;Фиточай с чабрецом - 4 пакетика;350;;;;;;;;;;;;;;;;;;;;;;;;;;;;;;;;;;;;;;;;;;;;;;
07.07.2021;1634;;4 225;completed;Lucasjackson1993@yandex.ru;07.07.2021;7;3;325.0;1900.0;2000.0;;7;Маття-латте - 1 шт.;Маття-латте - 5 шт.;Омолаживающий барсучий эликсир;0;;;;;;;;;;;;;;;;;;;;;;;;;;;;;;;;;;;;;;;;;;;;;;
28.02.2021;2106;;3 775;completed;Isabellawilliams12@mail.ru;28.02.2021;2;3;1100.0;2000.0;325.0;;2;Маття-латте - 5 шт.;Омолаживающий барсучий эликсир;Маття-латте - 1 шт.;350;;;;;;;;;;;;;;;;;;;;;;;;;;;;;;;;;;;;;;;;;;;;;;
07.09.2021;3113;;6 500;completed;Oliverthomas88@yahoo.com;07.09.2021;9;3;1900.0;1100.0;3500.0;;9;Маття-латте - 5 шт.;Маття-латте - 5 шт.;Омолаживающий барсучий эликсир;0;;;;;;;;;;;;;;;;;;;;;;;;;;;;;;;;;;;;;;;;;;;;;;
29.12.2021;1681;;3 040;completed;Emmataylor13@mail.ru;10.03.2021;3;3;800.0;2000.0;240.0;;12;Фиточай с чабрецом - 4 пакетика;Омолаживающий барсучий эликсир;Маття-латте - 1 шт.;0;;;;;;;;;;;;;;;;;;;;;;;;;;;;;;;;;;;;;;;;;;;;;;
22.08.2021;4075;;7 837;completed;Avamoore0@outlook.com;20.04.2021;4;3;2000.0;4900.0;587.0;;8;Омолаживающий барсучий эликсир;Омолаживающий барсучий эликсир;Фиточай с чабрецом - 4 пакетика;350;;;;;;;;;;;;;;;;;;;;;;;;;;;;;;;;;;;;;;;;;;;;;;
13.02.2022;1743;;3 825;returned;alexanderjackson1993@yahoo.com;13.02.2022;14;2;325.0;;3500.0;;14;Маття-латте - 1 шт.;Маття-латте - 1 шт.;Омолаживающий барсучий эликсир;0;;;;;;;;;;;;;;;;;;;;;;;;;;;;;;;;;;;;;;;;;;;;;;
11.07.2021;4040;;4 950;completed;Emmasmith0@yandex.ru;30.03.2021;3;3;1900.0;800.0;1900.0;;7;Маття-латте - 5 шт.;Фиточай с чабрецом - 4 пакетика;Маття-латте - 5 шт.;350;;;;;;;;;;;;;;;;;;;;;;;;;;;;;;;;;;;;;;;;;;;;;;
04.09.2021;3273;;12 250;returned;Williamjackson69@yandex.ru;04.09.2021;9;3;3500.0;4900.0;3500.0;;9;Омолаживающий барсучий эликсир;Омолаживающий барсучий эликсир;Омолаживающий барсучий эликсир;350;;;;;;;;;;;;;;;;;;;;;;;;;;;;;;;;;;;;;;;;;;;;;;
23.05.2021;4201;;3 740;completed;Emmamartinez1987@outlook.com;16.04.2021;4;2;240.0;;3500.0;;5;Маття-латте - 1 шт.;Маття-латте - 1 шт.;Омолаживающий барсучий эликсир;0;;;;;;;;;;;;;;;;;;;;;;;;;;;;;;;;;;;;;;;;;;;;;;
29.03.2021;3770;;3 340;completed;Isabellamartinez88@outlook.com;29.03.2021;3;3;2000.0;240.0;1100.0;;3;Омолаживающий барсучий эликсир;Маття-латте - 1 шт.;Маття-латте - 5 шт.;0;;;;;;;;;;;;;;;;;;;;;;;;;;;;;;;;;;;;;;;;;;;;;;
28.07.2021;3775;;5 700;completed;Alexandermartinez12@yahoo.com;19.03.2021;3;3;1900.0;1900.0;1900.0;;7;Маття-латте - 5 шт.;Маття-латте - 5 шт.;Маття-латте - 5 шт.;0;;;;;;;;;;;;;;;;;;;;;;;;;;;;;;;;;;;;;;;;;;;;;;
15.04.2021;2917;;1 125;completed;Alexanderthomas33@yandex.ru;15.04.2021;4;2;800.0;325.0;;;4;Фиточай с чабрецом - 4 пакетика;Маття-латте - 1 шт.;Маття-латте - 1 шт.;0;;;;;;;;;;;;;;;;;;;;;;;;;;;;;;;;;;;;;;;;;;;;;;
03.12.2021;2372;;9 075;returned;charlottesmith13@gmail.com;09.03.2021;3;3;3500.0;325.0;4900.0;;12;Омолаживающий барсучий эликсир;Маття-латте - 1 шт.;Омолаживающий барсучий эликсир;350;;;;;;;;;;;;;;;;;;;;;;;;;;;;;;;;;;;;;;;;;;;;;;
09.09.2021;3336;;8 900;completed;isabellajackson88@gmail.com;13.04.2021;4;3;2000.0;2000.0;4900.0;;9;Омолаживающий барсучий эликсир;Омолаживающий барсучий эликсир;Омолаживающий барсучий эликсир;0;;;;;;;;;;;;;;;;;;;;;;;;;;;;;;;;;;;;;;;;;;;;;;
17.03.2021;2347;;6 025;completed;Isabellalopez1987@mail.ru;17.03.2021;3;3;4900.0;325.0;800.0;;3;Омолаживающий барсучий эликсир;Маття-латте - 1 шт.;Фиточай с чабрецом - 4 пакетика;0;;;;;;;;;;;;;;;;;;;;;;;;;;;;;;;;;;;;;;;;;;;;;;
07.01.2022;3138;;7 240;completed;Lucasbrown12@mail.ru;08.07.2021;7;3;3500.0;3500.0;240.0;;13;Омолаживающий барсучий эликсир;Омолаживающий барсучий эликсир;Маття-латте - 1 шт.;0;;;;;;;;;;;;;;;;;;;;;;;;;;;;;;;;;;;;;;;;;;;;;;
09.11.2021;2881;;3 737;completed;Emmawilliams69@mail.ru;09.09.2021;9;3;800.0;587.0;2000.0;;11;Фиточай с чабрецом - 4 пакетика;Фиточай с чабрецом - 4 пакетика;Омолаживающий барсучий эликсир;350;;;;;;;;;;;;;;;;;;;;;;;;;;;;;;;;;;;;;;;;;;;;;;
29.10.2021;3977;;2 015;completed;Avamoore2007@yandex.ru;08.05.2021;5;3;325.0;800.0;890.0;;10;Маття-латте - 1 шт.;Фиточай с чабрецом - 4 пакетика;Фиточай с чабрецом - 4 пакетика;0;;;;;;;;;;;;;;;;;;;;;;;;;;;;;;;;;;;;;;;;;;;;;;
14.02.2022;1805;;5 812;completed;Charlottelopez12@outlook.com;14.02.2022;14;3;587.0;325.0;4900.0;;14;Фиточай с чабрецом - 4 пакетика;Маття-латте - 1 шт.;Омолаживающий барсучий эликсир;0;;;;;;;;;;;;;;;;;;;;;;;;;;;;;;;;;;;;;;;;;;;;;;
28.12.2021;3445;;1 477;completed;Emmaanderson33@mail.ru;23.10.2021;10;2;;587.0;890.0;;12;Маття-латте - 1 шт.;Фиточай с чабрецом - 4 пакетика;Фиточай с чабрецом - 4 пакетика;0;;;;;;;;;;;;;;;;;;;;;;;;;;;;;;;;;;;;;;;;;;;;;;
07.08.2021;1923;;2 490;returned;Emmathomas69@mail.ru;05.06.2021;6;3;240.0;800.0;1100.0;;8;Маття-латте - 1 шт.;Фиточай с чабрецом - 4 пакетика;Маття-латте - 5 шт.;350;;;;;;;;;;;;;;;;;;;;;;;;;;;;;;;;;;;;;;;;;;;;;;
04.12.2021;2330;;6 325;completed;Charlottetaylor1987@yandex.ru;14.04.2021;4;3;325.0;1100.0;4900.0;;12;Маття-латте - 1 шт.;Маття-латте - 5 шт.;Омолаживающий барсучий эликсир;0;;;;;;;;;;;;;;;;;;;;;;;;;;;;;;;;;;;;;;;;;;;;;;
08.03.2021;1386;;3 074;completed;Williamtaylor69@outlook.com;08.03.2021;3;3;1900.0;587.0;587.0;;3;Маття-латте - 5 шт.;Фиточай с чабрецом - 4 пакетика;Фиточай с чабрецом - 4 пакетика;0;;;;;;;;;;;;;;;;;;;;;;;;;;;;;;;;;;;;;;;;;;;;;;
22.03.2021;2384;;3 287;completed;Olivertaylor0@yahoo.com;22.03.2021;3;3;800.0;587.0;1900.0;;3;Фиточай с чабрецом - 4 пакетика;Фиточай с чабрецом - 4 пакетика;Маття-латте - 5 шт.;0;;;;;;;;;;;;;;;;;;;;;;;;;;;;;;;;;;;;;;;;;;;;;;
17.07.2021;1419;;915;completed;Liambrown1993@yandex.ru;17.07.2021;7;2;;325.0;240.0;;7;Маття-латте - 1 шт.;Маття-латте - 1 шт.;Маття-латте - 1 шт.;350;;;;;;;;;;;;;;;;;;;;;;;;;;;;;;;;;;;;;;;;;;;;;;
27.10.2021;1856;;7 590;completed;Sophiamartinez2007@yahoo.com;24.02.2021;2;3;240.0;3500.0;3500.0;;10;Маття-латте - 1 шт.;Омолаживающий барсучий эликсир;Омолаживающий барсучий эликсир;350;;;;;;;;;;;;;;;;;;;;;;;;;;;;;;;;;;;;;;;;;;;;;;
19.10.2021;3231;;5 750;completed;Isabellamoore1993@yahoo.com;26.06.2021;6;3;3500.0;1100.0;800.0;;10;Омолаживающий барсучий эликсир;Маття-латте - 5 шт.;Фиточай с чабрецом - 4 пакетика;350;;;;;;;;;;;;;;;;;;;;;;;;;;;;;;;;;;;;;;;;;;;;;;
26.06.2021;4090;;2 900;completed;Charlottelopez13@yahoo.com;03.06.2021;6;3;325.0;1900.0;325.0;;6;Маття-латте - 1 шт.;Маття-латте - 5 шт.;Маття-латте - 1 шт.;350;;;;;;;;;;;;;;;;;;;;;;;;;;;;;;;;;;;;;;;;;;;;;;
21.06.2021;3034;;6 727;returned;Olivertaylor88@mail.ru;21.06.2021;6;3;4900.0;890.0;587.0;;6;Омолаживающий барсучий эликсир;Фиточай с чабрецом - 4 пакетика;Фиточай с чабрецом - 4 пакетика;350;;;;;;;;;;;;;;;;;;;;;;;;;;;;;;;;;;;;;;;;;;;;;;
28.05.2021;3589;;7 000;completed;Sophiataylor12@outlook.com;28.05.2021;5;2;;3500.0;3500.0;;5;Маття-латте - 1 шт.;Омолаживающий барсучий эликсир;Омолаживающий барсучий эликсир;0;;;;;;;;;;;;;;;;;;;;;;;;;;;;;;;;;;;;;;;;;;;;;;
17.02.2021;2986;;2 675;completed;Lucasanderson66@mail.ru;17.02.2021;2;2;2000.0;325.0;;;2;Омолаживающий барсучий эликсир;Маття-латте - 1 шт.;Маття-латте - 1 шт.;350;;;;;;;;;;;;;;;;;;;;;;;;;;;;;;;;;;;;;;;;;;;;;;
09.08.2021;3234;;2 537;returned;Charlottelopez66@outlook.com;09.08.2021;8;3;800.0;587.0;800.0;;8;Фиточай с чабрецом - 4 пакетика;Фиточай с чабрецом - 4 пакетика;Фиточай с чабрецом - 4 пакетика;350;;;;;;;;;;;;;;;;;;;;;;;;;;;;;;;;;;;;;;;;;;;;;;
24.04.2021;2058;;3 025;completed;Isabellathomas13@outlook.com;24.04.2021;4;3;800.0;325.0;1900.0;;4;Фиточай с чабрецом - 4 пакетика;Маття-латте - 1 шт.;Маття-латте - 5 шт.;0;;;;;;;;;;;;;;;;;;;;;;;;;;;;;;;;;;;;;;;;;;;;;;
06.02.2022;2938;;1 977;completed;Isabellaanderson1993@outlook.com;03.05.2021;5;3;800.0;240.0;587.0;;14;Фиточай с чабрецом - 4 пакетика;Маття-латте - 1 шт.;Фиточай с чабрецом - 4 пакетика;350;;;;;;;;;;;;;;;;;;;;;;;;;;;;;;;;;;;;;;;;;;;;;;
23.11.2021;1990;;1 040;completed;Isabellataylor88@yahoo.com;18.10.2021;10;2;;800.0;240.0;;11;Маття-латте - 1 шт.;Фиточай с чабрецом - 4 пакетика;Маття-латте - 1 шт.;0;;;;;;;;;;;;;;;;;;;;;;;;;;;;;;;;;;;;;;;;;;;;;;
16.02.2021;2155;;2 012;completed;Williamjackson66@yandex.ru;16.02.2021;2;3;587.0;325.0;1100.0;;2;Фиточай с чабрецом - 4 пакетика;Маття-латте - 1 шт.;Маття-латте - 5 шт.;0;;;;;;;;;;;;;;;;;;;;;;;;;;;;;;;;;;;;;;;;;;;;;;
06.06.2021;3974;;7 890;completed;sophiajackson1987@gmail.com;17.05.2021;5;3;3500.0;3500.0;890.0;;6;Омолаживающий барсучий эликсир;Омолаживающий барсучий эликсир;Фиточай с чабрецом - 4 пакетика;0;;;;;;;;;;;;;;;;;;;;;;;;;;;;;;;;;;;;;;;;;;;;;;
21.04.2021;2147;;7 700;returned;Emmathomas12@yandex.ru;18.03.2021;3;3;800.0;4900.0;2000.0;;4;Фиточай с чабрецом - 4 пакетика;Омолаживающий барсучий эликсир;Омолаживающий барсучий эликсир;0;;;;;;;;;;;;;;;;;;;;;;;;;;;;;;;;;;;;;;;;;;;;;;
27.06.2021;1422;;4 412;completed;Sophiabrown88@yahoo.com;27.06.2021;6;3;3500.0;587.0;325.0;;6;Омолаживающий барсучий эликсир;Фиточай с чабрецом - 4 пакетика;Маття-латте - 1 шт.;0;;;;;;;;;;;;;;;;;;;;;;;;;;;;;;;;;;;;;;;;;;;;;;
25.09.2021;1965;;6 090;completed;Charlottejackson1987@yandex.ru;26.07.2021;7;3;3500.0;2000.0;240.0;;9;Омолаживающий барсучий эликсир;Омолаживающий барсучий эликсир;Маття-латте - 1 шт.;350;;;;;;;;;;;;;;;;;;;;;;;;;;;;;;;;;;;;;;;;;;;;;;
10.01.2022;3471;;8 250;completed;williamsmith66@gmail.com;10.01.2022;13;3;1900.0;1100.0;4900.0;;13;Маття-латте - 5 шт.;Маття-латте - 5 шт.;Омолаживающий барсучий эликсир;350;;;;;;;;;;;;;;;;;;;;;;;;;;;;;;;;;;;;;;;;;;;;;;
02.02.2022;3140;;7 300;completed;Emmathomas0@yandex.ru;06.04.2021;4;3;1900.0;1900.0;3500.0;;14;Маття-латте - 5 шт.;Маття-латте - 5 шт.;Омолаживающий барсучий эликсир;0;;;;;;;;;;;;;;;;;;;;;;;;;;;;;;;;;;;;;;;;;;;;;;
18.02.2021;2828;;7 690;completed;Williamanderson12@yandex.ru;18.02.2021;2;3;1900.0;4900.0;890.0;;2;Маття-латте - 5 шт.;Омолаживающий барсучий эликсир;Фиточай с чабрецом - 4 пакетика;0;;;;;;;;;;;;;;;;;;;;;;;;;;;;;;;;;;;;;;;;;;;;;;
22.03.2021;1506;;1 450;completed;Liamlopez69@mail.ru;22.03.2021;3;3;325.0;800.0;325.0;;3;Маття-латте - 1 шт.;Фиточай с чабрецом - 4 пакетика;Маття-латте - 1 шт.;0;;;;;;;;;;;;;;;;;;;;;;;;;;;;;;;;;;;;;;;;;;;;;;
02.11.2021;2573;;4 130;completed;Alexanderlopez66@mail.ru;02.11.2021;11;3;890.0;2000.0;890.0;;11;Фиточай с чабрецом - 4 пакетика;Омолаживающий барсучий эликсир;Фиточай с чабрецом - 4 пакетика;350;;;;;;;;;;;;;;;;;;;;;;;;;;;;;;;;;;;;;;;;;;;;;;
26.04.2021;1299;;3 387;completed;alexanderanderson1987@gmail.com;26.04.2021;4;3;2000.0;587.0;800.0;;4;Омолаживающий барсучий эликсир;Фиточай с чабрецом - 4 пакетика;Фиточай с чабрецом - 4 пакетика;0;;;;;;;;;;;;;;;;;;;;;;;;;;;;;;;;;;;;;;;;;;;;;;
19.05.2021;3833;;5 700;completed;Liamthomas13@mail.ru;19.05.2021;5;2;800.0;4900.0;;;5;Фиточай с чабрецом - 4 пакетика;Омолаживающий барсучий эликсир;Маття-латте - 1 шт.;0;;;;;;;;;;;;;;;;;;;;;;;;;;;;;;;;;;;;;;;;;;;;;;
02.07.2021;4220;;4 037;completed;Charlottebrown2007@outlook.com;02.07.2021;7;3;2000.0;587.0;1100.0;;7;Омолаживающий барсучий эликсир;Фиточай с чабрецом - 4 пакетика;Маття-латте - 5 шт.;350;;;;;;;;;;;;;;;;;;;;;;;;;;;;;;;;;;;;;;;;;;;;;;
27.04.2021;3149;;6 500;completed;Emmalopez12@mail.ru;27.04.2021;4;3;1100.0;1900.0;3500.0;;4;Маття-латте - 5 шт.;Маття-латте - 5 шт.;Омолаживающий барсучий эликсир;0;;;;;;;;;;;;;;;;;;;;;;;;;;;;;;;;;;;;;;;;;;;;;;
11.10.2021;4047;;5 900;completed;Olivermartinez66@mail.ru;11.10.2021;10;3;2000.0;1900.0;2000.0;;10;Омолаживающий барсучий эликсир;Маття-латте - 5 шт.;Омолаживающий барсучий эликсир;0;;;;;;;;;;;;;;;;;;;;;;;;;;;;;;;;;;;;;;;;;;;;;;
26.08.2021;1535;;1 237;returned;Charlottejackson2007@outlook.com;20.03.2021;3;3;587.0;325.0;325.0;;8;Фиточай с чабрецом - 4 пакетика;Маття-латте - 1 шт.;Маття-латте - 1 шт.;0;;;;;;;;;;;;;;;;;;;;;;;;;;;;;;;;;;;;;;;;;;;;;;
01.06.2021;2264;;4 412;completed;Avathomas12@yandex.ru;01.06.2021;6;3;587.0;325.0;3500.0;;6;Фиточай с чабрецом - 4 пакетика;Маття-латте - 1 шт.;Омолаживающий барсучий эликсир;0;;;;;;;;;;;;;;;;;;;;;;;;;;;;;;;;;;;;;;;;;;;;;;
27.07.2021;2628;;5 815;completed;Emmabrown69@outlook.com;27.07.2021;7;3;4900.0;240.0;325.0;;7;Омолаживающий барсучий эликсир;Маття-латте - 1 шт.;Маття-латте - 1 шт.;350;;;;;;;;;;;;;;;;;;;;;;;;;;;;;;;;;;;;;;;;;;;;;;
09.10.2021;4033;;2 012;completed;Isabellabrown0@outlook.com;09.10.2021;10;3;325.0;587.0;1100.0;;10;Маття-латте - 1 шт.;Фиточай с чабрецом - 4 пакетика;Маття-латте - 5 шт.;0;;;;;;;;;;;;;;;;;;;;;;;;;;;;;;;;;;;;;;;;;;;;;;
21.11.2021;3180;;3 240;completed;Lucasanderson1987@mail.ru;04.07.2021;7;3;1100.0;1900.0;240.0;;11;Маття-латте - 5 шт.;Маття-латте - 5 шт.;Маття-латте - 1 шт.;0;;;;;;;;;;;;;;;;;;;;;;;;;;;;;;;;;;;;;;;;;;;;;;
10.12.2021;2590;;2 930;completed;isabellathomas12@gmail.com;22.08.2021;8;3;890.0;800.0;890.0;;12;Фиточай с чабрецом - 4 пакетика;Фиточай с чабрецом - 4 пакетика;Фиточай с чабрецом - 4 пакетика;350;;;;;;;;;;;;;;;;;;;;;;;;;;;;;;;;;;;;;;;;;;;;;;
08.11.2021;2122;;3 890;completed;Lucaslopez88@yahoo.com;08.11.2021;11;3;890.0;1100.0;1900.0;;11;Фиточай с чабрецом - 4 пакетика;Маття-латте - 5 шт.;Маття-латте - 5 шт.;0;;;;;;;;;;;;;;;;;;;;;;;;;;;;;;;;;;;;;;;;;;;;;;
17.03.2021;2316;;4 925;completed;Williamjackson1987@mail.ru;20.02.2021;2;3;325.0;1100.0;3500.0;;3;Маття-латте - 1 шт.;Маття-латте - 5 шт.;Омолаживающий барсучий эликсир;0;;;;;;;;;;;;;;;;;;;;;;;;;;;;;;;;;;;;;;;;;;;;;;
07.04.2021;3100;;4 125;completed;Liamtaylor0@yahoo.com;07.04.2021;4;3;1900.0;1900.0;325.0;;4;Маття-латте - 5 шт.;Маття-латте - 5 шт.;Маття-латте - 1 шт.;0;;;;;;;;;;;;;;;;;;;;;;;;;;;;;;;;;;;;;;;;;;;;;;
09.10.2021;3137;;2 727;completed;Liamtaylor66@yandex.ru;09.10.2021;10;3;1900.0;587.0;240.0;;10;Маття-латте - 5 шт.;Фиточай с чабрецом - 4 пакетика;Маття-латте - 1 шт.;0;;;;;;;;;;;;;;;;;;;;;;;;;;;;;;;;;;;;;;;;;;;;;;
02.05.2021;2321;;5 700;completed;Isabellaanderson33@mail.ru;02.05.2021;5;2;800.0;;4900.0;;5;Фиточай с чабрецом - 4 пакетика;Маття-латте - 1 шт.;Омолаживающий барсучий эликсир;0;;;;;;;;;;;;;;;;;;;;;;;;;;;;;;;;;;;;;;;;;;;;;;
26.01.2022;2034;;1 130;completed;Avaanderson88@outlook.com;03.08.2021;8;2;890.0;240.0;;;13;Фиточай с чабрецом - 4 пакетика;Маття-латте - 1 шт.;Маття-латте - 1 шт.;0;;;;;;;;;;;;;;;;;;;;;;;;;;;;;;;;;;;;;;;;;;;;;;
01.09.2021;2659;;3 215;completed;Liamtaylor1993@yahoo.com;24.07.2021;7;3;2000.0;325.0;890.0;;9;Омолаживающий барсучий эликсир;Маття-латте - 1 шт.;Фиточай с чабрецом - 4 пакетика;0;;;;;;;;;;;;;;;;;;;;;;;;;;;;;;;;;;;;;;;;;;;;;;
29.01.2022;3885;;2 827;completed;lucasthomas66@gmail.com;02.10.2021;10;3;2000.0;587.0;240.0;;13;Омолаживающий барсучий эликсир;Фиточай с чабрецом - 4 пакетика;Маття-латте - 1 шт.;0;;;;;;;;;;;;;;;;;;;;;;;;;;;;;;;;;;;;;;;;;;;;;;
06.08.2021;1596;;5 250;completed;avabrown12@gmail.com;06.08.2021;8;1;4900.0;;;;8;Омолаживающий барсучий эликсир;Маття-латте - 1 шт.;Маття-латте - 1 шт.;350;;;;;;;;;;;;;;;;;;;;;;;;;;;;;;;;;;;;;;;;;;;;;;
09.10.2021;1774;;2 225;returned;alexanderanderson1993@gmail.com;04.05.2021;5;3;1100.0;325.0;800.0;;10;Маття-латте - 5 шт.;Маття-латте - 1 шт.;Фиточай с чабрецом - 4 пакетика;0;;;;;;;;;;;;;;;;;;;;;;;;;;;;;;;;;;;;;;;;;;;;;;
04.05.2021;3053;;587;completed;Oliverthomas13@yandex.ru;04.05.2021;5;1;;587.0;;;5;Маття-латте - 1 шт.;Фиточай с чабрецом - 4 пакетика;Маття-латте - 1 шт.;0;;;;;;;;;;;;;;;;;;;;;;;;;;;;;;;;;;;;;;;;;;;;;;
04.10.2021;2142;;2 365;completed;Charlottemoore12@outlook.com;20.07.2021;7;3;800.0;325.0;890.0;;10;Фиточай с чабрецом - 4 пакетика;Маття-латте - 1 шт.;Фиточай с чабрецом - 4 пакетика;350;;;;;;;;;;;;;;;;;;;;;;;;;;;;;;;;;;;;;;;;;;;;;;
19.12.2021;2668;;1 802;completed;Lucasthomas88@mail.ru;13.09.2021;9;3;325.0;587.0;890.0;;12;Маття-латте - 1 шт.;Фиточай с чабрецом - 4 пакетика;Фиточай с чабрецом - 4 пакетика;0;;;;;;;;;;;;;;;;;;;;;;;;;;;;;;;;;;;;;;;;;;;;;;
19.12.2021;2219;;3 100;completed;Sophiamoore0@yandex.ru;02.06.2021;6;2;2000.0;1100.0;;;12;Омолаживающий барсучий эликсир;Маття-латте - 5 шт.;Маття-латте - 1 шт.;0;;;;;;;;;;;;;;;;;;;;;;;;;;;;;;;;;;;;;;;;;;;;;;
08.05.2021;2235;;4 625;completed;Emmamoore66@mail.ru;08.05.2021;5;3;3500.0;325.0;800.0;;5;Омолаживающий барсучий эликсир;Маття-латте - 1 шт.;Фиточай с чабрецом - 4 пакетика;0;;;;;;;;;;;;;;;;;;;;;;;;;;;;;;;;;;;;;;;;;;;;;;
10.04.2021;2186;;7 750;completed;Charlottemoore1987@mail.ru;10.04.2021;4;3;2000.0;3500.0;1900.0;;4;Омолаживающий барсучий эликсир;Омолаживающий барсучий эликсир;Маття-латте - 5 шт.;350;;;;;;;;;;;;;;;;;;;;;;;;;;;;;;;;;;;;;;;;;;;;;;
28.02.2021;2871;;7 125;completed;Emmasmith2007@yandex.ru;28.02.2021;2;3;4900.0;325.0;1900.0;;2;Омолаживающий барсучий эликсир;Маття-латте - 1 шт.;Маття-латте - 5 шт.;0;;;;;;;;;;;;;;;;;;;;;;;;;;;;;;;;;;;;;;;;;;;;;;
10.11.2021;1532;;2 067;completed;Olivermoore2007@mail.ru;05.10.2021;10;3;240.0;587.0;890.0;;11;Маття-латте - 1 шт.;Фиточай с чабрецом - 4 пакетика;Фиточай с чабрецом - 4 пакетика;350;;;;;;;;;;;;;;;;;;;;;;;;;;;;;;;;;;;;;;;;;;;;;;
14.08.2021;2044;;3 425;completed;Liamwilliams69@outlook.com;14.03.2021;3;3;2000.0;1100.0;325.0;;8;Омолаживающий барсучий эликсир;Маття-латте - 5 шт.;Маття-латте - 1 шт.;0;;;;;;;;;;;;;;;;;;;;;;;;;;;;;;;;;;;;;;;;;;;;;;
22.11.2021;3232;;1 900;completed;Sophiabrown1987@mail.ru;22.11.2021;11;2;1100.0;;800.0;;11;Маття-латте - 5 шт.;Маття-латте - 1 шт.;Фиточай с чабрецом - 4 пакетика;0;;;;;;;;;;;;;;;;;;;;;;;;;;;;;;;;;;;;;;;;;;;;;;
16.10.2021;2695;;6 550;completed;Isabellalopez33@yahoo.com;16.10.2021;10;3;800.0;3500.0;1900.0;;10;Фиточай с чабрецом - 4 пакетика;Омолаживающий барсучий эликсир;Маття-латте - 5 шт.;350;;;;;;;;;;;;;;;;;;;;;;;;;;;;;;;;;;;;;;;;;;;;;;
29.04.2021;2453;;7 240;completed;Emmajackson33@yandex.ru;29.04.2021;4;3;1100.0;890.0;4900.0;;4;Маття-латте - 5 шт.;Фиточай с чабрецом - 4 пакетика;Омолаживающий барсучий эликсир;350;;;;;;;;;;;;;;;;;;;;;;;;;;;;;;;;;;;;;;;;;;;;;;
19.04.2021;2716;;2 440;completed;Williambrown1993@yandex.ru;19.04.2021;4;3;240.0;1100.0;1100.0;;4;Маття-латте - 1 шт.;Маття-латте - 5 шт.;Маття-латте - 5 шт.;0;;;;;;;;;;;;;;;;;;;;;;;;;;;;;;;;;;;;;;;;;;;;;;
06.11.2021;1610;;2 200;completed;Olivermartinez13@mail.ru;06.11.2021;11;2;;1100.0;1100.0;;11;Маття-латте - 1 шт.;Маття-латте - 5 шт.;Маття-латте - 5 шт.;0;;;;;;;;;;;;;;;;;;;;;;;;;;;;;;;;;;;;;;;;;;;;;;
09.04.2021;1653;;1 900;completed;Lucaswilliams1987@mail.ru;09.04.2021;4;2;1100.0;800.0;;;4;Маття-латте - 5 шт.;Фиточай с чабрецом - 4 пакетика;Маття-латте - 1 шт.;0;;;;;;;;;;;;;;;;;;;;;;;;;;;;;;;;;;;;;;;;;;;;;;
15.09.2021;4200;;805;completed;Isabellamartinez1993@mail.ru;15.09.2021;9;3;325.0;240.0;240.0;;9;Маття-латте - 1 шт.;Маття-латте - 1 шт.;Маття-латте - 1 шт.;0;;;;;;;;;;;;;;;;;;;;;;;;;;;;;;;;;;;;;;;;;;;;;;
29.10.2021;1454;;5 837;completed;sophiajackson0@yahoo.com;29.10.2021;10;2;;587.0;4900.0;;10;Маття-латте - 1 шт.;Фиточай с чабрецом - 4 пакетика;Омолаживающий барсучий эликсир;350;;;;;;;;;;;;;;;;;;;;;;;;;;;;;;;;;;;;;;;;;;;;;;
05.11.2021;4092;;1 890;completed;Alexanderwilliams12@gmail.com;05.11.2021;11;3;325.0;325.0;890.0;;11;Маття-латте - 1 шт.;Маття-латте - 1 шт.;Фиточай с чабрецом - 4 пакетика;350;;;;;;;;;;;;;;;;;;;;;;;;;;;;;;;;;;;;;;;;;;;;;;
29.04.2021;2838;;1 712;completed;Alexandermartinez0@mail.ru;29.04.2021;4;3;587.0;325.0;800.0;;4;Фиточай с чабрецом - 4 пакетика;Маття-латте - 1 шт.;Фиточай с чабрецом - 4 пакетика;0;;;;;;;;;;;;;;;;;;;;;;;;;;;;;;;;;;;;;;;;;;;;;;
25.04.2021;2953;;1 690;completed;Oliverlopez66@yandex.ru;25.04.2021;4;2;;1100.0;240.0;;4;Маття-латте - 1 шт.;Маття-латте - 5 шт.;Маття-латте - 1 шт.;350;;;;;;;;;;;;;;;;;;;;;;;;;;;;;;;;;;;;;;;;;;;;;;
17.07.2021;2535;;10 650;completed;Alexandermartinez33@yahoo.com;17.03.2021;3;3;3500.0;1900.0;4900.0;;7;Омолаживающий барсучий эликсир;Маття-латте - 5 шт.;Омолаживающий барсучий эликсир;350;;;;;;;;;;;;;;;;;;;;;;;;;;;;;;;;;;;;;;;;;;;;;;
23.12.2021;1390;;9 500;completed;Isabellajackson13@outlook.com;08.08.2021;8;3;3500.0;1100.0;4900.0;;12;Омолаживающий барсучий эликсир;Маття-латте - 5 шт.;Омолаживающий барсучий эликсир;0;;;;;;;;;;;;;;;;;;;;;;;;;;;;;;;;;;;;;;;;;;;;;;
28.10.2021;1603;;6 500;completed;Charlottesmith1987@yandex.ru;04.08.2021;8;3;3500.0;1900.0;1100.0;;10;Омолаживающий барсучий эликсир;Маття-латте - 5 шт.;Маття-латте - 5 шт.;0;;;;;;;;;;;;;;;;;;;;;;;;;;;;;;;;;;;;;;;;;;;;;;
01.07.2021;2008;;5 190;completed;olivermoore33@gmail.com;01.07.2021;7;3;240.0;1100.0;3500.0;;7;Маття-латте - 1 шт.;Маття-латте - 5 шт.;Омолаживающий барсучий эликсир;350;;;;;;;;;;;;;;;;;;;;;;;;;;;;;;;;;;;;;;;;;;;;;;
25.12.2021;3583;;5 750;completed;Olivermoore12@yahoo.com;04.04.2021;4;2;3500.0;1900.0;;;12;Омолаживающий барсучий эликсир;Маття-латте - 5 шт.;Маття-латте - 1 шт.;350;;;;;;;;;;;;;;;;;;;;;;;;;;;;;;;;;;;;;;;;;;;;;;
09.03.2021;4108;;1 370;completed;emmawilliams0@gmail.com;09.03.2021;3;3;890.0;240.0;240.0;;3;Фиточай с чабрецом - 4 пакетика;Маття-латте - 1 шт.;Маття-латте - 1 шт.;0;;;;;;;;;;;;;;;;;;;;;;;;;;;;;;;;;;;;;;;;;;;;;;
08.11.2021;2795;;2 340;completed;Sophiamoore1987@mail.ru;27.07.2021;7;2;;1100.0;890.0;;11;Маття-латте - 1 шт.;Маття-латте - 5 шт.;Фиточай с чабрецом - 4 пакетика;350;;;;;;;;;;;;;;;;;;;;;;;;;;;;;;;;;;;;;;;;;;;;;;
22.03.2021;2539;;3 687;completed;Oliverwilliams13@yahoo.com;22.03.2021;3;3;1100.0;587.0;2000.0;;3;Маття-латте - 5 шт.;Фиточай с чабрецом - 4 пакетика;Омолаживающий барсучий эликсир;0;;;;;;;;;;;;;;;;;;;;;;;;;;;;;;;;;;;;;;;;;;;;;;
02.01.2022;2163;;6 377;completed;oliverthomas2007@gmail.com;27.03.2021;3;3;587.0;890.0;4900.0;;13;Фиточай с чабрецом - 4 пакетика;Фиточай с чабрецом - 4 пакетика;Омолаживающий барсучий эликсир;0;;;;;;;;;;;;;;;;;;;;;;;;;;;;;;;;;;;;;;;;;;;;;;
08.02.2022;3678;;5 275;completed;Lucaslopez0@outlook.com;01.08.2021;8;3;3500.0;325.0;1100.0;;14;Омолаживающий барсучий эликсир;Маття-латте - 1 шт.;Маття-латте - 5 шт.;350;;;;;;;;;;;;;;;;;;;;;;;;;;;;;;;;;;;;;;;;;;;;;;
26.02.2021;3736;;3 340;completed;Charlottewilliams69@outlook.com;26.02.2021;2;3;2000.0;1100.0;240.0;;2;Омолаживающий барсучий эликсир;Маття-латте - 5 шт.;Маття-латте - 1 шт.;0;;;;;;;;;;;;;;;;;;;;;;;;;;;;;;;;;;;;;;;;;;;;;;
07.01.2022;1435;;5 725;returned;Emmabrown0@yandex.ru;26.11.2021;11;3;325.0;3500.0;1900.0;;13;Маття-латте - 1 шт.;Омолаживающий барсучий эликсир;Маття-латте - 5 шт.;0;;;;;;;;;;;;;;;;;;;;;;;;;;;;;;;;;;;;;;;;;;;;;;
25.08.2021;1691;;3 680;completed;Williamjackson12@yahoo.com;31.07.2021;7;3;890.0;890.0;1900.0;;8;Фиточай с чабрецом - 4 пакетика;Фиточай с чабрецом - 4 пакетика;Маття-латте - 5 шт.;0;;;;;;;;;;;;;;;;;;;;;;;;;;;;;;;;;;;;;;;;;;;;;;
11.02.2022;3282;;5 490;completed;Charlotteanderson66@gmail.com;27.04.2021;4;3;890.0;1100.0;3500.0;;14;Фиточай с чабрецом - 4 пакетика;Маття-латте - 5 шт.;Омолаживающий барсучий эликсир;0;;;;;;;;;;;;;;;;;;;;;;;;;;;;;;;;;;;;;;;;;;;;;;
18.08.2021;1813;;2 790;completed;Emmasmith69@outlook.com;18.08.2021;8;2;890.0;;1900.0;;8;Фиточай с чабрецом - 4 пакетика;Маття-латте - 1 шт.;Маття-латте - 5 шт.;0;;;;;;;;;;;;;;;;;;;;;;;;;;;;;;;;;;;;;;;;;;;;;;
11.05.2021;1703;;10 600;completed;Charlotteanderson0@yandex.ru;11.05.2021;5;3;800.0;4900.0;4900.0;;5;Фиточай с чабрецом - 4 пакетика;Омолаживающий барсучий эликсир;Омолаживающий барсучий эликсир;0;;;;;;;;;;;;;;;;;;;;;;;;;;;;;;;;;;;;;;;;;;;;;;
22.05.2021;1807;;4 900;completed;Oliverlopez12@outlook.com;19.03.2021;3;3;1900.0;1900.0;1100.0;;5;Маття-латте - 5 шт.;Маття-латте - 5 шт.;Маття-латте - 5 шт.;0;;;;;;;;;;;;;;;;;;;;;;;;;;;;;;;;;;;;;;;;;;;;;;
30.05.2021;3194;;3 137;completed;liammartinez88@gmail.com;30.05.2021;5;3;1100.0;587.0;1100.0;;5;Маття-латте - 5 шт.;Фиточай с чабрецом - 4 пакетика;Маття-латте - 5 шт.;350;;;;;;;;;;;;;;;;;;;;;;;;;;;;;;;;;;;;;;;;;;;;;;
27.06.2021;4022;;6 390;completed;sophiamartinez0@gmail.com;27.06.2021;6;3;2000.0;3500.0;890.0;;6;Омолаживающий барсучий эликсир;Омолаживающий барсучий эликсир;Фиточай с чабрецом - 4 пакетика;0;;;;;;;;;;;;;;;;;;;;;;;;;;;;;;;;;;;;;;;;;;;;;;
13.06.2021;3638;;5 225;completed;williamthomas1993@gmail.com;13.06.2021;6;2;325.0;4900.0;;;6;Маття-латте - 1 шт.;Омолаживающий барсучий эликсир;Маття-латте - 1 шт.;0;;;;;;;;;;;;;;;;;;;;;;;;;;;;;;;;;;;;;;;;;;;;;;
31.07.2021;2971;;3 424;completed;Sophiabrown13@mail.ru;31.07.2021;7;3;587.0;1900.0;587.0;;7;Фиточай с чабрецом - 4 пакетика;Маття-латте - 5 шт.;Фиточай с чабрецом - 4 пакетика;350;;;;;;;;;;;;;;;;;;;;;;;;;;;;;;;;;;;;;;;;;;;;;;
24.10.2021;2599;;3 477;completed;Isabellajackson2007@mail.ru;30.08.2021;8;3;890.0;587.0;2000.0;;10;Фиточай с чабрецом - 4 пакетика;Фиточай с чабрецом - 4 пакетика;Омолаживающий барсучий эликсир;0;;;;;;;;;;;;;;;;;;;;;;;;;;;;;;;;;;;;;;;;;;;;;;
24.10.2021;4128;;2 465;completed;Alexandermoore69@yandex.ru;24.10.2021;10;3;240.0;325.0;1900.0;;10;Маття-латте - 1 шт.;Маття-латте - 1 шт.;Маття-латте - 5 шт.;0;;;;;;;;;;;;;;;;;;;;;;;;;;;;;;;;;;;;;;;;;;;;;;
14.09.2021;2181;;1 717;completed;liamsmith1987@gmail.com;01.09.2021;9;3;240.0;587.0;890.0;;9;Маття-латте - 1 шт.;Фиточай с чабрецом - 4 пакетика;Фиточай с чабрецом - 4 пакетика;0;;;;;;;;;;;;;;;;;;;;;;;;;;;;;;;;;;;;;;;;;;;;;;
18.04.2021;2829;;5 487;returned;Olivertaylor1987@mail.ru;18.04.2021;4;2;587.0;;4900.0;;4;Фиточай с чабрецом - 4 пакетика;Маття-латте - 1 шт.;Омолаживающий барсучий эликсир;0;;;;;;;;;;;;;;;;;;;;;;;;;;;;;;;;;;;;;;;;;;;;;;
15.01.2022;2625;;2 800;completed;Williamwilliams12@yahoo.com;16.07.2021;7;2;;800.0;2000.0;;13;Маття-латте - 1 шт.;Фиточай с чабрецом - 4 пакетика;Омолаживающий барсучий эликсир;0;;;;;;;;;;;;;;;;;;;;;;;;;;;;;;;;;;;;;;;;;;;;;;
19.08.2021;2297;;2 187;returned;Liamanderson88@outlook.com;09.05.2021;5;3;800.0;800.0;587.0;;8;Фиточай с чабрецом - 4 пакетика;Фиточай с чабрецом - 4 пакетика;Фиточай с чабрецом - 4 пакетика;0;;;;;;;;;;;;;;;;;;;;;;;;;;;;;;;;;;;;;;;;;;;;;;
14.02.2022;2781;;3 215;completed;Isabellataylor1987@mail.ru;12.05.2021;5;3;2000.0;890.0;325.0;;14;Омолаживающий барсучий эликсир;Фиточай с чабрецом - 4 пакетика;Маття-латте - 1 шт.;0;;;;;;;;;;;;;;;;;;;;;;;;;;;;;;;;;;;;;;;;;;;;;;
07.07.2021;2200;;4 630;completed;Charlotteanderson1993@yahoo.com;20.05.2021;5;3;240.0;3500.0;890.0;;7;Маття-латте - 1 шт.;Омолаживающий барсучий эликсир;Фиточай с чабрецом - 4 пакетика;0;;;;;;;;;;;;;;;;;;;;;;;;;;;;;;;;;;;;;;;;;;;;;;
26.04.2021;2098;;3 380;completed;Liamjackson66@mail.ru;03.04.2021;4;3;890.0;1900.0;240.0;;4;Фиточай с чабрецом - 4 пакетика;Маття-латте - 5 шт.;Маття-латте - 1 шт.;350;;;;;;;;;;;;;;;;;;;;;;;;;;;;;;;;;;;;;;;;;;;;;;
10.05.2021;3059;;5 380;completed;liamtaylor88@gmail.com;14.03.2021;3;3;240.0;4900.0;240.0;;5;Маття-латте - 1 шт.;Омолаживающий барсучий эликсир;Маття-латте - 1 шт.;0;;;;;;;;;;;;;;;;;;;;;;;;;;;;;;;;;;;;;;;;;;;;;;
01.04.2021;2487;;3 040;completed;Isabellamartinez33@mail.ru;01.04.2021;4;3;2000.0;800.0;240.0;;4;Омолаживающий барсучий эликсир;Фиточай с чабрецом - 4 пакетика;Маття-латте - 1 шт.;0;;;;;;;;;;;;;;;;;;;;;;;;;;;;;;;;;;;;;;;;;;;;;;
02.06.2021;3037;;3 737;completed;Williamwilliams0@mail.ru;02.06.2021;6;3;587.0;800.0;2000.0;;6;Фиточай с чабрецом - 4 пакетика;Фиточай с чабрецом - 4 пакетика;Омолаживающий барсучий эликсир;350;;;;;;;;;;;;;;;;;;;;;;;;;;;;;;;;;;;;;;;;;;;;;;
12.02.2022;2386;;3 990;completed;Lucasanderson88@outlook.com;12.02.2022;14;3;890.0;1100.0;2000.0;;14;Фиточай с чабрецом - 4 пакетика;Маття-латте - 5 шт.;Омолаживающий барсучий эликсир;0;;;;;;;;;;;;;;;;;;;;;;;;;;;;;;;;;;;;;;;;;;;;;;
15.06.2021;2337;;4 600;completed;Williamlopez2007@yandex.ru;15.06.2021;6;3;1900.0;800.0;1900.0;;6;Маття-латте - 5 шт.;Фиточай с чабрецом - 4 пакетика;Маття-латте - 5 шт.;0;;;;;;;;;;;;;;;;;;;;;;;;;;;;;;;;;;;;;;;;;;;;;;
04.04.2021;2074;;8 250;completed;Avasmith12@yahoo.com;04.04.2021;4;3;1100.0;4900.0;1900.0;;4;Маття-латте - 5 шт.;Омолаживающий барсучий эликсир;Маття-латте - 5 шт.;350;;;;;;;;;;;;;;;;;;;;;;;;;;;;;;;;;;;;;;;;;;;;;;
25.01.2022;1655;;3 387;completed;Charlottemartinez2007@yandex.ru;30.08.2021;8;3;800.0;2000.0;587.0;;13;Фиточай с чабрецом - 4 пакетика;Омолаживающий барсучий эликсир;Фиточай с чабрецом - 4 пакетика;0;;;;;;;;;;;;;;;;;;;;;;;;;;;;;;;;;;;;;;;;;;;;;;
08.01.2022;2685;;7 250;completed;sophiawilliams2007@gmail.com;08.01.2022;13;2;2000.0;;4900.0;;13;Омолаживающий барсучий эликсир;Маття-латте - 1 шт.;Омолаживающий барсучий эликсир;350;;;;;;;;;;;;;;;;;;;;;;;;;;;;;;;;;;;;;;;;;;;;;;
30.05.2021;1967;;4 762;completed;Avamartinez13@yahoo.com;30.05.2021;5;3;587.0;3500.0;325.0;;5;Фиточай с чабрецом - 4 пакетика;Омолаживающий барсучий эликсир;Маття-латте - 1 шт.;350;;;;;;;;;;;;;;;;;;;;;;;;;;;;;;;;;;;;;;;;;;;;;;
10.04.2021;1606;;2 012;completed;Williamtaylor12@yahoo.com;10.04.2021;4;3;1100.0;587.0;325.0;;4;Маття-латте - 5 шт.;Фиточай с чабрецом - 4 пакетика;Маття-латте - 1 шт.;0;;;;;;;;;;;;;;;;;;;;;;;;;;;;;;;;;;;;;;;;;;;;;;
08.12.2021;3783;;2 440;returned;Charlottebrown12@yahoo.com;07.04.2021;4;3;1100.0;1100.0;240.0;;12;Маття-латте - 5 шт.;Маття-латте - 5 шт.;Маття-латте - 1 шт.;0;;;;;;;;;;;;;;;;;;;;;;;;;;;;;;;;;;;;;;;;;;;;;;
01.11.2021;4151;;3 687;returned;alexanderanderson1987@gmail.com;23.08.2021;8;3;587.0;2000.0;1100.0;;11;Фиточай с чабрецом - 4 пакетика;Омолаживающий барсучий эликсир;Маття-латте - 5 шт.;0;;;;;;;;;;;;;;;;;;;;;;;;;;;;;;;;;;;;;;;;;;;;;;
03.09.2021;1703;;8 000;completed;Charlotteanderson0@yandex.ru;11.05.2021;5;3;1100.0;4900.0;2000.0;;9;Маття-латте - 5 шт.;Омолаживающий барсучий эликсир;Омолаживающий барсучий эликсир;0;;;;;;;;;;;;;;;;;;;;;;;;;;;;;;;;;;;;;;;;;;;;;;
01.02.2022;3107;;8 987;completed;emmaanderson12@gmail.com;17.10.2021;10;3;587.0;3500.0;4900.0;;14;Фиточай с чабрецом - 4 пакетика;Омолаживающий барсучий эликсир;Омолаживающий барсучий эликсир;0;;;;;;;;;;;;;;;;;;;;;;;;;;;;;;;;;;;;;;;;;;;;;;
13.12.2021;2551;;587;returned;Oliverjackson2007@yandex.ru;13.12.2021;12;1;;587.0;;;12;Маття-латте - 1 шт.;Фиточай с чабрецом - 4 пакетика;Маття-латте - 1 шт.;0;;;;;;;;;;;;;;;;;;;;;;;;;;;;;;;;;;;;;;;;;;;;;;
07.03.2021;3413;;3 900;completed;Sophiamartinez2007@mail.ru;07.03.2021;3;3;800.0;2000.0;1100.0;;3;Фиточай с чабрецом - 4 пакетика;Омолаживающий барсучий эликсир;Маття-латте - 5 шт.;0;;;;;;;;;;;;;;;;;;;;;;;;;;;;;;;;;;;;;;;;;;;;;;
08.01.2022;2073;;1 152;completed;Charlotteanderson2007@mail.ru;08.01.2022;13;3;325.0;240.0;587.0;;13;Маття-латте - 1 шт.;Маття-латте - 1 шт.;Фиточай с чабрецом - 4 пакетика;0;;;;;;;;;;;;;;;;;;;;;;;;;;;;;;;;;;;;;;;;;;;;;;
21.11.2021;2794;;10 125;completed;williamanderson69@gmail.com;11.06.2021;6;3;325.0;4900.0;4900.0;;11;Маття-латте - 1 шт.;Омолаживающий барсучий эликсир;Омолаживающий барсучий эликсир;0;;;;;;;;;;;;;;;;;;;;;;;;;;;;;;;;;;;;;;;;;;;;;;
05.06.2021;2519;;3 140;completed;Lucasjackson12@yahoo.com;05.06.2021;6;2;1900.0;890.0;;;6;Маття-латте - 5 шт.;Фиточай с чабрецом - 4 пакетика;Маття-латте - 1 шт.;350;;;;;;;;;;;;;;;;;;;;;;;;;;;;;;;;;;;;;;;;;;;;;;
22.01.2022;2283;;1 425;completed;Alexandersmith0@mail.ru;02.03.2021;3;2;325.0;1100.0;;;13;Маття-латте - 1 шт.;Маття-латте - 5 шт.;Маття-латте - 1 шт.;0;;;;;;;;;;;;;;;;;;;;;;;;;;;;;;;;;;;;;;;;;;;;;;
18.12.2021;3712;;4 625;completed;Avathomas33@yandex.ru;18.12.2021;12;3;800.0;3500.0;325.0;;12;Фиточай с чабрецом - 4 пакетика;Омолаживающий барсучий эликсир;Маття-латте - 1 шт.;0;;;;;;;;;;;;;;;;;;;;;;;;;;;;;;;;;;;;;;;;;;;;;;
27.10.2021;2787;;7 150;completed;Lucasanderson1993@mail.ru;27.10.2021;10;3;4900.0;1100.0;800.0;;10;Омолаживающий барсучий эликсир;Маття-латте - 5 шт.;Фиточай с чабрецом - 4 пакетика;350;;;;;;;;;;;;;;;;;;;;;;;;;;;;;;;;;;;;;;;;;;;;;;
28.12.2021;2076;;1 174;completed;Charlottesmith13@yandex.ru;23.02.2021;2;2;;587.0;587.0;;12;Маття-латте - 1 шт.;Фиточай с чабрецом - 4 пакетика;Фиточай с чабрецом - 4 пакетика;0;;;;;;;;;;;;;;;;;;;;;;;;;;;;;;;;;;;;;;;;;;;;;;
27.01.2022;1779;;3 890;returned;olivermartinez1987@gmail.com;16.07.2021;7;3;890.0;1100.0;1900.0;;13;Фиточай с чабрецом - 4 пакетика;Маття-латте - 5 шт.;Маття-латте - 5 шт.;0;;;;;;;;;;;;;;;;;;;;;;;;;;;;;;;;;;;;;;;;;;;;;;
01.03.2021;1855;;6 590;completed;Emmawilliams1987@mail.ru;01.03.2021;3;3;4900.0;240.0;1100.0;;3;Омолаживающий барсучий эликсир;Маття-латте - 1 шт.;Маття-латте - 5 шт.;350;;;;;;;;;;;;;;;;;;;;;;;;;;;;;;;;;;;;;;;;;;;;;;
05.09.2021;4178;;3 162;completed;Isabellaanderson69@yahoo.com;12.03.2021;3;3;1900.0;587.0;325.0;;9;Маття-латте - 5 шт.;Фиточай с чабрецом - 4 пакетика;Маття-латте - 1 шт.;350;;;;;;;;;;;;;;;;;;;;;;;;;;;;;;;;;;;;;;;;;;;;;;
07.12.2021;2242;;5 700;completed;Charlottejackson2007@yahoo.com;07.12.2021;12;3;1100.0;1100.0;3500.0;;12;Маття-латте - 5 шт.;Маття-латте - 5 шт.;Омолаживающий барсучий эликсир;0;;;;;;;;;;;;;;;;;;;;;;;;;;;;;;;;;;;;;;;;;;;;;;
29.03.2021;4050;;1 715;completed;Olivertaylor69@outlook.com;29.03.2021;3;3;800.0;325.0;240.0;;3;Фиточай с чабрецом - 4 пакетика;Маття-латте - 1 шт.;Маття-латте - 1 шт.;350;;;;;;;;;;;;;;;;;;;;;;;;;;;;;;;;;;;;;;;;;;;;;;
01.07.2021;3632;;2 575;completed;Isabellabrown88@yandex.ru;01.07.2021;7;3;1100.0;800.0;325.0;;7;Маття-латте - 5 шт.;Фиточай с чабрецом - 4 пакетика;Маття-латте - 1 шт.;350;;;;;;;;;;;;;;;;;;;;;;;;;;;;;;;;;;;;;;;;;;;;;;
14.05.2021;2972;;565;completed;oliveranderson66@gmail.com;06.04.2021;4;2;;325.0;240.0;;5;Маття-латте - 1 шт.;Маття-латте - 1 шт.;Маття-латте - 1 шт.;0;;;;;;;;;;;;;;;;;;;;;;;;;;;;;;;;;;;;;;;;;;;;;;
04.09.2021;3788;;3 262;returned;Oliverthomas12@yahoo.com;28.05.2021;5;3;587.0;2000.0;325.0;;9;Фиточай с чабрецом - 4 пакетика;Омолаживающий барсучий эликсир;Маття-латте - 1 шт.;350;;;;;;;;;;;;;;;;;;;;;;;;;;;;;;;;;;;;;;;;;;;;;;
02.09.2021;2271;;5 640;completed;Olivermoore88@yahoo.com;12.03.2021;3;3;1900.0;3500.0;240.0;;9;Маття-латте - 5 шт.;Омолаживающий барсучий эликсир;Маття-латте - 1 шт.;0;;;;;;;;;;;;;;;;;;;;;;;;;;;;;;;;;;;;;;;;;;;;;;
28.05.2021;2517;;3 425;completed;lucaslopez2007@gmail.com;17.04.2021;4;3;1100.0;325.0;2000.0;;5;Маття-латте - 5 шт.;Маття-латте - 1 шт.;Омолаживающий барсучий эликсир;0;;;;;;;;;;;;;;;;;;;;;;;;;;;;;;;;;;;;;;;;;;;;;;
30.03.2021;2619;;1 390;completed;Avamartinez0@yandex.ru;30.03.2021;3;2;800.0;;240.0;;3;Фиточай с чабрецом - 4 пакетика;Маття-латте - 1 шт.;Маття-латте - 1 шт.;350;;;;;;;;;;;;;;;;;;;;;;;;;;;;;;;;;;;;;;;;;;;;;;
19.12.2021;3990;;3 290;completed;liambrown33@gmail.com;21.04.2021;4;3;240.0;1900.0;800.0;;12;Маття-латте - 1 шт.;Маття-латте - 5 шт.;Фиточай с чабрецом - 4 пакетика;350;;;;;;;;;;;;;;;;;;;;;;;;;;;;;;;;;;;;;;;;;;;;;;
21.08.2021;3257;;1 827;completed;Liamanderson66@yandex.ru;16.04.2021;4;2;890.0;;587.0;;8;Фиточай с чабрецом - 4 пакетика;Маття-латте - 1 шт.;Фиточай с чабрецом - 4 пакетика;350;;;;;;;;;;;;;;;;;;;;;;;;;;;;;;;;;;;;;;;;;;;;;;
04.05.2021;3976;;1 930;returned;Liamsmith12@mail.ru;04.05.2021;5;3;890.0;240.0;800.0;;5;Фиточай с чабрецом - 4 пакетика;Маття-латте - 1 шт.;Фиточай с чабрецом - 4 пакетика;0;;;;;;;;;;;;;;;;;;;;;;;;;;;;;;;;;;;;;;;;;;;;;;
27.10.2021;2609;;5 400;completed;Avathomas0@yahoo.com;12.03.2021;3;2;;3500.0;1900.0;;10;Маття-латте - 1 шт.;Омолаживающий барсучий эликсир;Маття-латте - 5 шт.;0;;;;;;;;;;;;;;;;;;;;;;;;;;;;;;;;;;;;;;;;;;;;;;
06.03.2021;1931;;2 880;returned;Sophiasmith2007@outlook.com;06.03.2021;3;3;890.0;890.0;1100.0;;3;Фиточай с чабрецом - 4 пакетика;Фиточай с чабрецом - 4 пакетика;Маття-латте - 5 шт.;0;;;;;;;;;;;;;;;;;;;;;;;;;;;;;;;;;;;;;;;;;;;;;;
22.12.2021;3187;;7 490;completed;emmamoore88@outlook.com;08.04.2021;4;3;4900.0;240.0;2000.0;;12;Омолаживающий барсучий эликсир;Маття-латте - 1 шт.;Омолаживающий барсучий эликсир;350;;;;;;;;;;;;;;;;;;;;;;;;;;;;;;;;;;;;;;;;;;;;;;
10.09.2021;2741;;2 067;completed;Sophiajackson13@mail.ru;13.03.2021;3;3;240.0;587.0;890.0;;9;Маття-латте - 1 шт.;Фиточай с чабрецом - 4 пакетика;Фиточай с чабрецом - 4 пакетика;350;;;;;;;;;;;;;;;;;;;;;;;;;;;;;;;;;;;;;;;;;;;;;;
18.12.2021;2033;;10 650;completed;Lucasmoore69@yandex.ru;04.04.2021;4;3;1900.0;3500.0;4900.0;;12;Маття-латте - 5 шт.;Омолаживающий барсучий эликсир;Омолаживающий барсучий эликсир;350;;;;;;;;;;;;;;;;;;;;;;;;;;;;;;;;;;;;;;;;;;;;;;
18.08.2021;3301;;6 337;completed;Liamthomas13@mail.ru;18.08.2021;8;3;1900.0;587.0;3500.0;;8;Маття-латте - 5 шт.;Фиточай с чабрецом - 4 пакетика;Омолаживающий барсучий эликсир;350;;;;;;;;;;;;;;;;;;;;;;;;;;;;;;;;;;;;;;;;;;;;;;
04.02.2022;3701;;6 940;returned;Charlottebrown33@mail.ru;04.02.2022;14;3;4900.0;890.0;800.0;;14;Омолаживающий барсучий эликсир;Фиточай с чабрецом - 4 пакетика;Фиточай с чабрецом - 4 пакетика;350;;;;;;;;;;;;;;;;;;;;;;;;;;;;;;;;;;;;;;;;;;;;;;
07.05.2021;3474;;1 900;completed;Oliverthomas69@yahoo.com;07.05.2021;5;1;1900.0;;;;5;Маття-латте - 5 шт.;Маття-латте - 1 шт.;Маття-латте - 1 шт.;0;;;;;;;;;;;;;;;;;;;;;;;;;;;;;;;;;;;;;;;;;;;;;;
19.01.2022;2966;;3 377;completed;oliveranderson2007@gmail.com;31.03.2021;3;3;587.0;1900.0;890.0;;13;Фиточай с чабрецом - 4 пакетика;Маття-латте - 5 шт.;Фиточай с чабрецом - 4 пакетика;0;;;;;;;;;;;;;;;;;;;;;;;;;;;;;;;;;;;;;;;;;;;;;;
18.02.2021;2970;;1 425;completed;Alexandermartinez12@mail.ru;18.02.2021;2;2;325.0;1100.0;;;2;Маття-латте - 1 шт.;Маття-латте - 5 шт.;Маття-латте - 1 шт.;0;;;;;;;;;;;;;;;;;;;;;;;;;;;;;;;;;;;;;;;;;;;;;;
08.05.2021;1494;;6 140;completed;Charlottemartinez69@gmail.com;30.03.2021;3;2;;4900.0;890.0;;5;Маття-латте - 1 шт.;Омолаживающий барсучий эликсир;Фиточай с чабрецом - 4 пакетика;350;;;;;;;;;;;;;;;;;;;;;;;;;;;;;;;;;;;;;;;;;;;;;;
06.02.2022;2730;;3 477;completed;williamjackson33@gmail.com;11.10.2021;10;3;587.0;890.0;2000.0;;14;Фиточай с чабрецом - 4 пакетика;Фиточай с чабрецом - 4 пакетика;Омолаживающий барсучий эликсир;0;;;;;;;;;;;;;;;;;;;;;;;;;;;;;;;;;;;;;;;;;;;;;;
22.04.2021;3103;;1 174;completed;liamwilliams13@gmail.com;22.04.2021;4;2;587.0;;587.0;;4;Фиточай с чабрецом - 4 пакетика;Маття-латте - 1 шт.;Фиточай с чабрецом - 4 пакетика;0;;;;;;;;;;;;;;;;;;;;;;;;;;;;;;;;;;;;;;;;;;;;;;
18.02.2021;3325;;1 152;returned;Alexandermartinez69@yahoo.com;18.02.2021;2;3;587.0;325.0;240.0;;2;Фиточай с чабрецом - 4 пакетика;Маття-латте - 1 шт.;Маття-латте - 1 шт.;0;;;;;;;;;;;;;;;;;;;;;;;;;;;;;;;;;;;;;;;;;;;;;;
17.11.2021;3554;;7 700;completed;Emmamoore12@outlook.com;17.11.2021;11;3;2000.0;800.0;4900.0;;11;Омолаживающий барсучий эликсир;Фиточай с чабрецом - 4 пакетика;Омолаживающий барсучий эликсир;0;;;;;;;;;;;;;;;;;;;;;;;;;;;;;;;;;;;;;;;;;;;;;;
08.07.2021;4099;;2 315;completed;Isabellawilliams66@outlook.com;14.05.2021;5;3;1100.0;890.0;325.0;;7;Маття-латте - 5 шт.;Фиточай с чабрецом - 4 пакетика;Маття-латте - 1 шт.;0;;;;;;;;;;;;;;;;;;;;;;;;;;;;;;;;;;;;;;;;;;;;;;
11.12.2021;3261;;6 240;completed;Avasmith13@outlook.com;11.12.2021;12;3;4900.0;1100.0;240.0;;12;Омолаживающий барсучий эликсир;Маття-латте - 5 шт.;Маття-латте - 1 шт.;0;;;;;;;;;;;;;;;;;;;;;;;;;;;;;;;;;;;;;;;;;;;;;;
26.07.2021;1369;;3 690;returned;Avamartinez1987@mail.ru;26.07.2021;7;3;240.0;1100.0;2000.0;;7;Маття-латте - 1 шт.;Маття-латте - 5 шт.;Омолаживающий барсучий эликсир;350;;;;;;;;;;;;;;;;;;;;;;;;;;;;;;;;;;;;;;;;;;;;;;
28.07.2021;2231;;5 465;completed;Isabellabrown33@outlook.com;28.07.2021;7;3;325.0;4900.0;240.0;;7;Маття-латте - 1 шт.;Омолаживающий барсучий эликсир;Маття-латте - 1 шт.;0;;;;;;;;;;;;;;;;;;;;;;;;;;;;;;;;;;;;;;;;;;;;;;
17.07.2021;2245;;2 577;completed;emmathomas69@gmail.com;29.04.2021;4;3;1100.0;587.0;890.0;;7;Маття-латте - 5 шт.;Фиточай с чабрецом - 4 пакетика;Фиточай с чабрецом - 4 пакетика;0;;;;;;;;;;;;;;;;;;;;;;;;;;;;;;;;;;;;;;;;;;;;;;
22.06.2021;3101;;6 850;completed;Lucasthomas12@yandex.ru;01.06.2021;6;3;1900.0;1100.0;3500.0;;6;Маття-латте - 5 шт.;Маття-латте - 5 шт.;Омолаживающий барсучий эликсир;350;;;;;;;;;;;;;;;;;;;;;;;;;;;;;;;;;;;;;;;;;;;;;;
08.05.2021;3977;;6 637;completed;Avamoore2007@yandex.ru;08.05.2021;5;3;4900.0;800.0;587.0;;5;Омолаживающий барсучий эликсир;Фиточай с чабрецом - 4 пакетика;Фиточай с чабрецом - 4 пакетика;350;;;;;;;;;;;;;;;;;;;;;;;;;;;;;;;;;;;;;;;;;;;;;;
04.05.2021;2595;;890;completed;Williamanderson66@outlook.com;04.05.2021;5;3;325.0;240.0;325.0;;5;Маття-латте - 1 шт.;Маття-латте - 1 шт.;Маття-латте - 1 шт.;0;;;;;;;;;;;;;;;;;;;;;;;;;;;;;;;;;;;;;;;;;;;;;;
22.11.2021;3248;;3 240;completed;Lucaslopez88@outlook.com;02.05.2021;5;2;;890.0;2000.0;;11;Маття-латте - 1 шт.;Фиточай с чабрецом - 4 пакетика;Омолаживающий барсучий эликсир;350;;;;;;;;;;;;;;;;;;;;;;;;;;;;;;;;;;;;;;;;;;;;;;
25.02.2021;3790;;3 162;completed;Avasmith66@yandex.ru;25.02.2021;2;3;587.0;1900.0;325.0;;2;Фиточай с чабрецом - 4 пакетика;Маття-латте - 5 шт.;Маття-латте - 1 шт.;350;;;;;;;;;;;;;;;;;;;;;;;;;;;;;;;;;;;;;;;;;;;;;;
03.10.2021;1418;;5 280;completed;Isabellasmith33@yahoo.com;03.10.2021;10;3;890.0;890.0;3500.0;;10;Фиточай с чабрецом - 4 пакетика;Фиточай с чабрецом - 4 пакетика;Омолаживающий барсучий эликсир;0;;;;;;;;;;;;;;;;;;;;;;;;;;;;;;;;;;;;;;;;;;;;;;
03.05.2021;1710;;4 200;completed;Olivermoore0@outlook.com;03.05.2021;5;3;2000.0;1100.0;1100.0;;5;Омолаживающий барсучий эликсир;Маття-латте - 5 шт.;Маття-латте - 5 шт.;0;;;;;;;;;;;;;;;;;;;;;;;;;;;;;;;;;;;;;;;;;;;;;;
30.09.2021;2136;;3 440;completed;Avamartinez69@yahoo.com;03.09.2021;9;3;890.0;1100.0;1100.0;;9;Фиточай с чабрецом - 4 пакетика;Маття-латте - 5 шт.;Маття-латте - 5 шт.;350;;;;;;;;;;;;;;;;;;;;;;;;;;;;;;;;;;;;;;;;;;;;;;
28.03.2021;2270;;1 712;completed;isabellataylor69@gmail.com;28.03.2021;3;3;325.0;800.0;587.0;;3;Маття-латте - 1 шт.;Фиточай с чабрецом - 4 пакетика;Фиточай с чабрецом - 4 пакетика;0;;;;;;;;;;;;;;;;;;;;;;;;;;;;;;;;;;;;;;;;;;;;;;
17.03.2021;2320;;4 840;completed;Sophiasmith12@outlook.com;17.03.2021;3;3;1100.0;3500.0;240.0;;3;Маття-латте - 5 шт.;Омолаживающий барсучий эликсир;Маття-латте - 1 шт.;0;;;;;;;;;;;;;;;;;;;;;;;;;;;;;;;;;;;;;;;;;;;;;;
20.05.2021;1904;;3 637;completed;sophiamoore1987@gmail.com;11.04.2021;4;3;800.0;1900.0;587.0;;5;Фиточай с чабрецом - 4 пакетика;Маття-латте - 5 шт.;Фиточай с чабрецом - 4 пакетика;350;;;;;;;;;;;;;;;;;;;;;;;;;;;;;;;;;;;;;;;;;;;;;;
20.06.2021;1922;;6 030;completed;Williamthomas13@yandex.ru;04.06.2021;6;3;890.0;240.0;4900.0;;6;Фиточай с чабрецом - 4 пакетика;Маття-латте - 1 шт.;Омолаживающий барсучий эликсир;0;;;;;;;;;;;;;;;;;;;;;;;;;;;;;;;;;;;;;;;;;;;;;;
14.05.2021;1350;;6 290;completed;Isabellamartinez69@outlook.com;27.03.2021;3;3;1900.0;890.0;3500.0;;5;Маття-латте - 5 шт.;Фиточай с чабрецом - 4 пакетика;Омолаживающий барсучий эликсир;0;;;;;;;;;;;;;;;;;;;;;;;;;;;;;;;;;;;;;;;;;;;;;;
24.12.2021;3655;;1 152;completed;Isabellathomas1993@mail.ru;20.03.2021;3;3;240.0;587.0;325.0;;12;Маття-латте - 1 шт.;Фиточай с чабрецом - 4 пакетика;Маття-латте - 1 шт.;0;;;;;;;;;;;;;;;;;;;;;;;;;;;;;;;;;;;;;;;;;;;;;;
04.07.2021;1549;;1 565;completed;Sophiamartinez33@outlook.com;04.07.2021;7;2;;325.0;890.0;;7;Маття-латте - 1 шт.;Маття-латте - 1 шт.;Фиточай с чабрецом - 4 пакетика;350;;;;;;;;;;;;;;;;;;;;;;;;;;;;;;;;;;;;;;;;;;;;;;
09.01.2022;1581;;5 190;returned;Sophiabrown66@yahoo.com;17.07.2021;7;3;890.0;3500.0;800.0;;13;Фиточай с чабрецом - 4 пакетика;Омолаживающий барсучий эликсир;Фиточай с чабрецом - 4 пакетика;0;;;;;;;;;;;;;;;;;;;;;;;;;;;;;;;;;;;;;;;;;;;;;;
30.03.2021;1945;;1 125;completed;isabellataylor69@gmail.com;30.03.2021;3;2;800.0;;325.0;;3;Фиточай с чабрецом - 4 пакетика;Маття-латте - 1 шт.;Маття-латте - 1 шт.;0;;;;;;;;;;;;;;;;;;;;;;;;;;;;;;;;;;;;;;;;;;;;;;
07.02.2022;4092;;1 849;completed;Alexanderwilliams12@gmail.com;05.11.2021;11;3;587.0;587.0;325.0;;14;Фиточай с чабрецом - 4 пакетика;Фиточай с чабрецом - 4 пакетика;Маття-латте - 1 шт.;350;;;;;;;;;;;;;;;;;;;;;;;;;;;;;;;;;;;;;;;;;;;;;;
07.01.2022;2408;;4 625;completed;sophiawilliams13@gmail.com;08.04.2021;4;3;800.0;325.0;3500.0;;13;Фиточай с чабрецом - 4 пакетика;Маття-латте - 1 шт.;Омолаживающий барсучий эликсир;0;;;;;;;;;;;;;;;;;;;;;;;;;;;;;;;;;;;;;;;;;;;;;;
08.10.2021;3533;;4 650;completed;Lucastaylor2007@yahoo.com;08.10.2021;10;2;;3500.0;800.0;;10;Маття-латте - 1 шт.;Омолаживающий барсучий эликсир;Фиточай с чабрецом - 4 пакетика;350;;;;;;;;;;;;;;;;;;;;;;;;;;;;;;;;;;;;;;;;;;;;;;
14.06.2021;1558;;4 340;completed;Sophiamoore66@mail.ru;14.06.2021;6;3;2000.0;890.0;1100.0;;6;Омолаживающий барсучий эликсир;Фиточай с чабрецом - 4 пакетика;Маття-латте - 5 шт.;350;;;;;;;;;;;;;;;;;;;;;;;;;;;;;;;;;;;;;;;;;;;;;;
13.05.2021;4155;;1 580;completed;Sophiamoore13@outlook.com;13.05.2021;5;3;240.0;1100.0;240.0;;5;Маття-латте - 1 шт.;Маття-латте - 5 шт.;Маття-латте - 1 шт.;0;;;;;;;;;;;;;;;;;;;;;;;;;;;;;;;;;;;;;;;;;;;;;;
09.05.2021;3283;;3 465;completed;Liamjackson13@outlook.com;02.03.2021;3;3;325.0;890.0;1900.0;;5;Маття-латте - 1 шт.;Фиточай с чабрецом - 4 пакетика;Маття-латте - 5 шт.;350;;;;;;;;;;;;;;;;;;;;;;;;;;;;;;;;;;;;;;;;;;;;;;
03.08.2021;2034;;10 300;returned;Avaanderson88@outlook.com;03.08.2021;8;3;3500.0;1900.0;4900.0;;8;Омолаживающий барсучий эликсир;Маття-латте - 5 шт.;Омолаживающий барсучий эликсир;0;;;;;;;;;;;;;;;;;;;;;;;;;;;;;;;;;;;;;;;;;;;;;;
21.02.2021;1383;;7 400;completed;lucastaylor1993@gmail.com;21.02.2021;2;3;3500.0;1900.0;2000.0;;2;Омолаживающий барсучий эликсир;Маття-латте - 5 шт.;Омолаживающий барсучий эликсир;0;;;;;;;;;;;;;;;;;;;;;;;;;;;;;;;;;;;;;;;;;;;;;;
24.07.2021;2036;;7 400;completed;Lucasmartinez69@outlook.com;20.03.2021;3;3;1900.0;3500.0;2000.0;;7;Маття-латте - 5 шт.;Омолаживающий барсучий эликсир;Омолаживающий барсучий эликсир;0;;;;;;;;;;;;;;;;;;;;;;;;;;;;;;;;;;;;;;;;;;;;;;
25.06.2021;3431;;1 720;completed;Emmawilliams1987@outlook.com;25.06.2021;6;3;890.0;240.0;240.0;;6;Фиточай с чабрецом - 4 пакетика;Маття-латте - 1 шт.;Маття-латте - 1 шт.;350;;;;;;;;;;;;;;;;;;;;;;;;;;;;;;;;;;;;;;;;;;;;;;
21.12.2021;2660;;4 925;completed;Sophiamartinez1993@mail.ru;21.12.2021;12;3;1100.0;325.0;3500.0;;12;Маття-латте - 5 шт.;Маття-латте - 1 шт.;Омолаживающий барсучий эликсир;0;;;;;;;;;;;;;;;;;;;;;;;;;;;;;;;;;;;;;;;;;;;;;;
16.01.2022;1360;;3 990;returned;avasmith13@gmail.com;29.10.2021;10;3;1100.0;2000.0;890.0;;13;Маття-латте - 5 шт.;Омолаживающий барсучий эликсир;Фиточай с чабрецом - 4 пакетика;0;;;;;;;;;;;;;;;;;;;;;;;;;;;;;;;;;;;;;;;;;;;;;;
01.05.2021;1764;;4 150;completed;Lucasbrown1993@mail.ru;01.05.2021;5;3;325.0;3500.0;325.0;;5;Маття-латте - 1 шт.;Омолаживающий барсучий эликсир;Маття-латте - 1 шт.;0;;;;;;;;;;;;;;;;;;;;;;;;;;;;;;;;;;;;;;;;;;;;;;
29.06.2021;3056;;6 727;completed;Charlottetaylor1987@mail.ru;09.04.2021;4;3;4900.0;587.0;890.0;;6;Омолаживающий барсучий эликсир;Фиточай с чабрецом - 4 пакетика;Фиточай с чабрецом - 4 пакетика;350;;;;;;;;;;;;;;;;;;;;;;;;;;;;;;;;;;;;;;;;;;;;;;
18.07.2021;2591;;7 125;completed;Liamjackson2007@yandex.ru;14.05.2021;5;3;325.0;1900.0;4900.0;;7;Маття-латте - 1 шт.;Маття-латте - 5 шт.;Омолаживающий барсучий эликсир;0;;;;;;;;;;;;;;;;;;;;;;;;;;;;;;;;;;;;;;;;;;;;;;
21.04.2021;3990;;3 040;completed;liambrown33@gmail.com;21.04.2021;4;3;800.0;2000.0;240.0;;4;Фиточай с чабрецом - 4 пакетика;Омолаживающий барсучий эликсир;Маття-латте - 1 шт.;0;;;;;;;;;;;;;;;;;;;;;;;;;;;;;;;;;;;;;;;;;;;;;;
13.11.2021;3469;;675;completed;Isabellajackson1993@gmail.com;30.07.2021;7;1;;325.0;;;11;Маття-латте - 1 шт.;Маття-латте - 1 шт.;Маття-латте - 1 шт.;350;;;;;;;;;;;;;;;;;;;;;;;;;;;;;;;;;;;;;;;;;;;;;;
14.09.2021;3111;;3 040;completed;emmaanderson69@gmail.com;18.07.2021;7;3;2000.0;800.0;240.0;;9;Омолаживающий барсучий эликсир;Фиточай с чабрецом - 4 пакетика;Маття-латте - 1 шт.;0;;;;;;;;;;;;;;;;;;;;;;;;;;;;;;;;;;;;;;;;;;;;;;
01.10.2021;2904;;2 277;completed;Sophiasmith13@yahoo.com;17.02.2021;2;3;587.0;890.0;800.0;;10;Фиточай с чабрецом - 4 пакетика;Фиточай с чабрецом - 4 пакетика;Фиточай с чабрецом - 4 пакетика;0;;;;;;;;;;;;;;;;;;;;;;;;;;;;;;;;;;;;;;;;;;;;;;
05.05.2021;3841;;3 177;completed;Lucasmoore2007@mail.ru;05.05.2021;5;3;587.0;2000.0;240.0;;5;Фиточай с чабрецом - 4 пакетика;Омолаживающий барсучий эликсир;Маття-латте - 1 шт.;350;;;;;;;;;;;;;;;;;;;;;;;;;;;;;;;;;;;;;;;;;;;;;;
27.04.2021;3039;;6 650;completed;Alexanderanderson88@outlook.com;27.04.2021;4;3;800.0;2000.0;3500.0;;4;Фиточай с чабрецом - 4 пакетика;Омолаживающий барсучий эликсир;Омолаживающий барсучий эликсир;350;;;;;;;;;;;;;;;;;;;;;;;;;;;;;;;;;;;;;;;;;;;;;;
20.05.2021;3683;;2 465;returned;Williamthomas12@yahoo.com;06.04.2021;4;3;325.0;1900.0;240.0;;5;Маття-латте - 1 шт.;Маття-латте - 5 шт.;Маття-латте - 1 шт.;0;;;;;;;;;;;;;;;;;;;;;;;;;;;;;;;;;;;;;;;;;;;;;;
20.09.2021;2272;;1 977;completed;Lucastaylor33@yandex.ru;11.04.2021;4;3;800.0;587.0;240.0;;9;Фиточай с чабрецом - 4 пакетика;Фиточай с чабрецом - 4 пакетика;Маття-латте - 1 шт.;350;;;;;;;;;;;;;;;;;;;;;;;;;;;;;;;;;;;;;;;;;;;;;;
09.01.2022;2394;;5 790;completed;Alexandertaylor66@yandex.ru;09.01.2022;13;2;890.0;4900.0;;;13;Фиточай с чабрецом - 4 пакетика;Омолаживающий барсучий эликсир;Маття-латте - 1 шт.;0;;;;;;;;;;;;;;;;;;;;;;;;;;;;;;;;;;;;;;;;;;;;;;
01.06.2021;4229;;2 015;completed;Sophiamoore69@outlook.com;07.03.2021;3;3;240.0;325.0;1100.0;;6;Маття-латте - 1 шт.;Маття-латте - 1 шт.;Маття-латте - 5 шт.;350;;;;;;;;;;;;;;;;;;;;;;;;;;;;;;;;;;;;;;;;;;;;;;
07.02.2022;3344;;3 800;completed;Alexanderbrown2007@outlook.com;06.09.2021;9;3;1100.0;1900.0;800.0;;14;Маття-латте - 5 шт.;Маття-латте - 5 шт.;Фиточай с чабрецом - 4 пакетика;0;;;;;;;;;;;;;;;;;;;;;;;;;;;;;;;;;;;;;;;;;;;;;;
14.04.2021;1651;;8 000;completed;Emmabrown69@yandex.ru;14.04.2021;4;3;1100.0;2000.0;4900.0;;4;Маття-латте - 5 шт.;Омолаживающий барсучий эликсир;Омолаживающий барсучий эликсир;0;;;;;;;;;;;;;;;;;;;;;;;;;;;;;;;;;;;;;;;;;;;;;;
09.04.2021;2115;;4 150;completed;Sophiawilliams33@gmail.com;09.04.2021;4;3;325.0;325.0;3500.0;;4;Маття-латте - 1 шт.;Маття-латте - 1 шт.;Омолаживающий барсучий эликсир;0;;;;;;;;;;;;;;;;;;;;;;;;;;;;;;;;;;;;;;;;;;;;;;
23.10.2021;3445;;1 802;completed;Emmaanderson33@mail.ru;23.10.2021;10;3;890.0;587.0;325.0;;10;Фиточай с чабрецом - 4 пакетика;Фиточай с чабрецом - 4 пакетика;Маття-латте - 1 шт.;0;;;;;;;;;;;;;;;;;;;;;;;;;;;;;;;;;;;;;;;;;;;;;;
19.06.2021;2068;;587;completed;alexanderthomas66@gmail.com;19.06.2021;6;1;;587.0;;;6;Маття-латте - 1 шт.;Фиточай с чабрецом - 4 пакетика;Маття-латте - 1 шт.;0;;;;;;;;;;;;;;;;;;;;;;;;;;;;;;;;;;;;;;;;;;;;;;
16.12.2021;1434;;5 640;completed;williamlopez1987@gmail.com;01.05.2021;5;3;3500.0;240.0;1900.0;;12;Омолаживающий барсучий эликсир;Маття-латте - 1 шт.;Маття-латте - 5 шт.;0;;;;;;;;;;;;;;;;;;;;;;;;;;;;;;;;;;;;;;;;;;;;;;
26.05.2021;2579;;3 450;returned;Williamanderson1993@yandex.ru;08.05.2021;5;2;2000.0;;1100.0;;5;Омолаживающий барсучий эликсир;Маття-латте - 1 шт.;Маття-латте - 5 шт.;350;;;;;;;;;;;;;;;;;;;;;;;;;;;;;;;;;;;;;;;;;;;;;;
09.12.2021;1957;;3 340;completed;Lucasanderson88@mail.ru;24.05.2021;5;3;1100.0;240.0;2000.0;;12;Маття-латте - 5 шт.;Маття-латте - 1 шт.;Омолаживающий барсучий эликсир;0;;;;;;;;;;;;;;;;;;;;;;;;;;;;;;;;;;;;;;;;;;;;;;
14.12.2021;1625;;6 390;completed;Charlottethomas12@mail.ru;25.10.2021;10;3;2000.0;890.0;3500.0;;12;Омолаживающий барсучий эликсир;Фиточай с чабрецом - 4 пакетика;Омолаживающий барсучий эликсир;0;;;;;;;;;;;;;;;;;;;;;;;;;;;;;;;;;;;;;;;;;;;;;;
12.01.2022;3386;;4 890;completed;Avajackson1987@yahoo.com;26.02.2021;2;3;240.0;3500.0;800.0;;13;Маття-латте - 1 шт.;Омолаживающий барсучий эликсир;Фиточай с чабрецом - 4 пакетика;350;;;;;;;;;;;;;;;;;;;;;;;;;;;;;;;;;;;;;;;;;;;;;;
24.03.2021;1926;;2 875;completed;Sophiasmith2007@yandex.ru;24.03.2021;3;3;325.0;1100.0;1100.0;;3;Маття-латте - 1 шт.;Маття-латте - 5 шт.;Маття-латте - 5 шт.;350;;;;;;;;;;;;;;;;;;;;;;;;;;;;;;;;;;;;;;;;;;;;;;
29.10.2021;2115;;2 365;completed;Sophiawilliams33@gmail.com;09.04.2021;4;3;325.0;800.0;890.0;;10;Маття-латте - 1 шт.;Фиточай с чабрецом - 4 пакетика;Фиточай с чабрецом - 4 пакетика;350;;;;;;;;;;;;;;;;;;;;;;;;;;;;;;;;;;;;;;;;;;;;;;
03.06.2021;3755;;3 380;completed;Olivertaylor13@mail.ru;03.06.2021;6;3;890.0;1900.0;240.0;;6;Фиточай с чабрецом - 4 пакетика;Маття-латте - 5 шт.;Маття-латте - 1 шт.;350;;;;;;;;;;;;;;;;;;;;;;;;;;;;;;;;;;;;;;;;;;;;;;
17.08.2021;1312;;2 440;returned;Avabrown12@outlook.com;17.08.2021;8;3;240.0;1100.0;1100.0;;8;Маття-латте - 1 шт.;Маття-латте - 5 шт.;Маття-латте - 5 шт.;0;;;;;;;;;;;;;;;;;;;;;;;;;;;;;;;;;;;;;;;;;;;;;;
22.05.2021;4003;;1 712;completed;Alexanderwilliams1987@yandex.ru;21.02.2021;2;3;325.0;587.0;800.0;;5;Маття-латте - 1 шт.;Фиточай с чабрецом - 4 пакетика;Фиточай с чабрецом - 4 пакетика;0;;;;;;;;;;;;;;;;;;;;;;;;;;;;;;;;;;;;;;;;;;;;;;
03.12.2021;1342;;3 325;completed;Emmajackson13@mail.ru;03.12.2021;12;3;325.0;1100.0;1900.0;;12;Маття-латте - 1 шт.;Маття-латте - 5 шт.;Маття-латте - 5 шт.;0;;;;;;;;;;;;;;;;;;;;;;;;;;;;;;;;;;;;;;;;;;;;;;
20.11.2021;3933;;4 600;completed;sophiamoore66@gmail.com;20.11.2021;11;2;3500.0;1100.0;;;11;Омолаживающий барсучий эликсир;Маття-латте - 5 шт.;Маття-латте - 1 шт.;0;;;;;;;;;;;;;;;;;;;;;;;;;;;;;;;;;;;;;;;;;;;;;;
17.03.2021;3887;;10 125;completed;Isabellasmith12@yandex.ru;17.03.2021;3;3;325.0;4900.0;4900.0;;3;Маття-латте - 1 шт.;Омолаживающий барсучий эликсир;Омолаживающий барсучий эликсир;0;;;;;;;;;;;;;;;;;;;;;;;;;;;;;;;;;;;;;;;;;;;;;;
19.01.2022;3221;;2 675;completed;Charlottelopez12@yahoo.com;19.01.2022;13;2;;325.0;2000.0;;13;Маття-латте - 1 шт.;Маття-латте - 1 шт.;Омолаживающий барсучий эликсир;350;;;;;;;;;;;;;;;;;;;;;;;;;;;;;;;;;;;;;;;;;;;;;;
10.06.2021;3209;;4 887;returned;Alexanderwilliams88@yahoo.com;10.06.2021;6;3;800.0;587.0;3500.0;;6;Фиточай с чабрецом - 4 пакетика;Фиточай с чабрецом - 4 пакетика;Омолаживающий барсучий эликсир;0;;;;;;;;;;;;;;;;;;;;;;;;;;;;;;;;;;;;;;;;;;;;;;
22.01.2022;3112;;7 240;completed;Charlottewilliams66@outlook.com;22.01.2022;13;3;4900.0;890.0;1100.0;;13;Омолаживающий барсучий эликсир;Фиточай с чабрецом - 4 пакетика;Маття-латте - 5 шт.;350;;;;;;;;;;;;;;;;;;;;;;;;;;;;;;;;;;;;;;;;;;;;;;
22.05.2021;1404;;5 065;completed;Lucasmartinez88@outlook.com;22.05.2021;5;3;890.0;3500.0;325.0;;5;Фиточай с чабрецом - 4 пакетика;Омолаживающий барсучий эликсир;Маття-латте - 1 шт.;350;;;;;;;;;;;;;;;;;;;;;;;;;;;;;;;;;;;;;;;;;;;;;;
15.08.2021;3414;;1 712;completed;Emmajackson0@yahoo.com;15.08.2021;8;3;587.0;800.0;325.0;;8;Фиточай с чабрецом - 4 пакетика;Фиточай с чабрецом - 4 пакетика;Маття-латте - 1 шт.;0;;;;;;;;;;;;;;;;;;;;;;;;;;;;;;;;;;;;;;;;;;;;;;
02.11.2021;3781;;5 640;completed;williammartinez1987@gmail.com;02.11.2021;11;3;1900.0;240.0;3500.0;;11;Маття-латте - 5 шт.;Маття-латте - 1 шт.;Омолаживающий барсучий эликсир;0;;;;;;;;;;;;;;;;;;;;;;;;;;;;;;;;;;;;;;;;;;;;;;
11.03.2021;3531;;4 840;completed;Alexanderjackson1993@outlook.com;16.02.2021;2;3;240.0;1100.0;3500.0;;3;Маття-латте - 1 шт.;Маття-латте - 5 шт.;Омолаживающий барсучий эликсир;0;;;;;;;;;;;;;;;;;;;;;;;;;;;;;;;;;;;;;;;;;;;;;;
01.03.2021;2418;;7 300;completed;Oliverjackson2007@yahoo.com;01.03.2021;3;3;1900.0;3500.0;1900.0;;3;Маття-латте - 5 шт.;Омолаживающий барсучий эликсир;Маття-латте - 5 шт.;0;;;;;;;;;;;;;;;;;;;;;;;;;;;;;;;;;;;;;;;;;;;;;;
22.12.2021;2823;;3 025;completed;Oliveranderson1987@yandex.ru;09.03.2021;3;3;325.0;1900.0;800.0;;12;Маття-латте - 1 шт.;Маття-латте - 5 шт.;Фиточай с чабрецом - 4 пакетика;0;;;;;;;;;;;;;;;;;;;;;;;;;;;;;;;;;;;;;;;;;;;;;;
07.12.2021;2647;;1 215;completed;Olivertaylor69@yahoo.com;24.03.2021;3;2;325.0;890.0;;;12;Маття-латте - 1 шт.;Фиточай с чабрецом - 4 пакетика;Маття-латте - 1 шт.;0;;;;;;;;;;;;;;;;;;;;;;;;;;;;;;;;;;;;;;;;;;;;;;
25.10.2021;3421;;2 140;returned;isabellajackson0@gmail.com;25.10.2021;10;3;800.0;240.0;1100.0;;10;Фиточай с чабрецом - 4 пакетика;Маття-латте - 1 шт.;Маття-латте - 5 шт.;0;;;;;;;;;;;;;;;;;;;;;;;;;;;;;;;;;;;;;;;;;;;;;;
25.06.2021;4186;;7 030;completed;liamwilliams0@gmail.com;03.06.2021;6;3;890.0;890.0;4900.0;;6;Фиточай с чабрецом - 4 пакетика;Фиточай с чабрецом - 4 пакетика;Омолаживающий барсучий эликсир;350;;;;;;;;;;;;;;;;;;;;;;;;;;;;;;;;;;;;;;;;;;;;;;
13.01.2022;3825;;4 715;completed;Charlottemartinez13@mail.ru;13.01.2022;13;3;3500.0;325.0;890.0;;13;Омолаживающий барсучий эликсир;Маття-латте - 1 шт.;Фиточай с чабрецом - 4 пакетика;0;;;;;;;;;;;;;;;;;;;;;;;;;;;;;;;;;;;;;;;;;;;;;;
07.01.2022;1589;;7 240;returned;Oliverlopez2007@yahoo.com;07.01.2022;13;3;3500.0;3500.0;240.0;;13;Омолаживающий барсучий эликсир;Омолаживающий барсучий эликсир;Маття-латте - 1 шт.;0;;;;;;;;;;;;;;;;;;;;;;;;;;;;;;;;;;;;;;;;;;;;;;
04.01.2022;3350;;5 000;completed;Lucasmoore88@yahoo.com;31.08.2021;8;3;1100.0;1900.0;2000.0;;13;Маття-латте - 5 шт.;Маття-латте - 5 шт.;Омолаживающий барсучий эликсир;0;;;;;;;;;;;;;;;;;;;;;;;;;;;;;;;;;;;;;;;;;;;;;;
28.12.2021;3783;;1 174;completed;Charlottebrown12@yahoo.com;07.04.2021;4;2;587.0;587.0;;;12;Фиточай с чабрецом - 4 пакетика;Фиточай с чабрецом - 4 пакетика;Маття-латте - 1 шт.;0;;;;;;;;;;;;;;;;;;;;;;;;;;;;;;;;;;;;;;;;;;;;;;
15.09.2021;2996;;6 800;completed;Sophiawilliams1993@yahoo.com;15.09.2021;9;3;800.0;1100.0;4900.0;;9;Фиточай с чабрецом - 4 пакетика;Маття-латте - 5 шт.;Омолаживающий барсучий эликсир;0;;;;;;;;;;;;;;;;;;;;;;;;;;;;;;;;;;;;;;;;;;;;;;
27.08.2021;1792;;2 140;completed;lucasanderson33@gmail.com;26.03.2021;3;2;240.0;1900.0;;;8;Маття-латте - 1 шт.;Маття-латте - 5 шт.;Маття-латте - 1 шт.;0;;;;;;;;;;;;;;;;;;;;;;;;;;;;;;;;;;;;;;;;;;;;;;
09.12.2021;1881;;6 287;completed;oliverthomas1993@gmail.com;20.03.2021;3;3;587.0;800.0;4900.0;;12;Фиточай с чабрецом - 4 пакетика;Фиточай с чабрецом - 4 пакетика;Омолаживающий барсучий эликсир;0;;;;;;;;;;;;;;;;;;;;;;;;;;;;;;;;;;;;;;;;;;;;;;
09.02.2022;1388;;7 475;completed;lucasjackson88@gmail.com;29.03.2021;3;3;325.0;4900.0;1900.0;;14;Маття-латте - 1 шт.;Омолаживающий барсучий эликсир;Маття-латте - 5 шт.;350;;;;;;;;;;;;;;;;;;;;;;;;;;;;;;;;;;;;;;;;;;;;;;
07.06.2021;1819;;1 414;completed;Liamsmith1987@mail.ru;07.06.2021;6;3;240.0;587.0;587.0;;6;Маття-латте - 1 шт.;Фиточай с чабрецом - 4 пакетика;Фиточай с чабрецом - 4 пакетика;0;;;;;;;;;;;;;;;;;;;;;;;;;;;;;;;;;;;;;;;;;;;;;;
13.04.2021;3714;;240;completed;Lucasthomas88@outlook.com;13.04.2021;4;1;;;240.0;;4;Маття-латте - 1 шт.;Маття-латте - 1 шт.;Маття-латте - 1 шт.;0;;;;;;;;;;;;;;;;;;;;;;;;;;;;;;;;;;;;;;;;;;;;;;
05.08.2021;1300;;7 575;returned;Avathomas1993@yandex.ru;05.08.2021;8;3;2000.0;4900.0;325.0;;8;Омолаживающий барсучий эликсир;Омолаживающий барсучий эликсир;Маття-латте - 1 шт.;350;;;;;;;;;;;;;;;;;;;;;;;;;;;;;;;;;;;;;;;;;;;;;;
06.02.2022;2823;;6 937;completed;Oliveranderson1987@yandex.ru;09.03.2021;3;3;4900.0;1100.0;587.0;;14;Омолаживающий барсучий эликсир;Маття-латте - 5 шт.;Фиточай с чабрецом - 4 пакетика;350;;;;;;;;;;;;;;;;;;;;;;;;;;;;;;;;;;;;;;;;;;;;;;
07.11.2021;2488;;3 240;completed;Avabrown13@yahoo.com;14.05.2021;5;2;2000.0;890.0;;;11;Омолаживающий барсучий эликсир;Фиточай с чабрецом - 4 пакетика;Маття-латте - 1 шт.;350;;;;;;;;;;;;;;;;;;;;;;;;;;;;;;;;;;;;;;;;;;;;;;
29.09.2021;3353;;3 287;completed;Oliverlopez69@yandex.ru;05.06.2021;6;3;800.0;1900.0;587.0;;9;Фиточай с чабрецом - 4 пакетика;Маття-латте - 5 шт.;Фиточай с чабрецом - 4 пакетика;0;;;;;;;;;;;;;;;;;;;;;;;;;;;;;;;;;;;;;;;;;;;;;;
21.09.2021;3285;;590;completed;Lucasmoore1993@yahoo.com;14.06.2021;6;1;;;240.0;;9;Маття-латте - 1 шт.;Маття-латте - 1 шт.;Маття-латте - 1 шт.;350;;;;;;;;;;;;;;;;;;;;;;;;;;;;;;;;;;;;;;;;;;;;;;
30.08.2021;3822;;4 540;completed;Charlottelopez0@outlook.com;30.08.2021;8;3;3500.0;800.0;240.0;;8;Омолаживающий барсучий эликсир;Фиточай с чабрецом - 4 пакетика;Маття-латте - 1 шт.;0;;;;;;;;;;;;;;;;;;;;;;;;;;;;;;;;;;;;;;;;;;;;;;
15.06.2021;2160;;3 174;completed;Charlottethomas88@gmail.com;07.04.2021;4;3;2000.0;587.0;587.0;;6;Омолаживающий барсучий эликсир;Фиточай с чабрецом - 4 пакетика;Фиточай с чабрецом - 4 пакетика;0;;;;;;;;;;;;;;;;;;;;;;;;;;;;;;;;;;;;;;;;;;;;;;
26.08.2021;3590;;4 387;completed;charlottethomas12@outlook.com;14.03.2021;3;3;587.0;1900.0;1900.0;;8;Фиточай с чабрецом - 4 пакетика;Маття-латте - 5 шт.;Маття-латте - 5 шт.;0;;;;;;;;;;;;;;;;;;;;;;;;;;;;;;;;;;;;;;;;;;;;;;
22.03.2021;2687;;4 630;completed;Avalopez12@yahoo.com;22.03.2021;3;3;240.0;890.0;3500.0;;3;Маття-латте - 1 шт.;Фиточай с чабрецом - 4 пакетика;Омолаживающий барсучий эликсир;0;;;;;;;;;;;;;;;;;;;;;;;;;;;;;;;;;;;;;;;;;;;;;;
19.08.2021;1734;;9 337;completed;Olivermoore66@outlook.com;27.02.2021;2;3;3500.0;4900.0;587.0;;8;Омолаживающий барсучий эликсир;Омолаживающий барсучий эликсир;Фиточай с чабрецом - 4 пакетика;350;;;;;;;;;;;;;;;;;;;;;;;;;;;;;;;;;;;;;;;;;;;;;;
30.04.2021;1375;;4 087;completed;Williamtaylor1993@outlook.com;30.04.2021;4;2;;3500.0;587.0;;4;Маття-латте - 1 шт.;Омолаживающий барсучий эликсир;Фиточай с чабрецом - 4 пакетика;0;;;;;;;;;;;;;;;;;;;;;;;;;;;;;;;;;;;;;;;;;;;;;;
01.04.2021;2549;;8 240;completed;Isabellamartinez1993@yahoo.com;01.04.2021;4;3;890.0;3500.0;3500.0;;4;Фиточай с чабрецом - 4 пакетика;Омолаживающий барсучий эликсир;Омолаживающий барсучий эликсир;350;;;;;;;;;;;;;;;;;;;;;;;;;;;;;;;;;;;;;;;;;;;;;;
28.06.2021;3878;;5 940;completed;Lucasbrown1993@yandex.ru;28.06.2021;6;3;240.0;4900.0;800.0;;6;Маття-латте - 1 шт.;Омолаживающий барсучий эликсир;Фиточай с чабрецом - 4 пакетика;0;;;;;;;;;;;;;;;;;;;;;;;;;;;;;;;;;;;;;;;;;;;;;;
10.11.2021;3457;;2 837;completed;isabellajackson12@gmail.com;10.11.2021;11;3;587.0;1100.0;800.0;;11;Фиточай с чабрецом - 4 пакетика;Маття-латте - 5 шт.;Фиточай с чабрецом - 4 пакетика;350;;;;;;;;;;;;;;;;;;;;;;;;;;;;;;;;;;;;;;;;;;;;;;
16.08.2021;1389;;3 290;completed;Isabellabrown1993@outlook.com;16.08.2021;8;3;800.0;1900.0;240.0;;8;Фиточай с чабрецом - 4 пакетика;Маття-латте - 5 шт.;Маття-латте - 1 шт.;350;;;;;;;;;;;;;;;;;;;;;;;;;;;;;;;;;;;;;;;;;;;;;;
01.10.2021;1571;;5 140;completed;Lucasthomas12@yahoo.com;18.06.2021;6;3;2000.0;1900.0;890.0;;10;Омолаживающий барсучий эликсир;Маття-латте - 5 шт.;Фиточай с чабрецом - 4 пакетика;350;;;;;;;;;;;;;;;;;;;;;;;;;;;;;;;;;;;;;;;;;;;;;;
05.06.2021;1588;;4 840;completed;williamthomas69@yahoo.com;05.06.2021;6;3;3500.0;240.0;1100.0;;6;Омолаживающий барсучий эликсир;Маття-латте - 1 шт.;Маття-латте - 5 шт.;0;;;;;;;;;;;;;;;;;;;;;;;;;;;;;;;;;;;;;;;;;;;;;;
16.11.2021;3301;;5 727;completed;Liamthomas13@mail.ru;18.08.2021;8;3;4900.0;240.0;587.0;;11;Омолаживающий барсучий эликсир;Маття-латте - 1 шт.;Фиточай с чабрецом - 4 пакетика;0;;;;;;;;;;;;;;;;;;;;;;;;;;;;;;;;;;;;;;;;;;;;;;
22.07.2021;3782;;4 125;completed;Emmabrown1987@yandex.ru;22.07.2021;7;3;1900.0;325.0;1900.0;;7;Маття-латте - 5 шт.;Маття-латте - 1 шт.;Маття-латте - 5 шт.;0;;;;;;;;;;;;;;;;;;;;;;;;;;;;;;;;;;;;;;;;;;;;;;
17.04.2021;2349;;8 900;completed;emmajackson0@gmail.com;08.03.2021;3;3;2000.0;2000.0;4900.0;;4;Омолаживающий барсучий эликсир;Омолаживающий барсучий эликсир;Омолаживающий барсучий эликсир;0;;;;;;;;;;;;;;;;;;;;;;;;;;;;;;;;;;;;;;;;;;;;;;
17.02.2021;1671;;1 152;completed;Lucassmith69@yandex.ru;17.02.2021;2;3;587.0;325.0;240.0;;2;Фиточай с чабрецом - 4 пакетика;Маття-латте - 1 шт.;Маття-латте - 1 шт.;0;;;;;;;;;;;;;;;;;;;;;;;;;;;;;;;;;;;;;;;;;;;;;;
20.01.2022;3278;;3 990;returned;Isabellabrown2007@outlook.com;06.05.2021;5;3;2000.0;890.0;1100.0;;13;Омолаживающий барсучий эликсир;Фиточай с чабрецом - 4 пакетика;Маття-латте - 5 шт.;0;;;;;;;;;;;;;;;;;;;;;;;;;;;;;;;;;;;;;;;;;;;;;;
10.06.2021;2872;;6 162;completed;liamlopez0@gmail.com;10.06.2021;6;3;325.0;4900.0;587.0;;6;Маття-латте - 1 шт.;Омолаживающий барсучий эликсир;Фиточай с чабрецом - 4 пакетика;350;;;;;;;;;;;;;;;;;;;;;;;;;;;;;;;;;;;;;;;;;;;;;;
09.10.2021;3101;;4 450;completed;Lucasthomas12@yandex.ru;01.06.2021;6;3;1100.0;1100.0;1900.0;;10;Маття-латте - 5 шт.;Маття-латте - 5 шт.;Маття-латте - 5 шт.;350;;;;;;;;;;;;;;;;;;;;;;;;;;;;;;;;;;;;;;;;;;;;;;
19.08.2021;2848;;2 140;completed;Lucassmith69@yahoo.com;19.08.2021;8;3;1100.0;800.0;240.0;;8;Маття-латте - 5 шт.;Фиточай с чабрецом - 4 пакетика;Маття-латте - 1 шт.;0;;;;;;;;;;;;;;;;;;;;;;;;;;;;;;;;;;;;;;;;;;;;;;
03.02.2022;1908;;5 187;completed;Lucaslopez33@mail.ru;03.02.2022;14;3;1100.0;587.0;3500.0;;14;Маття-латте - 5 шт.;Фиточай с чабрецом - 4 пакетика;Омолаживающий барсучий эликсир;0;;;;;;;;;;;;;;;;;;;;;;;;;;;;;;;;;;;;;;;;;;;;;;
22.06.2021;3297;;6 390;returned;Emmataylor1993@yandex.ru;14.03.2021;3;3;2000.0;3500.0;890.0;;6;Омолаживающий барсучий эликсир;Омолаживающий барсучий эликсир;Фиточай с чабрецом - 4 пакетика;0;;;;;;;;;;;;;;;;;;;;;;;;;;;;;;;;;;;;;;;;;;;;;;
29.04.2021;1304;;3 350;completed;Charlottesmith1987@outlook.com;29.04.2021;4;3;1100.0;800.0;1100.0;;4;Маття-латте - 5 шт.;Фиточай с чабрецом - 4 пакетика;Маття-латте - 5 шт.;350;;;;;;;;;;;;;;;;;;;;;;;;;;;;;;;;;;;;;;;;;;;;;;
08.05.2021;3211;;6 240;completed;Avalopez1987@mail.ru;08.05.2021;5;3;240.0;4900.0;1100.0;;5;Маття-латте - 1 шт.;Омолаживающий барсучий эликсир;Маття-латте - 5 шт.;0;;;;;;;;;;;;;;;;;;;;;;;;;;;;;;;;;;;;;;;;;;;;;;
28.03.2021;2096;;2 277;completed;Charlottesmith69@mail.ru;28.03.2021;3;3;800.0;587.0;890.0;;3;Фиточай с чабрецом - 4 пакетика;Фиточай с чабрецом - 4 пакетика;Фиточай с чабрецом - 4 пакетика;0;;;;;;;;;;;;;;;;;;;;;;;;;;;;;;;;;;;;;;;;;;;;;;
03.09.2021;3478;;5 900;returned;Alexandertaylor88@outlook.com;14.07.2021;7;3;2000.0;2000.0;1900.0;;9;Омолаживающий барсучий эликсир;Омолаживающий барсучий эликсир;Маття-латте - 5 шт.;0;;;;;;;;;;;;;;;;;;;;;;;;;;;;;;;;;;;;;;;;;;;;;;
23.01.2022;1536;;6 680;completed;Avajackson1987@yandex.ru;23.01.2022;13;3;4900.0;890.0;890.0;;13;Омолаживающий барсучий эликсир;Фиточай с чабрецом - 4 пакетика;Фиточай с чабрецом - 4 пакетика;0;;;;;;;;;;;;;;;;;;;;;;;;;;;;;;;;;;;;;;;;;;;;;;
17.05.2021;4062;;1 580;completed;Olivermartinez88@mail.ru;17.05.2021;5;3;240.0;1100.0;240.0;;5;Маття-латте - 1 шт.;Маття-латте - 5 шт.;Маття-латте - 1 шт.;0;;;;;;;;;;;;;;;;;;;;;;;;;;;;;;;;;;;;;;;;;;;;;;
05.06.2021;3924;;5 450;completed;Charlottemartinez2007@yahoo.com;05.06.2021;6;3;1100.0;2000.0;2000.0;;6;Маття-латте - 5 шт.;Омолаживающий барсучий эликсир;Омолаживающий барсучий эликсир;350;;;;;;;;;;;;;;;;;;;;;;;;;;;;;;;;;;;;;;;;;;;;;;
27.09.2021;2664;;9 500;completed;Lucastaylor1993@outlook.com;27.09.2021;9;3;1100.0;3500.0;4900.0;;9;Маття-латте - 5 шт.;Омолаживающий барсучий эликсир;Омолаживающий барсучий эликсир;0;;;;;;;;;;;;;;;;;;;;;;;;;;;;;;;;;;;;;;;;;;;;;;
22.08.2021;2283;;3 690;completed;Alexandersmith0@mail.ru;02.03.2021;3;3;1100.0;240.0;2000.0;;8;Маття-латте - 5 шт.;Маття-латте - 1 шт.;Омолаживающий барсучий эликсир;350;;;;;;;;;;;;;;;;;;;;;;;;;;;;;;;;;;;;;;;;;;;;;;
10.01.2022;3568;;6 087;completed;Isabellaanderson33@mail.ru;10.01.2022;13;3;2000.0;3500.0;587.0;;13;Омолаживающий барсучий эликсир;Омолаживающий барсучий эликсир;Фиточай с чабрецом - 4 пакетика;0;;;;;;;;;;;;;;;;;;;;;;;;;;;;;;;;;;;;;;;;;;;;;;
06.08.2021;2349;;9 150;completed;emmajackson0@gmail.com;08.03.2021;3;3;4900.0;2000.0;1900.0;;8;Омолаживающий барсучий эликсир;Омолаживающий барсучий эликсир;Маття-латте - 5 шт.;350;;;;;;;;;;;;;;;;;;;;;;;;;;;;;;;;;;;;;;;;;;;;;;
02.05.2021;3864;;11 700;completed;Williambrown66@yandex.ru;02.05.2021;5;3;4900.0;4900.0;1900.0;;5;Омолаживающий барсучий эликсир;Омолаживающий барсучий эликсир;Маття-латте - 5 шт.;0;;;;;;;;;;;;;;;;;;;;;;;;;;;;;;;;;;;;;;;;;;;;;;
06.09.2021;3306;;3 937;completed;Emmataylor1993@yahoo.com;31.08.2021;8;3;1100.0;1900.0;587.0;;9;Маття-латте - 5 шт.;Маття-латте - 5 шт.;Фиточай с чабрецом - 4 пакетика;350;;;;;;;;;;;;;;;;;;;;;;;;;;;;;;;;;;;;;;;;;;;;;;
07.09.2021;1704;;4 300;completed;charlottetaylor1993@gmail.com;07.09.2021;9;2;800.0;;3500.0;;9;Фиточай с чабрецом - 4 пакетика;Маття-латте - 1 шт.;Омолаживающий барсучий эликсир;0;;;;;;;;;;;;;;;;;;;;;;;;;;;;;;;;;;;;;;;;;;;;;;
27.10.2021;1820;;3 040;completed;charlottetaylor13@gmail.com;27.10.2021;10;3;240.0;2000.0;800.0;;10;Маття-латте - 1 шт.;Омолаживающий барсучий эликсир;Фиточай с чабрецом - 4 пакетика;0;;;;;;;;;;;;;;;;;;;;;;;;;;;;;;;;;;;;;;;;;;;;;;
25.08.2021;3071;;3 587;returned;liamwilliams88@gmail.com;10.08.2021;8;3;1100.0;587.0;1900.0;;8;Маття-латте - 5 шт.;Фиточай с чабрецом - 4 пакетика;Маття-латте - 5 шт.;0;;;;;;;;;;;;;;;;;;;;;;;;;;;;;;;;;;;;;;;;;;;;;;
23.08.2021;4151;;6 380;completed;alexanderanderson1987@gmail.com;23.08.2021;8;3;4900.0;890.0;240.0;;8;Омолаживающий барсучий эликсир;Фиточай с чабрецом - 4 пакетика;Маття-латте - 1 шт.;350;;;;;;;;;;;;;;;;;;;;;;;;;;;;;;;;;;;;;;;;;;;;;;
09.04.2021;4066;;1 125;completed;Isabellasmith1987@yandex.ru;09.04.2021;4;2;325.0;;800.0;;4;Маття-латте - 1 шт.;Маття-латте - 1 шт.;Фиточай с чабрецом - 4 пакетика;0;;;;;;;;;;;;;;;;;;;;;;;;;;;;;;;;;;;;;;;;;;;;;;
14.07.2021;1574;;7 587;completed;Lucasanderson0@mail.ru;29.05.2021;5;3;587.0;3500.0;3500.0;;7;Фиточай с чабрецом - 4 пакетика;Омолаживающий барсучий эликсир;Омолаживающий барсучий эликсир;0;;;;;;;;;;;;;;;;;;;;;;;;;;;;;;;;;;;;;;;;;;;;;;
02.01.2022;2037;;2 325;completed;Sophiathomas0@mail.ru;02.01.2022;13;2;;325.0;2000.0;;13;Маття-латте - 1 шт.;Маття-латте - 1 шт.;Омолаживающий барсучий эликсир;0;;;;;;;;;;;;;;;;;;;;;;;;;;;;;;;;;;;;;;;;;;;;;;
31.07.2021;3802;;5 815;completed;isabellamoore12@gmail.com;31.07.2021;7;3;240.0;325.0;4900.0;;7;Маття-латте - 1 шт.;Маття-латте - 1 шт.;Омолаживающий барсучий эликсир;350;;;;;;;;;;;;;;;;;;;;;;;;;;;;;;;;;;;;;;;;;;;;;;
26.04.2021;2268;;5 490;completed;charlottesmith66@gmail.com;26.04.2021;4;3;3500.0;1100.0;890.0;;4;Омолаживающий барсучий эликсир;Маття-латте - 5 шт.;Фиточай с чабрецом - 4 пакетика;0;;;;;;;;;;;;;;;;;;;;;;;;;;;;;;;;;;;;;;;;;;;;;;
09.01.2022;4144;;2 225;completed;Sophiamoore13@outlook.com;09.01.2022;13;2;325.0;;1900.0;;13;Маття-латте - 1 шт.;Маття-латте - 1 шт.;Маття-латте - 5 шт.;0;;;;;;;;;;;;;;;;;;;;;;;;;;;;;;;;;;;;;;;;;;;;;;
03.08.2021;4109;;4 887;completed;Williamanderson12@yandex.ru;03.08.2021;8;3;3500.0;800.0;587.0;;8;Омолаживающий барсучий эликсир;Фиточай с чабрецом - 4 пакетика;Фиточай с чабрецом - 4 пакетика;0;;;;;;;;;;;;;;;;;;;;;;;;;;;;;;;;;;;;;;;;;;;;;;
15.08.2021;2170;;6 390;completed;Williamlopez33@yahoo.com;05.03.2021;3;3;3500.0;890.0;2000.0;;8;Омолаживающий барсучий эликсир;Фиточай с чабрецом - 4 пакетика;Омолаживающий барсучий эликсир;0;;;;;;;;;;;;;;;;;;;;;;;;;;;;;;;;;;;;;;;;;;;;;;
08.02.2022;3996;;1 477;completed;avathomas88@gmail.com;07.06.2021;6;2;;587.0;890.0;;14;Маття-латте - 1 шт.;Фиточай с чабрецом - 4 пакетика;Фиточай с чабрецом - 4 пакетика;0;;;;;;;;;;;;;;;;;;;;;;;;;;;;;;;;;;;;;;;;;;;;;;
31.07.2021;4067;;2 827;completed;Charlottebrown33@yahoo.com;10.06.2021;6;3;587.0;240.0;2000.0;;7;Фиточай с чабрецом - 4 пакетика;Маття-латте - 1 шт.;Омолаживающий барсучий эликсир;0;;;;;;;;;;;;;;;;;;;;;;;;;;;;;;;;;;;;;;;;;;;;;;
08.06.2021;2669;;6 950;completed;liammoore0@gmail.com;08.06.2021;6;3;1100.0;3500.0;2000.0;;6;Маття-латте - 5 шт.;Омолаживающий барсучий эликсир;Омолаживающий барсучий эликсир;350;;;;;;;;;;;;;;;;;;;;;;;;;;;;;;;;;;;;;;;;;;;;;;
04.03.2021;3189;;3 737;completed;Lucaswilliams33@gmail.com;04.03.2021;3;3;800.0;587.0;2000.0;;3;Фиточай с чабрецом - 4 пакетика;Фиточай с чабрецом - 4 пакетика;Омолаживающий барсучий эликсир;350;;;;;;;;;;;;;;;;;;;;;;;;;;;;;;;;;;;;;;;;;;;;;;
20.11.2021;2060;;8 640;completed;Williamthomas12@outlook.com;13.08.2021;8;3;3500.0;4900.0;240.0;;11;Омолаживающий барсучий эликсир;Омолаживающий барсучий эликсир;Маття-латте - 1 шт.;0;;;;;;;;;;;;;;;;;;;;;;;;;;;;;;;;;;;;;;;;;;;;;;
21.03.2021;2159;;4 200;completed;Isabellataylor33@mail.ru;21.03.2021;3;3;1100.0;2000.0;1100.0;;3;Маття-латте - 5 шт.;Омолаживающий барсучий эликсир;Маття-латте - 5 шт.;0;;;;;;;;;;;;;;;;;;;;;;;;;;;;;;;;;;;;;;;;;;;;;;
09.02.2022;2226;;3 115;completed;Williamtaylor69@outlook.com;09.02.2022;14;3;325.0;890.0;1900.0;;14;Маття-латте - 1 шт.;Фиточай с чабрецом - 4 пакетика;Маття-латте - 5 шт.;0;;;;;;;;;;;;;;;;;;;;;;;;;;;;;;;;;;;;;;;;;;;;;;
03.12.2021;2697;;8 900;completed;williambrown12@gmail.com;26.11.2021;11;3;2000.0;2000.0;4900.0;;12;Омолаживающий барсучий эликсир;Омолаживающий барсучий эликсир;Омолаживающий барсучий эликсир;0;;;;;;;;;;;;;;;;;;;;;;;;;;;;;;;;;;;;;;;;;;;;;;
07.11.2021;2346;;2 315;completed;Charlottemartinez2007@outlook.com;11.04.2021;4;3;325.0;890.0;1100.0;;11;Маття-латте - 1 шт.;Фиточай с чабрецом - 4 пакетика;Маття-латте - 5 шт.;0;;;;;;;;;;;;;;;;;;;;;;;;;;;;;;;;;;;;;;;;;;;;;;
08.08.2021;2941;;3 890;completed;isabellawilliams1993@gmail.com;08.08.2021;8;3;1100.0;1900.0;890.0;;8;Маття-латте - 5 шт.;Маття-латте - 5 шт.;Фиточай с чабрецом - 4 пакетика;0;;;;;;;;;;;;;;;;;;;;;;;;;;;;;;;;;;;;;;;;;;;;;;
02.09.2021;3333;;2 580;completed;charlottejackson0@gmail.com;02.09.2021;9;3;890.0;1100.0;240.0;;9;Фиточай с чабрецом - 4 пакетика;Маття-латте - 5 шт.;Маття-латте - 1 шт.;350;;;;;;;;;;;;;;;;;;;;;;;;;;;;;;;;;;;;;;;;;;;;;;
14.06.2021;2042;;1 717;completed;Emmawilliams69@yandex.ru;14.06.2021;6;3;890.0;240.0;587.0;;6;Фиточай с чабрецом - 4 пакетика;Маття-латте - 1 шт.;Фиточай с чабрецом - 4 пакетика;0;;;;;;;;;;;;;;;;;;;;;;;;;;;;;;;;;;;;;;;;;;;;;;
11.02.2022;2051;;6 390;completed;Liamsmith2007@yandex.ru;27.04.2021;4;3;2000.0;3500.0;890.0;;14;Омолаживающий барсучий эликсир;Омолаживающий барсучий эликсир;Фиточай с чабрецом - 4 пакетика;0;;;;;;;;;;;;;;;;;;;;;;;;;;;;;;;;;;;;;;;;;;;;;;
01.11.2021;3820;;8 900;completed;Emmaanderson66@gmail.com;01.11.2021;11;3;2000.0;4900.0;2000.0;;11;Омолаживающий барсучий эликсир;Омолаживающий барсучий эликсир;Омолаживающий барсучий эликсир;0;;;;;;;;;;;;;;;;;;;;;;;;;;;;;;;;;;;;;;;;;;;;;;
04.12.2021;3257;;9 050;completed;Liamanderson66@yandex.ru;16.04.2021;4;3;1900.0;4900.0;1900.0;;12;Маття-латте - 5 шт.;Омолаживающий барсучий эликсир;Маття-латте - 5 шт.;350;;;;;;;;;;;;;;;;;;;;;;;;;;;;;;;;;;;;;;;;;;;;;;
01.11.2021;1427;;4 150;completed;williammartinez88@yahoo.com;02.07.2021;7;3;1900.0;800.0;1100.0;;11;Маття-латте - 5 шт.;Фиточай с чабрецом - 4 пакетика;Маття-латте - 5 шт.;350;;;;;;;;;;;;;;;;;;;;;;;;;;;;;;;;;;;;;;;;;;;;;;
18.08.2021;1293;;2 812;completed;Alexanderthomas69@yandex.ru;18.08.2021;8;3;1900.0;587.0;325.0;;8;Маття-латте - 5 шт.;Фиточай с чабрецом - 4 пакетика;Маття-латте - 1 шт.;0;;;;;;;;;;;;;;;;;;;;;;;;;;;;;;;;;;;;;;;;;;;;;;
14.03.2021;3576;;2 487;completed;Olivermoore12@yandex.ru;14.03.2021;3;3;800.0;587.0;1100.0;;3;Фиточай с чабрецом - 4 пакетика;Фиточай с чабрецом - 4 пакетика;Маття-латте - 5 шт.;0;;;;;;;;;;;;;;;;;;;;;;;;;;;;;;;;;;;;;;;;;;;;;;
25.01.2022;3646;;10 400;returned;Oliversmith1993@yahoo.com;25.01.2022;13;3;4900.0;3500.0;2000.0;;13;Омолаживающий барсучий эликсир;Омолаживающий барсучий эликсир;Омолаживающий барсучий эликсир;0;;;;;;;;;;;;;;;;;;;;;;;;;;;;;;;;;;;;;;;;;;;;;;
28.12.2021;1477;;1 130;completed;Liamwilliams69@yandex.ru;02.05.2021;5;2;890.0;240.0;;;12;Фиточай с чабрецом - 4 пакетика;Маття-латте - 1 шт.;Маття-латте - 1 шт.;0;;;;;;;;;;;;;;;;;;;;;;;;;;;;;;;;;;;;;;;;;;;;;;
26.09.2021;1892;;2 140;completed;Sophiajackson88@yandex.ru;20.08.2021;8;3;240.0;800.0;1100.0;;9;Маття-латте - 1 шт.;Фиточай с чабрецом - 4 пакетика;Маття-латте - 5 шт.;0;;;;;;;;;;;;;;;;;;;;;;;;;;;;;;;;;;;;;;;;;;;;;;
18.06.2021;2375;;5 187;completed;Isabellabrown88@outlook.com;18.06.2021;6;3;1100.0;3500.0;587.0;;6;Маття-латте - 5 шт.;Омолаживающий барсучий эликсир;Фиточай с чабрецом - 4 пакетика;0;;;;;;;;;;;;;;;;;;;;;;;;;;;;;;;;;;;;;;;;;;;;;;
26.05.2021;2338;;5 630;completed;Sophiasmith69@outlook.com;26.05.2021;5;3;3500.0;890.0;890.0;;5;Омолаживающий барсучий эликсир;Фиточай с чабрецом - 4 пакетика;Фиточай с чабрецом - 4 пакетика;350;;;;;;;;;;;;;;;;;;;;;;;;;;;;;;;;;;;;;;;;;;;;;;
07.08.2021;1268;;6 030;completed;Charlottethomas66@outlook.com;25.04.2021;4;3;4900.0;240.0;890.0;;8;Омолаживающий барсучий эликсир;Маття-латте - 1 шт.;Фиточай с чабрецом - 4 пакетика;0;;;;;;;;;;;;;;;;;;;;;;;;;;;;;;;;;;;;;;;;;;;;;;
10.08.2021;3978;;2 325;completed;avamoore88@gmail.com;13.06.2021;6;2;;2000.0;325.0;;8;Маття-латте - 1 шт.;Омолаживающий барсучий эликсир;Маття-латте - 1 шт.;0;;;;;;;;;;;;;;;;;;;;;;;;;;;;;;;;;;;;;;;;;;;;;;
27.03.2021;4173;;2 000;completed;Lucassmith66@yandex.ru;27.03.2021;3;1;;;2000.0;;3;Маття-латте - 1 шт.;Маття-латте - 1 шт.;Омолаживающий барсучий эликсир;0;;;;;;;;;;;;;;;;;;;;;;;;;;;;;;;;;;;;;;;;;;;;;;
11.12.2021;2990;;11 900;completed;Williambrown2007@yandex.ru;08.04.2021;4;3;4900.0;3500.0;3500.0;;12;Омолаживающий барсучий эликсир;Омолаживающий барсучий эликсир;Омолаживающий барсучий эликсир;0;;;;;;;;;;;;;;;;;;;;;;;;;;;;;;;;;;;;;;;;;;;;;;
26.05.2021;3206;;5 850;returned;Isabellabrown1987@outlook.com;26.05.2021;5;2;2000.0;3500.0;;;5;Омолаживающий барсучий эликсир;Омолаживающий барсучий эликсир;Маття-латте - 1 шт.;350;;;;;;;;;;;;;;;;;;;;;;;;;;;;;;;;;;;;;;;;;;;;;;
24.10.2021;2010;;2 812;completed;Alexandertaylor1993@outlook.com;07.09.2021;9;3;325.0;1900.0;587.0;;10;Маття-латте - 1 шт.;Маття-латте - 5 шт.;Фиточай с чабрецом - 4 пакетика;0;;;;;;;;;;;;;;;;;;;;;;;;;;;;;;;;;;;;;;;;;;;;;;
16.02.2021;2749;;3 077;completed;Alexanderwilliams0@yandex.ru;16.02.2021;2;3;240.0;587.0;1900.0;;2;Маття-латте - 1 шт.;Фиточай с чабрецом - 4 пакетика;Маття-латте - 5 шт.;350;;;;;;;;;;;;;;;;;;;;;;;;;;;;;;;;;;;;;;;;;;;;;;
09.05.2021;2297;;4 674;completed;Liamanderson88@outlook.com;09.05.2021;5;3;587.0;587.0;3500.0;;5;Фиточай с чабрецом - 4 пакетика;Фиточай с чабрецом - 4 пакетика;Омолаживающий барсучий эликсир;0;;;;;;;;;;;;;;;;;;;;;;;;;;;;;;;;;;;;;;;;;;;;;;
14.04.2021;2609;;1 849;completed;Avathomas0@yahoo.com;12.03.2021;3;3;325.0;587.0;587.0;;4;Маття-латте - 1 шт.;Фиточай с чабрецом - 4 пакетика;Фиточай с чабрецом - 4 пакетика;350;;;;;;;;;;;;;;;;;;;;;;;;;;;;;;;;;;;;;;;;;;;;;;
06.11.2021;2819;;5 640;returned;Lucaswilliams12@yahoo.com;06.11.2021;11;3;240.0;1900.0;3500.0;;11;Маття-латте - 1 шт.;Маття-латте - 5 шт.;Омолаживающий барсучий эликсир;0;;;;;;;;;;;;;;;;;;;;;;;;;;;;;;;;;;;;;;;;;;;;;;
11.11.2021;2915;;2 812;returned;liamlopez1987@gmail.com;11.11.2021;11;3;587.0;1900.0;325.0;;11;Фиточай с чабрецом - 4 пакетика;Маття-латте - 5 шт.;Маття-латте - 1 шт.;0;;;;;;;;;;;;;;;;;;;;;;;;;;;;;;;;;;;;;;;;;;;;;;
23.10.2021;1270;;4 950;completed;Charlottesmith33@mail.ru;05.04.2021;4;2;3500.0;1100.0;;;10;Омолаживающий барсучий эликсир;Маття-латте - 5 шт.;Маття-латте - 1 шт.;350;;;;;;;;;;;;;;;;;;;;;;;;;;;;;;;;;;;;;;;;;;;;;;
14.02.2022;2660;;3 737;completed;Sophiamartinez1993@mail.ru;21.12.2021;12;3;587.0;2000.0;800.0;;14;Фиточай с чабрецом - 4 пакетика;Омолаживающий барсучий эликсир;Фиточай с чабрецом - 4 пакетика;350;;;;;;;;;;;;;;;;;;;;;;;;;;;;;;;;;;;;;;;;;;;;;;
25.05.2021;1397;;3 177;returned;Emmasmith66@mail.ru;25.02.2021;2;3;587.0;2000.0;240.0;;5;Фиточай с чабрецом - 4 пакетика;Омолаживающий барсучий эликсир;Маття-латте - 1 шт.;350;;;;;;;;;;;;;;;;;;;;;;;;;;;;;;;;;;;;;;;;;;;;;;
08.03.2021;1534;;4 140;completed;alexanderthomas66@gmail.com;08.03.2021;3;3;2000.0;1900.0;240.0;;3;Омолаживающий барсучий эликсир;Маття-латте - 5 шт.;Маття-латте - 1 шт.;0;;;;;;;;;;;;;;;;;;;;;;;;;;;;;;;;;;;;;;;;;;;;;;
23.03.2021;1336;;3 500;completed;williamwilliams33@gmail.com;23.03.2021;3;3;800.0;1900.0;800.0;;3;Фиточай с чабрецом - 4 пакетика;Маття-латте - 5 шт.;Фиточай с чабрецом - 4 пакетика;0;;;;;;;;;;;;;;;;;;;;;;;;;;;;;;;;;;;;;;;;;;;;;;
05.07.2021;1545;;2 362;completed;Charlottejackson2007@yahoo.com;05.07.2021;7;3;325.0;587.0;1100.0;;7;Маття-латте - 1 шт.;Фиточай с чабрецом - 4 пакетика;Маття-латте - 5 шт.;350;;;;;;;;;;;;;;;;;;;;;;;;;;;;;;;;;;;;;;;;;;;;;;
25.11.2021;3385;;5 940;completed;Isabellataylor69@outlook.com;26.03.2021;3;3;800.0;240.0;4900.0;;11;Фиточай с чабрецом - 4 пакетика;Маття-латте - 1 шт.;Омолаживающий барсучий эликсир;0;;;;;;;;;;;;;;;;;;;;;;;;;;;;;;;;;;;;;;;;;;;;;;
11.07.2021;2948;;5 900;completed;Lucaslopez13@outlook.com;07.03.2021;3;3;1900.0;2000.0;2000.0;;7;Маття-латте - 5 шт.;Омолаживающий барсучий эликсир;Омолаживающий барсучий эликсир;0;;;;;;;;;;;;;;;;;;;;;;;;;;;;;;;;;;;;;;;;;;;;;;
24.04.2021;2913;;5 024;completed;williamanderson66@gmail.com;24.04.2021;4;3;3500.0;587.0;587.0;;4;Омолаживающий барсучий эликсир;Фиточай с чабрецом - 4 пакетика;Фиточай с чабрецом - 4 пакетика;350;;;;;;;;;;;;;;;;;;;;;;;;;;;;;;;;;;;;;;;;;;;;;;
16.08.2021;2133;;6 727;completed;Liamjackson66@yandex.ru;16.08.2021;8;3;587.0;890.0;4900.0;;8;Фиточай с чабрецом - 4 пакетика;Фиточай с чабрецом - 4 пакетика;Омолаживающий барсучий эликсир;350;;;;;;;;;;;;;;;;;;;;;;;;;;;;;;;;;;;;;;;;;;;;;;
23.11.2021;3500;;4 100;completed;Alexanderbrown12@outlook.com;01.06.2021;6;3;1100.0;1100.0;1900.0;;11;Маття-латте - 5 шт.;Маття-латте - 5 шт.;Маття-латте - 5 шт.;0;;;;;;;;;;;;;;;;;;;;;;;;;;;;;;;;;;;;;;;;;;;;;;
10.08.2021;3210;;6 287;completed;emmabrown2007@gmail.com;10.08.2021;8;3;800.0;587.0;4900.0;;8;Фиточай с чабрецом - 4 пакетика;Фиточай с чабрецом - 4 пакетика;Омолаживающий барсучий эликсир;0;;;;;;;;;;;;;;;;;;;;;;;;;;;;;;;;;;;;;;;;;;;;;;
11.12.2021;1577;;5 790;completed;Oliverjackson12@mail.ru;11.07.2021;7;2;;890.0;4900.0;;12;Маття-латте - 1 шт.;Фиточай с чабрецом - 4 пакетика;Омолаживающий барсучий эликсир;0;;;;;;;;;;;;;;;;;;;;;;;;;;;;;;;;;;;;;;;;;;;;;;
22.03.2021;2340;;10 750;completed;charlottesmith2007@gmail.com;22.03.2021;3;3;4900.0;3500.0;2000.0;;3;Омолаживающий барсучий эликсир;Омолаживающий барсучий эликсир;Омолаживающий барсучий эликсир;350;;;;;;;;;;;;;;;;;;;;;;;;;;;;;;;;;;;;;;;;;;;;;;
12.07.2021;3573;;7 690;completed;Charlottebrown69@mail.ru;02.07.2021;7;3;4900.0;1900.0;890.0;;7;Омолаживающий барсучий эликсир;Маття-латте - 5 шт.;Фиточай с чабрецом - 4 пакетика;0;;;;;;;;;;;;;;;;;;;;;;;;;;;;;;;;;;;;;;;;;;;;;;
01.10.2021;2170;;4 630;completed;Williamlopez33@yahoo.com;05.03.2021;3;3;3500.0;240.0;890.0;;10;Омолаживающий барсучий эликсир;Маття-латте - 1 шт.;Фиточай с чабрецом - 4 пакетика;0;;;;;;;;;;;;;;;;;;;;;;;;;;;;;;;;;;;;;;;;;;;;;;
27.05.2021;4043;;6 740;completed;isabellajackson88@gmail.com;22.02.2021;2;3;2000.0;890.0;3500.0;;5;Омолаживающий барсучий эликсир;Фиточай с чабрецом - 4 пакетика;Омолаживающий барсучий эликсир;350;;;;;;;;;;;;;;;;;;;;;;;;;;;;;;;;;;;;;;;;;;;;;;
20.05.2021;2578;;4 977;returned;Oliverwilliams1993@mail.ru;20.05.2021;5;3;890.0;3500.0;587.0;;5;Фиточай с чабрецом - 4 пакетика;Омолаживающий барсучий эликсир;Фиточай с чабрецом - 4 пакетика;0;;;;;;;;;;;;;;;;;;;;;;;;;;;;;;;;;;;;;;;;;;;;;;
25.07.2021;1324;;3 687;completed;Liammartinez1993@yandex.ru;25.07.2021;7;3;2000.0;587.0;1100.0;;7;Омолаживающий барсучий эликсир;Фиточай с чабрецом - 4 пакетика;Маття-латте - 5 шт.;0;;;;;;;;;;;;;;;;;;;;;;;;;;;;;;;;;;;;;;;;;;;;;;
23.07.2021;2934;;325;completed;Isabellajackson12@outlook.com;17.03.2021;3;1;325.0;;;;7;Маття-латте - 1 шт.;Маття-латте - 1 шт.;Маття-латте - 1 шт.;0;;;;;;;;;;;;;;;;;;;;;;;;;;;;;;;;;;;;;;;;;;;;;;
23.01.2022;3799;;3 240;returned;Williammoore12@mail.ru;27.03.2021;3;2;890.0;2000.0;;;13;Фиточай с чабрецом - 4 пакетика;Омолаживающий барсучий эликсир;Маття-латте - 1 шт.;350;;;;;;;;;;;;;;;;;;;;;;;;;;;;;;;;;;;;;;;;;;;;;;
05.01.2022;3168;;5 750;completed;lucasbrown33@gmail.com;05.01.2022;13;2;;3500.0;1900.0;;13;Маття-латте - 1 шт.;Омолаживающий барсучий эликсир;Маття-латте - 5 шт.;350;;;;;;;;;;;;;;;;;;;;;;;;;;;;;;;;;;;;;;;;;;;;;;
08.03.2021;1627;;890;completed;Williamanderson1993@yandex.ru;08.03.2021;3;1;890.0;;;;3;Фиточай с чабрецом - 4 пакетика;Маття-латте - 1 шт.;Маття-латте - 1 шт.;0;;;;;;;;;;;;;;;;;;;;;;;;;;;;;;;;;;;;;;;;;;;;;;
01.10.2021;3559;;1 414;completed;oliversmith1993@gmail.com;01.10.2021;10;3;240.0;587.0;587.0;;10;Маття-латте - 1 шт.;Фиточай с чабрецом - 4 пакетика;Фиточай с чабрецом - 4 пакетика;0;;;;;;;;;;;;;;;;;;;;;;;;;;;;;;;;;;;;;;;;;;;;;;
19.05.2021;3552;;11 700;completed;Oliverwilliams66@yahoo.com;19.05.2021;5;3;4900.0;4900.0;1900.0;;5;Омолаживающий барсучий эликсир;Омолаживающий барсучий эликсир;Маття-латте - 5 шт.;0;;;;;;;;;;;;;;;;;;;;;;;;;;;;;;;;;;;;;;;;;;;;;;
21.03.2021;2500;;3 380;completed;Williamlopez0@mail.ru;21.03.2021;3;3;240.0;890.0;1900.0;;3;Маття-латте - 1 шт.;Фиточай с чабрецом - 4 пакетика;Маття-латте - 5 шт.;350;;;;;;;;;;;;;;;;;;;;;;;;;;;;;;;;;;;;;;;;;;;;;;
04.12.2021;3672;;480;completed;Sophiabrown88@yandex.ru;04.12.2021;12;2;;240.0;240.0;;12;Маття-латте - 1 шт.;Маття-латте - 1 шт.;Маття-латте - 1 шт.;0;;;;;;;;;;;;;;;;;;;;;;;;;;;;;;;;;;;;;;;;;;;;;;
06.05.2021;2023;;3 740;completed;Sophiabrown1993@yahoo.com;03.04.2021;4;2;;240.0;3500.0;;5;Маття-латте - 1 шт.;Маття-латте - 1 шт.;Омолаживающий барсучий эликсир;0;;;;;;;;;;;;;;;;;;;;;;;;;;;;;;;;;;;;;;;;;;;;;;
10.12.2021;2444;;4 540;completed;oliversmith2007@gmail.com;23.07.2021;7;3;800.0;240.0;3500.0;;12;Фиточай с чабрецом - 4 пакетика;Маття-латте - 1 шт.;Омолаживающий барсучий эликсир;0;;;;;;;;;;;;;;;;;;;;;;;;;;;;;;;;;;;;;;;;;;;;;;
09.09.2021;1946;;9 550;returned;Sophiataylor66@outlook.com;08.03.2021;3;3;800.0;4900.0;3500.0;;9;Фиточай с чабрецом - 4 пакетика;Омолаживающий барсучий эликсир;Омолаживающий барсучий эликсир;350;;;;;;;;;;;;;;;;;;;;;;;;;;;;;;;;;;;;;;;;;;;;;;
04.02.2022;2233;;1 174;completed;Liamwilliams2007@mail.ru;09.06.2021;6;2;587.0;587.0;;;14;Фиточай с чабрецом - 4 пакетика;Фиточай с чабрецом - 4 пакетика;Маття-латте - 1 шт.;0;;;;;;;;;;;;;;;;;;;;;;;;;;;;;;;;;;;;;;;;;;;;;;
16.02.2021;1516;;3 100;completed;Lucasthomas13@yahoo.com;16.02.2021;2;2;1100.0;2000.0;;;2;Маття-латте - 5 шт.;Омолаживающий барсучий эликсир;Маття-латте - 1 шт.;0;;;;;;;;;;;;;;;;;;;;;;;;;;;;;;;;;;;;;;;;;;;;;;
09.10.2021;1495;;7 125;completed;Isabellamartinez33@mail.ru;14.09.2021;9;3;325.0;4900.0;1900.0;;10;Маття-латте - 1 шт.;Омолаживающий барсучий эликсир;Маття-латте - 5 шт.;0;;;;;;;;;;;;;;;;;;;;;;;;;;;;;;;;;;;;;;;;;;;;;;
04.11.2021;3097;;2 325;completed;oliverwilliams13@gmail.com;04.11.2021;11;2;325.0;;2000.0;;11;Маття-латте - 1 шт.;Маття-латте - 1 шт.;Омолаживающий барсучий эликсир;0;;;;;;;;;;;;;;;;;;;;;;;;;;;;;;;;;;;;;;;;;;;;;;
31.01.2022;3104;;2 130;completed;Oliverthomas1993@yandex.ru;31.01.2022;13;2;890.0;;890.0;;13;Фиточай с чабрецом - 4 пакетика;Маття-латте - 1 шт.;Фиточай с чабрецом - 4 пакетика;350;;;;;;;;;;;;;;;;;;;;;;;;;;;;;;;;;;;;;;;;;;;;;;
06.04.2021;2972;;3 325;completed;oliveranderson66@gmail.com;06.04.2021;4;3;1100.0;325.0;1900.0;;4;Маття-латте - 5 шт.;Маття-латте - 1 шт.;Маття-латте - 5 шт.;0;;;;;;;;;;;;;;;;;;;;;;;;;;;;;;;;;;;;;;;;;;;;;;
06.02.2022;1714;;7 790;completed;isabellajackson13@gmail.com;06.02.2022;14;3;2000.0;4900.0;890.0;;14;Омолаживающий барсучий эликсир;Омолаживающий барсучий эликсир;Фиточай с чабрецом - 4 пакетика;0;;;;;;;;;;;;;;;;;;;;;;;;;;;;;;;;;;;;;;;;;;;;;;
28.01.2022;3775;;3 825;returned;Alexandermartinez12@yahoo.com;19.03.2021;3;2;325.0;;3500.0;;13;Маття-латте - 1 шт.;Маття-латте - 1 шт.;Омолаживающий барсучий эликсир;0;;;;;;;;;;;;;;;;;;;;;;;;;;;;;;;;;;;;;;;;;;;;;;
20.02.2021;2718;;9 640;completed;Isabellathomas2007@yandex.ru;20.02.2021;2;3;3500.0;4900.0;890.0;;2;Омолаживающий барсучий эликсир;Омолаживающий барсучий эликсир;Фиточай с чабрецом - 4 пакетика;350;;;;;;;;;;;;;;;;;;;;;;;;;;;;;;;;;;;;;;;;;;;;;;
29.03.2021;2461;;2 140;completed;Lucaswilliams88@outlook.com;29.03.2021;3;2;;1900.0;240.0;;3;Маття-латте - 1 шт.;Маття-латте - 5 шт.;Маття-латте - 1 шт.;0;;;;;;;;;;;;;;;;;;;;;;;;;;;;;;;;;;;;;;;;;;;;;;
14.03.2021;3026;;8 350;completed;Avasmith12@yahoo.com;14.03.2021;3;3;1100.0;4900.0;2000.0;;3;Маття-латте - 5 шт.;Омолаживающий барсучий эликсир;Омолаживающий барсучий эликсир;350;;;;;;;;;;;;;;;;;;;;;;;;;;;;;;;;;;;;;;;;;;;;;;
16.09.2021;1582;;9 200;completed;Alexandermoore0@yandex.ru;16.09.2021;9;3;4900.0;3500.0;800.0;;9;Омолаживающий барсучий эликсир;Омолаживающий барсучий эликсир;Фиточай с чабрецом - 4 пакетика;0;;;;;;;;;;;;;;;;;;;;;;;;;;;;;;;;;;;;;;;;;;;;;;
23.03.2021;3064;;1 387;completed;Isabellaanderson13@yandex.ru;23.03.2021;3;2;587.0;800.0;;;3;Фиточай с чабрецом - 4 пакетика;Фиточай с чабрецом - 4 пакетика;Маття-латте - 1 шт.;0;;;;;;;;;;;;;;;;;;;;;;;;;;;;;;;;;;;;;;;;;;;;;;
20.11.2021;3616;;5 700;completed;Oliverjackson33@mail.ru;20.02.2021;2;2;4900.0;;800.0;;11;Омолаживающий барсучий эликсир;Маття-латте - 1 шт.;Фиточай с чабрецом - 4 пакетика;0;;;;;;;;;;;;;;;;;;;;;;;;;;;;;;;;;;;;;;;;;;;;;;
05.01.2022;2321;;2 490;completed;Isabellaanderson33@mail.ru;02.05.2021;5;2;1900.0;;240.0;;13;Маття-латте - 5 шт.;Маття-латте - 1 шт.;Маття-латте - 1 шт.;350;;;;;;;;;;;;;;;;;;;;;;;;;;;;;;;;;;;;;;;;;;;;;;
03.04.2021;3292;;7 690;returned;Williamanderson13@mail.ru;03.04.2021;4;3;890.0;1900.0;4900.0;;4;Фиточай с чабрецом - 4 пакетика;Маття-латте - 5 шт.;Омолаживающий барсучий эликсир;0;;;;;;;;;;;;;;;;;;;;;;;;;;;;;;;;;;;;;;;;;;;;;;
03.11.2021;2114;;8 100;completed;Olivertaylor88@outlook.com;03.11.2021;11;3;1100.0;3500.0;3500.0;;11;Маття-латте - 5 шт.;Омолаживающий барсучий эликсир;Омолаживающий барсучий эликсир;0;;;;;;;;;;;;;;;;;;;;;;;;;;;;;;;;;;;;;;;;;;;;;;
07.12.2021;3652;;3 100;completed;Oliversmith0@gmail.com;07.12.2021;12;2;;2000.0;1100.0;;12;Маття-латте - 1 шт.;Омолаживающий барсучий эликсир;Маття-латте - 5 шт.;0;;;;;;;;;;;;;;;;;;;;;;;;;;;;;;;;;;;;;;;;;;;;;;
05.10.2021;1807;;4 000;completed;Oliverlopez12@outlook.com;19.03.2021;3;2;;2000.0;2000.0;;10;Маття-латте - 1 шт.;Омолаживающий барсучий эликсир;Омолаживающий барсучий эликсир;0;;;;;;;;;;;;;;;;;;;;;;;;;;;;;;;;;;;;;;;;;;;;;;
16.07.2021;3342;;6 890;returned;Oliversmith12@mail.ru;16.07.2021;7;3;890.0;1100.0;4900.0;;7;Фиточай с чабрецом - 4 пакетика;Маття-латте - 5 шт.;Омолаживающий барсучий эликсир;0;;;;;;;;;;;;;;;;;;;;;;;;;;;;;;;;;;;;;;;;;;;;;;
11.10.2021;3263;;1 237;completed;Alexandermoore66@mail.ru;11.10.2021;10;3;325.0;587.0;325.0;;10;Маття-латте - 1 шт.;Фиточай с чабрецом - 4 пакетика;Маття-латте - 1 шт.;0;;;;;;;;;;;;;;;;;;;;;;;;;;;;;;;;;;;;;;;;;;;;;;
25.10.2021;1791;;1 340;completed;Lucassmith2007@mail.ru;25.10.2021;10;2;;240.0;1100.0;;10;Маття-латте - 1 шт.;Маття-латте - 1 шт.;Маття-латте - 5 шт.;0;;;;;;;;;;;;;;;;;;;;;;;;;;;;;;;;;;;;;;;;;;;;;;
05.12.2021;2238;;1 737;completed;Alexandertaylor66@outlook.com;05.12.2021;12;2;800.0;587.0;;;12;Фиточай с чабрецом - 4 пакетика;Фиточай с чабрецом - 4 пакетика;Маття-латте - 1 шт.;350;;;;;;;;;;;;;;;;;;;;;;;;;;;;;;;;;;;;;;;;;;;;;;
07.10.2021;2997;;2 280;completed;lucaslopez33@gmail.com;21.02.2021;2;3;890.0;240.0;800.0;;10;Фиточай с чабрецом - 4 пакетика;Маття-латте - 1 шт.;Фиточай с чабрецом - 4 пакетика;350;;;;;;;;;;;;;;;;;;;;;;;;;;;;;;;;;;;;;;;;;;;;;;
16.02.2021;1594;;1 340;completed;Lucasanderson69@mail.ru;16.02.2021;2;2;;240.0;1100.0;;2;Маття-латте - 1 шт.;Маття-латте - 1 шт.;Маття-латте - 5 шт.;0;;;;;;;;;;;;;;;;;;;;;;;;;;;;;;;;;;;;;;;;;;;;;;
13.10.2021;1964;;1 750;completed;Liamanderson33@yandex.ru;04.10.2021;10;3;325.0;1100.0;325.0;;10;Маття-латте - 1 шт.;Маття-латте - 5 шт.;Маття-латте - 1 шт.;0;;;;;;;;;;;;;;;;;;;;;;;;;;;;;;;;;;;;;;;;;;;;;;
28.06.2021;1607;;2 727;completed;Emmathomas2007@outlook.com;28.06.2021;6;3;587.0;1900.0;240.0;;6;Фиточай с чабрецом - 4 пакетика;Маття-латте - 5 шт.;Маття-латте - 1 шт.;0;;;;;;;;;;;;;;;;;;;;;;;;;;;;;;;;;;;;;;;;;;;;;;
05.02.2022;3349;;4 737;returned;alexanderthomas66@gmail.com;16.08.2021;8;3;1900.0;1900.0;587.0;;14;Маття-латте - 5 шт.;Маття-латте - 5 шт.;Фиточай с чабрецом - 4 пакетика;350;;;;;;;;;;;;;;;;;;;;;;;;;;;;;;;;;;;;;;;;;;;;;;
31.12.2021;2228;;4 125;completed;Emmathomas33@yahoo.com;31.12.2021;12;3;325.0;1900.0;1900.0;;12;Маття-латте - 1 шт.;Маття-латте - 5 шт.;Маття-латте - 5 шт.;0;;;;;;;;;;;;;;;;;;;;;;;;;;;;;;;;;;;;;;;;;;;;;;
14.12.2021;1606;;11 040;completed;Williamtaylor12@yahoo.com;10.04.2021;4;3;4900.0;890.0;4900.0;;12;Омолаживающий барсучий эликсир;Фиточай с чабрецом - 4 пакетика;Омолаживающий барсучий эликсир;350;;;;;;;;;;;;;;;;;;;;;;;;;;;;;;;;;;;;;;;;;;;;;;
14.07.2021;1505;;6 600;completed;williamanderson0@gmail.com;14.07.2021;7;3;3500.0;1100.0;2000.0;;7;Омолаживающий барсучий эликсир;Маття-латте - 5 шт.;Омолаживающий барсучий эликсир;0;;;;;;;;;;;;;;;;;;;;;;;;;;;;;;;;;;;;;;;;;;;;;;
01.06.2021;3304;;9 500;completed;Lucasjackson12@outlook.com;01.06.2021;6;3;4900.0;1100.0;3500.0;;6;Омолаживающий барсучий эликсир;Маття-латте - 5 шт.;Омолаживающий барсучий эликсир;0;;;;;;;;;;;;;;;;;;;;;;;;;;;;;;;;;;;;;;;;;;;;;;
05.10.2021;1541;;2 537;completed;Olivertaylor88@outlook.com;28.08.2021;8;3;800.0;587.0;800.0;;10;Фиточай с чабрецом - 4 пакетика;Фиточай с чабрецом - 4 пакетика;Фиточай с чабрецом - 4 пакетика;350;;;;;;;;;;;;;;;;;;;;;;;;;;;;;;;;;;;;;;;;;;;;;;
24.01.2022;3116;;1 387;completed;Lucasthomas2007@mail.ru;02.03.2021;3;2;800.0;;587.0;;13;Фиточай с чабрецом - 4 пакетика;Маття-латте - 1 шт.;Фиточай с чабрецом - 4 пакетика;0;;;;;;;;;;;;;;;;;;;;;;;;;;;;;;;;;;;;;;;;;;;;;;
28.12.2021;3527;;1 100;completed;Isabellajackson1993@gmail.com;12.09.2021;9;1;;;1100.0;;12;Маття-латте - 1 шт.;Маття-латте - 1 шт.;Маття-латте - 5 шт.;0;;;;;;;;;;;;;;;;;;;;;;;;;;;;;;;;;;;;;;;;;;;;;;
16.01.2022;2015;;7 900;completed;Isabellasmith13@mail.ru;14.04.2021;4;3;4900.0;1900.0;1100.0;;13;Омолаживающий барсучий эликсир;Маття-латте - 5 шт.;Маття-латте - 5 шт.;0;;;;;;;;;;;;;;;;;;;;;;;;;;;;;;;;;;;;;;;;;;;;;;
29.12.2021;1647;;6 465;completed;Emmawilliams88@mail.ru;29.12.2021;12;3;4900.0;890.0;325.0;;12;Омолаживающий барсучий эликсир;Фиточай с чабрецом - 4 пакетика;Маття-латте - 1 шт.;350;;;;;;;;;;;;;;;;;;;;;;;;;;;;;;;;;;;;;;;;;;;;;;
12.10.2021;4172;;5 812;returned;Alexanderthomas88@yahoo.com;12.10.2021;10;3;4900.0;587.0;325.0;;10;Омолаживающий барсучий эликсир;Фиточай с чабрецом - 4 пакетика;Маття-латте - 1 шт.;0;;;;;;;;;;;;;;;;;;;;;;;;;;;;;;;;;;;;;;;;;;;;;;
13.07.2021;1921;;5 237;completed;Sophialopez2007@yahoo.com;13.07.2021;7;3;587.0;800.0;3500.0;;7;Фиточай с чабрецом - 4 пакетика;Фиточай с чабрецом - 4 пакетика;Омолаживающий барсучий эликсир;350;;;;;;;;;;;;;;;;;;;;;;;;;;;;;;;;;;;;;;;;;;;;;;
23.09.2021;2905;;3 890;completed;Liamwilliams66@gmail.com;15.07.2021;7;3;1900.0;1100.0;890.0;;9;Маття-латте - 5 шт.;Маття-латте - 5 шт.;Фиточай с чабрецом - 4 пакетика;0;;;;;;;;;;;;;;;;;;;;;;;;;;;;;;;;;;;;;;;;;;;;;;
03.07.2021;1267;;6 727;completed;emmataylor12@gmail.com;03.06.2021;6;3;4900.0;890.0;587.0;;7;Омолаживающий барсучий эликсир;Фиточай с чабрецом - 4 пакетика;Фиточай с чабрецом - 4 пакетика;350;;;;;;;;;;;;;;;;;;;;;;;;;;;;;;;;;;;;;;;;;;;;;;
25.12.2021;2552;;6 500;completed;charlottemartinez12@gmail.com;20.07.2021;7;3;4900.0;800.0;800.0;;12;Омолаживающий барсучий эликсир;Фиточай с чабрецом - 4 пакетика;Фиточай с чабрецом - 4 пакетика;0;;;;;;;;;;;;;;;;;;;;;;;;;;;;;;;;;;;;;;;;;;;;;;
12.04.2021;4051;;5 250;completed;Charlottewilliams69@yahoo.com;12.04.2021;4;3;1900.0;1900.0;1100.0;;4;Маття-латте - 5 шт.;Маття-латте - 5 шт.;Маття-латте - 5 шт.;350;;;;;;;;;;;;;;;;;;;;;;;;;;;;;;;;;;;;;;;;;;;;;;
10.01.2022;1374;;3 425;completed;Oliverjackson2007@outlook.com;10.01.2022;13;3;1100.0;325.0;2000.0;;13;Маття-латте - 5 шт.;Маття-латте - 1 шт.;Омолаживающий барсучий эликсир;0;;;;;;;;;;;;;;;;;;;;;;;;;;;;;;;;;;;;;;;;;;;;;;
02.06.2021;3904;;10 750;completed;Charlottesmith69@mail.ru;02.06.2021;6;3;4900.0;2000.0;3500.0;;6;Омолаживающий барсучий эликсир;Омолаживающий барсучий эликсир;Омолаживающий барсучий эликсир;350;;;;;;;;;;;;;;;;;;;;;;;;;;;;;;;;;;;;;;;;;;;;;;
10.04.2021;2393;;6 500;completed;Alexanderjackson88@yandex.ru;10.04.2021;4;3;1900.0;1100.0;3500.0;;4;Маття-латте - 5 шт.;Маття-латте - 5 шт.;Омолаживающий барсучий эликсир;0;;;;;;;;;;;;;;;;;;;;;;;;;;;;;;;;;;;;;;;;;;;;;;
31.05.2021;2202;;7 950;completed;Sophiawilliams1987@yandex.ru;31.05.2021;5;3;800.0;4900.0;1900.0;;5;Фиточай с чабрецом - 4 пакетика;Омолаживающий барсучий эликсир;Маття-латте - 5 шт.;350;;;;;;;;;;;;;;;;;;;;;;;;;;;;;;;;;;;;;;;;;;;;;;
24.03.2021;3706;;8 400;returned;Isabellataylor69@yahoo.com;24.03.2021;3;2;3500.0;;4900.0;;3;Омолаживающий барсучий эликсир;Маття-латте - 1 шт.;Омолаживающий барсучий эликсир;0;;;;;;;;;;;;;;;;;;;;;;;;;;;;;;;;;;;;;;;;;;;;;;
23.06.2021;2143;;5 540;completed;Avawilliams13@mail.ru;18.04.2021;4;3;890.0;800.0;3500.0;;6;Фиточай с чабрецом - 4 пакетика;Фиточай с чабрецом - 4 пакетика;Омолаживающий барсучий эликсир;350;;;;;;;;;;;;;;;;;;;;;;;;;;;;;;;;;;;;;;;;;;;;;;
28.12.2021;2990;;6 424;completed;Williambrown2007@yandex.ru;08.04.2021;4;3;587.0;4900.0;587.0;;12;Фиточай с чабрецом - 4 пакетика;Омолаживающий барсучий эликсир;Фиточай с чабрецом - 4 пакетика;350;;;;;;;;;;;;;;;;;;;;;;;;;;;;;;;;;;;;;;;;;;;;;;
27.05.2021;1889;;1 665;returned;Emmathomas1987@outlook.com;27.05.2021;5;3;325.0;1100.0;240.0;;5;Маття-латте - 1 шт.;Маття-латте - 5 шт.;Маття-латте - 1 шт.;0;;;;;;;;;;;;;;;;;;;;;;;;;;;;;;;;;;;;;;;;;;;;;;
19.04.2021;3289;;4 150;returned;Liamjackson1993@yandex.ru;19.04.2021;4;3;1900.0;1100.0;800.0;;4;Маття-латте - 5 шт.;Маття-латте - 5 шт.;Фиточай с чабрецом - 4 пакетика;350;;;;;;;;;;;;;;;;;;;;;;;;;;;;;;;;;;;;;;;;;;;;;;
16.05.2021;3922;;2 230;completed;Oliverthomas88@outlook.com;04.03.2021;3;3;1100.0;890.0;240.0;;5;Маття-латте - 5 шт.;Фиточай с чабрецом - 4 пакетика;Маття-латте - 1 шт.;0;;;;;;;;;;;;;;;;;;;;;;;;;;;;;;;;;;;;;;;;;;;;;;
12.05.2021;3196;;2 750;completed;Olivertaylor13@yahoo.com;25.02.2021;2;3;800.0;800.0;800.0;;5;Фиточай с чабрецом - 4 пакетика;Фиточай с чабрецом - 4 пакетика;Фиточай с чабрецом - 4 пакетика;350;;;;;;;;;;;;;;;;;;;;;;;;;;;;;;;;;;;;;;;;;;;;;;
25.01.2022;1918;;8 040;completed;Williammoore33@yahoo.com;26.12.2021;12;3;4900.0;890.0;1900.0;;13;Омолаживающий барсучий эликсир;Фиточай с чабрецом - 4 пакетика;Маття-латте - 5 шт.;350;;;;;;;;;;;;;;;;;;;;;;;;;;;;;;;;;;;;;;;;;;;;;;
21.01.2022;3399;;2 550;completed;Oliverthomas12@yahoo.com;03.03.2021;3;3;325.0;1900.0;325.0;;13;Маття-латте - 1 шт.;Маття-латте - 5 шт.;Маття-латте - 1 шт.;0;;;;;;;;;;;;;;;;;;;;;;;;;;;;;;;;;;;;;;;;;;;;;;
08.04.2021;3639;;5 487;completed;Emmalopez0@mail.ru;08.04.2021;4;2;587.0;4900.0;;;4;Фиточай с чабрецом - 4 пакетика;Омолаживающий барсучий эликсир;Маття-латте - 1 шт.;0;;;;;;;;;;;;;;;;;;;;;;;;;;;;;;;;;;;;;;;;;;;;;;
05.03.2021;2342;;1 365;completed;alexandermoore69@gmail.com;05.03.2021;3;3;325.0;800.0;240.0;;3;Маття-латте - 1 шт.;Фиточай с чабрецом - 4 пакетика;Маття-латте - 1 шт.;0;;;;;;;;;;;;;;;;;;;;;;;;;;;;;;;;;;;;;;;;;;;;;;
14.06.2021;3285;;5 837;completed;Lucasmoore1993@yahoo.com;14.06.2021;6;2;;4900.0;587.0;;6;Маття-латте - 1 шт.;Омолаживающий барсучий эликсир;Фиточай с чабрецом - 4 пакетика;350;;;;;;;;;;;;;;;;;;;;;;;;;;;;;;;;;;;;;;;;;;;;;;
26.06.2021;2080;;1 215;completed;Isabellataylor33@yahoo.com;26.06.2021;6;2;890.0;;325.0;;6;Фиточай с чабрецом - 4 пакетика;Маття-латте - 1 шт.;Маття-латте - 1 шт.;0;;;;;;;;;;;;;;;;;;;;;;;;;;;;;;;;;;;;;;;;;;;;;;
21.03.2021;4231;;5 727;completed;Lucasanderson1987@mail.ru;21.03.2021;3;3;4900.0;587.0;240.0;;3;Омолаживающий барсучий эликсир;Фиточай с чабрецом - 4 пакетика;Маття-латте - 1 шт.;0;;;;;;;;;;;;;;;;;;;;;;;;;;;;;;;;;;;;;;;;;;;;;;
01.02.2022;2262;;7 600;completed;Oliveranderson13@outlook.com;03.09.2021;9;3;4900.0;1900.0;800.0;;14;Омолаживающий барсучий эликсир;Маття-латте - 5 шт.;Фиточай с чабрецом - 4 пакетика;0;;;;;;;;;;;;;;;;;;;;;;;;;;;;;;;;;;;;;;;;;;;;;;
10.12.2021;1292;;5 900;completed;Avalopez0@mail.ru;27.11.2021;11;3;2000.0;1900.0;2000.0;;12;Омолаживающий барсучий эликсир;Маття-латте - 5 шт.;Омолаживающий барсучий эликсир;0;;;;;;;;;;;;;;;;;;;;;;;;;;;;;;;;;;;;;;;;;;;;;;
05.08.2021;1448;;3 140;completed;lucasbrown0@gmail.com;05.08.2021;8;2;;890.0;1900.0;;8;Маття-латте - 1 шт.;Фиточай с чабрецом - 4 пакетика;Маття-латте - 5 шт.;350;;;;;;;;;;;;;;;;;;;;;;;;;;;;;;;;;;;;;;;;;;;;;;
28.09.2021;3562;;6 600;completed;Sophiaanderson69@yahoo.com;28.09.2021;9;3;3500.0;2000.0;1100.0;;9;Омолаживающий барсучий эликсир;Омолаживающий барсучий эликсир;Маття-латте - 5 шт.;0;;;;;;;;;;;;;;;;;;;;;;;;;;;;;;;;;;;;;;;;;;;;;;
25.01.2022;3496;;4 950;completed;Oliveranderson0@outlook.com;28.05.2021;5;3;800.0;1900.0;1900.0;;13;Фиточай с чабрецом - 4 пакетика;Маття-латте - 5 шт.;Маття-латте - 5 шт.;350;;;;;;;;;;;;;;;;;;;;;;;;;;;;;;;;;;;;;;;;;;;;;;
08.12.2021;1256;;2 940;completed;Emmamoore0@mail.ru;08.04.2021;4;3;1900.0;800.0;240.0;;12;Маття-латте - 5 шт.;Фиточай с чабрецом - 4 пакетика;Маття-латте - 1 шт.;0;;;;;;;;;;;;;;;;;;;;;;;;;;;;;;;;;;;;;;;;;;;;;;
30.04.2021;3764;;0;returned;Williammoore1993@yandex.ru;30.04.2021;4;0;;;;;4;Маття-латте - 1 шт.;Маття-латте - 1 шт.;Маття-латте - 1 шт.;0;;;;;;;;;;;;;;;;;;;;;;;;;;;;;;;;;;;;;;;;;;;;;;
13.05.2021;1868;;2 225;returned;Avaanderson1993@yahoo.com;13.05.2021;5;3;325.0;800.0;1100.0;;5;Маття-латте - 1 шт.;Фиточай с чабрецом - 4 пакетика;Маття-латте - 5 шт.;0;;;;;;;;;;;;;;;;;;;;;;;;;;;;;;;;;;;;;;;;;;;;;;
22.11.2021;2168;;3 690;completed;Isabellataylor69@mail.ru;22.11.2021;11;3;890.0;2000.0;800.0;;11;Фиточай с чабрецом - 4 пакетика;Омолаживающий барсучий эликсир;Фиточай с чабрецом - 4 пакетика;0;;;;;;;;;;;;;;;;;;;;;;;;;;;;;;;;;;;;;;;;;;;;;;
03.12.2021;2684;;5 700;completed;Liammoore13@mail.ru;03.12.2021;12;2;800.0;4900.0;;;12;Фиточай с чабрецом - 4 пакетика;Омолаживающий барсучий эликсир;Маття-латте - 1 шт.;0;;;;;;;;;;;;;;;;;;;;;;;;;;;;;;;;;;;;;;;;;;;;;;
20.02.2021;3050;;4 587;completed;Charlottemoore13@yahoo.com;20.02.2021;2;3;2000.0;587.0;2000.0;;2;Омолаживающий барсучий эликсир;Фиточай с чабрецом - 4 пакетика;Омолаживающий барсучий эликсир;0;;;;;;;;;;;;;;;;;;;;;;;;;;;;;;;;;;;;;;;;;;;;;;
01.08.2021;2475;;1 690;completed;Isabellamoore66@outlook.com;13.03.2021;3;2;1100.0;240.0;;;8;Маття-латте - 5 шт.;Маття-латте - 1 шт.;Маття-латте - 1 шт.;350;;;;;;;;;;;;;;;;;;;;;;;;;;;;;;;;;;;;;;;;;;;;;;
26.04.2021;2188;;3 387;completed;Lucasbrown66@yandex.ru;26.04.2021;4;3;2000.0;587.0;800.0;;4;Омолаживающий барсучий эликсир;Фиточай с чабрецом - 4 пакетика;Фиточай с чабрецом - 4 пакетика;0;;;;;;;;;;;;;;;;;;;;;;;;;;;;;;;;;;;;;;;;;;;;;;
17.09.2021;3964;;1262;completed;Avamartinez1993@mail.ru;15.04.2021;4;2;;587.0;325.0;;9;Маття-латте - 1 шт.;Фиточай с чабрецом - 4 пакетика;Маття-латте - 1 шт.;350;;;;;;;;;;;;;;;;;;;;;;;;;;;;;;;;;;;;;;;;;;;;;;
27.07.2021;2795;;5 840;completed;Sophiamoore1987@mail.ru;27.07.2021;7;3;890.0;1100.0;3500.0;;7;Фиточай с чабрецом - 4 пакетика;Маття-латте - 5 шт.;Омолаживающий барсучий эликсир;350;;;;;;;;;;;;;;;;;;;;;;;;;;;;;;;;;;;;;;;;;;;;;;
25.03.2021;1513;;7 325;completed;avathomas2007@gmail.com;25.03.2021;3;3;3500.0;3500.0;325.0;;3;Омолаживающий барсучий эликсир;Омолаживающий барсучий эликсир;Маття-латте - 1 шт.;0;;;;;;;;;;;;;;;;;;;;;;;;;;;;;;;;;;;;;;;;;;;;;;
13.09.2021;3497;;1 925;completed;Charlottelopez13@yandex.ru;13.09.2021;9;3;800.0;800.0;325.0;;9;Фиточай с чабрецом - 4 пакетика;Фиточай с чабрецом - 4 пакетика;Маття-латте - 1 шт.;0;;;;;;;;;;;;;;;;;;;;;;;;;;;;;;;;;;;;;;;;;;;;;;
05.03.2021;2324;;7 475;completed;Lucasanderson1987@gmail.com;05.03.2021;3;3;1900.0;325.0;4900.0;;3;Маття-латте - 5 шт.;Маття-латте - 1 шт.;Омолаживающий барсучий эликсир;350;;;;;;;;;;;;;;;;;;;;;;;;;;;;;;;;;;;;;;;;;;;;;;
09.10.2021;3337;;2 800;completed;Emmabrown0@mail.ru;04.04.2021;4;2;;800.0;2000.0;;10;Маття-латте - 1 шт.;Фиточай с чабрецом - 4 пакетика;Омолаживающий барсучий эликсир;0;;;;;;;;;;;;;;;;;;;;;;;;;;;;;;;;;;;;;;;;;;;;;;
26.01.2022;4082;;1240;completed;Isabellabrown2007@yahoo.com;26.02.2021;2;1;;890.0;;;13;Маття-латте - 1 шт.;Фиточай с чабрецом - 4 пакетика;Маття-латте - 1 шт.;350;;;;;;;;;;;;;;;;;;;;;;;;;;;;;;;;;;;;;;;;;;;;;;
15.02.2022;2963;;2 487;completed;Charlottewilliams2007@mail.ru;15.02.2022;14;3;1100.0;587.0;800.0;;14;Маття-латте - 5 шт.;Фиточай с чабрецом - 4 пакетика;Фиточай с чабрецом - 4 пакетика;0;;;;;;;;;;;;;;;;;;;;;;;;;;;;;;;;;;;;;;;;;;;;;;
21.11.2021;2149;;2 575;completed;Emmasmith1993@mail.ru;21.11.2021;11;3;800.0;1100.0;325.0;;11;Фиточай с чабрецом - 4 пакетика;Маття-латте - 5 шт.;Маття-латте - 1 шт.;350;;;;;;;;;;;;;;;;;;;;;;;;;;;;;;;;;;;;;;;;;;;;;;
16.03.2021;4008;;6 740;completed;Isabellalopez12@outlook.com;16.03.2021;3;3;890.0;2000.0;3500.0;;3;Фиточай с чабрецом - 4 пакетика;Омолаживающий барсучий эликсир;Омолаживающий барсучий эликсир;350;;;;;;;;;;;;;;;;;;;;;;;;;;;;;;;;;;;;;;;;;;;;;;
05.12.2021;1987;;1 425;completed;Oliveranderson0@yahoo.com;06.03.2021;3;2;325.0;1100.0;;;12;Маття-латте - 1 шт.;Маття-латте - 5 шт.;Маття-латте - 1 шт.;0;;;;;;;;;;;;;;;;;;;;;;;;;;;;;;;;;;;;;;;;;;;;;;
30.08.2021;1299;;7 690;completed;alexanderanderson1987@gmail.com;26.04.2021;4;3;1900.0;890.0;4900.0;;8;Маття-латте - 5 шт.;Фиточай с чабрецом - 4 пакетика;Омолаживающий барсучий эликсир;0;;;;;;;;;;;;;;;;;;;;;;;;;;;;;;;;;;;;;;;;;;;;;;
23.07.2021;3642;;7 150;completed;charlottejackson12@gmail.com;23.07.2021;7;3;800.0;1100.0;4900.0;;7;Фиточай с чабрецом - 4 пакетика;Маття-латте - 5 шт.;Омолаживающий барсучий эликсир;350;;;;;;;;;;;;;;;;;;;;;;;;;;;;;;;;;;;;;;;;;;;;;;
13.12.2021;3892;;1 990;completed;Isabellathomas69@yandex.ru;13.05.2021;5;2;890.0;;1100.0;;12;Фиточай с чабрецом - 4 пакетика;Маття-латте - 1 шт.;Маття-латте - 5 шт.;0;;;;;;;;;;;;;;;;;;;;;;;;;;;;;;;;;;;;;;;;;;;;;;
09.08.2021;4066;;2 487;completed;Isabellasmith1987@yandex.ru;09.04.2021;4;3;1100.0;800.0;587.0;;8;Маття-латте - 5 шт.;Фиточай с чабрецом - 4 пакетика;Фиточай с чабрецом - 4 пакетика;0;;;;;;;;;;;;;;;;;;;;;;;;;;;;;;;;;;;;;;;;;;;;;;
16.05.2021;2908;;5 727;completed;Lucasmoore88@yahoo.com;16.05.2021;5;3;240.0;587.0;4900.0;;5;Маття-латте - 1 шт.;Фиточай с чабрецом - 4 пакетика;Омолаживающий барсучий эликсир;0;;;;;;;;;;;;;;;;;;;;;;;;;;;;;;;;;;;;;;;;;;;;;;
10.06.2021;3360;;7 475;returned;Alexandermartinez66@yandex.ru;10.06.2021;6;3;325.0;4900.0;1900.0;;6;Маття-латте - 1 шт.;Омолаживающий барсучий эликсир;Маття-латте - 5 шт.;350;;;;;;;;;;;;;;;;;;;;;;;;;;;;;;;;;;;;;;;;;;;;;;
04.11.2021;4146;;4 977;returned;Isabellamartinez66@yahoo.com;28.09.2021;9;3;3500.0;587.0;890.0;;11;Омолаживающий барсучий эликсир;Фиточай с чабрецом - 4 пакетика;Фиточай с чабрецом - 4 пакетика;0;;;;;;;;;;;;;;;;;;;;;;;;;;;;;;;;;;;;;;;;;;;;;;
24.05.2021;3014;;3 740;completed;Sophiaanderson1993@outlook.com;24.05.2021;5;2;3500.0;240.0;;;5;Омолаживающий барсучий эликсир;Маття-латте - 1 шт.;Маття-латте - 1 шт.;0;;;;;;;;;;;;;;;;;;;;;;;;;;;;;;;;;;;;;;;;;;;;;;
03.10.2021;2010;;2 064;completed;Alexandertaylor1993@outlook.com;07.09.2021;9;3;587.0;587.0;890.0;;10;Фиточай с чабрецом - 4 пакетика;Фиточай с чабрецом - 4 пакетика;Фиточай с чабрецом - 4 пакетика;0;;;;;;;;;;;;;;;;;;;;;;;;;;;;;;;;;;;;;;;;;;;;;;
18.05.2021;3236;;5 280;completed;Alexanderbrown1987@yahoo.com;18.05.2021;5;3;890.0;3500.0;890.0;;5;Фиточай с чабрецом - 4 пакетика;Омолаживающий барсучий эликсир;Фиточай с чабрецом - 4 пакетика;0;;;;;;;;;;;;;;;;;;;;;;;;;;;;;;;;;;;;;;;;;;;;;;
17.07.2021;3356;;2 487;completed;Charlottebrown0@yahoo.com;26.05.2021;5;3;587.0;800.0;1100.0;;7;Фиточай с чабрецом - 4 пакетика;Фиточай с чабрецом - 4 пакетика;Маття-латте - 5 шт.;0;;;;;;;;;;;;;;;;;;;;;;;;;;;;;;;;;;;;;;;;;;;;;;
11.12.2021;2676;;7 837;completed;Lucasanderson0@mail.ru;11.12.2021;12;3;587.0;2000.0;4900.0;;12;Фиточай с чабрецом - 4 пакетика;Омолаживающий барсучий эликсир;Омолаживающий барсучий эликсир;350;;;;;;;;;;;;;;;;;;;;;;;;;;;;;;;;;;;;;;;;;;;;;;
21.10.2021;3703;;10 040;completed;Charlottelopez0@mail.ru;21.10.2021;10;3;4900.0;240.0;4900.0;;10;Омолаживающий барсучий эликсир;Маття-латте - 1 шт.;Омолаживающий барсучий эликсир;0;;;;;;;;;;;;;;;;;;;;;;;;;;;;;;;;;;;;;;;;;;;;;;
03.06.2021;3386;;3 380;completed;Avajackson1987@yahoo.com;26.02.2021;2;3;1900.0;240.0;890.0;;6;Маття-латте - 5 шт.;Маття-латте - 1 шт.;Фиточай с чабрецом - 4 пакетика;350;;;;;;;;;;;;;;;;;;;;;;;;;;;;;;;;;;;;;;;;;;;;;;
18.11.2021;4173;;7 325;completed;Lucassmith66@yandex.ru;27.03.2021;3;3;3500.0;3500.0;325.0;;11;Омолаживающий барсучий эликсир;Омолаживающий барсучий эликсир;Маття-латте - 1 шт.;0;;;;;;;;;;;;;;;;;;;;;;;;;;;;;;;;;;;;;;;;;;;;;;
24.12.2021;1870;;4 740;completed;lucasthomas0@gmail.com;05.04.2021;4;2;;3500.0;890.0;;12;Маття-латте - 1 шт.;Омолаживающий барсучий эликсир;Фиточай с чабрецом - 4 пакетика;350;;;;;;;;;;;;;;;;;;;;;;;;;;;;;;;;;;;;;;;;;;;;;;
30.08.2021;1655;;4 630;completed;Charlottemartinez2007@yandex.ru;30.08.2021;8;3;240.0;3500.0;890.0;;8;Маття-латте - 1 шт.;Омолаживающий барсучий эликсир;Фиточай с чабрецом - 4 пакетика;0;;;;;;;;;;;;;;;;;;;;;;;;;;;;;;;;;;;;;;;;;;;;;;
20.08.2021;3336;;3 115;completed;isabellajackson88@gmail.com;13.04.2021;4;3;890.0;1900.0;325.0;;8;Фиточай с чабрецом - 4 пакетика;Маття-латте - 5 шт.;Маття-латте - 1 шт.;0;;;;;;;;;;;;;;;;;;;;;;;;;;;;;;;;;;;;;;;;;;;;;;
29.03.2021;3661;;5 750;completed;Alexandermoore12@yahoo.com;29.03.2021;3;3;3500.0;1100.0;800.0;;3;Омолаживающий барсучий эликсир;Маття-латте - 5 шт.;Фиточай с чабрецом - 4 пакетика;350;;;;;;;;;;;;;;;;;;;;;;;;;;;;;;;;;;;;;;;;;;;;;;
20.03.2021;2036;;2 380;completed;Lucasmartinez69@outlook.com;20.03.2021;3;3;240.0;240.0;1900.0;;3;Маття-латте - 1 шт.;Маття-латте - 1 шт.;Маття-латте - 5 шт.;0;;;;;;;;;;;;;;;;;;;;;;;;;;;;;;;;;;;;;;;;;;;;;;
26.09.2021;2156;;8 987;completed;Lucaswilliams88@yandex.ru;22.04.2021;4;3;587.0;4900.0;3500.0;;9;Фиточай с чабрецом - 4 пакетика;Омолаживающий барсучий эликсир;Омолаживающий барсучий эликсир;0;;;;;;;;;;;;;;;;;;;;;;;;;;;;;;;;;;;;;;;;;;;;;;
30.12.2021;3129;;2 250;completed;Olivermartinez1987@yahoo.com;11.09.2021;9;2;1100.0;;800.0;;12;Маття-латте - 5 шт.;Маття-латте - 1 шт.;Фиточай с чабрецом - 4 пакетика;350;;;;;;;;;;;;;;;;;;;;;;;;;;;;;;;;;;;;;;;;;;;;;;
22.09.2021;1266;;975;completed;Charlottejackson66@yahoo.com;22.09.2021;9;3;325.0;325.0;325.0;;9;Маття-латте - 1 шт.;Маття-латте - 1 шт.;Маття-латте - 1 шт.;0;;;;;;;;;;;;;;;;;;;;;;;;;;;;;;;;;;;;;;;;;;;;;;
05.10.2021;1305;;1 125;completed;Williammartinez2007@mail.ru;08.07.2021;7;2;325.0;;800.0;;10;Маття-латте - 1 шт.;Маття-латте - 1 шт.;Фиточай с чабрецом - 4 пакетика;0;;;;;;;;;;;;;;;;;;;;;;;;;;;;;;;;;;;;;;;;;;;;;;
20.07.2021;1984;;2 487;completed;Lucasmoore2007@mail.ru;20.07.2021;7;2;1900.0;587.0;;;7;Маття-латте - 5 шт.;Фиточай с чабрецом - 4 пакетика;Маття-латте - 1 шт.;0;;;;;;;;;;;;;;;;;;;;;;;;;;;;;;;;;;;;;;;;;;;;;;
19.12.2021;3313;;3 240;returned;Williammartinez88@outlook.com;05.04.2021;4;3;1900.0;1100.0;240.0;;12;Маття-латте - 5 шт.;Маття-латте - 5 шт.;Маття-латте - 1 шт.;0;;;;;;;;;;;;;;;;;;;;;;;;;;;;;;;;;;;;;;;;;;;;;;
11.08.2021;2202;;1 455;completed;Sophiawilliams1987@yandex.ru;31.05.2021;5;3;325.0;890.0;240.0;;8;Маття-латте - 1 шт.;Фиточай с чабрецом - 4 пакетика;Маття-латте - 1 шт.;0;;;;;;;;;;;;;;;;;;;;;;;;;;;;;;;;;;;;;;;;;;;;;;
19.02.2021;3972;;3 340;completed;Williamlopez88@yahoo.com;19.02.2021;2;3;1100.0;240.0;2000.0;;2;Маття-латте - 5 шт.;Маття-латте - 1 шт.;Омолаживающий барсучий эликсир;0;;;;;;;;;;;;;;;;;;;;;;;;;;;;;;;;;;;;;;;;;;;;;;
22.02.2021;3256;;8 700;completed;Charlottejackson88@mail.ru;22.02.2021;2;3;1900.0;4900.0;1900.0;;2;Маття-латте - 5 шт.;Омолаживающий барсучий эликсир;Маття-латте - 5 шт.;0;;;;;;;;;;;;;;;;;;;;;;;;;;;;;;;;;;;;;;;;;;;;;;
28.09.2021;2836;;13 300;completed;alexandermartinez88@gmail.com;28.09.2021;9;3;4900.0;3500.0;4900.0;;9;Омолаживающий барсучий эликсир;Омолаживающий барсучий эликсир;Омолаживающий барсучий эликсир;0;;;;;;;;;;;;;;;;;;;;;;;;;;;;;;;;;;;;;;;;;;;;;;
18.04.2021;3175;;3 900;completed;Sophialopez33@outlook.com;18.04.2021;4;2;2000.0;;1900.0;;4;Омолаживающий барсучий эликсир;Маття-латте - 1 шт.;Маття-латте - 5 шт.;0;;;;;;;;;;;;;;;;;;;;;;;;;;;;;;;;;;;;;;;;;;;;;;
23.01.2022;2889;;6 050;completed;liamanderson12@gmail.com;23.01.2022;13;2;800.0;4900.0;;;13;Фиточай с чабрецом - 4 пакетика;Омолаживающий барсучий эликсир;Маття-латте - 1 шт.;350;;;;;;;;;;;;;;;;;;;;;;;;;;;;;;;;;;;;;;;;;;;;;;
09.09.2021;3859;;1 100;completed;Olivermartinez2007@mail.ru;14.06.2021;6;1;1100.0;;;;9;Маття-латте - 5 шт.;Маття-латте - 1 шт.;Маття-латте - 1 шт.;0;;;;;;;;;;;;;;;;;;;;;;;;;;;;;;;;;;;;;;;;;;;;;;
10.12.2021;1567;;3 387;completed;Liamwilliams66@gmail.com;10.12.2021;12;3;800.0;587.0;2000.0;;12;Фиточай с чабрецом - 4 пакетика;Фиточай с чабрецом - 4 пакетика;Омолаживающий барсучий эликсир;0;;;;;;;;;;;;;;;;;;;;;;;;;;;;;;;;;;;;;;;;;;;;;;
23.03.2021;3983;;8 800;completed;Charlottetaylor12@yandex.ru;23.03.2021;3;3;4900.0;2000.0;1900.0;;3;Омолаживающий барсучий эликсир;Омолаживающий барсучий эликсир;Маття-латте - 5 шт.;0;;;;;;;;;;;;;;;;;;;;;;;;;;;;;;;;;;;;;;;;;;;;;;
17.01.2022;3837;;6 377;completed;sophiaanderson88@gmail.com;06.09.2021;9;3;890.0;587.0;4900.0;;13;Фиточай с чабрецом - 4 пакетика;Фиточай с чабрецом - 4 пакетика;Омолаживающий барсучий эликсир;0;;;;;;;;;;;;;;;;;;;;;;;;;;;;;;;;;;;;;;;;;;;;;;
13.02.2022;1431;;4 925;completed;Emmabrown1993@mail.ru;24.11.2021;11;3;325.0;3500.0;1100.0;;14;Маття-латте - 1 шт.;Омолаживающий барсучий эликсир;Маття-латте - 5 шт.;0;;;;;;;;;;;;;;;;;;;;;;;;;;;;;;;;;;;;;;;;;;;;;;
18.11.2021;2416;;2 277;completed;liammoore33@gmail.com;03.10.2021;10;3;587.0;890.0;800.0;;11;Фиточай с чабрецом - 4 пакетика;Фиточай с чабрецом - 4 пакетика;Фиточай с чабрецом - 4 пакетика;0;;;;;;;;;;;;;;;;;;;;;;;;;;;;;;;;;;;;;;;;;;;;;;
24.06.2021;3338;;7 850;completed;Sophiamoore33@yandex.ru;28.02.2021;2;3;2000.0;2000.0;3500.0;;6;Омолаживающий барсучий эликсир;Омолаживающий барсучий эликсир;Омолаживающий барсучий эликсир;350;;;;;;;;;;;;;;;;;;;;;;;;;;;;;;;;;;;;;;;;;;;;;;
14.12.2021;2650;;5 750;completed;liammoore0@gmail.com;09.04.2021;4;2;;3500.0;1900.0;;12;Маття-латте - 1 шт.;Омолаживающий барсучий эликсир;Маття-латте - 5 шт.;350;;;;;;;;;;;;;;;;;;;;;;;;;;;;;;;;;;;;;;;;;;;;;;
22.01.2022;2016;;6 300;completed;Oliverwilliams33@yahoo.com;15.09.2021;9;3;2000.0;3500.0;800.0;;13;Омолаживающий барсучий эликсир;Омолаживающий барсучий эликсир;Фиточай с чабрецом - 4 пакетика;0;;;;;;;;;;;;;;;;;;;;;;;;;;;;;;;;;;;;;;;;;;;;;;
02.07.2021;3876;;3 690;completed;Liamthomas13@yandex.ru;01.05.2021;5;3;890.0;2000.0;800.0;;7;Фиточай с чабрецом - 4 пакетика;Омолаживающий барсучий эликсир;Фиточай с чабрецом - 4 пакетика;0;;;;;;;;;;;;;;;;;;;;;;;;;;;;;;;;;;;;;;;;;;;;;;
25.08.2021;1510;;7 850;completed;Charlottemartinez33@yandex.ru;25.08.2021;8;3;2000.0;2000.0;3500.0;;8;Омолаживающий барсучий эликсир;Омолаживающий барсучий эликсир;Омолаживающий барсучий эликсир;350;;;;;;;;;;;;;;;;;;;;;;;;;;;;;;;;;;;;;;;;;;;;;;
10.08.2021;3631;;2 012;completed;Sophiabrown12@gmail.com;10.08.2021;8;3;1100.0;325.0;587.0;;8;Маття-латте - 5 шт.;Маття-латте - 1 шт.;Фиточай с чабрецом - 4 пакетика;0;;;;;;;;;;;;;;;;;;;;;;;;;;;;;;;;;;;;;;;;;;;;;;
15.12.2021;2529;;2 015;completed;Avataylor1987@yandex.ru;15.12.2021;12;3;325.0;800.0;890.0;;12;Маття-латте - 1 шт.;Фиточай с чабрецом - 4 пакетика;Фиточай с чабрецом - 4 пакетика;0;;;;;;;;;;;;;;;;;;;;;;;;;;;;;;;;;;;;;;;;;;;;;;
03.06.2021;1267;;8 400;completed;emmataylor12@gmail.com;03.06.2021;6;2;4900.0;3500.0;;;6;Омолаживающий барсучий эликсир;Омолаживающий барсучий эликсир;Маття-латте - 1 шт.;0;;;;;;;;;;;;;;;;;;;;;;;;;;;;;;;;;;;;;;;;;;;;;;
07.05.2021;2960;;9 200;completed;Charlottelopez2007@yahoo.com;07.05.2021;5;3;4900.0;3500.0;800.0;;5;Омолаживающий барсучий эликсир;Омолаживающий барсучий эликсир;Фиточай с чабрецом - 4 пакетика;0;;;;;;;;;;;;;;;;;;;;;;;;;;;;;;;;;;;;;;;;;;;;;;
21.09.2021;3661;;1 737;completed;Alexandermoore12@yahoo.com;29.03.2021;3;2;;587.0;800.0;;9;Маття-латте - 1 шт.;Фиточай с чабрецом - 4 пакетика;Фиточай с чабрецом - 4 пакетика;350;;;;;;;;;;;;;;;;;;;;;;;;;;;;;;;;;;;;;;;;;;;;;;
06.05.2021;3061;;6 074;completed;Avajackson66@yandex.ru;06.05.2021;5;3;587.0;587.0;4900.0;;5;Фиточай с чабрецом - 4 пакетика;Фиточай с чабрецом - 4 пакетика;Омолаживающий барсучий эликсир;0;;;;;;;;;;;;;;;;;;;;;;;;;;;;;;;;;;;;;;;;;;;;;;
30.07.2021;2005;;6 090;completed;Isabellamoore1987@yandex.ru;22.02.2021;2;3;2000.0;240.0;3500.0;;7;Омолаживающий барсучий эликсир;Маття-латте - 1 шт.;Омолаживающий барсучий эликсир;350;;;;;;;;;;;;;;;;;;;;;;;;;;;;;;;;;;;;;;;;;;;;;;
03.03.2021;3017;;5 190;completed;isabellathomas1987@gmail.com;03.03.2021;3;3;800.0;3500.0;890.0;;3;Фиточай с чабрецом - 4 пакетика;Омолаживающий барсучий эликсир;Фиточай с чабрецом - 4 пакетика;0;;;;;;;;;;;;;;;;;;;;;;;;;;;;;;;;;;;;;;;;;;;;;;
17.05.2021;2392;;1 690;completed;Emmalopez13@yahoo.com;15.03.2021;3;2;800.0;890.0;;;5;Фиточай с чабрецом - 4 пакетика;Фиточай с чабрецом - 4 пакетика;Маття-латте - 1 шт.;0;;;;;;;;;;;;;;;;;;;;;;;;;;;;;;;;;;;;;;;;;;;;;;
25.06.2021;3720;;5 190;completed;isabellajackson66@gmail.com;07.06.2021;6;3;1100.0;240.0;3500.0;;6;Маття-латте - 5 шт.;Маття-латте - 1 шт.;Омолаживающий барсучий эликсир;350;;;;;;;;;;;;;;;;;;;;;;;;;;;;;;;;;;;;;;;;;;;;;;
11.05.2021;3829;;4 800;completed;Oliverbrown33@yandex.ru;03.04.2021;4;3;800.0;2000.0;2000.0;;5;Фиточай с чабрецом - 4 пакетика;Омолаживающий барсучий эликсир;Омолаживающий барсучий эликсир;0;;;;;;;;;;;;;;;;;;;;;;;;;;;;;;;;;;;;;;;;;;;;;;
01.04.2021;1941;;7 140;completed;Avalopez1993@yandex.ru;01.04.2021;4;3;240.0;2000.0;4900.0;;4;Маття-латте - 1 шт.;Омолаживающий барсучий эликсир;Омолаживающий барсучий эликсир;0;;;;;;;;;;;;;;;;;;;;;;;;;;;;;;;;;;;;;;;;;;;;;;
03.08.2021;3938;;12 050;completed;Charlottethomas1987@outlook.com;03.08.2021;8;3;4900.0;4900.0;1900.0;;8;Омолаживающий барсучий эликсир;Омолаживающий барсучий эликсир;Маття-латте - 5 шт.;350;;;;;;;;;;;;;;;;;;;;;;;;;;;;;;;;;;;;;;;;;;;;;;
08.01.2022;2284;;5 727;completed;Oliverbrown1993@gmail.com;28.04.2021;4;3;587.0;4900.0;240.0;;13;Фиточай с чабрецом - 4 пакетика;Омолаживающий барсучий эликсир;Маття-латте - 1 шт.;0;;;;;;;;;;;;;;;;;;;;;;;;;;;;;;;;;;;;;;;;;;;;;;
30.03.2021;4192;;1 450;completed;alexandertaylor2007@gmail.com;30.03.2021;3;1;;1100.0;;;3;Маття-латте - 1 шт.;Маття-латте - 5 шт.;Маття-латте - 1 шт.;350;;;;;;;;;;;;;;;;;;;;;;;;;;;;;;;;;;;;;;;;;;;;;;
31.07.2021;1271;;8 150;completed;Lucassmith1993@yahoo.com;01.04.2021;4;3;3500.0;3500.0;800.0;;7;Омолаживающий барсучий эликсир;Омолаживающий барсучий эликсир;Фиточай с чабрецом - 4 пакетика;350;;;;;;;;;;;;;;;;;;;;;;;;;;;;;;;;;;;;;;;;;;;;;;
08.07.2021;3650;;5 140;completed;Avataylor69@yahoo.com;08.07.2021;7;3;1900.0;2000.0;890.0;;7;Маття-латте - 5 шт.;Омолаживающий барсучий эликсир;Фиточай с чабрецом - 4 пакетика;350;;;;;;;;;;;;;;;;;;;;;;;;;;;;;;;;;;;;;;;;;;;;;;
15.05.2021;2322;;3 340;completed;Lucasjackson2007@gmail.com;15.05.2021;5;3;240.0;2000.0;1100.0;;5;Маття-латте - 1 шт.;Омолаживающий барсучий эликсир;Маття-латте - 5 шт.;0;;;;;;;;;;;;;;;;;;;;;;;;;;;;;;;;;;;;;;;;;;;;;;
29.05.2021;1806;;2 590;completed;Olivermartinez69@yahoo.com;22.02.2021;2;2;;240.0;2000.0;;5;Маття-латте - 1 шт.;Маття-латте - 1 шт.;Омолаживающий барсучий эликсир;350;;;;;;;;;;;;;;;;;;;;;;;;;;;;;;;;;;;;;;;;;;;;;;
17.02.2021;1334;;6 115;completed;Avabrown66@outlook.com;17.02.2021;2;3;325.0;890.0;4900.0;;2;Маття-латте - 1 шт.;Фиточай с чабрецом - 4 пакетика;Омолаживающий барсучий эликсир;0;;;;;;;;;;;;;;;;;;;;;;;;;;;;;;;;;;;;;;;;;;;;;;
17.02.2021;2815;;8 040;completed;Isabellabrown0@outlook.com;17.02.2021;2;3;4900.0;1900.0;890.0;;2;Омолаживающий барсучий эликсир;Маття-латте - 5 шт.;Фиточай с чабрецом - 4 пакетика;350;;;;;;;;;;;;;;;;;;;;;;;;;;;;;;;;;;;;;;;;;;;;;;
19.05.2021;2675;;5 350;completed;Avathomas1993@yahoo.com;19.05.2021;5;3;1900.0;1100.0;2000.0;;5;Маття-латте - 5 шт.;Маття-латте - 5 шт.;Омолаживающий барсучий эликсир;350;;;;;;;;;;;;;;;;;;;;;;;;;;;;;;;;;;;;;;;;;;;;;;
15.12.2021;1779;;7 400;completed;olivermartinez1987@gmail.com;16.07.2021;7;3;3500.0;2000.0;1900.0;;12;Омолаживающий барсучий эликсир;Омолаживающий барсучий эликсир;Маття-латте - 5 шт.;0;;;;;;;;;;;;;;;;;;;;;;;;;;;;;;;;;;;;;;;;;;;;;;
07.06.2021;4039;;6 162;completed;Sophiasmith66@yandex.ru;13.03.2021;3;3;587.0;4900.0;325.0;;6;Фиточай с чабрецом - 4 пакетика;Омолаживающий барсучий эликсир;Маття-латте - 1 шт.;350;;;;;;;;;;;;;;;;;;;;;;;;;;;;;;;;;;;;;;;;;;;;;;
23.05.2021;2429;;8 140;completed;Alexanderlopez66@yahoo.com;30.03.2021;3;3;890.0;4900.0;2000.0;;5;Фиточай с чабрецом - 4 пакетика;Омолаживающий барсучий эликсир;Омолаживающий барсучий эликсир;350;;;;;;;;;;;;;;;;;;;;;;;;;;;;;;;;;;;;;;;;;;;;;;
07.06.2021;3276;;5 100;completed;isabellasmith0@gmail.com;07.06.2021;6;3;800.0;800.0;3500.0;;6;Фиточай с чабрецом - 4 пакетика;Фиточай с чабрецом - 4 пакетика;Омолаживающий барсучий эликсир;0;;;;;;;;;;;;;;;;;;;;;;;;;;;;;;;;;;;;;;;;;;;;;;
14.12.2021;3757;;5 987;completed;Liamthomas0@yandex.ru;14.12.2021;12;3;3500.0;587.0;1900.0;;12;Омолаживающий барсучий эликсир;Фиточай с чабрецом - 4 пакетика;Маття-латте - 5 шт.;0;;;;;;;;;;;;;;;;;;;;;;;;;;;;;;;;;;;;;;;;;;;;;;
30.08.2021;3750;;3 030;completed;Olivermoore0@outlook.com;30.08.2021;8;3;890.0;240.0;1900.0;;8;Фиточай с чабрецом - 4 пакетика;Маття-латте - 1 шт.;Маття-латте - 5 шт.;0;;;;;;;;;;;;;;;;;;;;;;;;;;;;;;;;;;;;;;;;;;;;;;
20.03.2021;3655;;2 012;completed;Isabellathomas1993@mail.ru;20.03.2021;3;3;587.0;325.0;1100.0;;3;Фиточай с чабрецом - 4 пакетика;Маття-латте - 1 шт.;Маття-латте - 5 шт.;0;;;;;;;;;;;;;;;;;;;;;;;;;;;;;;;;;;;;;;;;;;;;;;
13.09.2021;4222;;5 490;completed;Avataylor0@mail.ru;13.09.2021;9;3;3500.0;890.0;1100.0;;9;Омолаживающий барсучий эликсир;Фиточай с чабрецом - 4 пакетика;Маття-латте - 5 шт.;0;;;;;;;;;;;;;;;;;;;;;;;;;;;;;;;;;;;;;;;;;;;;;;
08.09.2021;3124;;4 950;completed;Emmathomas13@gmail.com;08.09.2021;9;3;1900.0;1900.0;800.0;;9;Маття-латте - 5 шт.;Маття-латте - 5 шт.;Фиточай с чабрецом - 4 пакетика;350;;;;;;;;;;;;;;;;;;;;;;;;;;;;;;;;;;;;;;;;;;;;;;
05.07.2021;1968;;2 487;returned;Isabellataylor66@yandex.ru;05.07.2021;7;2;587.0;;1900.0;;7;Фиточай с чабрецом - 4 пакетика;Маття-латте - 1 шт.;Маття-латте - 5 шт.;0;;;;;;;;;;;;;;;;;;;;;;;;;;;;;;;;;;;;;;;;;;;;;;
01.11.2021;2083;;13 300;completed;Isabellalopez88@outlook.com;01.11.2021;11;3;4900.0;3500.0;4900.0;;11;Омолаживающий барсучий эликсир;Омолаживающий барсучий эликсир;Омолаживающий барсучий эликсир;0;;;;;;;;;;;;;;;;;;;;;;;;;;;;;;;;;;;;;;;;;;;;;;
02.04.2021;1739;;1 387;completed;Isabellamartinez33@mail.ru;02.04.2021;4;2;587.0;;800.0;;4;Фиточай с чабрецом - 4 пакетика;Маття-латте - 1 шт.;Фиточай с чабрецом - 4 пакетика;0;;;;;;;;;;;;;;;;;;;;;;;;;;;;;;;;;;;;;;;;;;;;;;
23.02.2021;3502;;3 000;completed;Avathomas1987@mail.ru;23.02.2021;2;2;1900.0;1100.0;;;2;Маття-латте - 5 шт.;Маття-латте - 5 шт.;Маття-латте - 1 шт.;0;;;;;;;;;;;;;;;;;;;;;;;;;;;;;;;;;;;;;;;;;;;;;;
12.01.2022;1877;;5 640;completed;Alexanderjackson12@outlook.com;29.11.2021;11;3;1900.0;240.0;3500.0;;13;Маття-латте - 5 шт.;Маття-латте - 1 шт.;Омолаживающий барсучий эликсир;0;;;;;;;;;;;;;;;;;;;;;;;;;;;;;;;;;;;;;;;;;;;;;;
01.06.2021;3550;;4 040;completed;Oliverwilliams0@yandex.ru;01.06.2021;6;3;240.0;1900.0;1900.0;;6;Маття-латте - 1 шт.;Маття-латте - 5 шт.;Маття-латте - 5 шт.;0;;;;;;;;;;;;;;;;;;;;;;;;;;;;;;;;;;;;;;;;;;;;;;
18.12.2021;3365;;3 450;completed;Avajackson12@yahoo.com;28.04.2021;4;2;1100.0;2000.0;;;12;Маття-латте - 5 шт.;Омолаживающий барсучий эликсир;Маття-латте - 1 шт.;350;;;;;;;;;;;;;;;;;;;;;;;;;;;;;;;;;;;;;;;;;;;;;;
20.01.2022;2558;;3 827;returned;Emmalopez66@mail.ru;20.01.2022;13;3;587.0;890.0;2000.0;;13;Фиточай с чабрецом - 4 пакетика;Фиточай с чабрецом - 4 пакетика;Омолаживающий барсучий эликсир;350;;;;;;;;;;;;;;;;;;;;;;;;;;;;;;;;;;;;;;;;;;;;;;
19.06.2021;2478;;5 987;completed;Williambrown69@yahoo.com;05.04.2021;4;3;587.0;3500.0;1900.0;;6;Фиточай с чабрецом - 4 пакетика;Омолаживающий барсучий эликсир;Маття-латте - 5 шт.;0;;;;;;;;;;;;;;;;;;;;;;;;;;;;;;;;;;;;;;;;;;;;;;
06.04.2021;3962;;6 150;completed;Charlottesmith12@yandex.ru;06.04.2021;4;3;1900.0;1900.0;2000.0;;4;Маття-латте - 5 шт.;Маття-латте - 5 шт.;Омолаживающий барсучий эликсир;350;;;;;;;;;;;;;;;;;;;;;;;;;;;;;;;;;;;;;;;;;;;;;;
26.08.2021;2042;;1 580;completed;Emmawilliams69@yandex.ru;14.06.2021;6;3;1100.0;240.0;240.0;;8;Маття-латте - 5 шт.;Маття-латте - 1 шт.;Маття-латте - 1 шт.;0;;;;;;;;;;;;;;;;;;;;;;;;;;;;;;;;;;;;;;;;;;;;;;
15.05.2021;1551;;6 030;completed;avathomas69@gmail.com;15.05.2021;5;3;4900.0;240.0;890.0;;5;Омолаживающий барсучий эликсир;Маття-латте - 1 шт.;Фиточай с чабрецом - 4 пакетика;0;;;;;;;;;;;;;;;;;;;;;;;;;;;;;;;;;;;;;;;;;;;;;;
04.07.2021;3035;;2 365;completed;Avasmith88@mail.ru;04.07.2021;7;3;325.0;890.0;800.0;;7;Маття-латте - 1 шт.;Фиточай с чабрецом - 4 пакетика;Фиточай с чабрецом - 4 пакетика;350;;;;;;;;;;;;;;;;;;;;;;;;;;;;;;;;;;;;;;;;;;;;;;
03.03.2021;3399;;3 340;completed;Oliverthomas12@yahoo.com;03.03.2021;3;3;1100.0;240.0;2000.0;;3;Маття-латте - 5 шт.;Маття-латте - 1 шт.;Омолаживающий барсучий эликсир;0;;;;;;;;;;;;;;;;;;;;;;;;;;;;;;;;;;;;;;;;;;;;;;
01.10.2021;4202;;5 065;completed;Charlottejackson33@yandex.ru;21.03.2021;3;3;3500.0;325.0;890.0;;10;Омолаживающий барсучий эликсир;Маття-латте - 1 шт.;Фиточай с чабрецом - 4 пакетика;350;;;;;;;;;;;;;;;;;;;;;;;;;;;;;;;;;;;;;;;;;;;;;;
07.09.2021;2010;;7 387;completed;Alexandertaylor1993@outlook.com;07.09.2021;9;3;587.0;4900.0;1900.0;;9;Фиточай с чабрецом - 4 пакетика;Омолаживающий барсучий эликсир;Маття-латте - 5 шт.;0;;;;;;;;;;;;;;;;;;;;;;;;;;;;;;;;;;;;;;;;;;;;;;
19.11.2021;3892;;5 812;completed;Isabellathomas69@yandex.ru;13.05.2021;5;3;587.0;4900.0;325.0;;11;Фиточай с чабрецом - 4 пакетика;Омолаживающий барсучий эликсир;Маття-латте - 1 шт.;0;;;;;;;;;;;;;;;;;;;;;;;;;;;;;;;;;;;;;;;;;;;;;;
12.01.2022;3673;;6 800;returned;charlottethomas2007@gmail.com;19.03.2021;3;3;1100.0;4900.0;800.0;;13;Маття-латте - 5 шт.;Омолаживающий барсучий эликсир;Фиточай с чабрецом - 4 пакетика;0;;;;;;;;;;;;;;;;;;;;;;;;;;;;;;;;;;;;;;;;;;;;;;
08.10.2021;2985;;3 775;completed;isabellamoore66@gmail.com;01.05.2021;5;3;325.0;2000.0;1100.0;;10;Маття-латте - 1 шт.;Омолаживающий барсучий эликсир;Маття-латте - 5 шт.;350;;;;;;;;;;;;;;;;;;;;;;;;;;;;;;;;;;;;;;;;;;;;;;
07.06.2021;2495;;10 300;completed;Avamartinez69@yandex.ru;07.06.2021;6;3;3500.0;4900.0;1900.0;;6;Омолаживающий барсучий эликсир;Омолаживающий барсучий эликсир;Маття-латте - 5 шт.;0;;;;;;;;;;;;;;;;;;;;;;;;;;;;;;;;;;;;;;;;;;;;;;
08.02.2022;3423;;3 000;completed;liamsmith1987@outlook.com;08.02.2022;14;3;325.0;2000.0;325.0;;14;Маття-латте - 1 шт.;Омолаживающий барсучий эликсир;Маття-латте - 1 шт.;350;;;;;;;;;;;;;;;;;;;;;;;;;;;;;;;;;;;;;;;;;;;;;;
14.03.2021;3483;;5 000;completed;Lucasmoore1993@outlook.com;14.03.2021;3;3;1100.0;2000.0;1900.0;;3;Маття-латте - 5 шт.;Омолаживающий барсучий эликсир;Маття-латте - 5 шт.;0;;;;;;;;;;;;;;;;;;;;;;;;;;;;;;;;;;;;;;;;;;;;;;
15.04.2021;1801;;2 015;completed;Williamthomas12@yahoo.com;15.04.2021;4;3;1100.0;240.0;325.0;;4;Маття-латте - 5 шт.;Маття-латте - 1 шт.;Маття-латте - 1 шт.;350;;;;;;;;;;;;;;;;;;;;;;;;;;;;;;;;;;;;;;;;;;;;;;
27.06.2021;2598;;7 737;completed;Sophiabrown88@yahoo.com;27.06.2021;6;3;4900.0;1900.0;587.0;;6;Омолаживающий барсучий эликсир;Маття-латте - 5 шт.;Фиточай с чабрецом - 4 пакетика;350;;;;;;;;;;;;;;;;;;;;;;;;;;;;;;;;;;;;;;;;;;;;;;
20.03.2021;3908;;480;completed;Avajackson2007@yandex.ru;20.03.2021;3;2;240.0;240.0;;;3;Маття-латте - 1 шт.;Маття-латте - 1 шт.;Маття-латте - 1 шт.;0;;;;;;;;;;;;;;;;;;;;;;;;;;;;;;;;;;;;;;;;;;;;;;
02.08.2021;1451;;9 290;completed;isabellamartinez1993@gmail.com;04.07.2021;7;3;4900.0;3500.0;890.0;;8;Омолаживающий барсучий эликсир;Омолаживающий барсучий эликсир;Фиточай с чабрецом - 4 пакетика;0;;;;;;;;;;;;;;;;;;;;;;;;;;;;;;;;;;;;;;;;;;;;;;
25.10.2021;3197;;6 650;completed;Olivermartinez2007@mail.ru;16.02.2021;2;3;800.0;3500.0;2000.0;;10;Фиточай с чабрецом - 4 пакетика;Омолаживающий барсучий эликсир;Омолаживающий барсучий эликсир;350;;;;;;;;;;;;;;;;;;;;;;;;;;;;;;;;;;;;;;;;;;;;;;
01.05.2021;2061;;587;completed;lucaslopez0@gmail.com;07.04.2021;4;1;587.0;;;;5;Фиточай с чабрецом - 4 пакетика;Маття-латте - 1 шт.;Маття-латте - 1 шт.;0;;;;;;;;;;;;;;;;;;;;;;;;;;;;;;;;;;;;;;;;;;;;;;
20.12.2021;3496;;3 825;completed;Oliveranderson0@outlook.com;28.05.2021;5;2;3500.0;325.0;;;12;Омолаживающий барсучий эликсир;Маття-латте - 1 шт.;Маття-латте - 1 шт.;0;;;;;;;;;;;;;;;;;;;;;;;;;;;;;;;;;;;;;;;;;;;;;;
07.12.2021;1443;;3 040;returned;Avalopez2007@yandex.ru;07.12.2021;12;3;240.0;800.0;2000.0;;12;Маття-латте - 1 шт.;Фиточай с чабрецом - 4 пакетика;Омолаживающий барсучий эликсир;0;;;;;;;;;;;;;;;;;;;;;;;;;;;;;;;;;;;;;;;;;;;;;;
20.09.2021;3735;;1 502;completed;avabrown1987@gmail.com;20.09.2021;9;3;240.0;587.0;325.0;;9;Маття-латте - 1 шт.;Фиточай с чабрецом - 4 пакетика;Маття-латте - 1 шт.;350;;;;;;;;;;;;;;;;;;;;;;;;;;;;;;;;;;;;;;;;;;;;;;
25.07.2021;1265;;2 890;returned;Williambrown69@yandex.ru;25.07.2021;7;2;;2000.0;890.0;;7;Маття-латте - 1 шт.;Омолаживающий барсучий эликсир;Фиточай с чабрецом - 4 пакетика;0;;;;;;;;;;;;;;;;;;;;;;;;;;;;;;;;;;;;;;;;;;;;;;
23.04.2021;2166;;2 700;completed;Sophiaanderson1993@yandex.ru;23.04.2021;4;2;1900.0;800.0;;;4;Маття-латте - 5 шт.;Фиточай с чабрецом - 4 пакетика;Маття-латте - 1 шт.;0;;;;;;;;;;;;;;;;;;;;;;;;;;;;;;;;;;;;;;;;;;;;;;
23.05.2021;1906;;2 020;completed;Olivertaylor1987@mail.ru;23.05.2021;5;3;890.0;890.0;240.0;;5;Фиточай с чабрецом - 4 пакетика;Фиточай с чабрецом - 4 пакетика;Маття-латте - 1 шт.;0;;;;;;;;;;;;;;;;;;;;;;;;;;;;;;;;;;;;;;;;;;;;;;
05.10.2021;3052;;2 190;returned;Alexanderlopez12@yandex.ru;26.03.2021;3;3;240.0;800.0;800.0;;10;Маття-латте - 1 шт.;Фиточай с чабрецом - 4 пакетика;Фиточай с чабрецом - 4 пакетика;350;;;;;;;;;;;;;;;;;;;;;;;;;;;;;;;;;;;;;;;;;;;;;;
06.05.2021;2290;;7 690;completed;Liamtaylor1987@yahoo.com;27.03.2021;3;3;4900.0;890.0;1900.0;;5;Омолаживающий барсучий эликсир;Фиточай с чабрецом - 4 пакетика;Маття-латте - 5 шт.;0;;;;;;;;;;;;;;;;;;;;;;;;;;;;;;;;;;;;;;;;;;;;;;
18.04.2021;3617;;6 890;completed;Emmamartinez0@outlook.com;18.04.2021;4;3;4900.0;1100.0;890.0;;4;Омолаживающий барсучий эликсир;Маття-латте - 5 шт.;Фиточай с чабрецом - 4 пакетика;0;;;;;;;;;;;;;;;;;;;;;;;;;;;;;;;;;;;;;;;;;;;;;;
27.11.2021;1292;;2 325;completed;Avalopez0@mail.ru;27.11.2021;11;2;;2000.0;325.0;;11;Маття-латте - 1 шт.;Омолаживающий барсучий эликсир;Маття-латте - 1 шт.;0;;;;;;;;;;;;;;;;;;;;;;;;;;;;;;;;;;;;;;;;;;;;;;
04.02.2022;3677;;3 565;returned;Olivertaylor2007@yahoo.com;14.12.2021;12;3;325.0;890.0;2000.0;;14;Маття-латте - 1 шт.;Фиточай с чабрецом - 4 пакетика;Омолаживающий барсучий эликсир;350;;;;;;;;;;;;;;;;;;;;;;;;;;;;;;;;;;;;;;;;;;;;;;
06.11.2021;1286;;3 375;returned;williamwilliams1987@gmail.com;02.04.2021;4;3;1900.0;325.0;800.0;;11;Маття-латте - 5 шт.;Маття-латте - 1 шт.;Фиточай с чабрецом - 4 пакетика;350;;;;;;;;;;;;;;;;;;;;;;;;;;;;;;;;;;;;;;;;;;;;;;
08.07.2021;2474;;3 240;completed;Charlottetaylor0@yandex.ru;08.07.2021;7;2;890.0;2000.0;;;7;Фиточай с чабрецом - 4 пакетика;Омолаживающий барсучий эликсир;Маття-латте - 1 шт.;350;;;;;;;;;;;;;;;;;;;;;;;;;;;;;;;;;;;;;;;;;;;;;;
02.09.2021;3133;;5 250;completed;Liamthomas12@mail.ru;10.03.2021;3;3;1100.0;1900.0;1900.0;;9;Маття-латте - 5 шт.;Маття-латте - 5 шт.;Маття-латте - 5 шт.;350;;;;;;;;;;;;;;;;;;;;;;;;;;;;;;;;;;;;;;;;;;;;;;
08.07.2021;1352;;6 175;completed;Isabellathomas0@yandex.ru;06.05.2021;5;3;2000.0;3500.0;325.0;;7;Омолаживающий барсучий эликсир;Омолаживающий барсучий эликсир;Маття-латте - 1 шт.;350;;;;;;;;;;;;;;;;;;;;;;;;;;;;;;;;;;;;;;;;;;;;;;
24.10.2021;4021;;2 650;completed;Williamwilliams88@yahoo.com;18.03.2021;3;3;2000.0;325.0;325.0;;10;Омолаживающий барсучий эликсир;Маття-латте - 1 шт.;Маття-латте - 1 шт.;0;;;;;;;;;;;;;;;;;;;;;;;;;;;;;;;;;;;;;;;;;;;;;;
08.12.2021;3922;;10 750;completed;Oliverthomas88@outlook.com;04.03.2021;3;3;3500.0;4900.0;2000.0;;12;Омолаживающий барсучий эликсир;Омолаживающий барсучий эликсир;Омолаживающий барсучий эликсир;350;;;;;;;;;;;;;;;;;;;;;;;;;;;;;;;;;;;;;;;;;;;;;;
20.06.2021;3836;;2 590;completed;Oliverlopez13@yandex.ru;20.06.2021;6;2;240.0;2000.0;;;6;Маття-латте - 1 шт.;Омолаживающий барсучий эликсир;Маття-латте - 1 шт.;350;;;;;;;;;;;;;;;;;;;;;;;;;;;;;;;;;;;;;;;;;;;;;;
05.09.2021;1680;;6 587;completed;Alexanderjackson12@mail.ru;05.09.2021;9;3;1100.0;587.0;4900.0;;9;Маття-латте - 5 шт.;Фиточай с чабрецом - 4 пакетика;Омолаживающий барсучий эликсир;0;;;;;;;;;;;;;;;;;;;;;;;;;;;;;;;;;;;;;;;;;;;;;;
27.10.2021;4224;;6 800;completed;Lucasbrown69@yandex.ru;27.10.2021;10;3;800.0;1100.0;4900.0;;10;Фиточай с чабрецом - 4 пакетика;Маття-латте - 5 шт.;Омолаживающий барсучий эликсир;0;;;;;;;;;;;;;;;;;;;;;;;;;;;;;;;;;;;;;;;;;;;;;;
05.08.2021;2973;;12 050;completed;Charlottetaylor0@yandex.ru;31.07.2021;7;3;4900.0;4900.0;1900.0;;8;Омолаживающий барсучий эликсир;Омолаживающий барсучий эликсир;Маття-латте - 5 шт.;350;;;;;;;;;;;;;;;;;;;;;;;;;;;;;;;;;;;;;;;;;;;;;;
28.05.2021;2989;;3 450;completed;Williamjackson69@yandex.ru;13.05.2021;5;2;2000.0;1100.0;;;5;Омолаживающий барсучий эликсир;Маття-латте - 5 шт.;Маття-латте - 1 шт.;350;;;;;;;;;;;;;;;;;;;;;;;;;;;;;;;;;;;;;;;;;;;;;;
14.05.2021;3791;;1 802;completed;Liamjackson0@yandex.ru;14.05.2021;5;3;587.0;325.0;890.0;;5;Фиточай с чабрецом - 4 пакетика;Маття-латте - 1 шт.;Фиточай с чабрецом - 4 пакетика;0;;;;;;;;;;;;;;;;;;;;;;;;;;;;;;;;;;;;;;;;;;;;;;
28.11.2021;1639;;2 700;completed;Oliversmith2007@mail.ru;28.11.2021;11;2;;800.0;1900.0;;11;Маття-латте - 1 шт.;Фиточай с чабрецом - 4 пакетика;Маття-латте - 5 шт.;0;;;;;;;;;;;;;;;;;;;;;;;;;;;;;;;;;;;;;;;;;;;;;;
19.12.2021;3049;;7 400;completed;Alexandersmith66@yahoo.com;21.02.2021;2;3;2000.0;1900.0;3500.0;;12;Омолаживающий барсучий эликсир;Маття-латте - 5 шт.;Омолаживающий барсучий эликсир;0;;;;;;;;;;;;;;;;;;;;;;;;;;;;;;;;;;;;;;;;;;;;;;
25.03.2021;3657;;6 727;completed;williambrown33@gmail.com;25.03.2021;3;3;587.0;890.0;4900.0;;3;Фиточай с чабрецом - 4 пакетика;Фиточай с чабрецом - 4 пакетика;Омолаживающий барсучий эликсир;350;;;;;;;;;;;;;;;;;;;;;;;;;;;;;;;;;;;;;;;;;;;;;;
14.07.2021;1485;;5 490;completed;avaanderson0@gmail.com;07.07.2021;7;3;3500.0;890.0;1100.0;;7;Омолаживающий барсучий эликсир;Фиточай с чабрецом - 4 пакетика;Маття-латте - 5 шт.;0;;;;;;;;;;;;;;;;;;;;;;;;;;;;;;;;;;;;;;;;;;;;;;
26.10.2021;2648;;2 152;completed;Avabrown88@yahoo.com;26.10.2021;10;3;325.0;587.0;890.0;;10;Маття-латте - 1 шт.;Фиточай с чабрецом - 4 пакетика;Фиточай с чабрецом - 4 пакетика;350;;;;;;;;;;;;;;;;;;;;;;;;;;;;;;;;;;;;;;;;;;;;;;
18.11.2021;2289;;6 800;completed;Sophiabrown33@outlook.com;18.11.2021;11;2;1900.0;4900.0;;;11;Маття-латте - 5 шт.;Омолаживающий барсучий эликсир;Маття-латте - 1 шт.;0;;;;;;;;;;;;;;;;;;;;;;;;;;;;;;;;;;;;;;;;;;;;;;
06.03.2021;3006;;4 240;completed;Lucassmith12@yahoo.com;06.03.2021;3;3;2000.0;240.0;2000.0;;3;Омолаживающий барсучий эликсир;Маття-латте - 1 шт.;Омолаживающий барсучий эликсир;0;;;;;;;;;;;;;;;;;;;;;;;;;;;;;;;;;;;;;;;;;;;;;;
16.09.2021;3878;;1 040;completed;Lucasbrown1993@yandex.ru;28.06.2021;6;2;;240.0;800.0;;9;Маття-латте - 1 шт.;Маття-латте - 1 шт.;Фиточай с чабрецом - 4 пакетика;0;;;;;;;;;;;;;;;;;;;;;;;;;;;;;;;;;;;;;;;;;;;;;;
13.03.2021;2796;;3 137;returned;Liamsmith66@mail.ru;13.03.2021;3;3;1100.0;587.0;1100.0;;3;Маття-латте - 5 шт.;Фиточай с чабрецом - 4 пакетика;Маття-латте - 5 шт.;350;;;;;;;;;;;;;;;;;;;;;;;;;;;;;;;;;;;;;;;;;;;;;;
18.11.2021;3169;;2 187;returned;Alexandermartinez69@mail.ru;18.11.2021;11;3;800.0;587.0;800.0;;11;Фиточай с чабрецом - 4 пакетика;Фиточай с чабрецом - 4 пакетика;Фиточай с чабрецом - 4 пакетика;0;;;;;;;;;;;;;;;;;;;;;;;;;;;;;;;;;;;;;;;;;;;;;;
07.01.2022;3541;;2 837;completed;Charlottejackson12@yandex.ru;07.01.2022;13;2;1900.0;;587.0;;13;Маття-латте - 5 шт.;Маття-латте - 1 шт.;Фиточай с чабрецом - 4 пакетика;350;;;;;;;;;;;;;;;;;;;;;;;;;;;;;;;;;;;;;;;;;;;;;;
27.06.2021;2965;;2 587;completed;Sophiabrown88@yandex.ru;27.06.2021;6;2;587.0;2000.0;;;6;Фиточай с чабрецом - 4 пакетика;Омолаживающий барсучий эликсир;Маття-латте - 1 шт.;0;;;;;;;;;;;;;;;;;;;;;;;;;;;;;;;;;;;;;;;;;;;;;;
20.10.2021;2706;;7 890;completed;Oliverlopez33@outlook.com;20.10.2021;10;3;3500.0;890.0;3500.0;;10;Омолаживающий барсучий эликсир;Фиточай с чабрецом - 4 пакетика;Омолаживающий барсучий эликсир;0;;;;;;;;;;;;;;;;;;;;;;;;;;;;;;;;;;;;;;;;;;;;;;
15.06.2021;2472;;2 040;completed;Alexanderbrown33@outlook.com;15.06.2021;6;2;;890.0;800.0;;6;Маття-латте - 1 шт.;Фиточай с чабрецом - 4 пакетика;Фиточай с чабрецом - 4 пакетика;350;;;;;;;;;;;;;;;;;;;;;;;;;;;;;;;;;;;;;;;;;;;;;;
06.10.2021;3234;;3 827;completed;Charlottelopez66@outlook.com;09.08.2021;8;3;890.0;587.0;2000.0;;10;Фиточай с чабрецом - 4 пакетика;Фиточай с чабрецом - 4 пакетика;Омолаживающий барсучий эликсир;350;;;;;;;;;;;;;;;;;;;;;;;;;;;;;;;;;;;;;;;;;;;;;;
20.05.2021;2868;;1 130;returned;Alexandermartinez0@yandex.ru;09.04.2021;4;2;240.0;;890.0;;5;Маття-латте - 1 шт.;Маття-латте - 1 шт.;Фиточай с чабрецом - 4 пакетика;0;;;;;;;;;;;;;;;;;;;;;;;;;;;;;;;;;;;;;;;;;;;;;;
13.11.2021;3525;;830;completed;Isabellamoore13@yahoo.com;27.04.2021;4;2;;240.0;240.0;;11;Маття-латте - 1 шт.;Маття-латте - 1 шт.;Маття-латте - 1 шт.;350;;;;;;;;;;;;;;;;;;;;;;;;;;;;;;;;;;;;;;;;;;;;;;
24.03.2021;2459;;6 500;completed;lucastaylor66@gmail.com;24.03.2021;3;3;800.0;800.0;4900.0;;3;Фиточай с чабрецом - 4 пакетика;Фиточай с чабрецом - 4 пакетика;Омолаживающий барсучий эликсир;0;;;;;;;;;;;;;;;;;;;;;;;;;;;;;;;;;;;;;;;;;;;;;;
20.05.2021;3980;;3 800;completed;Sophiawilliams0@mail.ru;30.04.2021;4;3;1900.0;800.0;1100.0;;5;Маття-латте - 5 шт.;Фиточай с чабрецом - 4 пакетика;Маття-латте - 5 шт.;0;;;;;;;;;;;;;;;;;;;;;;;;;;;;;;;;;;;;;;;;;;;;;;
11.12.2021;2559;;2 875;completed;Sophiasmith1993@yandex.ru;11.12.2021;12;3;1100.0;1100.0;325.0;;12;Маття-латте - 5 шт.;Маття-латте - 5 шт.;Маття-латте - 1 шт.;350;;;;;;;;;;;;;;;;;;;;;;;;;;;;;;;;;;;;;;;;;;;;;;
04.08.2021;1350;;3 030;completed;Isabellamartinez69@outlook.com;27.03.2021;3;3;1900.0;890.0;240.0;;8;Маття-латте - 5 шт.;Фиточай с чабрецом - 4 пакетика;Маття-латте - 1 шт.;0;;;;;;;;;;;;;;;;;;;;;;;;;;;;;;;;;;;;;;;;;;;;;;
05.04.2021;2254;;565;completed;Alexanderjackson66@yandex.ru;26.02.2021;2;2;;325.0;240.0;;4;Маття-латте - 1 шт.;Маття-латте - 1 шт.;Маття-латте - 1 шт.;0;;;;;;;;;;;;;;;;;;;;;;;;;;;;;;;;;;;;;;;;;;;;;;
05.08.2021;3000;;3 780;completed;Charlottemoore33@mail.ru;05.08.2021;8;3;890.0;890.0;2000.0;;8;Фиточай с чабрецом - 4 пакетика;Фиточай с чабрецом - 4 пакетика;Омолаживающий барсучий эликсир;0;;;;;;;;;;;;;;;;;;;;;;;;;;;;;;;;;;;;;;;;;;;;;;
14.02.2022;3864;;2 790;completed;Williambrown66@yandex.ru;02.05.2021;5;2;890.0;1900.0;;;14;Фиточай с чабрецом - 4 пакетика;Маття-латте - 5 шт.;Маття-латте - 1 шт.;0;;;;;;;;;;;;;;;;;;;;;;;;;;;;;;;;;;;;;;;;;;;;;;
30.10.2021;2984;;4 625;completed;Charlottelopez0@outlook.com;30.10.2021;10;3;325.0;3500.0;800.0;;10;Маття-латте - 1 шт.;Омолаживающий барсучий эликсир;Фиточай с чабрецом - 4 пакетика;0;;;;;;;;;;;;;;;;;;;;;;;;;;;;;;;;;;;;;;;;;;;;;;
13.10.2021;1968;;7 030;completed;Isabellataylor66@yandex.ru;05.07.2021;7;3;890.0;4900.0;890.0;;10;Фиточай с чабрецом - 4 пакетика;Омолаживающий барсучий эликсир;Фиточай с чабрецом - 4 пакетика;350;;;;;;;;;;;;;;;;;;;;;;;;;;;;;;;;;;;;;;;;;;;;;;
11.11.2021;4136;;4 715;returned;Williamtaylor0@yandex.ru;24.04.2021;4;3;325.0;890.0;3500.0;;11;Маття-латте - 1 шт.;Фиточай с чабрецом - 4 пакетика;Омолаживающий барсучий эликсир;0;;;;;;;;;;;;;;;;;;;;;;;;;;;;;;;;;;;;;;;;;;;;;;
03.03.2021;3316;;3 687;completed;Isabellamartinez1987@gmail.com;03.03.2021;3;3;2000.0;587.0;1100.0;;3;Омолаживающий барсучий эликсир;Фиточай с чабрецом - 4 пакетика;Маття-латте - 5 шт.;0;;;;;;;;;;;;;;;;;;;;;;;;;;;;;;;;;;;;;;;;;;;;;;
17.12.2021;2818;;1 425;completed;Liammartinez13@outlook.com;07.05.2021;5;2;;325.0;1100.0;;12;Маття-латте - 1 шт.;Маття-латте - 1 шт.;Маття-латте - 5 шт.;0;;;;;;;;;;;;;;;;;;;;;;;;;;;;;;;;;;;;;;;;;;;;;;
04.06.2021;1922;;5 837;returned;Williamthomas13@yandex.ru;04.06.2021;6;2;;4900.0;587.0;;6;Маття-латте - 1 шт.;Омолаживающий барсучий эликсир;Фиточай с чабрецом - 4 пакетика;350;;;;;;;;;;;;;;;;;;;;;;;;;;;;;;;;;;;;;;;;;;;;;;
15.06.2021;2369;;350;completed;alexandermoore1993@gmail.com;01.04.2021;4;0;;;;;6;Маття-латте - 1 шт.;Маття-латте - 1 шт.;Маття-латте - 1 шт.;350;;;;;;;;;;;;;;;;;;;;;;;;;;;;;;;;;;;;;;;;;;;;;;
23.11.2021;3114;;6 030;completed;isabellathomas66@gmail.com;05.08.2021;8;3;240.0;890.0;4900.0;;11;Маття-латте - 1 шт.;Фиточай с чабрецом - 4 пакетика;Омолаживающий барсучий эликсир;0;;;;;;;;;;;;;;;;;;;;;;;;;;;;;;;;;;;;;;;;;;;;;;
24.02.2021;1749;;4 412;completed;Charlotteanderson12@outlook.com;24.02.2021;2;3;587.0;325.0;3500.0;;2;Фиточай с чабрецом - 4 пакетика;Маття-латте - 1 шт.;Омолаживающий барсучий эликсир;0;;;;;;;;;;;;;;;;;;;;;;;;;;;;;;;;;;;;;;;;;;;;;;
13.08.2021;3516;;10 600;completed;Liamtaylor69@mail.ru;13.08.2021;8;3;4900.0;800.0;4900.0;;8;Омолаживающий барсучий эликсир;Фиточай с чабрецом - 4 пакетика;Омолаживающий барсучий эликсир;0;;;;;;;;;;;;;;;;;;;;;;;;;;;;;;;;;;;;;;;;;;;;;;
13.07.2021;3416;;1 687;completed;Williamwilliams88@yahoo.com;13.07.2021;7;2;;1100.0;587.0;;7;Маття-латте - 1 шт.;Маття-латте - 5 шт.;Фиточай с чабрецом - 4 пакетика;0;;;;;;;;;;;;;;;;;;;;;;;;;;;;;;;;;;;;;;;;;;;;;;
23.12.2021;3872;;10 900;completed;Williambrown88@outlook.com;02.06.2021;6;3;4900.0;4900.0;1100.0;;12;Омолаживающий барсучий эликсир;Омолаживающий барсучий эликсир;Маття-латте - 5 шт.;0;;;;;;;;;;;;;;;;;;;;;;;;;;;;;;;;;;;;;;;;;;;;;;
26.01.2022;3673;;2 790;completed;charlottethomas2007@gmail.com;19.03.2021;3;2;1900.0;890.0;;;13;Маття-латте - 5 шт.;Фиточай с чабрецом - 4 пакетика;Маття-латте - 1 шт.;0;;;;;;;;;;;;;;;;;;;;;;;;;;;;;;;;;;;;;;;;;;;;;;
24.03.2021;2853;;1 840;completed;Avabrown2007@yandex.ru;24.03.2021;3;3;800.0;240.0;800.0;;3;Фиточай с чабрецом - 4 пакетика;Маття-латте - 1 шт.;Фиточай с чабрецом - 4 пакетика;0;;;;;;;;;;;;;;;;;;;;;;;;;;;;;;;;;;;;;;;;;;;;;;
27.01.2022;2799;;2 012;completed;Lucasbrown2007@outlook.com;27.01.2022;13;3;1100.0;587.0;325.0;;13;Маття-латте - 5 шт.;Фиточай с чабрецом - 4 пакетика;Маття-латте - 1 шт.;0;;;;;;;;;;;;;;;;;;;;;;;;;;;;;;;;;;;;;;;;;;;;;;
19.03.2021;2224;;3 375;completed;avathomas66@gmail.com;19.03.2021;3;3;800.0;1900.0;325.0;;3;Фиточай с чабрецом - 4 пакетика;Маття-латте - 5 шт.;Маття-латте - 1 шт.;350;;;;;;;;;;;;;;;;;;;;;;;;;;;;;;;;;;;;;;;;;;;;;;
28.06.2021;3372;;6 650;completed;Alexandermartinez66@yandex.ru;28.06.2021;6;3;2000.0;800.0;3500.0;;6;Омолаживающий барсучий эликсир;Фиточай с чабрецом - 4 пакетика;Омолаживающий барсучий эликсир;350;;;;;;;;;;;;;;;;;;;;;;;;;;;;;;;;;;;;;;;;;;;;;;
25.08.2021;3057;;2 800;completed;Alexandersmith13@outlook.com;25.08.2021;8;2;;800.0;2000.0;;8;Маття-латте - 1 шт.;Фиточай с чабрецом - 4 пакетика;Омолаживающий барсучий эликсир;0;;;;;;;;;;;;;;;;;;;;;;;;;;;;;;;;;;;;;;;;;;;;;;
01.08.2021;2531;;2 370;returned;olivertaylor12@gmail.com;01.08.2021;8;3;890.0;240.0;890.0;;8;Фиточай с чабрецом - 4 пакетика;Маття-латте - 1 шт.;Фиточай с чабрецом - 4 пакетика;350;;;;;;;;;;;;;;;;;;;;;;;;;;;;;;;;;;;;;;;;;;;;;;
13.12.2021;2506;;5 490;completed;liamthomas0@gmail.com;11.04.2021;4;3;1100.0;890.0;3500.0;;12;Маття-латте - 5 шт.;Фиточай с чабрецом - 4 пакетика;Омолаживающий барсучий эликсир;0;;;;;;;;;;;;;;;;;;;;;;;;;;;;;;;;;;;;;;;;;;;;;;
17.02.2021;2482;;7 587;completed;charlottetaylor66@gmail.com;17.02.2021;2;3;3500.0;587.0;3500.0;;2;Омолаживающий барсучий эликсир;Фиточай с чабрецом - 4 пакетика;Омолаживающий барсучий эликсир;0;;;;;;;;;;;;;;;;;;;;;;;;;;;;;;;;;;;;;;;;;;;;;;
16.06.2021;3500;;2 880;completed;Alexanderbrown12@outlook.com;01.06.2021;6;3;1100.0;890.0;890.0;;6;Маття-латте - 5 шт.;Фиточай с чабрецом - 4 пакетика;Фиточай с чабрецом - 4 пакетика;0;;;;;;;;;;;;;;;;;;;;;;;;;;;;;;;;;;;;;;;;;;;;;;
13.06.2021;3264;;3 287;completed;isabellaanderson13@gmail.com;02.03.2021;3;3;800.0;587.0;1900.0;;6;Фиточай с чабрецом - 4 пакетика;Фиточай с чабрецом - 4 пакетика;Маття-латте - 5 шт.;0;;;;;;;;;;;;;;;;;;;;;;;;;;;;;;;;;;;;;;;;;;;;;;
26.08.2021;2751;;3 230;completed;charlotteanderson1987@gmail.com;26.08.2021;8;3;1100.0;890.0;890.0;;8;Маття-латте - 5 шт.;Фиточай с чабрецом - 4 пакетика;Фиточай с чабрецом - 4 пакетика;350;;;;;;;;;;;;;;;;;;;;;;;;;;;;;;;;;;;;;;;;;;;;;;
25.06.2021;3637;;3 325;completed;Sophiaanderson0@yandex.ru;25.06.2021;6;3;1100.0;1900.0;325.0;;6;Маття-латте - 5 шт.;Маття-латте - 5 шт.;Маття-латте - 1 шт.;0;;;;;;;;;;;;;;;;;;;;;;;;;;;;;;;;;;;;;;;;;;;;;;
21.07.2021;2674;;7 150;completed;Avamoore13@yahoo.com;21.07.2021;7;2;1900.0;4900.0;;;7;Маття-латте - 5 шт.;Омолаживающий барсучий эликсир;Маття-латте - 1 шт.;350;;;;;;;;;;;;;;;;;;;;;;;;;;;;;;;;;;;;;;;;;;;;;;
18.12.2021;3683;;4 390;completed;Williamthomas12@yahoo.com;06.04.2021;4;3;240.0;1900.0;1900.0;;12;Маття-латте - 1 шт.;Маття-латте - 5 шт.;Маття-латте - 5 шт.;350;;;;;;;;;;;;;;;;;;;;;;;;;;;;;;;;;;;;;;;;;;;;;;
20.08.2021;2099;;8 400;returned;lucasmartinez12@gmail.com;06.08.2021;8;2;4900.0;;3500.0;;8;Омолаживающий барсучий эликсир;Маття-латте - 1 шт.;Омолаживающий барсучий эликсир;0;;;;;;;;;;;;;;;;;;;;;;;;;;;;;;;;;;;;;;;;;;;;;;
02.05.2021;3968;;6 325;completed;Lucaswilliams0@mail.ru;02.05.2021;5;3;4900.0;325.0;1100.0;;5;Омолаживающий барсучий эликсир;Маття-латте - 1 шт.;Маття-латте - 5 шт.;0;;;;;;;;;;;;;;;;;;;;;;;;;;;;;;;;;;;;;;;;;;;;;;
14.02.2022;3377;;4 325;completed;Alexandersmith12@mail.ru;22.06.2021;6;3;2000.0;2000.0;325.0;;14;Омолаживающий барсучий эликсир;Омолаживающий барсучий эликсир;Маття-латте - 1 шт.;0;;;;;;;;;;;;;;;;;;;;;;;;;;;;;;;;;;;;;;;;;;;;;;
04.02.2022;3847;;7 150;completed;Sophiamartinez33@yahoo.com;04.05.2021;5;3;1100.0;4900.0;800.0;;14;Маття-латте - 5 шт.;Омолаживающий барсучий эликсир;Фиточай с чабрецом - 4 пакетика;350;;;;;;;;;;;;;;;;;;;;;;;;;;;;;;;;;;;;;;;;;;;;;;
11.02.2022;2434;;5 237;completed;Emmamoore1987@yandex.ru;11.02.2022;14;3;800.0;3500.0;587.0;;14;Фиточай с чабрецом - 4 пакетика;Омолаживающий барсучий эликсир;Фиточай с чабрецом - 4 пакетика;350;;;;;;;;;;;;;;;;;;;;;;;;;;;;;;;;;;;;;;;;;;;;;;
10.04.2021;3745;;6 287;completed;Sophiabrown88@yandex.ru;10.04.2021;4;3;800.0;587.0;4900.0;;4;Фиточай с чабрецом - 4 пакетика;Фиточай с чабрецом - 4 пакетика;Омолаживающий барсучий эликсир;0;;;;;;;;;;;;;;;;;;;;;;;;;;;;;;;;;;;;;;;;;;;;;;
28.01.2022;2126;;5 465;completed;Oliverlopez1993@yandex.ru;16.03.2021;3;3;325.0;240.0;4900.0;;13;Маття-латте - 1 шт.;Маття-латте - 1 шт.;Омолаживающий барсучий эликсир;0;;;;;;;;;;;;;;;;;;;;;;;;;;;;;;;;;;;;;;;;;;;;;;
08.04.2021;1256;;3 740;completed;Emmamoore0@mail.ru;08.04.2021;4;2;;3500.0;240.0;;4;Маття-латте - 1 шт.;Омолаживающий барсучий эликсир;Маття-латте - 1 шт.;0;;;;;;;;;;;;;;;;;;;;;;;;;;;;;;;;;;;;;;;;;;;;;;
17.05.2021;2612;;4 900;completed;Alexandersmith66@yandex.ru;17.05.2021;5;3;1100.0;1900.0;1900.0;;5;Маття-латте - 5 шт.;Маття-латте - 5 шт.;Маття-латте - 5 шт.;0;;;;;;;;;;;;;;;;;;;;;;;;;;;;;;;;;;;;;;;;;;;;;;
03.05.2021;3192;;7 500;completed;Sophialopez33@mail.ru;03.05.2021;5;3;2000.0;2000.0;3500.0;;5;Омолаживающий барсучий эликсир;Омолаживающий барсучий эликсир;Омолаживающий барсучий эликсир;0;;;;;;;;;;;;;;;;;;;;;;;;;;;;;;;;;;;;;;;;;;;;;;
21.09.2021;3323;;4 887;completed;Isabellataylor1993@outlook.com;29.03.2021;3;3;800.0;587.0;3500.0;;9;Фиточай с чабрецом - 4 пакетика;Фиточай с чабрецом - 4 пакетика;Омолаживающий барсучий эликсир;0;;;;;;;;;;;;;;;;;;;;;;;;;;;;;;;;;;;;;;;;;;;;;;
01.07.2021;2576;;6 240;completed;Charlottetaylor2007@yahoo.com;20.02.2021;2;3;4900.0;240.0;1100.0;;7;Омолаживающий барсучий эликсир;Маття-латте - 1 шт.;Маття-латте - 5 шт.;0;;;;;;;;;;;;;;;;;;;;;;;;;;;;;;;;;;;;;;;;;;;;;;
10.09.2021;4016;;2 587;completed;Alexanderwilliams1993@outlook.com;10.09.2021;9;2;587.0;2000.0;;;9;Фиточай с чабрецом - 4 пакетика;Омолаживающий барсучий эликсир;Маття-латте - 1 шт.;0;;;;;;;;;;;;;;;;;;;;;;;;;;;;;;;;;;;;;;;;;;;;;;
25.08.2021;3330;;8 140;returned;Charlottemoore33@outlook.com;25.08.2021;8;3;890.0;2000.0;4900.0;;8;Фиточай с чабрецом - 4 пакетика;Омолаживающий барсучий эликсир;Омолаживающий барсучий эликсир;350;;;;;;;;;;;;;;;;;;;;;;;;;;;;;;;;;;;;;;;;;;;;;;
24.02.2021;3600;;4 175;completed;Sophiabrown66@yahoo.com;24.02.2021;2;2;;325.0;3500.0;;2;Маття-латте - 1 шт.;Маття-латте - 1 шт.;Омолаживающий барсучий эликсир;350;;;;;;;;;;;;;;;;;;;;;;;;;;;;;;;;;;;;;;;;;;;;;;
25.06.2021;3173;;3 375;completed;emmabrown12@gmail.com;25.06.2021;6;3;325.0;800.0;1900.0;;6;Маття-латте - 1 шт.;Фиточай с чабрецом - 4 пакетика;Маття-латте - 5 шт.;350;;;;;;;;;;;;;;;;;;;;;;;;;;;;;;;;;;;;;;;;;;;;;;
26.08.2021;1445;;1 387;completed;isabellawilliams33@gmail.com;11.05.2021;5;2;;587.0;800.0;;8;Маття-латте - 1 шт.;Фиточай с чабрецом - 4 пакетика;Фиточай с чабрецом - 4 пакетика;0;;;;;;;;;;;;;;;;;;;;;;;;;;;;;;;;;;;;;;;;;;;;;;
06.12.2021;2099;;4 950;completed;lucasmartinez12@gmail.com;06.08.2021;8;2;1100.0;;3500.0;;12;Маття-латте - 5 шт.;Маття-латте - 1 шт.;Омолаживающий барсучий эликсир;350;;;;;;;;;;;;;;;;;;;;;;;;;;;;;;;;;;;;;;;;;;;;;;
10.08.2021;3110;;3 390;completed;Sophiawilliams1987@yandex.ru;10.08.2021;8;3;240.0;2000.0;800.0;;8;Маття-латте - 1 шт.;Омолаживающий барсучий эликсир;Фиточай с чабрецом - 4 пакетика;350;;;;;;;;;;;;;;;;;;;;;;;;;;;;;;;;;;;;;;;;;;;;;;
06.07.2021;2004;;4 240;completed;Sophiabrown66@yahoo.com;06.07.2021;7;3;2000.0;2000.0;240.0;;7;Омолаживающий барсучий эликсир;Омолаживающий барсучий эликсир;Маття-латте - 1 шт.;0;;;;;;;;;;;;;;;;;;;;;;;;;;;;;;;;;;;;;;;;;;;;;;
21.01.2022;3405;;350;completed;Oliversmith1993@yahoo.com;10.08.2021;8;0;;;;;13;Маття-латте - 1 шт.;Маття-латте - 1 шт.;Маття-латте - 1 шт.;350;;;;;;;;;;;;;;;;;;;;;;;;;;;;;;;;;;;;;;;;;;;;;;
24.05.2021;2055;;8 640;completed;Lucaslopez1993@mail.ru;24.05.2021;5;3;4900.0;240.0;3500.0;;5;Омолаживающий барсучий эликсир;Маття-латте - 1 шт.;Омолаживающий барсучий эликсир;0;;;;;;;;;;;;;;;;;;;;;;;;;;;;;;;;;;;;;;;;;;;;;;
23.05.2021;4107;;1 174;completed;Oliverlopez33@outlook.com;23.05.2021;5;2;587.0;587.0;;;5;Фиточай с чабрецом - 4 пакетика;Фиточай с чабрецом - 4 пакетика;Маття-латте - 1 шт.;0;;;;;;;;;;;;;;;;;;;;;;;;;;;;;;;;;;;;;;;;;;;;;;
17.03.2021;3768;;3 590;completed;Liammoore66@yahoo.com;17.03.2021;3;3;890.0;1900.0;800.0;;3;Фиточай с чабрецом - 4 пакетика;Маття-латте - 5 шт.;Фиточай с чабрецом - 4 пакетика;0;;;;;;;;;;;;;;;;;;;;;;;;;;;;;;;;;;;;;;;;;;;;;;
14.02.2022;1776;;2 020;completed;Alexandermartinez33@yandex.ru;30.08.2021;8;3;890.0;890.0;240.0;;14;Фиточай с чабрецом - 4 пакетика;Фиточай с чабрецом - 4 пакетика;Маття-латте - 1 шт.;0;;;;;;;;;;;;;;;;;;;;;;;;;;;;;;;;;;;;;;;;;;;;;;
22.08.2021;3509;;2 837;completed;Alexandermartinez0@outlook.com;22.08.2021;8;2;1900.0;587.0;;;8;Маття-латте - 5 шт.;Фиточай с чабрецом - 4 пакетика;Маття-латте - 1 шт.;350;;;;;;;;;;;;;;;;;;;;;;;;;;;;;;;;;;;;;;;;;;;;;;
27.01.2022;4164;;6 600;completed;Charlottewilliams1987@yahoo.com;27.01.2022;13;3;1100.0;3500.0;2000.0;;13;Маття-латте - 5 шт.;Омолаживающий барсучий эликсир;Омолаживающий барсучий эликсир;0;;;;;;;;;;;;;;;;;;;;;;;;;;;;;;;;;;;;;;;;;;;;;;
03.07.2021;3807;;2 280;completed;sophiaanderson12@gmail.com;03.07.2021;7;3;240.0;890.0;800.0;;7;Маття-латте - 1 шт.;Фиточай с чабрецом - 4 пакетика;Фиточай с чабрецом - 4 пакетика;350;;;;;;;;;;;;;;;;;;;;;;;;;;;;;;;;;;;;;;;;;;;;;;
28.09.2021;2657;;7 387;completed;avawilliams66@gmail.com;18.05.2021;5;3;4900.0;587.0;1900.0;;9;Омолаживающий барсучий эликсир;Фиточай с чабрецом - 4 пакетика;Маття-латте - 5 шт.;0;;;;;;;;;;;;;;;;;;;;;;;;;;;;;;;;;;;;;;;;;;;;;;
10.12.2021;3197;;5 327;completed;Olivermartinez2007@mail.ru;16.02.2021;2;3;587.0;3500.0;890.0;;12;Фиточай с чабрецом - 4 пакетика;Омолаживающий барсучий эликсир;Фиточай с чабрецом - 4 пакетика;350;;;;;;;;;;;;;;;;;;;;;;;;;;;;;;;;;;;;;;;;;;;;;;
23.10.2021;1675;;5 450;completed;lucasbrown2007@gmail.com;23.10.2021;10;3;3500.0;800.0;800.0;;10;Омолаживающий барсучий эликсир;Фиточай с чабрецом - 4 пакетика;Фиточай с чабрецом - 4 пакетика;350;;;;;;;;;;;;;;;;;;;;;;;;;;;;;;;;;;;;;;;;;;;;;;
08.07.2021;3850;;7 240;completed;Alexandertaylor12@mail.ru;29.03.2021;3;3;890.0;4900.0;1100.0;;7;Фиточай с чабрецом - 4 пакетика;Омолаживающий барсучий эликсир;Маття-латте - 5 шт.;350;;;;;;;;;;;;;;;;;;;;;;;;;;;;;;;;;;;;;;;;;;;;;;
11.10.2021;2730;;1 502;completed;williamjackson33@gmail.com;11.10.2021;10;3;587.0;240.0;325.0;;10;Фиточай с чабрецом - 4 пакетика;Маття-латте - 1 шт.;Маття-латте - 1 шт.;350;;;;;;;;;;;;;;;;;;;;;;;;;;;;;;;;;;;;;;;;;;;;;;
26.05.2021;3356;;2 790;completed;Charlottebrown0@yahoo.com;26.05.2021;5;2;890.0;;1900.0;;5;Фиточай с чабрецом - 4 пакетика;Маття-латте - 1 шт.;Маття-латте - 5 шт.;0;;;;;;;;;;;;;;;;;;;;;;;;;;;;;;;;;;;;;;;;;;;;;;
18.03.2021;1959;;5 987;completed;Emmajackson1987@yahoo.com;18.03.2021;3;3;1900.0;587.0;3500.0;;3;Маття-латте - 5 шт.;Фиточай с чабрецом - 4 пакетика;Омолаживающий барсучий эликсир;0;;;;;;;;;;;;;;;;;;;;;;;;;;;;;;;;;;;;;;;;;;;;;;
27.05.2021;3390;;4 630;completed;williamjackson1987@gmail.com;27.05.2021;5;3;240.0;3500.0;890.0;;5;Маття-латте - 1 шт.;Омолаживающий барсучий эликсир;Фиточай с чабрецом - 4 пакетика;0;;;;;;;;;;;;;;;;;;;;;;;;;;;;;;;;;;;;;;;;;;;;;;
02.11.2021;3993;;6 350;completed;sophiamartinez13@gmail.com;16.02.2021;2;2;;4900.0;1100.0;;11;Маття-латте - 1 шт.;Омолаживающий барсучий эликсир;Маття-латте - 5 шт.;350;;;;;;;;;;;;;;;;;;;;;;;;;;;;;;;;;;;;;;;;;;;;;;
11.05.2021;1445;;1262;completed;isabellawilliams33@gmail.com;11.05.2021;5;2;;325.0;587.0;;5;Маття-латте - 1 шт.;Маття-латте - 1 шт.;Фиточай с чабрецом - 4 пакетика;350;;;;;;;;;;;;;;;;;;;;;;;;;;;;;;;;;;;;;;;;;;;;;;
09.11.2021;3267;;4 800;completed;Alexanderwilliams12@outlook.com;09.11.2021;11;3;2000.0;800.0;2000.0;;11;Омолаживающий барсучий эликсир;Фиточай с чабрецом - 4 пакетика;Омолаживающий барсучий эликсир;0;;;;;;;;;;;;;;;;;;;;;;;;;;;;;;;;;;;;;;;;;;;;;;
21.07.2021;3313;;6 074;completed;Williammartinez88@outlook.com;05.04.2021;4;3;587.0;4900.0;587.0;;7;Фиточай с чабрецом - 4 пакетика;Омолаживающий барсучий эликсир;Фиточай с чабрецом - 4 пакетика;0;;;;;;;;;;;;;;;;;;;;;;;;;;;;;;;;;;;;;;;;;;;;;;
11.11.2021;2994;;2 815;completed;Liamthomas2007@mail.ru;16.03.2021;3;3;1900.0;240.0;325.0;;11;Маття-латте - 5 шт.;Маття-латте - 1 шт.;Маття-латте - 1 шт.;350;;;;;;;;;;;;;;;;;;;;;;;;;;;;;;;;;;;;;;;;;;;;;;
10.07.2021;2778;;6 377;completed;Alexandermoore1987@yahoo.com;10.07.2021;7;3;4900.0;890.0;587.0;;7;Омолаживающий барсучий эликсир;Фиточай с чабрецом - 4 пакетика;Фиточай с чабрецом - 4 пакетика;0;;;;;;;;;;;;;;;;;;;;;;;;;;;;;;;;;;;;;;;;;;;;;;
27.09.2021;1371;;1 100;completed;Avamartinez1987@yandex.ru;14.04.2021;4;1;;;1100.0;;9;Маття-латте - 1 шт.;Маття-латте - 1 шт.;Маття-латте - 5 шт.;0;;;;;;;;;;;;;;;;;;;;;;;;;;;;;;;;;;;;;;;;;;;;;;
10.01.2022;3291;;1 425;returned;Emmaanderson1993@yandex.ru;07.07.2021;7;2;;1100.0;325.0;;13;Маття-латте - 1 шт.;Маття-латте - 5 шт.;Маття-латте - 1 шт.;0;;;;;;;;;;;;;;;;;;;;;;;;;;;;;;;;;;;;;;;;;;;;;;
05.11.2021;1840;;5 100;completed;williambrown33@gmail.com;04.03.2021;3;3;1100.0;2000.0;2000.0;;11;Маття-латте - 5 шт.;Омолаживающий барсучий эликсир;Омолаживающий барсучий эликсир;0;;;;;;;;;;;;;;;;;;;;;;;;;;;;;;;;;;;;;;;;;;;;;;
29.03.2021;3850;;1 687;completed;Alexandertaylor12@mail.ru;29.03.2021;3;2;;1100.0;587.0;;3;Маття-латте - 1 шт.;Маття-латте - 5 шт.;Фиточай с чабрецом - 4 пакетика;0;;;;;;;;;;;;;;;;;;;;;;;;;;;;;;;;;;;;;;;;;;;;;;
23.02.2021;2076;;11 040;completed;Charlottesmith13@yandex.ru;23.02.2021;2;3;4900.0;890.0;4900.0;;2;Омолаживающий барсучий эликсир;Фиточай с чабрецом - 4 пакетика;Омолаживающий барсучий эликсир;350;;;;;;;;;;;;;;;;;;;;;;;;;;;;;;;;;;;;;;;;;;;;;;
21.06.2021;3446;;3 100;completed;Emmataylor1987@yahoo.com;21.06.2021;6;2;2000.0;1100.0;;;6;Омолаживающий барсучий эликсир;Маття-латте - 5 шт.;Маття-латте - 1 шт.;0;;;;;;;;;;;;;;;;;;;;;;;;;;;;;;;;;;;;;;;;;;;;;;
09.06.2021;2233;;1 215;completed;Liamwilliams2007@mail.ru;09.06.2021;6;2;325.0;;890.0;;6;Маття-латте - 1 шт.;Маття-латте - 1 шт.;Фиточай с чабрецом - 4 пакетика;0;;;;;;;;;;;;;;;;;;;;;;;;;;;;;;;;;;;;;;;;;;;;;;
19.08.2021;2355;;2 827;returned;Emmajackson1993@outlook.com;19.08.2021;8;3;240.0;2000.0;587.0;;8;Маття-латте - 1 шт.;Омолаживающий барсучий эликсир;Фиточай с чабрецом - 4 пакетика;0;;;;;;;;;;;;;;;;;;;;;;;;;;;;;;;;;;;;;;;;;;;;;;
04.04.2021;2033;;5 100;completed;Lucasmoore69@yandex.ru;04.04.2021;4;3;2000.0;1100.0;2000.0;;4;Омолаживающий барсучий эликсир;Маття-латте - 5 шт.;Омолаживающий барсучий эликсир;0;;;;;;;;;;;;;;;;;;;;;;;;;;;;;;;;;;;;;;;;;;;;;;
23.04.2021;1875;;3 000;completed;Emmathomas66@outlook.com;23.04.2021;4;2;;1900.0;1100.0;;4;Маття-латте - 1 шт.;Маття-латте - 5 шт.;Маття-латте - 5 шт.;0;;;;;;;;;;;;;;;;;;;;;;;;;;;;;;;;;;;;;;;;;;;;;;
11.10.2021;2647;;830;completed;Olivertaylor69@yahoo.com;24.03.2021;3;2;;240.0;240.0;;10;Маття-латте - 1 шт.;Маття-латте - 1 шт.;Маття-латте - 1 шт.;350;;;;;;;;;;;;;;;;;;;;;;;;;;;;;;;;;;;;;;;;;;;;;;
09.02.2022;1625;;5 812;completed;Charlottethomas12@mail.ru;25.10.2021;10;3;587.0;4900.0;325.0;;14;Фиточай с чабрецом - 4 пакетика;Омолаживающий барсучий эликсир;Маття-латте - 1 шт.;0;;;;;;;;;;;;;;;;;;;;;;;;;;;;;;;;;;;;;;;;;;;;;;
10.06.2021;3640;;4 300;completed;emmamartinez88@gmail.com;10.06.2021;6;2;800.0;3500.0;;;6;Фиточай с чабрецом - 4 пакетика;Омолаживающий барсучий эликсир;Маття-латте - 1 шт.;0;;;;;;;;;;;;;;;;;;;;;;;;;;;;;;;;;;;;;;;;;;;;;;
13.06.2021;2829;;1 067;completed;Olivertaylor1987@mail.ru;18.04.2021;4;3;240.0;587.0;240.0;;6;Маття-латте - 1 шт.;Фиточай с чабрецом - 4 пакетика;Маття-латте - 1 шт.;0;;;;;;;;;;;;;;;;;;;;;;;;;;;;;;;;;;;;;;;;;;;;;;
30.10.2021;3400;;3 077;completed;lucasanderson66@gmail.com;18.06.2021;6;3;587.0;1900.0;240.0;;10;Фиточай с чабрецом - 4 пакетика;Маття-латте - 5 шт.;Маття-латте - 1 шт.;350;;;;;;;;;;;;;;;;;;;;;;;;;;;;;;;;;;;;;;;;;;;;;;
19.04.2021;1584;;2 590;completed;avamoore2007@gmail.com;19.04.2021;4;2;240.0;2000.0;;;4;Маття-латте - 1 шт.;Омолаживающий барсучий эликсир;Маття-латте - 1 шт.;350;;;;;;;;;;;;;;;;;;;;;;;;;;;;;;;;;;;;;;;;;;;;;;
05.09.2021;3486;;8 800;completed;Sophiamartinez1987@outlook.com;18.08.2021;8;3;2000.0;4900.0;1900.0;;9;Омолаживающий барсучий эликсир;Омолаживающий барсучий эликсир;Маття-латте - 5 шт.;0;;;;;;;;;;;;;;;;;;;;;;;;;;;;;;;;;;;;;;;;;;;;;;
04.05.2021;1584;;4 340;completed;avamoore2007@gmail.com;19.04.2021;4;3;1100.0;2000.0;890.0;;5;Маття-латте - 5 шт.;Омолаживающий барсучий эликсир;Фиточай с чабрецом - 4 пакетика;350;;;;;;;;;;;;;;;;;;;;;;;;;;;;;;;;;;;;;;;;;;;;;;
04.10.2021;3913;;6 640;completed;Williamtaylor66@outlook.com;04.10.2021;10;3;1900.0;890.0;3500.0;;10;Маття-латте - 5 шт.;Фиточай с чабрецом - 4 пакетика;Омолаживающий барсучий эликсир;350;;;;;;;;;;;;;;;;;;;;;;;;;;;;;;;;;;;;;;;;;;;;;;
16.04.2021;3257;;2 590;completed;Liamanderson66@yandex.ru;16.04.2021;4;2;240.0;2000.0;;;4;Маття-латте - 1 шт.;Омолаживающий барсучий эликсир;Маття-латте - 1 шт.;350;;;;;;;;;;;;;;;;;;;;;;;;;;;;;;;;;;;;;;;;;;;;;;
30.09.2021;3920;;1 477;completed;sophiasmith33@gmail.com;11.09.2021;9;2;890.0;;587.0;;9;Фиточай с чабрецом - 4 пакетика;Маття-латте - 1 шт.;Фиточай с чабрецом - 4 пакетика;0;;;;;;;;;;;;;;;;;;;;;;;;;;;;;;;;;;;;;;;;;;;;;;
04.10.2021;1445;;3 937;completed;isabellawilliams33@gmail.com;11.05.2021;5;3;1100.0;587.0;1900.0;;10;Маття-латте - 5 шт.;Фиточай с чабрецом - 4 пакетика;Маття-латте - 5 шт.;350;;;;;;;;;;;;;;;;;;;;;;;;;;;;;;;;;;;;;;;;;;;;;;
06.04.2021;1808;;5 700;returned;Liamanderson0@outlook.com;06.04.2021;4;3;1100.0;1100.0;3500.0;;4;Маття-латте - 5 шт.;Маття-латте - 5 шт.;Омолаживающий барсучий эликсир;0;;;;;;;;;;;;;;;;;;;;;;;;;;;;;;;;;;;;;;;;;;;;;;
25.06.2021;3419;;2 187;completed;Lucasanderson1993@mail.ru;25.06.2021;6;3;587.0;800.0;800.0;;6;Фиточай с чабрецом - 4 пакетика;Фиточай с чабрецом - 4 пакетика;Фиточай с чабрецом - 4 пакетика;0;;;;;;;;;;;;;;;;;;;;;;;;;;;;;;;;;;;;;;;;;;;;;;
13.10.2021;2672;;8 640;completed;Liamanderson13@outlook.com;21.03.2021;3;3;3500.0;4900.0;240.0;;10;Омолаживающий барсучий эликсир;Омолаживающий барсучий эликсир;Маття-латте - 1 шт.;0;;;;;;;;;;;;;;;;;;;;;;;;;;;;;;;;;;;;;;;;;;;;;;
15.04.2021;3760;;6 377;completed;Williammoore1987@yandex.ru;15.04.2021;4;3;890.0;587.0;4900.0;;4;Фиточай с чабрецом - 4 пакетика;Фиточай с чабрецом - 4 пакетика;Омолаживающий барсучий эликсир;0;;;;;;;;;;;;;;;;;;;;;;;;;;;;;;;;;;;;;;;;;;;;;;
30.08.2021;2698;;7 700;completed;Charlottebrown66@mail.ru;30.08.2021;8;3;800.0;4900.0;2000.0;;8;Фиточай с чабрецом - 4 пакетика;Омолаживающий барсучий эликсир;Омолаживающий барсучий эликсир;0;;;;;;;;;;;;;;;;;;;;;;;;;;;;;;;;;;;;;;;;;;;;;;
07.07.2021;3106;;5 700;completed;Williammartinez1987@yandex.ru;13.03.2021;3;2;;800.0;4900.0;;7;Маття-латте - 1 шт.;Фиточай с чабрецом - 4 пакетика;Омолаживающий барсучий эликсир;0;;;;;;;;;;;;;;;;;;;;;;;;;;;;;;;;;;;;;;;;;;;;;;
27.08.2021;3274;;5 187;completed;Isabellawilliams0@mail.ru;27.08.2021;8;3;1100.0;3500.0;587.0;;8;Маття-латте - 5 шт.;Омолаживающий барсучий эликсир;Фиточай с чабрецом - 4 пакетика;0;;;;;;;;;;;;;;;;;;;;;;;;;;;;;;;;;;;;;;;;;;;;;;
25.02.2021;1397;;1 780;completed;Emmasmith66@mail.ru;25.02.2021;2;2;890.0;890.0;;;2;Фиточай с чабрецом - 4 пакетика;Фиточай с чабрецом - 4 пакетика;Маття-латте - 1 шт.;0;;;;;;;;;;;;;;;;;;;;;;;;;;;;;;;;;;;;;;;;;;;;;;
18.06.2021;1571;;1 930;completed;Lucasthomas12@yahoo.com;18.06.2021;6;3;240.0;1100.0;240.0;;6;Маття-латте - 1 шт.;Маття-латте - 5 шт.;Маття-латте - 1 шт.;350;;;;;;;;;;;;;;;;;;;;;;;;;;;;;;;;;;;;;;;;;;;;;;
29.01.2022;3429;;2 315;completed;Sophiajackson1993@yahoo.com;27.04.2021;4;3;325.0;890.0;1100.0;;13;Маття-латте - 1 шт.;Фиточай с чабрецом - 4 пакетика;Маття-латте - 5 шт.;0;;;;;;;;;;;;;;;;;;;;;;;;;;;;;;;;;;;;;;;;;;;;;;
20.02.2021;2056;;2 730;completed;Isabellathomas13@outlook.com;20.02.2021;2;3;240.0;1900.0;240.0;;2;Маття-латте - 1 шт.;Маття-латте - 5 шт.;Маття-латте - 1 шт.;350;;;;;;;;;;;;;;;;;;;;;;;;;;;;;;;;;;;;;;;;;;;;;;
21.08.2021;2790;;3 950;completed;Alexanderthomas33@yandex.ru;07.07.2021;7;3;800.0;800.0;2000.0;;8;Фиточай с чабрецом - 4 пакетика;Фиточай с чабрецом - 4 пакетика;Омолаживающий барсучий эликсир;350;;;;;;;;;;;;;;;;;;;;;;;;;;;;;;;;;;;;;;;;;;;;;;
06.08.2021;2578;;6 800;completed;Oliverwilliams1993@mail.ru;20.05.2021;5;3;4900.0;800.0;1100.0;;8;Омолаживающий барсучий эликсир;Фиточай с чабрецом - 4 пакетика;Маття-латте - 5 шт.;0;;;;;;;;;;;;;;;;;;;;;;;;;;;;;;;;;;;;;;;;;;;;;;
30.07.2021;3469;;2 790;completed;Isabellajackson1993@gmail.com;30.07.2021;7;2;1900.0;;890.0;;7;Маття-латте - 5 шт.;Маття-латте - 1 шт.;Фиточай с чабрецом - 4 пакетика;0;;;;;;;;;;;;;;;;;;;;;;;;;;;;;;;;;;;;;;;;;;;;;;
16.03.2021;2994;;1 930;completed;Liamthomas2007@mail.ru;16.03.2021;3;3;240.0;800.0;890.0;;3;Маття-латте - 1 шт.;Фиточай с чабрецом - 4 пакетика;Фиточай с чабрецом - 4 пакетика;0;;;;;;;;;;;;;;;;;;;;;;;;;;;;;;;;;;;;;;;;;;;;;;
09.02.2022;2370;;3 115;completed;Williamwilliams2007@yandex.ru;03.03.2021;3;3;1900.0;890.0;325.0;;14;Маття-латте - 5 шт.;Фиточай с чабрецом - 4 пакетика;Маття-латте - 1 шт.;0;;;;;;;;;;;;;;;;;;;;;;;;;;;;;;;;;;;;;;;;;;;;;;
03.01.2022;1751;;6 890;completed;Alexandermartinez13@mail.ru;30.08.2021;8;3;4900.0;1100.0;890.0;;13;Омолаживающий барсучий эликсир;Маття-латте - 5 шт.;Фиточай с чабрецом - 4 пакетика;0;;;;;;;;;;;;;;;;;;;;;;;;;;;;;;;;;;;;;;;;;;;;;;
03.03.2021;3934;;4 975;completed;Avamartinez1987@mail.ru;03.03.2021;3;3;800.0;325.0;3500.0;;3;Фиточай с чабрецом - 4 пакетика;Маття-латте - 1 шт.;Омолаживающий барсучий эликсир;350;;;;;;;;;;;;;;;;;;;;;;;;;;;;;;;;;;;;;;;;;;;;;;
12.11.2021;2426;;9 500;completed;williammartinez13@gmail.com;12.11.2021;11;3;3500.0;4900.0;1100.0;;11;Омолаживающий барсучий эликсир;Омолаживающий барсучий эликсир;Маття-латте - 5 шт.;0;;;;;;;;;;;;;;;;;;;;;;;;;;;;;;;;;;;;;;;;;;;;;;
04.05.2021;2106;;6 162;completed;Isabellawilliams12@mail.ru;28.02.2021;2;3;4900.0;587.0;325.0;;5;Омолаживающий барсучий эликсир;Фиточай с чабрецом - 4 пакетика;Маття-латте - 1 шт.;350;;;;;;;;;;;;;;;;;;;;;;;;;;;;;;;;;;;;;;;;;;;;;;
22.03.2021;3775;;10 300;completed;Alexandermartinez12@yahoo.com;19.03.2021;3;3;3500.0;4900.0;1900.0;;3;Омолаживающий барсучий эликсир;Омолаживающий барсучий эликсир;Маття-латте - 5 шт.;0;;;;;;;;;;;;;;;;;;;;;;;;;;;;;;;;;;;;;;;;;;;;;;
31.10.2021;1786;;8 350;completed;Olivertaylor12@mail.ru;31.10.2021;10;3;1100.0;4900.0;2000.0;;10;Маття-латте - 5 шт.;Омолаживающий барсучий эликсир;Омолаживающий барсучий эликсир;350;;;;;;;;;;;;;;;;;;;;;;;;;;;;;;;;;;;;;;;;;;;;;;
15.12.2021;3811;;4 737;completed;Emmawilliams12@mail.ru;15.07.2021;7;3;1900.0;1900.0;587.0;;12;Маття-латте - 5 шт.;Маття-латте - 5 шт.;Фиточай с чабрецом - 4 пакетика;350;;;;;;;;;;;;;;;;;;;;;;;;;;;;;;;;;;;;;;;;;;;;;;
09.08.2021;2723;;2 465;completed;Williamanderson1987@outlook.com;09.08.2021;8;3;1900.0;325.0;240.0;;8;Маття-латте - 5 шт.;Маття-латте - 1 шт.;Маття-латте - 1 шт.;0;;;;;;;;;;;;;;;;;;;;;;;;;;;;;;;;;;;;;;;;;;;;;;
15.09.2021;3345;;4 087;completed;Charlottejackson1987@mail.ru;09.08.2021;8;2;587.0;;3500.0;;9;Фиточай с чабрецом - 4 пакетика;Маття-латте - 1 шт.;Омолаживающий барсучий эликсир;0;;;;;;;;;;;;;;;;;;;;;;;;;;;;;;;;;;;;;;;;;;;;;;
28.09.2021;4146;;6 290;completed;Isabellamartinez66@yahoo.com;28.09.2021;9;3;1900.0;890.0;3500.0;;9;Маття-латте - 5 шт.;Фиточай с чабрецом - 4 пакетика;Омолаживающий барсучий эликсир;0;;;;;;;;;;;;;;;;;;;;;;;;;;;;;;;;;;;;;;;;;;;;;;
29.11.2021;3155;;2 665;completed;Charlottetaylor0@yandex.ru;29.11.2021;11;3;325.0;1100.0;890.0;;11;Маття-латте - 1 шт.;Маття-латте - 5 шт.;Фиточай с чабрецом - 4 пакетика;350;;;;;;;;;;;;;;;;;;;;;;;;;;;;;;;;;;;;;;;;;;;;;;
12.10.2021;3282;;1 125;completed;Charlotteanderson66@gmail.com;27.04.2021;4;2;;325.0;800.0;;10;Маття-латте - 1 шт.;Маття-латте - 1 шт.;Фиточай с чабрецом - 4 пакетика;0;;;;;;;;;;;;;;;;;;;;;;;;;;;;;;;;;;;;;;;;;;;;;;
29.03.2021;3945;;3 890;completed;alexanderbrown2007@gmail.com;29.03.2021;3;3;890.0;1900.0;1100.0;;3;Фиточай с чабрецом - 4 пакетика;Маття-латте - 5 шт.;Маття-латте - 5 шт.;0;;;;;;;;;;;;;;;;;;;;;;;;;;;;;;;;;;;;;;;;;;;;;;
08.06.2021;2449;;1 849;completed;oliverwilliams88@gmail.com;03.05.2021;5;3;325.0;587.0;587.0;;6;Маття-латте - 1 шт.;Фиточай с чабрецом - 4 пакетика;Фиточай с чабрецом - 4 пакетика;350;;;;;;;;;;;;;;;;;;;;;;;;;;;;;;;;;;;;;;;;;;;;;;
05.01.2022;2556;;3 990;completed;Alexandermoore2007@yahoo.com;07.07.2021;7;3;2000.0;890.0;1100.0;;13;Омолаживающий барсучий эликсир;Фиточай с чабрецом - 4 пакетика;Маття-латте - 5 шт.;0;;;;;;;;;;;;;;;;;;;;;;;;;;;;;;;;;;;;;;;;;;;;;;
21.07.2021;2847;;4 950;completed;Lucastaylor0@outlook.com;21.07.2021;7;2;3500.0;;1100.0;;7;Омолаживающий барсучий эликсир;Маття-латте - 1 шт.;Маття-латте - 5 шт.;350;;;;;;;;;;;;;;;;;;;;;;;;;;;;;;;;;;;;;;;;;;;;;;
01.05.2021;1936;;3 325;completed;Lucassmith12@yandex.ru;01.05.2021;5;3;325.0;1100.0;1900.0;;5;Маття-латте - 1 шт.;Маття-латте - 5 шт.;Маття-латте - 5 шт.;0;;;;;;;;;;;;;;;;;;;;;;;;;;;;;;;;;;;;;;;;;;;;;;
26.12.2021;2190;;2 440;completed;emmasmith12@gmail.com;25.07.2021;7;3;1100.0;1100.0;240.0;;12;Маття-латте - 5 шт.;Маття-латте - 5 шт.;Маття-латте - 1 шт.;0;;;;;;;;;;;;;;;;;;;;;;;;;;;;;;;;;;;;;;;;;;;;;;
30.11.2021;3483;;6 727;completed;Lucasmoore1993@outlook.com;14.03.2021;3;3;4900.0;587.0;890.0;;11;Омолаживающий барсучий эликсир;Фиточай с чабрецом - 4 пакетика;Фиточай с чабрецом - 4 пакетика;350;;;;;;;;;;;;;;;;;;;;;;;;;;;;;;;;;;;;;;;;;;;;;;
30.08.2021;1244;;4 650;completed;Oliveranderson1993@yandex.ru;07.05.2021;5;2;;3500.0;800.0;;8;Маття-латте - 1 шт.;Омолаживающий барсучий эликсир;Фиточай с чабрецом - 4 пакетика;350;;;;;;;;;;;;;;;;;;;;;;;;;;;;;;;;;;;;;;;;;;;;;;
30.07.2021;1862;;1 450;completed;emmamoore13@gmail.com;24.03.2021;3;3;800.0;325.0;325.0;;7;Фиточай с чабрецом - 4 пакетика;Маття-латте - 1 шт.;Маття-латте - 1 шт.;0;;;;;;;;;;;;;;;;;;;;;;;;;;;;;;;;;;;;;;;;;;;;;;
11.07.2021;2402;;5 825;completed;Avasmith1993@mail.ru;11.07.2021;7;3;325.0;2000.0;3500.0;;7;Маття-латте - 1 шт.;Омолаживающий барсучий эликсир;Омолаживающий барсучий эликсир;0;;;;;;;;;;;;;;;;;;;;;;;;;;;;;;;;;;;;;;;;;;;;;;
20.03.2021;1881;;2 324;completed;oliverthomas1993@gmail.com;20.03.2021;3;3;587.0;587.0;800.0;;3;Фиточай с чабрецом - 4 пакетика;Фиточай с чабрецом - 4 пакетика;Фиточай с чабрецом - 4 пакетика;350;;;;;;;;;;;;;;;;;;;;;;;;;;;;;;;;;;;;;;;;;;;;;;
27.12.2021;2173;;4 762;completed;Alexanderwilliams1993@mail.ru;27.12.2021;12;3;3500.0;587.0;325.0;;12;Омолаживающий барсучий эликсир;Фиточай с чабрецом - 4 пакетика;Маття-латте - 1 шт.;350;;;;;;;;;;;;;;;;;;;;;;;;;;;;;;;;;;;;;;;;;;;;;;
01.06.2021;3643;;7 387;completed;williamthomas13@gmail.com;01.06.2021;6;3;4900.0;587.0;1900.0;;6;Омолаживающий барсучий эликсир;Фиточай с чабрецом - 4 пакетика;Маття-латте - 5 шт.;0;;;;;;;;;;;;;;;;;;;;;;;;;;;;;;;;;;;;;;;;;;;;;;
19.06.2021;3540;;5 140;completed;Isabellataylor0@mail.ru;19.06.2021;6;3;2000.0;1900.0;890.0;;6;Омолаживающий барсучий эликсир;Маття-латте - 5 шт.;Фиточай с чабрецом - 4 пакетика;350;;;;;;;;;;;;;;;;;;;;;;;;;;;;;;;;;;;;;;;;;;;;;;
03.10.2021;2092;;6 087;completed;Sophialopez69@outlook.com;03.10.2021;10;3;2000.0;3500.0;587.0;;10;Омолаживающий барсучий эликсир;Омолаживающий барсучий эликсир;Фиточай с чабрецом - 4 пакетика;0;;;;;;;;;;;;;;;;;;;;;;;;;;;;;;;;;;;;;;;;;;;;;;
13.03.2021;1365;;3 465;completed;Liamwilliams0@yahoo.com;13.03.2021;3;3;890.0;325.0;1900.0;;3;Фиточай с чабрецом - 4 пакетика;Маття-латте - 1 шт.;Маття-латте - 5 шт.;350;;;;;;;;;;;;;;;;;;;;;;;;;;;;;;;;;;;;;;;;;;;;;;
29.12.2021;2965;;2 277;completed;Sophiabrown88@yandex.ru;27.06.2021;6;3;587.0;800.0;890.0;;12;Фиточай с чабрецом - 4 пакетика;Фиточай с чабрецом - 4 пакетика;Фиточай с чабрецом - 4 пакетика;0;;;;;;;;;;;;;;;;;;;;;;;;;;;;;;;;;;;;;;;;;;;;;;
10.10.2021;2505;;1 237;completed;Charlottemartinez33@yandex.ru;10.10.2021;10;3;325.0;587.0;325.0;;10;Маття-латте - 1 шт.;Фиточай с чабрецом - 4 пакетика;Маття-латте - 1 шт.;0;;;;;;;;;;;;;;;;;;;;;;;;;;;;;;;;;;;;;;;;;;;;;;
27.09.2021;3707;;3 040;completed;Isabellamartinez33@outlook.com;04.03.2021;3;3;800.0;2000.0;240.0;;9;Фиточай с чабрецом - 4 пакетика;Омолаживающий барсучий эликсир;Маття-латте - 1 шт.;0;;;;;;;;;;;;;;;;;;;;;;;;;;;;;;;;;;;;;;;;;;;;;;
01.09.2021;2975;;3 350;completed;Isabellabrown66@outlook.com;01.09.2021;9;3;800.0;1100.0;1100.0;;9;Фиточай с чабрецом - 4 пакетика;Маття-латте - 5 шт.;Маття-латте - 5 шт.;350;;;;;;;;;;;;;;;;;;;;;;;;;;;;;;;;;;;;;;;;;;;;;;
27.12.2021;3705;;3 130;completed;Alexanderlopez1993@outlook.com;09.04.2021;4;3;240.0;2000.0;890.0;;12;Маття-латте - 1 шт.;Омолаживающий барсучий эликсир;Фиточай с чабрецом - 4 пакетика;0;;;;;;;;;;;;;;;;;;;;;;;;;;;;;;;;;;;;;;;;;;;;;;
03.10.2021;4207;;4 387;completed;Alexandertaylor88@outlook.com;13.07.2021;7;3;1900.0;587.0;1900.0;;10;Маття-латте - 5 шт.;Фиточай с чабрецом - 4 пакетика;Маття-латте - 5 шт.;0;;;;;;;;;;;;;;;;;;;;;;;;;;;;;;;;;;;;;;;;;;;;;;
20.05.2021;2043;;915;completed;alexandermoore12@gmail.com;20.05.2021;5;2;240.0;;325.0;;5;Маття-латте - 1 шт.;Маття-латте - 1 шт.;Маття-латте - 1 шт.;350;;;;;;;;;;;;;;;;;;;;;;;;;;;;;;;;;;;;;;;;;;;;;;
07.04.2021;2947;;2 250;completed;Olivermoore33@yahoo.com;07.04.2021;4;2;;800.0;1100.0;;4;Маття-латте - 1 шт.;Фиточай с чабрецом - 4 пакетика;Маття-латте - 5 шт.;350;;;;;;;;;;;;;;;;;;;;;;;;;;;;;;;;;;;;;;;;;;;;;;
26.03.2021;2501;;7 390;completed;Oliverwilliams13@yahoo.com;26.03.2021;3;3;1900.0;240.0;4900.0;;3;Маття-латте - 5 шт.;Маття-латте - 1 шт.;Омолаживающий барсучий эликсир;350;;;;;;;;;;;;;;;;;;;;;;;;;;;;;;;;;;;;;;;;;;;;;;
11.01.2022;1322;;1 237;completed;Isabellasmith12@outlook.com;05.10.2021;10;3;325.0;325.0;587.0;;13;Маття-латте - 1 шт.;Маття-латте - 1 шт.;Фиточай с чабрецом - 4 пакетика;0;;;;;;;;;;;;;;;;;;;;;;;;;;;;;;;;;;;;;;;;;;;;;;
06.10.2021;2828;;4 600;completed;Williamanderson12@yandex.ru;18.02.2021;2;2;1100.0;3500.0;;;10;Маття-латте - 5 шт.;Омолаживающий барсучий эликсир;Маття-латте - 1 шт.;0;;;;;;;;;;;;;;;;;;;;;;;;;;;;;;;;;;;;;;;;;;;;;;
28.09.2021;1845;;565;completed;Lucasmoore0@gmail.com;28.09.2021;9;2;240.0;325.0;;;9;Маття-латте - 1 шт.;Маття-латте - 1 шт.;Маття-латте - 1 шт.;0;;;;;;;;;;;;;;;;;;;;;;;;;;;;;;;;;;;;;;;;;;;;;;
05.06.2021;2810;;2 315;completed;Williamlopez88@outlook.com;05.06.2021;6;3;325.0;890.0;1100.0;;6;Маття-латте - 1 шт.;Фиточай с чабрецом - 4 пакетика;Маття-латте - 5 шт.;0;;;;;;;;;;;;;;;;;;;;;;;;;;;;;;;;;;;;;;;;;;;;;;
17.04.2021;1766;;6 380;completed;Isabellalopez88@outlook.com;17.04.2021;4;3;4900.0;240.0;890.0;;4;Омолаживающий барсучий эликсир;Маття-латте - 1 шт.;Фиточай с чабрецом - 4 пакетика;350;;;;;;;;;;;;;;;;;;;;;;;;;;;;;;;;;;;;;;;;;;;;;;
19.07.2021;1832;;3 000;completed;Williamsmith1987@yandex.ru;19.07.2021;7;2;1900.0;;1100.0;;7;Маття-латте - 5 шт.;Маття-латте - 1 шт.;Маття-латте - 5 шт.;0;;;;;;;;;;;;;;;;;;;;;;;;;;;;;;;;;;;;;;;;;;;;;;
07.05.2021;2344;;7 600;completed;oliveranderson2007@gmail.com;07.05.2021;5;3;1900.0;4900.0;800.0;;5;Маття-латте - 5 шт.;Омолаживающий барсучий эликсир;Фиточай с чабрецом - 4 пакетика;0;;;;;;;;;;;;;;;;;;;;;;;;;;;;;;;;;;;;;;;;;;;;;;
19.12.2021;3762;;2 414;completed;Williammartinez66@outlook.com;19.08.2021;8;3;587.0;890.0;587.0;;12;Фиточай с чабрецом - 4 пакетика;Фиточай с чабрецом - 4 пакетика;Фиточай с чабрецом - 4 пакетика;350;;;;;;;;;;;;;;;;;;;;;;;;;;;;;;;;;;;;;;;;;;;;;;
16.12.2021;3832;;2 727;completed;Charlottewilliams33@outlook.com;16.12.2021;12;3;587.0;1900.0;240.0;;12;Фиточай с чабрецом - 4 пакетика;Маття-латте - 5 шт.;Маття-латте - 1 шт.;0;;;;;;;;;;;;;;;;;;;;;;;;;;;;;;;;;;;;;;;;;;;;;;
17.01.2022;3834;;2 875;returned;Charlottethomas69@outlook.com;29.11.2021;11;3;1100.0;1100.0;325.0;;13;Маття-латте - 5 шт.;Маття-латте - 5 шт.;Маття-латте - 1 шт.;350;;;;;;;;;;;;;;;;;;;;;;;;;;;;;;;;;;;;;;;;;;;;;;
07.07.2021;1485;;3 740;completed;avaanderson0@gmail.com;07.07.2021;7;2;240.0;3500.0;;;7;Маття-латте - 1 шт.;Омолаживающий барсучий эликсир;Маття-латте - 1 шт.;0;;;;;;;;;;;;;;;;;;;;;;;;;;;;;;;;;;;;;;;;;;;;;;
11.11.2021;2031;;6 200;completed;Avabrown2007@yandex.ru;26.08.2021;8;3;3500.0;1900.0;800.0;;11;Омолаживающий барсучий эликсир;Маття-латте - 5 шт.;Фиточай с чабрецом - 4 пакетика;0;;;;;;;;;;;;;;;;;;;;;;;;;;;;;;;;;;;;;;;;;;;;;;
13.08.2021;4026;;8 140;completed;Isabellajackson0@yahoo.com;13.08.2021;8;3;2000.0;890.0;4900.0;;8;Омолаживающий барсучий эликсир;Фиточай с чабрецом - 4 пакетика;Омолаживающий барсучий эликсир;350;;;;;;;;;;;;;;;;;;;;;;;;;;;;;;;;;;;;;;;;;;;;;;
15.06.2021;2150;;2 240;completed;Lucasanderson69@outlook.com;21.03.2021;3;2;240.0;;2000.0;;6;Маття-латте - 1 шт.;Маття-латте - 1 шт.;Омолаживающий барсучий эликсир;0;;;;;;;;;;;;;;;;;;;;;;;;;;;;;;;;;;;;;;;;;;;;;;
09.06.2021;3770;;7 950;completed;Isabellamartinez88@outlook.com;29.03.2021;3;3;1900.0;4900.0;800.0;;6;Маття-латте - 5 шт.;Омолаживающий барсучий эликсир;Фиточай с чабрецом - 4 пакетика;350;;;;;;;;;;;;;;;;;;;;;;;;;;;;;;;;;;;;;;;;;;;;;;
10.01.2022;3614;;5 327;completed;Avaanderson0@outlook.com;20.06.2021;6;3;3500.0;890.0;587.0;;13;Омолаживающий барсучий эликсир;Фиточай с чабрецом - 4 пакетика;Фиточай с чабрецом - 4 пакетика;350;;;;;;;;;;;;;;;;;;;;;;;;;;;;;;;;;;;;;;;;;;;;;;
26.11.2021;3206;;9 850;completed;Isabellabrown1987@outlook.com;26.05.2021;5;3;1100.0;3500.0;4900.0;;11;Маття-латте - 5 шт.;Омолаживающий барсучий эликсир;Омолаживающий барсучий эликсир;350;;;;;;;;;;;;;;;;;;;;;;;;;;;;;;;;;;;;;;;;;;;;;;
24.06.2021;1258;;2 580;completed;Isabellataylor1987@yandex.ru;24.06.2021;6;3;890.0;1100.0;240.0;;6;Фиточай с чабрецом - 4 пакетика;Маття-латте - 5 шт.;Маття-латте - 1 шт.;350;;;;;;;;;;;;;;;;;;;;;;;;;;;;;;;;;;;;;;;;;;;;;;
31.07.2021;4195;;6 424;completed;Charlottesmith88@mail.ru;03.05.2021;5;3;4900.0;587.0;587.0;;7;Омолаживающий барсучий эликсир;Фиточай с чабрецом - 4 пакетика;Фиточай с чабрецом - 4 пакетика;350;;;;;;;;;;;;;;;;;;;;;;;;;;;;;;;;;;;;;;;;;;;;;;
20.09.2021;1963;;3 077;completed;Sophialopez88@outlook.com;20.09.2021;9;3;240.0;587.0;1900.0;;9;Маття-латте - 1 шт.;Фиточай с чабрецом - 4 пакетика;Маття-латте - 5 шт.;350;;;;;;;;;;;;;;;;;;;;;;;;;;;;;;;;;;;;;;;;;;;;;;
16.03.2021;2927;;2 790;returned;avamartinez66@gmail.com;16.03.2021;3;3;890.0;800.0;1100.0;;3;Фиточай с чабрецом - 4 пакетика;Фиточай с чабрецом - 4 пакетика;Маття-латте - 5 шт.;0;;;;;;;;;;;;;;;;;;;;;;;;;;;;;;;;;;;;;;;;;;;;;;
04.08.2021;1603;;5 490;completed;Charlottesmith1987@yandex.ru;04.08.2021;8;2;;240.0;4900.0;;8;Маття-латте - 1 шт.;Маття-латте - 1 шт.;Омолаживающий барсучий эликсир;350;;;;;;;;;;;;;;;;;;;;;;;;;;;;;;;;;;;;;;;;;;;;;;
11.04.2021;2506;;4 600;completed;liamthomas0@gmail.com;11.04.2021;4;2;;3500.0;1100.0;;4;Маття-латте - 1 шт.;Омолаживающий барсучий эликсир;Маття-латте - 5 шт.;0;;;;;;;;;;;;;;;;;;;;;;;;;;;;;;;;;;;;;;;;;;;;;;
11.10.2021;1337;;3 140;completed;Sophiaanderson69@outlook.com;11.10.2021;10;3;800.0;1100.0;890.0;;10;Фиточай с чабрецом - 4 пакетика;Маття-латте - 5 шт.;Фиточай с чабрецом - 4 пакетика;350;;;;;;;;;;;;;;;;;;;;;;;;;;;;;;;;;;;;;;;;;;;;;;
18.05.2021;2657;;8 050;completed;avawilliams66@gmail.com;18.05.2021;5;3;2000.0;4900.0;800.0;;5;Омолаживающий барсучий эликсир;Омолаживающий барсучий эликсир;Фиточай с чабрецом - 4 пакетика;350;;;;;;;;;;;;;;;;;;;;;;;;;;;;;;;;;;;;;;;;;;;;;;
04.01.2022;1643;;5 225;completed;lucassmith13@gmail.com;28.02.2021;2;2;;4900.0;325.0;;13;Маття-латте - 1 шт.;Омолаживающий барсучий эликсир;Маття-латте - 1 шт.;0;;;;;;;;;;;;;;;;;;;;;;;;;;;;;;;;;;;;;;;;;;;;;;
23.10.2021;3194;;7 490;completed;liammartinez88@gmail.com;30.05.2021;5;3;2000.0;240.0;4900.0;;10;Омолаживающий барсучий эликсир;Маття-латте - 1 шт.;Омолаживающий барсучий эликсир;350;;;;;;;;;;;;;;;;;;;;;;;;;;;;;;;;;;;;;;;;;;;;;;
28.05.2021;2432;;6 000;completed;Emmathomas66@mail.ru;28.05.2021;5;2;;1100.0;4900.0;;5;Маття-латте - 1 шт.;Маття-латте - 5 шт.;Омолаживающий барсучий эликсир;0;;;;;;;;;;;;;;;;;;;;;;;;;;;;;;;;;;;;;;;;;;;;;;
22.07.2021;1996;;1 215;returned;Emmalopez69@yandex.ru;31.05.2021;5;2;325.0;890.0;;;7;Маття-латте - 1 шт.;Фиточай с чабрецом - 4 пакетика;Маття-латте - 1 шт.;0;;;;;;;;;;;;;;;;;;;;;;;;;;;;;;;;;;;;;;;;;;;;;;
13.02.2022;3462;;2 580;completed;Avataylor2007@yahoo.com;11.07.2021;7;3;890.0;890.0;800.0;;14;Фиточай с чабрецом - 4 пакетика;Фиточай с чабрецом - 4 пакетика;Фиточай с чабрецом - 4 пакетика;0;;;;;;;;;;;;;;;;;;;;;;;;;;;;;;;;;;;;;;;;;;;;;;
14.07.2021;2063;;2 225;completed;Charlottelopez33@mail.ru;14.07.2021;7;3;1100.0;800.0;325.0;;7;Маття-латте - 5 шт.;Фиточай с чабрецом - 4 пакетика;Маття-латте - 1 шт.;0;;;;;;;;;;;;;;;;;;;;;;;;;;;;;;;;;;;;;;;;;;;;;;
16.08.2021;3474;;5 100;completed;Oliverthomas69@yahoo.com;07.05.2021;5;3;2000.0;1100.0;2000.0;;8;Омолаживающий барсучий эликсир;Маття-латте - 5 шт.;Омолаживающий барсучий эликсир;0;;;;;;;;;;;;;;;;;;;;;;;;;;;;;;;;;;;;;;;;;;;;;;
30.11.2021;4012;;3 100;completed;Charlottewilliams66@outlook.com;25.08.2021;8;2;1100.0;;2000.0;;11;Маття-латте - 5 шт.;Маття-латте - 1 шт.;Омолаживающий барсучий эликсир;0;;;;;;;;;;;;;;;;;;;;;;;;;;;;;;;;;;;;;;;;;;;;;;
21.06.2021;1912;;2 367;completed;lucastaylor1987@gmail.com;21.06.2021;6;3;890.0;890.0;587.0;;6;Фиточай с чабрецом - 4 пакетика;Фиточай с чабрецом - 4 пакетика;Фиточай с чабрецом - 4 пакетика;0;;;;;;;;;;;;;;;;;;;;;;;;;;;;;;;;;;;;;;;;;;;;;;
13.12.2021;3684;;2 324;completed;Alexandersmith2007@outlook.com;13.12.2021;12;3;587.0;800.0;587.0;;12;Фиточай с чабрецом - 4 пакетика;Фиточай с чабрецом - 4 пакетика;Фиточай с чабрецом - 4 пакетика;350;;;;;;;;;;;;;;;;;;;;;;;;;;;;;;;;;;;;;;;;;;;;;;
21.03.2021;2857;;5 225;completed;Charlottebrown33@yandex.ru;21.03.2021;3;2;4900.0;;325.0;;3;Омолаживающий барсучий эликсир;Маття-латте - 1 шт.;Маття-латте - 1 шт.;0;;;;;;;;;;;;;;;;;;;;;;;;;;;;;;;;;;;;;;;;;;;;;;
08.04.2021;3412;;7 500;completed;Sophiamoore0@yandex.ru;29.03.2021;3;3;2000.0;2000.0;3500.0;;4;Омолаживающий барсучий эликсир;Омолаживающий барсучий эликсир;Омолаживающий барсучий эликсир;0;;;;;;;;;;;;;;;;;;;;;;;;;;;;;;;;;;;;;;;;;;;;;;
21.08.2021;2212;;1 390;completed;Liambrown88@mail.ru;30.03.2021;3;2;240.0;800.0;;;8;Маття-латте - 1 шт.;Фиточай с чабрецом - 4 пакетика;Маття-латте - 1 шт.;350;;;;;;;;;;;;;;;;;;;;;;;;;;;;;;;;;;;;;;;;;;;;;;
25.10.2021;1531;;8 725;completed;emmataylor12@gmail.com;25.10.2021;10;3;4900.0;3500.0;325.0;;10;Омолаживающий барсучий эликсир;Омолаживающий барсучий эликсир;Маття-латте - 1 шт.;0;;;;;;;;;;;;;;;;;;;;;;;;;;;;;;;;;;;;;;;;;;;;;;
10.12.2021;4180;;5 280;returned;Williamthomas1987@mail.ru;10.12.2021;12;3;890.0;890.0;3500.0;;12;Фиточай с чабрецом - 4 пакетика;Фиточай с чабрецом - 4 пакетика;Омолаживающий барсучий эликсир;0;;;;;;;;;;;;;;;;;;;;;;;;;;;;;;;;;;;;;;;;;;;;;;
01.03.2021;1488;;7 387;completed;Oliverthomas13@mail.ru;01.03.2021;3;3;1900.0;4900.0;587.0;;3;Маття-латте - 5 шт.;Омолаживающий барсучий эликсир;Фиточай с чабрецом - 4 пакетика;0;;;;;;;;;;;;;;;;;;;;;;;;;;;;;;;;;;;;;;;;;;;;;;
03.04.2021;1246;;240;completed;Avasmith2007@outlook.com;03.04.2021;4;1;;240.0;;;4;Маття-латте - 1 шт.;Маття-латте - 1 шт.;Маття-латте - 1 шт.;0;;;;;;;;;;;;;;;;;;;;;;;;;;;;;;;;;;;;;;;;;;;;;;
30.10.2021;1243;;3 990;completed;Lucasbrown69@yahoo.com;30.10.2021;10;3;2000.0;890.0;1100.0;;10;Омолаживающий барсучий эликсир;Фиточай с чабрецом - 4 пакетика;Маття-латте - 5 шт.;0;;;;;;;;;;;;;;;;;;;;;;;;;;;;;;;;;;;;;;;;;;;;;;
11.12.2021;4154;;6 890;completed;Charlotteanderson88@outlook.com;11.12.2021;12;3;1100.0;4900.0;890.0;;12;Маття-латте - 5 шт.;Омолаживающий барсучий эликсир;Фиточай с чабрецом - 4 пакетика;0;;;;;;;;;;;;;;;;;;;;;;;;;;;;;;;;;;;;;;;;;;;;;;
30.03.2021;2537;;6 424;completed;Charlottethomas69@yahoo.com;30.03.2021;3;3;4900.0;587.0;587.0;;3;Омолаживающий барсучий эликсир;Фиточай с чабрецом - 4 пакетика;Фиточай с чабрецом - 4 пакетика;350;;;;;;;;;;;;;;;;;;;;;;;;;;;;;;;;;;;;;;;;;;;;;;
28.03.2021;3475;;3 040;completed;Liammartinez1987@yandex.ru;28.03.2021;3;3;2000.0;800.0;240.0;;3;Омолаживающий барсучий эликсир;Фиточай с чабрецом - 4 пакетика;Маття-латте - 1 шт.;0;;;;;;;;;;;;;;;;;;;;;;;;;;;;;;;;;;;;;;;;;;;;;;
25.08.2021;4145;;1262;completed;Williammartinez69@yandex.ru;25.08.2021;8;2;;587.0;325.0;;8;Маття-латте - 1 шт.;Фиточай с чабрецом - 4 пакетика;Маття-латте - 1 шт.;350;;;;;;;;;;;;;;;;;;;;;;;;;;;;;;;;;;;;;;;;;;;;;;
28.12.2021;2314;;2 015;completed;Alexandermartinez33@mail.ru;01.09.2021;9;3;325.0;800.0;890.0;;12;Маття-латте - 1 шт.;Фиточай с чабрецом - 4 пакетика;Фиточай с чабрецом - 4 пакетика;0;;;;;;;;;;;;;;;;;;;;;;;;;;;;;;;;;;;;;;;;;;;;;;
05.07.2021;1864;;3 990;completed;emmalopez1993@gmail.com;12.04.2021;4;3;2000.0;890.0;1100.0;;7;Омолаживающий барсучий эликсир;Фиточай с чабрецом - 4 пакетика;Маття-латте - 5 шт.;0;;;;;;;;;;;;;;;;;;;;;;;;;;;;;;;;;;;;;;;;;;;;;;
22.10.2021;1357;;2 015;returned;charlottejackson13@gmail.com;22.10.2021;10;3;325.0;890.0;800.0;;10;Маття-латте - 1 шт.;Фиточай с чабрецом - 4 пакетика;Фиточай с чабрецом - 4 пакетика;0;;;;;;;;;;;;;;;;;;;;;;;;;;;;;;;;;;;;;;;;;;;;;;
20.06.2021;1995;;1 215;returned;liammartinez0@gmail.com;20.06.2021;6;2;325.0;;890.0;;6;Маття-латте - 1 шт.;Маття-латте - 1 шт.;Фиточай с чабрецом - 4 пакетика;0;;;;;;;;;;;;;;;;;;;;;;;;;;;;;;;;;;;;;;;;;;;;;;
01.10.2021;1751;;805;returned;Alexandermartinez13@mail.ru;30.08.2021;8;3;325.0;240.0;240.0;;10;Маття-латте - 1 шт.;Маття-латте - 1 шт.;Маття-латте - 1 шт.;0;;;;;;;;;;;;;;;;;;;;;;;;;;;;;;;;;;;;;;;;;;;;;;
13.04.2021;2458;;3 375;completed;Williamwilliams1993@mail.ru;13.04.2021;4;3;325.0;800.0;1900.0;;4;Маття-латте - 1 шт.;Фиточай с чабрецом - 4 пакетика;Маття-латте - 5 шт.;350;;;;;;;;;;;;;;;;;;;;;;;;;;;;;;;;;;;;;;;;;;;;;;
03.02.2022;2555;;6 050;completed;Williamtaylor0@outlook.com;25.07.2021;7;2;;4900.0;800.0;;14;Маття-латте - 1 шт.;Омолаживающий барсучий эликсир;Фиточай с чабрецом - 4 пакетика;350;;;;;;;;;;;;;;;;;;;;;;;;;;;;;;;;;;;;;;;;;;;;;;
23.10.2021;2815;;6 550;completed;Isabellabrown0@outlook.com;17.02.2021;2;3;1900.0;3500.0;800.0;;10;Маття-латте - 5 шт.;Омолаживающий барсучий эликсир;Фиточай с чабрецом - 4 пакетика;350;;;;;;;;;;;;;;;;;;;;;;;;;;;;;;;;;;;;;;;;;;;;;;
21.07.2021;3239;;7 125;completed;Williambrown33@outlook.com;06.04.2021;4;3;1900.0;325.0;4900.0;;7;Маття-латте - 5 шт.;Маття-латте - 1 шт.;Омолаживающий барсучий эликсир;0;;;;;;;;;;;;;;;;;;;;;;;;;;;;;;;;;;;;;;;;;;;;;;
20.07.2021;2977;;5 825;completed;olivertaylor13@gmail.com;17.06.2021;6;3;3500.0;2000.0;325.0;;7;Омолаживающий барсучий эликсир;Омолаживающий барсучий эликсир;Маття-латте - 1 шт.;0;;;;;;;;;;;;;;;;;;;;;;;;;;;;;;;;;;;;;;;;;;;;;;
02.06.2021;1838;;2 915;completed;Emmamoore13@mail.ru;02.06.2021;6;3;2000.0;325.0;240.0;;6;Омолаживающий барсучий эликсир;Маття-латте - 1 шт.;Маття-латте - 1 шт.;350;;;;;;;;;;;;;;;;;;;;;;;;;;;;;;;;;;;;;;;;;;;;;;
09.07.2021;1641;;800;returned;Avathomas13@mail.ru;09.07.2021;7;1;800.0;;;;7;Фиточай с чабрецом - 4 пакетика;Маття-латте - 1 шт.;Маття-латте - 1 шт.;0;;;;;;;;;;;;;;;;;;;;;;;;;;;;;;;;;;;;;;;;;;;;;;
12.05.2021;2107;;3 780;completed;Sophiabrown1987@yandex.ru;12.05.2021;5;3;2000.0;890.0;890.0;;5;Омолаживающий барсучий эликсир;Фиточай с чабрецом - 4 пакетика;Фиточай с чабрецом - 4 пакетика;0;;;;;;;;;;;;;;;;;;;;;;;;;;;;;;;;;;;;;;;;;;;;;;
28.08.2021;1880;;3 590;completed;Sophiamoore88@outlook.com;13.07.2021;7;3;800.0;1900.0;890.0;;8;Фиточай с чабрецом - 4 пакетика;Маття-латте - 5 шт.;Фиточай с чабрецом - 4 пакетика;0;;;;;;;;;;;;;;;;;;;;;;;;;;;;;;;;;;;;;;;;;;;;;;
14.01.2022;3700;;4 540;completed;Charlottethomas0@outlook.com;14.01.2022;13;3;800.0;3500.0;240.0;;13;Фиточай с чабрецом - 4 пакетика;Омолаживающий барсучий эликсир;Маття-латте - 1 шт.;0;;;;;;;;;;;;;;;;;;;;;;;;;;;;;;;;;;;;;;;;;;;;;;
08.08.2021;4150;;2 140;returned;Sophiamoore1987@yahoo.com;08.08.2021;8;2;;1900.0;240.0;;8;Маття-латте - 1 шт.;Маття-латте - 5 шт.;Маття-латте - 1 шт.;0;;;;;;;;;;;;;;;;;;;;;;;;;;;;;;;;;;;;;;;;;;;;;;
19.05.2021;2062;;6 800;completed;Isabellataylor13@yandex.ru;19.05.2021;5;2;4900.0;;1900.0;;5;Омолаживающий барсучий эликсир;Маття-латте - 1 шт.;Маття-латте - 5 шт.;0;;;;;;;;;;;;;;;;;;;;;;;;;;;;;;;;;;;;;;;;;;;;;;
19.03.2021;1279;;3 687;completed;Alexanderthomas33@outlook.com;19.03.2021;3;3;587.0;2000.0;1100.0;;3;Фиточай с чабрецом - 4 пакетика;Омолаживающий барсучий эликсир;Маття-латте - 5 шт.;0;;;;;;;;;;;;;;;;;;;;;;;;;;;;;;;;;;;;;;;;;;;;;;
25.10.2021;4013;;2 790;completed;Isabellawilliams33@outlook.com;25.10.2021;10;3;800.0;1100.0;890.0;;10;Фиточай с чабрецом - 4 пакетика;Маття-латте - 5 шт.;Фиточай с чабрецом - 4 пакетика;0;;;;;;;;;;;;;;;;;;;;;;;;;;;;;;;;;;;;;;;;;;;;;;
12.11.2021;3274;;2 140;completed;Isabellawilliams0@mail.ru;27.08.2021;8;2;1900.0;;240.0;;11;Маття-латте - 5 шт.;Маття-латте - 1 шт.;Маття-латте - 1 шт.;0;;;;;;;;;;;;;;;;;;;;;;;;;;;;;;;;;;;;;;;;;;;;;;
01.08.2021;2801;;2 015;completed;Lucasmoore66@yandex.ru;26.06.2021;6;3;325.0;240.0;1100.0;;8;Маття-латте - 1 шт.;Маття-латте - 1 шт.;Маття-латте - 5 шт.;350;;;;;;;;;;;;;;;;;;;;;;;;;;;;;;;;;;;;;;;;;;;;;;
27.06.2021;3446;;5 280;completed;Emmataylor1987@yahoo.com;21.06.2021;6;3;890.0;3500.0;890.0;;6;Фиточай с чабрецом - 4 пакетика;Омолаживающий барсучий эликсир;Фиточай с чабрецом - 4 пакетика;0;;;;;;;;;;;;;;;;;;;;;;;;;;;;;;;;;;;;;;;;;;;;;;
25.11.2021;3827;;6 162;completed;Lucaslopez69@yahoo.com;25.11.2021;11;3;4900.0;587.0;325.0;;11;Омолаживающий барсучий эликсир;Фиточай с чабрецом - 4 пакетика;Маття-латте - 1 шт.;350;;;;;;;;;;;;;;;;;;;;;;;;;;;;;;;;;;;;;;;;;;;;;;
04.01.2022;3212;;827;completed;alexandermartinez2007@gmail.com;19.10.2021;10;2;587.0;;240.0;;13;Фиточай с чабрецом - 4 пакетика;Маття-латте - 1 шт.;Маття-латте - 1 шт.;0;;;;;;;;;;;;;;;;;;;;;;;;;;;;;;;;;;;;;;;;;;;;;;
13.09.2021;2806;;6 900;completed;Liamtaylor12@yandex.ru;24.06.2021;6;2;2000.0;4900.0;;;9;Омолаживающий барсучий эликсир;Омолаживающий барсучий эликсир;Маття-латте - 1 шт.;0;;;;;;;;;;;;;;;;;;;;;;;;;;;;;;;;;;;;;;;;;;;;;;
02.06.2021;3872;;10 150;completed;Williambrown88@outlook.com;02.06.2021;6;2;4900.0;4900.0;;;6;Омолаживающий барсучий эликсир;Омолаживающий барсучий эликсир;Маття-латте - 1 шт.;350;;;;;;;;;;;;;;;;;;;;;;;;;;;;;;;;;;;;;;;;;;;;;;
05.06.2021;1437;;15 050;completed;liamtaylor13@gmail.com;05.06.2021;6;3;4900.0;4900.0;4900.0;;6;Омолаживающий барсучий эликсир;Омолаживающий барсучий эликсир;Омолаживающий барсучий эликсир;350;;;;;;;;;;;;;;;;;;;;;;;;;;;;;;;;;;;;;;;;;;;;;;
03.05.2021;1592;;2 830;completed;Avawilliams33@yahoo.com;07.03.2021;3;3;240.0;240.0;2000.0;;5;Маття-латте - 1 шт.;Маття-латте - 1 шт.;Омолаживающий барсучий эликсир;350;;;;;;;;;;;;;;;;;;;;;;;;;;;;;;;;;;;;;;;;;;;;;;
02.09.2021;3078;;1 587;completed;Alexanderanderson13@yandex.ru;02.09.2021;9;3;325.0;587.0;325.0;;9;Маття-латте - 1 шт.;Фиточай с чабрецом - 4 пакетика;Маття-латте - 1 шт.;350;;;;;;;;;;;;;;;;;;;;;;;;;;;;;;;;;;;;;;;;;;;;;;
22.12.2021;3291;;2 367;returned;Emmaanderson1993@yandex.ru;07.07.2021;7;3;890.0;587.0;890.0;;12;Фиточай с чабрецом - 4 пакетика;Фиточай с чабрецом - 4 пакетика;Фиточай с чабрецом - 4 пакетика;0;;;;;;;;;;;;;;;;;;;;;;;;;;;;;;;;;;;;;;;;;;;;;;
07.07.2021;3285;;8 700;completed;Lucasmoore1993@yahoo.com;14.06.2021;6;3;4900.0;1900.0;1900.0;;7;Омолаживающий барсучий эликсир;Маття-латте - 5 шт.;Маття-латте - 5 шт.;0;;;;;;;;;;;;;;;;;;;;;;;;;;;;;;;;;;;;;;;;;;;;;;
20.10.2021;2041;;5 487;completed;Alexanderanderson88@yandex.ru;20.10.2021;10;2;4900.0;;587.0;;10;Омолаживающий барсучий эликсир;Маття-латте - 1 шт.;Фиточай с чабрецом - 4 пакетика;0;;;;;;;;;;;;;;;;;;;;;;;;;;;;;;;;;;;;;;;;;;;;;;
29.04.2021;2727;;10 125;completed;Liamanderson66@outlook.com;29.04.2021;4;3;4900.0;325.0;4900.0;;4;Омолаживающий барсучий эликсир;Маття-латте - 1 шт.;Омолаживающий барсучий эликсир;0;;;;;;;;;;;;;;;;;;;;;;;;;;;;;;;;;;;;;;;;;;;;;;
09.06.2021;3236;;2 787;completed;Alexanderbrown1987@yahoo.com;18.05.2021;5;3;1100.0;1100.0;587.0;;6;Маття-латте - 5 шт.;Маття-латте - 5 шт.;Фиточай с чабрецом - 4 пакетика;0;;;;;;;;;;;;;;;;;;;;;;;;;;;;;;;;;;;;;;;;;;;;;;
16.06.2021;1991;;6 437;completed;liammoore2007@gmail.com;16.06.2021;6;3;587.0;3500.0;2000.0;;6;Фиточай с чабрецом - 4 пакетика;Омолаживающий барсучий эликсир;Омолаживающий барсучий эликсир;350;;;;;;;;;;;;;;;;;;;;;;;;;;;;;;;;;;;;;;;;;;;;;;
01.11.2021;2917;;8 640;completed;Alexanderthomas33@yandex.ru;15.04.2021;4;3;4900.0;240.0;3500.0;;11;Омолаживающий барсучий эликсир;Маття-латте - 1 шт.;Омолаживающий барсучий эликсир;0;;;;;;;;;;;;;;;;;;;;;;;;;;;;;;;;;;;;;;;;;;;;;;
19.02.2021;1449;;6 087;completed;Sophiaanderson88@yahoo.com;19.02.2021;2;3;3500.0;2000.0;587.0;;2;Омолаживающий барсучий эликсир;Омолаживающий барсучий эликсир;Фиточай с чабрецом - 4 пакетика;0;;;;;;;;;;;;;;;;;;;;;;;;;;;;;;;;;;;;;;;;;;;;;;
19.10.2021;1426;;3 827;completed;Isabellajackson1987@yahoo.com;19.10.2021;10;3;890.0;587.0;2000.0;;10;Фиточай с чабрецом - 4 пакетика;Фиточай с чабрецом - 4 пакетика;Омолаживающий барсучий эликсир;350;;;;;;;;;;;;;;;;;;;;;;;;;;;;;;;;;;;;;;;;;;;;;;
25.08.2021;1934;;6 587;completed;Emmalopez33@mail.ru;24.03.2021;3;3;587.0;1100.0;4900.0;;8;Фиточай с чабрецом - 4 пакетика;Маття-латте - 5 шт.;Омолаживающий барсучий эликсир;0;;;;;;;;;;;;;;;;;;;;;;;;;;;;;;;;;;;;;;;;;;;;;;
07.01.2022;3690;;4 415;returned;Oliverthomas0@yandex.ru;07.01.2022;13;3;325.0;240.0;3500.0;;13;Маття-латте - 1 шт.;Маття-латте - 1 шт.;Омолаживающий барсучий эликсир;350;;;;;;;;;;;;;;;;;;;;;;;;;;;;;;;;;;;;;;;;;;;;;;
28.02.2021;3772;;3 390;completed;Sophialopez88@yahoo.com;28.02.2021;2;3;240.0;800.0;2000.0;;2;Маття-латте - 1 шт.;Фиточай с чабрецом - 4 пакетика;Омолаживающий барсучий эликсир;350;;;;;;;;;;;;;;;;;;;;;;;;;;;;;;;;;;;;;;;;;;;;;;
29.06.2021;2593;;5 540;returned;Isabellasmith0@yandex.ru;29.06.2021;6;3;3500.0;800.0;890.0;;6;Омолаживающий барсучий эликсир;Фиточай с чабрецом - 4 пакетика;Фиточай с чабрецом - 4 пакетика;350;;;;;;;;;;;;;;;;;;;;;;;;;;;;;;;;;;;;;;;;;;;;;;
24.01.2022;4208;;6 800;completed;Liammoore13@outlook.com;16.09.2021;9;2;;1900.0;4900.0;;13;Маття-латте - 1 шт.;Маття-латте - 5 шт.;Омолаживающий барсучий эликсир;0;;;;;;;;;;;;;;;;;;;;;;;;;;;;;;;;;;;;;;;;;;;;;;
25.04.2021;4123;;7 937;completed;Olivermoore33@yahoo.com;18.02.2021;2;3;3500.0;587.0;3500.0;;4;Омолаживающий барсучий эликсир;Фиточай с чабрецом - 4 пакетика;Омолаживающий барсучий эликсир;350;;;;;;;;;;;;;;;;;;;;;;;;;;;;;;;;;;;;;;;;;;;;;;
17.12.2021;3687;;1000;completed;Charlottebrown66@yahoo.com;07.06.2021;6;2;325.0;;325.0;;12;Маття-латте - 1 шт.;Маття-латте - 1 шт.;Маття-латте - 1 шт.;350;;;;;;;;;;;;;;;;;;;;;;;;;;;;;;;;;;;;;;;;;;;;;;
11.04.2021;1269;;4 065;returned;Williamlopez12@yandex.ru;11.04.2021;4;3;3500.0;325.0;240.0;;4;Омолаживающий барсучий эликсир;Маття-латте - 1 шт.;Маття-латте - 1 шт.;0;;;;;;;;;;;;;;;;;;;;;;;;;;;;;;;;;;;;;;;;;;;;;;
03.05.2021;2587;;8 800;completed;Isabellasmith33@outlook.com;03.05.2021;5;3;2000.0;1900.0;4900.0;;5;Омолаживающий барсучий эликсир;Маття-латте - 5 шт.;Омолаживающий барсучий эликсир;0;;;;;;;;;;;;;;;;;;;;;;;;;;;;;;;;;;;;;;;;;;;;;;
05.06.2021;1291;;1 827;completed;Avataylor33@mail.ru;05.06.2021;6;2;;587.0;890.0;;6;Маття-латте - 1 шт.;Фиточай с чабрецом - 4 пакетика;Фиточай с чабрецом - 4 пакетика;350;;;;;;;;;;;;;;;;;;;;;;;;;;;;;;;;;;;;;;;;;;;;;;
17.02.2021;2904;;3 680;completed;Sophiasmith13@yahoo.com;17.02.2021;2;3;1900.0;890.0;890.0;;2;Маття-латте - 5 шт.;Фиточай с чабрецом - 4 пакетика;Фиточай с чабрецом - 4 пакетика;0;;;;;;;;;;;;;;;;;;;;;;;;;;;;;;;;;;;;;;;;;;;;;;
04.03.2021;3613;;7 700;completed;isabellalopez69@gmail.com;04.03.2021;3;3;2000.0;4900.0;800.0;;3;Омолаживающий барсучий эликсир;Омолаживающий барсучий эликсир;Фиточай с чабрецом - 4 пакетика;0;;;;;;;;;;;;;;;;;;;;;;;;;;;;;;;;;;;;;;;;;;;;;;
05.04.2021;1270;;3 690;completed;Charlottesmith33@mail.ru;05.04.2021;4;3;2000.0;800.0;890.0;;4;Омолаживающий барсучий эликсир;Фиточай с чабрецом - 4 пакетика;Фиточай с чабрецом - 4 пакетика;0;;;;;;;;;;;;;;;;;;;;;;;;;;;;;;;;;;;;;;;;;;;;;;
08.06.2021;1407;;1 927;completed;Williamjackson0@yandex.ru;08.06.2021;6;3;1100.0;240.0;587.0;;6;Маття-латте - 5 шт.;Маття-латте - 1 шт.;Фиточай с чабрецом - 4 пакетика;0;;;;;;;;;;;;;;;;;;;;;;;;;;;;;;;;;;;;;;;;;;;;;;
20.04.2021;2340;;7 140;completed;charlottesmith2007@gmail.com;22.03.2021;3;3;2000.0;240.0;4900.0;;4;Омолаживающий барсучий эликсир;Маття-латте - 1 шт.;Омолаживающий барсучий эликсир;0;;;;;;;;;;;;;;;;;;;;;;;;;;;;;;;;;;;;;;;;;;;;;;
25.01.2022;3377;;3 825;completed;Alexandersmith12@mail.ru;22.06.2021;6;2;3500.0;;325.0;;13;Омолаживающий барсучий эликсир;Маття-латте - 1 шт.;Маття-латте - 1 шт.;0;;;;;;;;;;;;;;;;;;;;;;;;;;;;;;;;;;;;;;;;;;;;;;
03.05.2021;2604;;5 400;completed;Emmataylor33@yandex.ru;15.04.2021;4;3;800.0;3500.0;1100.0;;5;Фиточай с чабрецом - 4 пакетика;Омолаживающий барсучий эликсир;Маття-латте - 5 шт.;0;;;;;;;;;;;;;;;;;;;;;;;;;;;;;;;;;;;;;;;;;;;;;;
07.11.2021;3417;;8 725;completed;Charlotteanderson1987@yahoo.com;02.06.2021;6;3;4900.0;3500.0;325.0;;11;Омолаживающий барсучий эликсир;Омолаживающий барсучий эликсир;Маття-латте - 1 шт.;0;;;;;;;;;;;;;;;;;;;;;;;;;;;;;;;;;;;;;;;;;;;;;;
27.10.2021;3768;;1 927;completed;Liammoore66@yahoo.com;17.03.2021;3;3;587.0;1100.0;240.0;;10;Фиточай с чабрецом - 4 пакетика;Маття-латте - 5 шт.;Маття-латте - 1 шт.;0;;;;;;;;;;;;;;;;;;;;;;;;;;;;;;;;;;;;;;;;;;;;;;
10.09.2021;3901;;3 590;completed;sophiamoore1987@gmail.com;10.09.2021;9;3;890.0;1900.0;800.0;;9;Фиточай с чабрецом - 4 пакетика;Маття-латте - 5 шт.;Фиточай с чабрецом - 4 пакетика;0;;;;;;;;;;;;;;;;;;;;;;;;;;;;;;;;;;;;;;;;;;;;;;
26.05.2021;2850;;2 400;completed;Williammoore69@yahoo.com;26.05.2021;5;3;800.0;800.0;800.0;;5;Фиточай с чабрецом - 4 пакетика;Фиточай с чабрецом - 4 пакетика;Фиточай с чабрецом - 4 пакетика;0;;;;;;;;;;;;;;;;;;;;;;;;;;;;;;;;;;;;;;;;;;;;;;
07.11.2021;1493;;3 125;completed;Williamjackson2007@yandex.ru;07.11.2021;11;3;2000.0;325.0;800.0;;11;Омолаживающий барсучий эликсир;Маття-латте - 1 шт.;Фиточай с чабрецом - 4 пакетика;0;;;;;;;;;;;;;;;;;;;;;;;;;;;;;;;;;;;;;;;;;;;;;;
17.03.2021;3618;;5 750;completed;Emmajackson1993@yandex.ru;17.03.2021;3;2;3500.0;;1900.0;;3;Омолаживающий барсучий эликсир;Маття-латте - 1 шт.;Маття-латте - 5 шт.;350;;;;;;;;;;;;;;;;;;;;;;;;;;;;;;;;;;;;;;;;;;;;;;
05.07.2021;2240;;2 812;completed;Williammoore12@mail.ru;16.04.2021;4;3;325.0;1900.0;587.0;;7;Маття-латте - 1 шт.;Маття-латте - 5 шт.;Фиточай с чабрецом - 4 пакетика;0;;;;;;;;;;;;;;;;;;;;;;;;;;;;;;;;;;;;;;;;;;;;;;
23.08.2021;3192;;6 030;completed;Sophialopez33@mail.ru;03.05.2021;5;3;4900.0;890.0;240.0;;8;Омолаживающий барсучий эликсир;Фиточай с чабрецом - 4 пакетика;Маття-латте - 1 шт.;0;;;;;;;;;;;;;;;;;;;;;;;;;;;;;;;;;;;;;;;;;;;;;;
26.06.2021;2735;;5 730;returned;Olivermartinez0@mail.ru;26.06.2021;6;3;4900.0;240.0;240.0;;6;Омолаживающий барсучий эликсир;Маття-латте - 1 шт.;Маття-латте - 1 шт.;350;;;;;;;;;;;;;;;;;;;;;;;;;;;;;;;;;;;;;;;;;;;;;;
13.05.2021;2934;;5 465;completed;Isabellajackson12@outlook.com;17.03.2021;3;3;325.0;4900.0;240.0;;5;Маття-латте - 1 шт.;Омолаживающий барсучий эликсир;Маття-латте - 1 шт.;0;;;;;;;;;;;;;;;;;;;;;;;;;;;;;;;;;;;;;;;;;;;;;;
19.02.2021;1474;;1 930;completed;lucasmartinez69@gmail.com;19.02.2021;2;3;800.0;890.0;240.0;;2;Фиточай с чабрецом - 4 пакетика;Фиточай с чабрецом - 4 пакетика;Маття-латте - 1 шт.;0;;;;;;;;;;;;;;;;;;;;;;;;;;;;;;;;;;;;;;;;;;;;;;
26.04.2021;2682;;6 290;completed;Charlotteanderson2007@outlook.com;26.04.2021;4;3;890.0;3500.0;1900.0;;4;Фиточай с чабрецом - 4 пакетика;Омолаживающий барсучий эликсир;Маття-латте - 5 шт.;0;;;;;;;;;;;;;;;;;;;;;;;;;;;;;;;;;;;;;;;;;;;;;;
26.05.2021;2689;;1 125;completed;Charlotteanderson33@yahoo.com;26.05.2021;5;2;325.0;800.0;;;5;Маття-латте - 1 шт.;Фиточай с чабрецом - 4 пакетика;Маття-латте - 1 шт.;0;;;;;;;;;;;;;;;;;;;;;;;;;;;;;;;;;;;;;;;;;;;;;;
18.11.2021;1235;;2 140;completed;Williamlopez66@yahoo.com;18.11.2021;11;3;1100.0;800.0;240.0;;11;Маття-латте - 5 шт.;Фиточай с чабрецом - 4 пакетика;Маття-латте - 1 шт.;0;;;;;;;;;;;;;;;;;;;;;;;;;;;;;;;;;;;;;;;;;;;;;;
22.11.2021;1684;;5 100;completed;Oliverbrown13@outlook.com;22.11.2021;11;3;3500.0;800.0;800.0;;11;Омолаживающий барсучий эликсир;Фиточай с чабрецом - 4 пакетика;Фиточай с чабрецом - 4 пакетика;0;;;;;;;;;;;;;;;;;;;;;;;;;;;;;;;;;;;;;;;;;;;;;;
08.05.2021;3689;;9 800;completed;Olivertaylor12@yahoo.com;19.04.2021;4;2;4900.0;;4900.0;;5;Омолаживающий барсучий эликсир;Маття-латте - 1 шт.;Омолаживающий барсучий эликсир;0;;;;;;;;;;;;;;;;;;;;;;;;;;;;;;;;;;;;;;;;;;;;;;
05.08.2021;2746;;4 675;returned;liammoore69@gmail.com;18.03.2021;3;3;2000.0;2000.0;325.0;;8;Омолаживающий барсучий эликсир;Омолаживающий барсучий эликсир;Маття-латте - 1 шт.;350;;;;;;;;;;;;;;;;;;;;;;;;;;;;;;;;;;;;;;;;;;;;;;
11.05.2021;3704;;7 000;completed;Lucastaylor12@outlook.com;11.05.2021;5;2;;3500.0;3500.0;;5;Маття-латте - 1 шт.;Омолаживающий барсучий эликсир;Омолаживающий барсучий эликсир;0;;;;;;;;;;;;;;;;;;;;;;;;;;;;;;;;;;;;;;;;;;;;;;
24.02.2021;4177;;4 950;completed;Avalopez33@yandex.ru;24.02.2021;2;2;3500.0;;1100.0;;2;Омолаживающий барсучий эликсир;Маття-латте - 1 шт.;Маття-латте - 5 шт.;350;;;;;;;;;;;;;;;;;;;;;;;;;;;;;;;;;;;;;;;;;;;;;;
02.07.2021;3573;;3 390;completed;Charlottebrown69@mail.ru;02.07.2021;7;3;800.0;240.0;2000.0;;7;Фиточай с чабрецом - 4 пакетика;Маття-латте - 1 шт.;Омолаживающий барсучий эликсир;350;;;;;;;;;;;;;;;;;;;;;;;;;;;;;;;;;;;;;;;;;;;;;;
15.09.2021;3912;;13 300;completed;williamlopez88@gmail.com;15.09.2021;9;3;4900.0;4900.0;3500.0;;9;Омолаживающий барсучий эликсир;Омолаживающий барсучий эликсир;Омолаживающий барсучий эликсир;0;;;;;;;;;;;;;;;;;;;;;;;;;;;;;;;;;;;;;;;;;;;;;;
30.06.2021;1606;;1 775;completed;Williamtaylor12@yahoo.com;10.04.2021;4;2;325.0;1100.0;;;6;Маття-латте - 1 шт.;Маття-латте - 5 шт.;Маття-латте - 1 шт.;350;;;;;;;;;;;;;;;;;;;;;;;;;;;;;;;;;;;;;;;;;;;;;;
30.03.2021;2212;;1 387;completed;Liambrown88@mail.ru;30.03.2021;3;2;;587.0;800.0;;3;Маття-латте - 1 шт.;Фиточай с чабрецом - 4 пакетика;Фиточай с чабрецом - 4 пакетика;0;;;;;;;;;;;;;;;;;;;;;;;;;;;;;;;;;;;;;;;;;;;;;;
14.04.2021;2886;;2 837;completed;Lucasthomas33@yandex.ru;14.04.2021;4;3;800.0;1100.0;587.0;;4;Фиточай с чабрецом - 4 пакетика;Маття-латте - 5 шт.;Фиточай с чабрецом - 4 пакетика;350;;;;;;;;;;;;;;;;;;;;;;;;;;;;;;;;;;;;;;;;;;;;;;
14.03.2021;2079;;4 100;completed;Liamthomas1993@yahoo.com;14.03.2021;3;3;1100.0;1100.0;1900.0;;3;Маття-латте - 5 шт.;Маття-латте - 5 шт.;Маття-латте - 5 шт.;0;;;;;;;;;;;;;;;;;;;;;;;;;;;;;;;;;;;;;;;;;;;;;;
10.11.2021;3191;;5 187;completed;Charlottemoore12@outlook.com;10.11.2021;11;3;3500.0;1100.0;587.0;;11;Омолаживающий барсучий эликсир;Маття-латте - 5 шт.;Фиточай с чабрецом - 4 пакетика;0;;;;;;;;;;;;;;;;;;;;;;;;;;;;;;;;;;;;;;;;;;;;;;
15.10.2021;3718;;2 015;completed;Alexandersmith0@yandex.ru;15.10.2021;10;3;800.0;890.0;325.0;;10;Фиточай с чабрецом - 4 пакетика;Фиточай с чабрецом - 4 пакетика;Маття-латте - 1 шт.;0;;;;;;;;;;;;;;;;;;;;;;;;;;;;;;;;;;;;;;;;;;;;;;
10.11.2021;2233;;11 900;completed;Liamwilliams2007@mail.ru;09.06.2021;6;3;3500.0;3500.0;4900.0;;11;Омолаживающий барсучий эликсир;Омолаживающий барсучий эликсир;Омолаживающий барсучий эликсир;0;;;;;;;;;;;;;;;;;;;;;;;;;;;;;;;;;;;;;;;;;;;;;;
11.12.2021;1585;;2 675;completed;Charlottemoore2007@yahoo.com;15.10.2021;10;2;;325.0;2000.0;;12;Маття-латте - 1 шт.;Маття-латте - 1 шт.;Омолаживающий барсучий эликсир;350;;;;;;;;;;;;;;;;;;;;;;;;;;;;;;;;;;;;;;;;;;;;;;
05.09.2021;1448;;4 840;completed;lucasbrown0@gmail.com;05.08.2021;8;3;1100.0;3500.0;240.0;;9;Маття-латте - 5 шт.;Омолаживающий барсучий эликсир;Маття-латте - 1 шт.;0;;;;;;;;;;;;;;;;;;;;;;;;;;;;;;;;;;;;;;;;;;;;;;
13.06.2021;1365;;2 700;completed;Liamwilliams0@yahoo.com;13.03.2021;3;2;1900.0;800.0;;;6;Маття-латте - 5 шт.;Фиточай с чабрецом - 4 пакетика;Маття-латте - 1 шт.;0;;;;;;;;;;;;;;;;;;;;;;;;;;;;;;;;;;;;;;;;;;;;;;
16.02.2021;3177;;3 387;completed;Isabellamartinez69@outlook.com;16.02.2021;2;3;2000.0;800.0;587.0;;2;Омолаживающий барсучий эликсир;Фиточай с чабрецом - 4 пакетика;Фиточай с чабрецом - 4 пакетика;0;;;;;;;;;;;;;;;;;;;;;;;;;;;;;;;;;;;;;;;;;;;;;;
28.08.2021;1638;;4 327;completed;Charlottewilliams1987@mail.ru;24.02.2021;2;3;240.0;3500.0;587.0;;8;Маття-латте - 1 шт.;Омолаживающий барсучий эликсир;Фиточай с чабрецом - 4 пакетика;0;;;;;;;;;;;;;;;;;;;;;;;;;;;;;;;;;;;;;;;;;;;;;;
12.09.2021;4186;;5 990;returned;liamwilliams0@gmail.com;03.06.2021;6;3;240.0;3500.0;1900.0;;9;Маття-латте - 1 шт.;Омолаживающий барсучий эликсир;Маття-латте - 5 шт.;350;;;;;;;;;;;;;;;;;;;;;;;;;;;;;;;;;;;;;;;;;;;;;;
22.05.2021;3808;;3 100;completed;Liamlopez66@yahoo.com;22.05.2021;5;2;1100.0;2000.0;;;5;Маття-латте - 5 шт.;Омолаживающий барсучий эликсир;Маття-латте - 1 шт.;0;;;;;;;;;;;;;;;;;;;;;;;;;;;;;;;;;;;;;;;;;;;;;;
21.12.2021;2129;;6 087;completed;Liamthomas69@yandex.ru;05.06.2021;6;3;587.0;2000.0;3500.0;;12;Фиточай с чабрецом - 4 пакетика;Омолаживающий барсучий эликсир;Омолаживающий барсучий эликсир;0;;;;;;;;;;;;;;;;;;;;;;;;;;;;;;;;;;;;;;;;;;;;;;
01.10.2021;4035;;3 040;returned;Avaanderson33@yandex.ru;04.05.2021;5;3;240.0;2000.0;800.0;;10;Маття-латте - 1 шт.;Омолаживающий барсучий эликсир;Фиточай с чабрецом - 4 пакетика;0;;;;;;;;;;;;;;;;;;;;;;;;;;;;;;;;;;;;;;;;;;;;;;
31.01.2022;2694;;4 327;completed;Liammoore12@yahoo.com;22.03.2021;3;3;240.0;587.0;3500.0;;13;Маття-латте - 1 шт.;Фиточай с чабрецом - 4 пакетика;Омолаживающий барсучий эликсир;0;;;;;;;;;;;;;;;;;;;;;;;;;;;;;;;;;;;;;;;;;;;;;;
24.09.2021;3924;;10 475;completed;Charlottemartinez2007@yahoo.com;05.06.2021;6;3;4900.0;325.0;4900.0;;9;Омолаживающий барсучий эликсир;Маття-латте - 1 шт.;Омолаживающий барсучий эликсир;350;;;;;;;;;;;;;;;;;;;;;;;;;;;;;;;;;;;;;;;;;;;;;;
18.01.2022;2076;;6 200;completed;Charlottesmith13@yandex.ru;23.02.2021;2;3;1900.0;800.0;3500.0;;13;Маття-латте - 5 шт.;Фиточай с чабрецом - 4 пакетика;Омолаживающий барсучий эликсир;0;;;;;;;;;;;;;;;;;;;;;;;;;;;;;;;;;;;;;;;;;;;;;;
30.03.2021;1594;;1 780;completed;Lucasanderson69@mail.ru;16.02.2021;2;2;890.0;890.0;;;3;Фиточай с чабрецом - 4 пакетика;Фиточай с чабрецом - 4 пакетика;Маття-латте - 1 шт.;0;;;;;;;;;;;;;;;;;;;;;;;;;;;;;;;;;;;;;;;;;;;;;;
21.09.2021;2004;;2 937;completed;Sophiabrown66@yahoo.com;06.07.2021;7;2;587.0;2000.0;;;9;Фиточай с чабрецом - 4 пакетика;Омолаживающий барсучий эликсир;Маття-латте - 1 шт.;350;;;;;;;;;;;;;;;;;;;;;;;;;;;;;;;;;;;;;;;;;;;;;;
13.10.2021;3566;;5 150;completed;Avawilliams88@mail.ru;13.10.2021;10;3;800.0;2000.0;2000.0;;10;Фиточай с чабрецом - 4 пакетика;Омолаживающий барсучий эликсир;Омолаживающий барсучий эликсир;350;;;;;;;;;;;;;;;;;;;;;;;;;;;;;;;;;;;;;;;;;;;;;;
18.11.2021;3245;;2 225;completed;liamtaylor0@gmail.com;05.03.2021;3;3;325.0;800.0;1100.0;;11;Маття-латте - 1 шт.;Фиточай с чабрецом - 4 пакетика;Маття-латте - 5 шт.;0;;;;;;;;;;;;;;;;;;;;;;;;;;;;;;;;;;;;;;;;;;;;;;
24.07.2021;3763;;8 640;completed;Sophiamartinez0@yahoo.com;09.06.2021;6;3;4900.0;240.0;3500.0;;7;Омолаживающий барсучий эликсир;Маття-латте - 1 шт.;Омолаживающий барсучий эликсир;0;;;;;;;;;;;;;;;;;;;;;;;;;;;;;;;;;;;;;;;;;;;;;;
16.09.2021;3286;;2 140;completed;charlottelopez1993@gmail.com;08.07.2021;7;2;240.0;1900.0;;;9;Маття-латте - 1 шт.;Маття-латте - 5 шт.;Маття-латте - 1 шт.;0;;;;;;;;;;;;;;;;;;;;;;;;;;;;;;;;;;;;;;;;;;;;;;
17.11.2021;3514;;2 900;completed;Emmathomas13@mail.ru;17.11.2021;11;3;1900.0;325.0;325.0;;11;Маття-латте - 5 шт.;Маття-латте - 1 шт.;Маття-латте - 1 шт.;350;;;;;;;;;;;;;;;;;;;;;;;;;;;;;;;;;;;;;;;;;;;;;;
03.01.2022;1401;;3 687;completed;Sophiaanderson13@yahoo.com;03.01.2022;13;3;2000.0;587.0;1100.0;;13;Омолаживающий барсучий эликсир;Фиточай с чабрецом - 4 пакетика;Маття-латте - 5 шт.;0;;;;;;;;;;;;;;;;;;;;;;;;;;;;;;;;;;;;;;;;;;;;;;
14.02.2022;3990;;9 550;completed;liambrown33@gmail.com;21.04.2021;4;3;4900.0;800.0;3500.0;;14;Омолаживающий барсучий эликсир;Фиточай с чабрецом - 4 пакетика;Омолаживающий барсучий эликсир;350;;;;;;;;;;;;;;;;;;;;;;;;;;;;;;;;;;;;;;;;;;;;;;
09.09.2021;2322;;4 900;completed;Lucasjackson2007@gmail.com;15.05.2021;5;3;1900.0;1900.0;1100.0;;9;Маття-латте - 5 шт.;Маття-латте - 5 шт.;Маття-латте - 5 шт.;0;;;;;;;;;;;;;;;;;;;;;;;;;;;;;;;;;;;;;;;;;;;;;;
24.02.2021;3171;;1 627;returned;Avabrown13@mail.ru;24.02.2021;2;3;800.0;587.0;240.0;;2;Фиточай с чабрецом - 4 пакетика;Фиточай с чабрецом - 4 пакетика;Маття-латте - 1 шт.;0;;;;;;;;;;;;;;;;;;;;;;;;;;;;;;;;;;;;;;;;;;;;;;
21.10.2021;2439;;2 565;completed;Oliverbrown0@outlook.com;21.10.2021;10;3;240.0;2000.0;325.0;;10;Маття-латте - 1 шт.;Омолаживающий барсучий эликсир;Маття-латте - 1 шт.;0;;;;;;;;;;;;;;;;;;;;;;;;;;;;;;;;;;;;;;;;;;;;;;
23.11.2021;1761;;3 177;completed;Charlottetaylor1987@yandex.ru;31.05.2021;5;3;2000.0;587.0;240.0;;11;Омолаживающий барсучий эликсир;Фиточай с чабрецом - 4 пакетика;Маття-латте - 1 шт.;350;;;;;;;;;;;;;;;;;;;;;;;;;;;;;;;;;;;;;;;;;;;;;;
16.11.2021;2232;;4 715;completed;Williambrown12@outlook.com;16.11.2021;11;3;325.0;3500.0;890.0;;11;Маття-латте - 1 шт.;Омолаживающий барсучий эликсир;Фиточай с чабрецом - 4 пакетика;0;;;;;;;;;;;;;;;;;;;;;;;;;;;;;;;;;;;;;;;;;;;;;;
18.09.2021;2967;;2 790;completed;Sophiataylor1987@outlook.com;17.05.2021;5;3;1100.0;1100.0;240.0;;9;Маття-латте - 5 шт.;Маття-латте - 5 шт.;Маття-латте - 1 шт.;350;;;;;;;;;;;;;;;;;;;;;;;;;;;;;;;;;;;;;;;;;;;;;;
07.04.2021;2160;;5 740;completed;Charlottethomas88@gmail.com;07.04.2021;4;3;3500.0;240.0;2000.0;;4;Омолаживающий барсучий эликсир;Маття-латте - 1 шт.;Омолаживающий барсучий эликсир;0;;;;;;;;;;;;;;;;;;;;;;;;;;;;;;;;;;;;;;;;;;;;;;
02.05.2021;1466;;3 825;returned;Isabellasmith1993@mail.ru;02.05.2021;5;2;;325.0;3500.0;;5;Маття-латте - 1 шт.;Маття-латте - 1 шт.;Омолаживающий барсучий эликсир;0;;;;;;;;;;;;;;;;;;;;;;;;;;;;;;;;;;;;;;;;;;;;;;
07.11.2021;3721;;3 137;completed;Alexanderthomas66@outlook.com;07.11.2021;11;3;587.0;1100.0;1100.0;;11;Фиточай с чабрецом - 4 пакетика;Маття-латте - 5 шт.;Маття-латте - 5 шт.;350;;;;;;;;;;;;;;;;;;;;;;;;;;;;;;;;;;;;;;;;;;;;;;
27.04.2021;3429;;4 040;completed;Sophiajackson1993@yahoo.com;27.04.2021;4;3;240.0;1900.0;1900.0;;4;Маття-латте - 1 шт.;Маття-латте - 5 шт.;Маття-латте - 5 шт.;0;;;;;;;;;;;;;;;;;;;;;;;;;;;;;;;;;;;;;;;;;;;;;;
07.05.2021;2818;;6 287;completed;Liammartinez13@outlook.com;07.05.2021;5;3;4900.0;587.0;800.0;;5;Омолаживающий барсучий эликсир;Фиточай с чабрецом - 4 пакетика;Фиточай с чабрецом - 4 пакетика;0;;;;;;;;;;;;;;;;;;;;;;;;;;;;;;;;;;;;;;;;;;;;;;
05.04.2021;1728;;4 087;completed;Liammartinez0@mail.ru;05.04.2021;4;2;;3500.0;587.0;;4;Маття-латте - 1 шт.;Омолаживающий барсучий эликсир;Фиточай с чабрецом - 4 пакетика;0;;;;;;;;;;;;;;;;;;;;;;;;;;;;;;;;;;;;;;;;;;;;;;
11.01.2022;4007;;2 230;completed;Williamjackson1987@yandex.ru;11.01.2022;13;3;890.0;240.0;1100.0;;13;Фиточай с чабрецом - 4 пакетика;Маття-латте - 1 шт.;Маття-латте - 5 шт.;0;;;;;;;;;;;;;;;;;;;;;;;;;;;;;;;;;;;;;;;;;;;;;;
06.09.2021;3477;;4 737;completed;alexandersmith1987@gmail.com;29.06.2021;6;3;1900.0;587.0;1900.0;;9;Маття-латте - 5 шт.;Фиточай с чабрецом - 4 пакетика;Маття-латте - 5 шт.;350;;;;;;;;;;;;;;;;;;;;;;;;;;;;;;;;;;;;;;;;;;;;;;
09.10.2021;1940;;1 237;returned;Williamthomas33@yandex.ru;18.05.2021;5;3;587.0;325.0;325.0;;10;Фиточай с чабрецом - 4 пакетика;Маття-латте - 1 шт.;Маття-латте - 1 шт.;0;;;;;;;;;;;;;;;;;;;;;;;;;;;;;;;;;;;;;;;;;;;;;;
09.09.2021;2380;;8 400;completed;Williamthomas0@outlook.com;09.09.2021;9;2;;4900.0;3500.0;;9;Маття-латте - 1 шт.;Омолаживающий барсучий эликсир;Омолаживающий барсучий эликсир;0;;;;;;;;;;;;;;;;;;;;;;;;;;;;;;;;;;;;;;;;;;;;;;
26.07.2021;2414;;6 377;returned;Williamsmith88@outlook.com;18.03.2021;3;3;4900.0;890.0;587.0;;7;Омолаживающий барсучий эликсир;Фиточай с чабрецом - 4 пакетика;Фиточай с чабрецом - 4 пакетика;0;;;;;;;;;;;;;;;;;;;;;;;;;;;;;;;;;;;;;;;;;;;;;;
25.05.2021;1734;;3 287;completed;Olivermoore66@outlook.com;27.02.2021;2;3;800.0;1900.0;587.0;;5;Фиточай с чабрецом - 4 пакетика;Маття-латте - 5 шт.;Фиточай с чабрецом - 4 пакетика;0;;;;;;;;;;;;;;;;;;;;;;;;;;;;;;;;;;;;;;;;;;;;;;
23.01.2022;1273;;5 350;completed;Lucassmith1987@yahoo.com;26.03.2021;3;3;1900.0;1100.0;2000.0;;13;Маття-латте - 5 шт.;Маття-латте - 5 шт.;Омолаживающий барсучий эликсир;350;;;;;;;;;;;;;;;;;;;;;;;;;;;;;;;;;;;;;;;;;;;;;;
17.10.2021;3828;;4 790;completed;Avamartinez33@yandex.ru;17.10.2021;10;3;890.0;1900.0;2000.0;;10;Фиточай с чабрецом - 4 пакетика;Маття-латте - 5 шт.;Омолаживающий барсучий эликсир;0;;;;;;;;;;;;;;;;;;;;;;;;;;;;;;;;;;;;;;;;;;;;;;
03.10.2021;2165;;5 727;completed;Sophiataylor12@yahoo.com;03.10.2021;10;3;4900.0;240.0;587.0;;10;Омолаживающий барсучий эликсир;Маття-латте - 1 шт.;Фиточай с чабрецом - 4 пакетика;0;;;;;;;;;;;;;;;;;;;;;;;;;;;;;;;;;;;;;;;;;;;;;;
23.07.2021;1397;;3 130;completed;Emmasmith66@mail.ru;25.02.2021;2;3;2000.0;890.0;240.0;;7;Омолаживающий барсучий эликсир;Фиточай с чабрецом - 4 пакетика;Маття-латте - 1 шт.;0;;;;;;;;;;;;;;;;;;;;;;;;;;;;;;;;;;;;;;;;;;;;;;
31.05.2021;3340;;4 600;completed;Emmalopez1987@mail.ru;31.05.2021;5;2;3500.0;1100.0;;;5;Омолаживающий барсучий эликсир;Маття-латте - 5 шт.;Маття-латте - 1 шт.;0;;;;;;;;;;;;;;;;;;;;;;;;;;;;;;;;;;;;;;;;;;;;;;
01.09.2021;2314;;14 700;returned;Alexandermartinez33@mail.ru;01.09.2021;9;3;4900.0;4900.0;4900.0;;9;Омолаживающий барсучий эликсир;Омолаживающий барсучий эликсир;Омолаживающий барсучий эликсир;0;;;;;;;;;;;;;;;;;;;;;;;;;;;;;;;;;;;;;;;;;;;;;;
03.06.2021;2405;;2 225;completed;Sophiataylor66@mail.ru;03.06.2021;6;3;325.0;1100.0;800.0;;6;Маття-латте - 1 шт.;Маття-латте - 5 шт.;Фиточай с чабрецом - 4 пакетика;0;;;;;;;;;;;;;;;;;;;;;;;;;;;;;;;;;;;;;;;;;;;;;;
29.11.2021;2608;;4 087;completed;Olivertaylor88@outlook.com;29.11.2021;11;2;;3500.0;587.0;;11;Маття-латте - 1 шт.;Омолаживающий барсучий эликсир;Фиточай с чабрецом - 4 пакетика;0;;;;;;;;;;;;;;;;;;;;;;;;;;;;;;;;;;;;;;;;;;;;;;
19.06.2021;2125;;4 740;completed;williamjackson33@gmail.com;19.06.2021;6;2;3500.0;890.0;;;6;Омолаживающий барсучий эликсир;Фиточай с чабрецом - 4 пакетика;Маття-латте - 1 шт.;350;;;;;;;;;;;;;;;;;;;;;;;;;;;;;;;;;;;;;;;;;;;;;;
19.10.2021;1388;;10 750;completed;lucasjackson88@gmail.com;29.03.2021;3;3;3500.0;2000.0;4900.0;;10;Омолаживающий барсучий эликсир;Омолаживающий барсучий эликсир;Омолаживающий барсучий эликсир;350;;;;;;;;;;;;;;;;;;;;;;;;;;;;;;;;;;;;;;;;;;;;;;
16.09.2021;3783;;3 287;completed;Charlottebrown12@yahoo.com;07.04.2021;4;3;587.0;800.0;1900.0;;9;Фиточай с чабрецом - 4 пакетика;Фиточай с чабрецом - 4 пакетика;Маття-латте - 5 шт.;0;;;;;;;;;;;;;;;;;;;;;;;;;;;;;;;;;;;;;;;;;;;;;;
03.09.2021;2262;;3 900;completed;Oliveranderson13@outlook.com;03.09.2021;9;2;2000.0;;1900.0;;9;Омолаживающий барсучий эликсир;Маття-латте - 1 шт.;Маття-латте - 5 шт.;0;;;;;;;;;;;;;;;;;;;;;;;;;;;;;;;;;;;;;;;;;;;;;;
23.05.2021;3729;;4 700;completed;Sophiataylor66@yahoo.com;04.05.2021;5;3;1900.0;2000.0;800.0;;5;Маття-латте - 5 шт.;Омолаживающий барсучий эликсир;Фиточай с чабрецом - 4 пакетика;0;;;;;;;;;;;;;;;;;;;;;;;;;;;;;;;;;;;;;;;;;;;;;;
26.09.2021;1745;;6 050;completed;Oliverjackson69@outlook.com;16.09.2021;9;2;4900.0;800.0;;;9;Омолаживающий барсучий эликсир;Фиточай с чабрецом - 4 пакетика;Маття-латте - 1 шт.;350;;;;;;;;;;;;;;;;;;;;;;;;;;;;;;;;;;;;;;;;;;;;;;
25.08.2021;3038;;5 465;completed;charlottemartinez0@gmail.com;25.08.2021;8;3;4900.0;240.0;325.0;;8;Омолаживающий барсучий эликсир;Маття-латте - 1 шт.;Маття-латте - 1 шт.;0;;;;;;;;;;;;;;;;;;;;;;;;;;;;;;;;;;;;;;;;;;;;;;
21.12.2021;1755;;2 230;completed;Isabellabrown66@yahoo.com;26.04.2021;4;3;240.0;1100.0;890.0;;12;Маття-латте - 1 шт.;Маття-латте - 5 шт.;Фиточай с чабрецом - 4 пакетика;0;;;;;;;;;;;;;;;;;;;;;;;;;;;;;;;;;;;;;;;;;;;;;;
07.11.2021;3523;;4 040;completed;Avamoore69@mail.ru;17.03.2021;3;3;1900.0;1900.0;240.0;;11;Маття-латте - 5 шт.;Маття-латте - 5 шт.;Маття-латте - 1 шт.;0;;;;;;;;;;;;;;;;;;;;;;;;;;;;;;;;;;;;;;;;;;;;;;
23.09.2021;2678;;3 825;returned;Charlottelopez1987@outlook.com;23.09.2021;9;2;;325.0;3500.0;;9;Маття-латте - 1 шт.;Маття-латте - 1 шт.;Омолаживающий барсучий эликсир;0;;;;;;;;;;;;;;;;;;;;;;;;;;;;;;;;;;;;;;;;;;;;;;
22.04.2021;4057;;3 477;completed;sophiathomas33@gmail.com;22.04.2021;4;3;2000.0;890.0;587.0;;4;Омолаживающий барсучий эликсир;Фиточай с чабрецом - 4 пакетика;Фиточай с чабрецом - 4 пакетика;0;;;;;;;;;;;;;;;;;;;;;;;;;;;;;;;;;;;;;;;;;;;;;;
20.02.2021;2316;;2 067;completed;Williamjackson1987@mail.ru;20.02.2021;2;3;587.0;890.0;240.0;;2;Фиточай с чабрецом - 4 пакетика;Фиточай с чабрецом - 4 пакетика;Маття-латте - 1 шт.;350;;;;;;;;;;;;;;;;;;;;;;;;;;;;;;;;;;;;;;;;;;;;;;
14.02.2022;3396;;5 815;completed;Olivermartinez69@yahoo.com;16.05.2021;5;3;240.0;325.0;4900.0;;14;Маття-латте - 1 шт.;Маття-латте - 1 шт.;Омолаживающий барсучий эликсир;350;;;;;;;;;;;;;;;;;;;;;;;;;;;;;;;;;;;;;;;;;;;;;;
11.09.2021;2385;;4 390;completed;williamjackson1987@gmail.com;11.09.2021;9;2;890.0;3500.0;;;9;Фиточай с чабрецом - 4 пакетика;Омолаживающий барсучий эликсир;Маття-латте - 1 шт.;0;;;;;;;;;;;;;;;;;;;;;;;;;;;;;;;;;;;;;;;;;;;;;;
05.12.2021;2677;;6 890;completed;Isabellabrown69@yahoo.com;05.12.2021;12;3;890.0;1100.0;4900.0;;12;Фиточай с чабрецом - 4 пакетика;Маття-латте - 5 шт.;Омолаживающий барсучий эликсир;0;;;;;;;;;;;;;;;;;;;;;;;;;;;;;;;;;;;;;;;;;;;;;;
19.01.2022;2366;;2 240;completed;Liamwilliams88@mail.ru;14.05.2021;5;2;2000.0;240.0;;;13;Омолаживающий барсучий эликсир;Маття-латте - 1 шт.;Маття-латте - 1 шт.;0;;;;;;;;;;;;;;;;;;;;;;;;;;;;;;;;;;;;;;;;;;;;;;
03.07.2021;3025;;1 040;completed;alexandertaylor1987@gmail.com;13.06.2021;6;2;240.0;;800.0;;7;Маття-латте - 1 шт.;Маття-латте - 1 шт.;Фиточай с чабрецом - 4 пакетика;0;;;;;;;;;;;;;;;;;;;;;;;;;;;;;;;;;;;;;;;;;;;;;;
15.05.2021;1627;;1 365;completed;Williamanderson1993@yandex.ru;08.03.2021;3;3;800.0;325.0;240.0;;5;Фиточай с чабрецом - 4 пакетика;Маття-латте - 1 шт.;Маття-латте - 1 шт.;0;;;;;;;;;;;;;;;;;;;;;;;;;;;;;;;;;;;;;;;;;;;;;;
04.06.2021;4188;;5 400;completed;Olivertaylor33@mail.ru;04.06.2021;6;2;3500.0;;1900.0;;6;Омолаживающий барсучий эликсир;Маття-латте - 1 шт.;Маття-латте - 5 шт.;0;;;;;;;;;;;;;;;;;;;;;;;;;;;;;;;;;;;;;;;;;;;;;;
16.12.2021;2680;;10 750;completed;Williamanderson12@yahoo.com;16.12.2021;12;3;2000.0;4900.0;3500.0;;12;Омолаживающий барсучий эликсир;Омолаживающий барсучий эликсир;Омолаживающий барсучий эликсир;350;;;;;;;;;;;;;;;;;;;;;;;;;;;;;;;;;;;;;;;;;;;;;;
14.06.2021;3859;;7 387;completed;Olivermartinez2007@mail.ru;14.06.2021;6;3;4900.0;587.0;1900.0;;6;Омолаживающий барсучий эликсир;Фиточай с чабрецом - 4 пакетика;Маття-латте - 5 шт.;0;;;;;;;;;;;;;;;;;;;;;;;;;;;;;;;;;;;;;;;;;;;;;;
12.12.2021;2457;;2 187;returned;lucasmartinez88@gmail.com;01.09.2021;9;3;800.0;800.0;587.0;;12;Фиточай с чабрецом - 4 пакетика;Фиточай с чабрецом - 4 пакетика;Фиточай с чабрецом - 4 пакетика;0;;;;;;;;;;;;;;;;;;;;;;;;;;;;;;;;;;;;;;;;;;;;;;
15.10.2021;4010;;3 737;completed;Isabellasmith13@yandex.ru;15.10.2021;10;3;2000.0;800.0;587.0;;10;Омолаживающий барсучий эликсир;Фиточай с чабрецом - 4 пакетика;Фиточай с чабрецом - 4 пакетика;350;;;;;;;;;;;;;;;;;;;;;;;;;;;;;;;;;;;;;;;;;;;;;;
28.05.2021;3082;;3 587;completed;Charlottebrown12@yandex.ru;02.05.2021;5;3;1100.0;1900.0;587.0;;5;Маття-латте - 5 шт.;Маття-латте - 5 шт.;Фиточай с чабрецом - 4 пакетика;0;;;;;;;;;;;;;;;;;;;;;;;;;;;;;;;;;;;;;;;;;;;;;;
19.02.2021;3535;;3 040;completed;Sophiaanderson0@mail.ru;19.02.2021;2;3;800.0;2000.0;240.0;;2;Фиточай с чабрецом - 4 пакетика;Омолаживающий барсучий эликсир;Маття-латте - 1 шт.;0;;;;;;;;;;;;;;;;;;;;;;;;;;;;;;;;;;;;;;;;;;;;;;
21.03.2021;2150;;2 200;completed;Lucasanderson69@outlook.com;21.03.2021;3;2;1100.0;1100.0;;;3;Маття-латте - 5 шт.;Маття-латте - 5 шт.;Маття-латте - 1 шт.;0;;;;;;;;;;;;;;;;;;;;;;;;;;;;;;;;;;;;;;;;;;;;;;
31.05.2021;1395;;4 040;completed;Emmalopez0@yahoo.com;31.05.2021;5;3;890.0;800.0;2000.0;;5;Фиточай с чабрецом - 4 пакетика;Фиточай с чабрецом - 4 пакетика;Омолаживающий барсучий эликсир;350;;;;;;;;;;;;;;;;;;;;;;;;;;;;;;;;;;;;;;;;;;;;;;
13.01.2022;1934;;7 040;completed;Emmalopez33@mail.ru;24.03.2021;3;3;1900.0;240.0;4900.0;;13;Маття-латте - 5 шт.;Маття-латте - 1 шт.;Омолаживающий барсучий эликсир;0;;;;;;;;;;;;;;;;;;;;;;;;;;;;;;;;;;;;;;;;;;;;;;
17.02.2021;1896;;5 700;completed;Sophiawilliams0@mail.ru;17.02.2021;2;2;800.0;4900.0;;;2;Фиточай с чабрецом - 4 пакетика;Омолаживающий барсучий эликсир;Маття-латте - 1 шт.;0;;;;;;;;;;;;;;;;;;;;;;;;;;;;;;;;;;;;;;;;;;;;;;
08.10.2021;2906;;3 115;completed;Oliverlopez66@outlook.com;22.03.2021;3;3;325.0;1900.0;890.0;;10;Маття-латте - 1 шт.;Маття-латте - 5 шт.;Фиточай с чабрецом - 4 пакетика;0;;;;;;;;;;;;;;;;;;;;;;;;;;;;;;;;;;;;;;;;;;;;;;
12.03.2021;4178;;2 550;completed;Isabellaanderson69@yahoo.com;12.03.2021;3;3;1900.0;325.0;325.0;;3;Маття-латте - 5 шт.;Маття-латте - 1 шт.;Маття-латте - 1 шт.;0;;;;;;;;;;;;;;;;;;;;;;;;;;;;;;;;;;;;;;;;;;;;;;
16.04.2021;2846;;4 800;returned;Alexandermoore69@outlook.com;16.04.2021;4;3;2000.0;800.0;2000.0;;4;Омолаживающий барсучий эликсир;Фиточай с чабрецом - 4 пакетика;Омолаживающий барсучий эликсир;0;;;;;;;;;;;;;;;;;;;;;;;;;;;;;;;;;;;;;;;;;;;;;;
14.09.2021;1495;;9 000;completed;Isabellamartinez33@mail.ru;14.09.2021;9;3;3500.0;3500.0;2000.0;;9;Омолаживающий барсучий эликсир;Омолаживающий барсучий эликсир;Омолаживающий барсучий эликсир;0;;;;;;;;;;;;;;;;;;;;;;;;;;;;;;;;;;;;;;;;;;;;;;
17.04.2021;3450;;1 974;completed;Emmaanderson66@mail.ru;17.04.2021;4;3;587.0;800.0;587.0;;4;Фиточай с чабрецом - 4 пакетика;Фиточай с чабрецом - 4 пакетика;Фиточай с чабрецом - 4 пакетика;0;;;;;;;;;;;;;;;;;;;;;;;;;;;;;;;;;;;;;;;;;;;;;;
09.03.2021;3676;;3 900;completed;Avajackson13@yahoo.com;09.03.2021;3;3;2000.0;1100.0;800.0;;3;Омолаживающий барсучий эликсир;Маття-латте - 5 шт.;Фиточай с чабрецом - 4 пакетика;0;;;;;;;;;;;;;;;;;;;;;;;;;;;;;;;;;;;;;;;;;;;;;;
11.06.2021;3713;;3 240;completed;Charlottewilliams2007@mail.ru;18.02.2021;2;2;;2000.0;890.0;;6;Маття-латте - 1 шт.;Омолаживающий барсучий эликсир;Фиточай с чабрецом - 4 пакетика;350;;;;;;;;;;;;;;;;;;;;;;;;;;;;;;;;;;;;;;;;;;;;;;
06.10.2021;3583;;3 390;returned;Olivermoore12@yahoo.com;04.04.2021;4;3;240.0;2000.0;800.0;;10;Маття-латте - 1 шт.;Омолаживающий барсучий эликсир;Фиточай с чабрецом - 4 пакетика;350;;;;;;;;;;;;;;;;;;;;;;;;;;;;;;;;;;;;;;;;;;;;;;
23.01.2022;1329;;2 275;returned;Emmathomas66@outlook.com;23.01.2022;13;3;325.0;800.0;800.0;;13;Маття-латте - 1 шт.;Фиточай с чабрецом - 4 пакетика;Фиточай с чабрецом - 4 пакетика;350;;;;;;;;;;;;;;;;;;;;;;;;;;;;;;;;;;;;;;;;;;;;;;
01.02.2022;1739;;7 937;completed;Isabellamartinez33@mail.ru;02.04.2021;4;3;3500.0;587.0;3500.0;;14;Омолаживающий барсучий эликсир;Фиточай с чабрецом - 4 пакетика;Омолаживающий барсучий эликсир;350;;;;;;;;;;;;;;;;;;;;;;;;;;;;;;;;;;;;;;;;;;;;;;
27.05.2021;2572;;3 377;completed;Liamthomas66@yandex.ru;26.03.2021;3;3;587.0;1900.0;890.0;;5;Фиточай с чабрецом - 4 пакетика;Маття-латте - 5 шт.;Фиточай с чабрецом - 4 пакетика;0;;;;;;;;;;;;;;;;;;;;;;;;;;;;;;;;;;;;;;;;;;;;;;
10.11.2021;3026;;6 637;completed;Avasmith12@yahoo.com;14.03.2021;3;3;800.0;4900.0;587.0;;11;Фиточай с чабрецом - 4 пакетика;Омолаживающий барсучий эликсир;Фиточай с чабрецом - 4 пакетика;350;;;;;;;;;;;;;;;;;;;;;;;;;;;;;;;;;;;;;;;;;;;;;;
26.11.2021;1435;;2 577;returned;Emmabrown0@yandex.ru;26.11.2021;11;3;587.0;890.0;1100.0;;11;Фиточай с чабрецом - 4 пакетика;Фиточай с чабрецом - 4 пакетика;Маття-латте - 5 шт.;0;;;;;;;;;;;;;;;;;;;;;;;;;;;;;;;;;;;;;;;;;;;;;;
24.03.2021;2647;;5 850;completed;Olivertaylor69@yahoo.com;24.03.2021;3;2;;3500.0;2000.0;;3;Маття-латте - 1 шт.;Омолаживающий барсучий эликсир;Омолаживающий барсучий эликсир;350;;;;;;;;;;;;;;;;;;;;;;;;;;;;;;;;;;;;;;;;;;;;;;
27.06.2021;1628;;3 100;completed;Avalopez13@mail.ru;27.06.2021;6;2;1100.0;2000.0;;;6;Маття-латте - 5 шт.;Омолаживающий барсучий эликсир;Маття-латте - 1 шт.;0;;;;;;;;;;;;;;;;;;;;;;;;;;;;;;;;;;;;;;;;;;;;;;
16.09.2021;2371;;7 490;completed;alexanderbrown66@gmail.com;16.09.2021;9;3;2000.0;240.0;4900.0;;9;Омолаживающий барсучий эликсир;Маття-латте - 1 шт.;Омолаживающий барсучий эликсир;350;;;;;;;;;;;;;;;;;;;;;;;;;;;;;;;;;;;;;;;;;;;;;;
04.02.2022;2111;;2 240;completed;Lucastaylor88@yandex.ru;03.10.2021;10;2;2000.0;240.0;;;14;Омолаживающий барсучий эликсир;Маття-латте - 1 шт.;Маття-латте - 1 шт.;0;;;;;;;;;;;;;;;;;;;;;;;;;;;;;;;;;;;;;;;;;;;;;;
23.11.2021;2182;;3 340;completed;Emmabrown88@outlook.com;15.11.2021;11;3;2000.0;240.0;1100.0;;11;Омолаживающий барсучий эликсир;Маття-латте - 1 шт.;Маття-латте - 5 шт.;0;;;;;;;;;;;;;;;;;;;;;;;;;;;;;;;;;;;;;;;;;;;;;;
06.04.2021;2347;;2 577;completed;Isabellalopez1987@mail.ru;17.03.2021;3;3;587.0;890.0;1100.0;;4;Фиточай с чабрецом - 4 пакетика;Фиточай с чабрецом - 4 пакетика;Маття-латте - 5 шт.;0;;;;;;;;;;;;;;;;;;;;;;;;;;;;;;;;;;;;;;;;;;;;;;
28.09.2021;3403;;3 387;completed;Sophiaanderson0@yahoo.com;28.09.2021;9;3;800.0;2000.0;587.0;;9;Фиточай с чабрецом - 4 пакетика;Омолаживающий барсучий эликсир;Фиточай с чабрецом - 4 пакетика;0;;;;;;;;;;;;;;;;;;;;;;;;;;;;;;;;;;;;;;;;;;;;;;
18.02.2021;2152;;3 890;completed;Liammartinez69@yahoo.com;18.02.2021;2;3;1900.0;890.0;1100.0;;2;Маття-латте - 5 шт.;Фиточай с чабрецом - 4 пакетика;Маття-латте - 5 шт.;0;;;;;;;;;;;;;;;;;;;;;;;;;;;;;;;;;;;;;;;;;;;;;;
10.09.2021;3596;;3 340;completed;Oliverthomas33@mail.ru;10.09.2021;9;3;1100.0;2000.0;240.0;;9;Маття-латте - 5 шт.;Омолаживающий барсучий эликсир;Маття-латте - 1 шт.;0;;;;;;;;;;;;;;;;;;;;;;;;;;;;;;;;;;;;;;;;;;;;;;
23.05.2021;3609;;5 837;completed;Williamjackson1987@outlook.com;23.05.2021;5;2;587.0;;4900.0;;5;Фиточай с чабрецом - 4 пакетика;Маття-латте - 1 шт.;Омолаживающий барсучий эликсир;350;;;;;;;;;;;;;;;;;;;;;;;;;;;;;;;;;;;;;;;;;;;;;;
07.09.2021;4022;;4 150;completed;sophiamartinez0@gmail.com;27.06.2021;6;3;1900.0;1100.0;800.0;;9;Маття-латте - 5 шт.;Маття-латте - 5 шт.;Фиточай с чабрецом - 4 пакетика;350;;;;;;;;;;;;;;;;;;;;;;;;;;;;;;;;;;;;;;;;;;;;;;
20.03.2021;3042;;2 367;completed;Sophiathomas69@yahoo.com;20.03.2021;3;3;890.0;890.0;587.0;;3;Фиточай с чабрецом - 4 пакетика;Фиточай с чабрецом - 4 пакетика;Фиточай с чабрецом - 4 пакетика;0;;;;;;;;;;;;;;;;;;;;;;;;;;;;;;;;;;;;;;;;;;;;;;
09.05.2021;1468;;3 827;completed;Liambrown13@yandex.ru;09.05.2021;5;3;890.0;587.0;2000.0;;5;Фиточай с чабрецом - 4 пакетика;Фиточай с чабрецом - 4 пакетика;Омолаживающий барсучий эликсир;350;;;;;;;;;;;;;;;;;;;;;;;;;;;;;;;;;;;;;;;;;;;;;;
22.06.2021;2602;;6 300;completed;Avathomas88@yandex.ru;10.04.2021;4;3;800.0;3500.0;2000.0;;6;Фиточай с чабрецом - 4 пакетика;Омолаживающий барсучий эликсир;Омолаживающий барсучий эликсир;0;;;;;;;;;;;;;;;;;;;;;;;;;;;;;;;;;;;;;;;;;;;;;;
13.11.2021;4071;;4 475;completed;Oliverthomas13@yandex.ru;13.11.2021;11;3;1900.0;325.0;1900.0;;11;Маття-латте - 5 шт.;Маття-латте - 1 шт.;Маття-латте - 5 шт.;350;;;;;;;;;;;;;;;;;;;;;;;;;;;;;;;;;;;;;;;;;;;;;;
21.01.2022;1842;;9 850;completed;Liamlopez1993@outlook.com;20.02.2021;2;3;3500.0;1100.0;4900.0;;13;Омолаживающий барсучий эликсир;Маття-латте - 5 шт.;Омолаживающий барсучий эликсир;350;;;;;;;;;;;;;;;;;;;;;;;;;;;;;;;;;;;;;;;;;;;;;;
13.01.2022;2580;;1262;completed;Isabellalopez0@mail.ru;10.06.2021;6;2;;587.0;325.0;;13;Маття-латте - 1 шт.;Фиточай с чабрецом - 4 пакетика;Маття-латте - 1 шт.;350;;;;;;;;;;;;;;;;;;;;;;;;;;;;;;;;;;;;;;;;;;;;;;
01.09.2021;2457;;5 465;completed;lucasmartinez88@gmail.com;01.09.2021;9;3;240.0;325.0;4900.0;;9;Маття-латте - 1 шт.;Маття-латте - 1 шт.;Омолаживающий барсучий эликсир;0;;;;;;;;;;;;;;;;;;;;;;;;;;;;;;;;;;;;;;;;;;;;;;
26.12.2021;1918;;1 950;completed;Williammoore33@yahoo.com;26.12.2021;12;2;800.0;;800.0;;12;Фиточай с чабрецом - 4 пакетика;Маття-латте - 1 шт.;Фиточай с чабрецом - 4 пакетика;350;;;;;;;;;;;;;;;;;;;;;;;;;;;;;;;;;;;;;;;;;;;;;;
02.08.2021;3433;;6 200;completed;sophiabrown13@gmail.com;02.08.2021;8;3;3500.0;1900.0;800.0;;8;Омолаживающий барсучий эликсир;Маття-латте - 5 шт.;Фиточай с чабрецом - 4 пакетика;0;;;;;;;;;;;;;;;;;;;;;;;;;;;;;;;;;;;;;;;;;;;;;;
04.02.2022;2845;;3 680;completed;Alexanderthomas66@yahoo.com;04.02.2022;14;3;890.0;890.0;1900.0;;14;Фиточай с чабрецом - 4 пакетика;Фиточай с чабрецом - 4 пакетика;Маття-латте - 5 шт.;0;;;;;;;;;;;;;;;;;;;;;;;;;;;;;;;;;;;;;;;;;;;;;;
19.01.2022;3459;;3 775;completed;sophiamoore33@gmail.com;19.10.2021;10;3;1100.0;2000.0;325.0;;13;Маття-латте - 5 шт.;Омолаживающий барсучий эликсир;Маття-латте - 1 шт.;350;;;;;;;;;;;;;;;;;;;;;;;;;;;;;;;;;;;;;;;;;;;;;;
05.04.2021;4085;;1 125;completed;Sophiaanderson88@mail.ru;05.04.2021;4;2;;800.0;325.0;;4;Маття-латте - 1 шт.;Фиточай с чабрецом - 4 пакетика;Маття-латте - 1 шт.;0;;;;;;;;;;;;;;;;;;;;;;;;;;;;;;;;;;;;;;;;;;;;;;
04.11.2021;3044;;6 465;completed;Avaanderson12@yandex.ru;04.11.2021;11;3;4900.0;325.0;890.0;;11;Омолаживающий барсучий эликсир;Маття-латте - 1 шт.;Фиточай с чабрецом - 4 пакетика;350;;;;;;;;;;;;;;;;;;;;;;;;;;;;;;;;;;;;;;;;;;;;;;
19.10.2021;2194;;11 700;completed;Oliverlopez33@mail.ru;03.04.2021;4;3;4900.0;1900.0;4900.0;;10;Омолаживающий барсучий эликсир;Маття-латте - 5 шт.;Омолаживающий барсучий эликсир;0;;;;;;;;;;;;;;;;;;;;;;;;;;;;;;;;;;;;;;;;;;;;;;
04.07.2021;4219;;7 600;completed;Williammartinez33@yahoo.com;04.07.2021;7;3;800.0;1900.0;4900.0;;7;Фиточай с чабрецом - 4 пакетика;Маття-латте - 5 шт.;Омолаживающий барсучий эликсир;0;;;;;;;;;;;;;;;;;;;;;;;;;;;;;;;;;;;;;;;;;;;;;;
13.08.2021;2060;;3 100;completed;Williamthomas12@outlook.com;13.08.2021;8;2;2000.0;1100.0;;;8;Омолаживающий барсучий эликсир;Маття-латте - 5 шт.;Маття-латте - 1 шт.;0;;;;;;;;;;;;;;;;;;;;;;;;;;;;;;;;;;;;;;;;;;;;;;
18.05.2021;1475;;3 325;completed;charlottebrown33@gmail.com;24.02.2021;2;3;1900.0;1100.0;325.0;;5;Маття-латте - 5 шт.;Маття-латте - 5 шт.;Маття-латте - 1 шт.;0;;;;;;;;;;;;;;;;;;;;;;;;;;;;;;;;;;;;;;;;;;;;;;
03.11.2021;2899;;4 415;returned;Isabellaanderson12@mail.ru;01.04.2021;4;3;325.0;240.0;3500.0;;11;Маття-латте - 1 шт.;Маття-латте - 1 шт.;Омолаживающий барсучий эликсир;350;;;;;;;;;;;;;;;;;;;;;;;;;;;;;;;;;;;;;;;;;;;;;;
25.03.2021;3197;;2 790;completed;Olivermartinez2007@mail.ru;16.02.2021;2;2;1900.0;;890.0;;3;Маття-латте - 5 шт.;Маття-латте - 1 шт.;Фиточай с чабрецом - 4 пакетика;0;;;;;;;;;;;;;;;;;;;;;;;;;;;;;;;;;;;;;;;;;;;;;;
05.03.2021;2662;;7 140;completed;oliverwilliams0@gmail.com;05.03.2021;3;3;240.0;2000.0;4900.0;;3;Маття-латте - 1 шт.;Омолаживающий барсучий эликсир;Омолаживающий барсучий эликсир;0;;;;;;;;;;;;;;;;;;;;;;;;;;;;;;;;;;;;;;;;;;;;;;
03.06.2021;1848;;4 150;completed;alexanderwilliams13@gmail.com;22.04.2021;4;3;800.0;1100.0;1900.0;;6;Фиточай с чабрецом - 4 пакетика;Маття-латте - 5 шт.;Маття-латте - 5 шт.;350;;;;;;;;;;;;;;;;;;;;;;;;;;;;;;;;;;;;;;;;;;;;;;
24.06.2021;2345;;3 727;completed;Williamjackson88@gmail.com;24.06.2021;6;3;1900.0;587.0;890.0;;6;Маття-латте - 5 шт.;Фиточай с чабрецом - 4 пакетика;Фиточай с чабрецом - 4 пакетика;350;;;;;;;;;;;;;;;;;;;;;;;;;;;;;;;;;;;;;;;;;;;;;;
17.09.2021;1677;;4 700;completed;Sophiasmith13@mail.ru;17.09.2021;9;3;800.0;1900.0;2000.0;;9;Фиточай с чабрецом - 4 пакетика;Маття-латте - 5 шт.;Омолаживающий барсучий эликсир;0;;;;;;;;;;;;;;;;;;;;;;;;;;;;;;;;;;;;;;;;;;;;;;
26.09.2021;2776;;2 915;completed;sophiathomas0@gmail.com;02.07.2021;7;3;325.0;240.0;2000.0;;9;Маття-латте - 1 шт.;Маття-латте - 1 шт.;Омолаживающий барсучий эликсир;350;;;;;;;;;;;;;;;;;;;;;;;;;;;;;;;;;;;;;;;;;;;;;;
06.01.2022;3368;;4 130;completed;alexandermoore1993@gmail.com;17.03.2021;3;3;890.0;890.0;2000.0;;13;Фиточай с чабрецом - 4 пакетика;Фиточай с чабрецом - 4 пакетика;Омолаживающий барсучий эликсир;350;;;;;;;;;;;;;;;;;;;;;;;;;;;;;;;;;;;;;;;;;;;;;;
04.04.2021;3583;;827;completed;Olivermoore12@yahoo.com;04.04.2021;4;2;587.0;;240.0;;4;Фиточай с чабрецом - 4 пакетика;Маття-латте - 1 шт.;Маття-латте - 1 шт.;0;;;;;;;;;;;;;;;;;;;;;;;;;;;;;;;;;;;;;;;;;;;;;;
08.07.2021;3546;;3 477;completed;Liamjackson1993@mail.ru;08.07.2021;7;3;587.0;2000.0;890.0;;7;Фиточай с чабрецом - 4 пакетика;Омолаживающий барсучий эликсир;Фиточай с чабрецом - 4 пакетика;0;;;;;;;;;;;;;;;;;;;;;;;;;;;;;;;;;;;;;;;;;;;;;;
22.12.2021;2261;;3 074;completed;Sophiamoore1987@outlook.com;30.04.2021;4;3;587.0;587.0;1900.0;;12;Фиточай с чабрецом - 4 пакетика;Фиточай с чабрецом - 4 пакетика;Маття-латте - 5 шт.;0;;;;;;;;;;;;;;;;;;;;;;;;;;;;;;;;;;;;;;;;;;;;;;
25.04.2021;2209;;7 030;completed;Oliverbrown0@yahoo.com;25.04.2021;4;3;890.0;890.0;4900.0;;4;Фиточай с чабрецом - 4 пакетика;Фиточай с чабрецом - 4 пакетика;Омолаживающий барсучий эликсир;350;;;;;;;;;;;;;;;;;;;;;;;;;;;;;;;;;;;;;;;;;;;;;;
24.08.2021;2150;;1 100;completed;Lucasanderson69@outlook.com;21.03.2021;3;1;;1100.0;;;8;Маття-латте - 1 шт.;Маття-латте - 5 шт.;Маття-латте - 1 шт.;0;;;;;;;;;;;;;;;;;;;;;;;;;;;;;;;;;;;;;;;;;;;;;;
19.01.2022;3054;;1 665;completed;Sophiajackson2007@mail.ru;20.02.2021;2;3;325.0;240.0;1100.0;;13;Маття-латте - 1 шт.;Маття-латте - 1 шт.;Маття-латте - 5 шт.;0;;;;;;;;;;;;;;;;;;;;;;;;;;;;;;;;;;;;;;;;;;;;;;
13.03.2021;2955;;9 500;completed;avawilliams66@gmail.com;13.03.2021;3;3;3500.0;1100.0;4900.0;;3;Омолаживающий барсучий эликсир;Маття-латте - 5 шт.;Омолаживающий барсучий эликсир;0;;;;;;;;;;;;;;;;;;;;;;;;;;;;;;;;;;;;;;;;;;;;;;
17.05.2021;1470;;3 980;completed;Emmataylor88@yahoo.com;22.03.2021;3;3;240.0;3500.0;240.0;;5;Маття-латте - 1 шт.;Омолаживающий барсучий эликсир;Маття-латте - 1 шт.;0;;;;;;;;;;;;;;;;;;;;;;;;;;;;;;;;;;;;;;;;;;;;;;
07.09.2021;2703;;8 750;completed;Avalopez13@yahoo.com;27.03.2021;3;2;3500.0;4900.0;;;9;Омолаживающий барсучий эликсир;Омолаживающий барсучий эликсир;Маття-латте - 1 шт.;350;;;;;;;;;;;;;;;;;;;;;;;;;;;;;;;;;;;;;;;;;;;;;;
04.11.2021;3249;;6 800;returned;Charlottejackson88@mail.ru;04.11.2021;11;3;4900.0;1100.0;800.0;;11;Омолаживающий барсучий эликсир;Маття-латте - 5 шт.;Фиточай с чабрецом - 4 пакетика;0;;;;;;;;;;;;;;;;;;;;;;;;;;;;;;;;;;;;;;;;;;;;;;
16.01.2022;2346;;2 190;completed;Charlottemartinez2007@outlook.com;11.04.2021;4;3;800.0;240.0;800.0;;13;Фиточай с чабрецом - 4 пакетика;Маття-латте - 1 шт.;Фиточай с чабрецом - 4 пакетика;350;;;;;;;;;;;;;;;;;;;;;;;;;;;;;;;;;;;;;;;;;;;;;;
14.09.2021;2946;;800;completed;Oliverthomas12@mail.ru;17.02.2021;2;1;800.0;;;;9;Фиточай с чабрецом - 4 пакетика;Маття-латте - 1 шт.;Маття-латте - 1 шт.;0;;;;;;;;;;;;;;;;;;;;;;;;;;;;;;;;;;;;;;;;;;;;;;
08.09.2021;1818;;5 327;completed;Isabellalopez12@outlook.com;19.02.2021;2;3;3500.0;587.0;890.0;;9;Омолаживающий барсучий эликсир;Фиточай с чабрецом - 4 пакетика;Фиточай с чабрецом - 4 пакетика;350;;;;;;;;;;;;;;;;;;;;;;;;;;;;;;;;;;;;;;;;;;;;;;
14.01.2022;1730;;8 640;completed;Lucasbrown66@yahoo.com;09.03.2021;3;3;3500.0;4900.0;240.0;;13;Омолаживающий барсучий эликсир;Омолаживающий барсучий эликсир;Маття-латте - 1 шт.;0;;;;;;;;;;;;;;;;;;;;;;;;;;;;;;;;;;;;;;;;;;;;;;
11.02.2022;2332;;6 900;completed;Williammartinez2007@outlook.com;19.05.2021;5;2;;4900.0;2000.0;;14;Маття-латте - 1 шт.;Омолаживающий барсучий эликсир;Омолаживающий барсучий эликсир;0;;;;;;;;;;;;;;;;;;;;;;;;;;;;;;;;;;;;;;;;;;;;;;
18.01.2022;2498;;3 825;completed;williamwilliams1987@gmail.com;18.01.2022;13;2;325.0;3500.0;;;13;Маття-латте - 1 шт.;Омолаживающий барсучий эликсир;Маття-латте - 1 шт.;0;;;;;;;;;;;;;;;;;;;;;;;;;;;;;;;;;;;;;;;;;;;;;;
26.04.2021;3088;;8 050;completed;Emmamoore66@yandex.ru;04.03.2021;3;3;800.0;4900.0;2000.0;;4;Фиточай с чабрецом - 4 пакетика;Омолаживающий барсучий эликсир;Омолаживающий барсучий эликсир;350;;;;;;;;;;;;;;;;;;;;;;;;;;;;;;;;;;;;;;;;;;;;;;
17.01.2022;4093;;7 150;completed;Alexanderthomas33@mail.ru;08.05.2021;5;3;4900.0;1100.0;800.0;;13;Омолаживающий барсучий эликсир;Маття-латте - 5 шт.;Фиточай с чабрецом - 4 пакетика;350;;;;;;;;;;;;;;;;;;;;;;;;;;;;;;;;;;;;;;;;;;;;;;
28.10.2021;1771;;1 802;returned;Emmawilliams2007@yandex.ru;03.04.2021;4;3;587.0;325.0;890.0;;10;Фиточай с чабрецом - 4 пакетика;Маття-латте - 1 шт.;Фиточай с чабрецом - 4 пакетика;0;;;;;;;;;;;;;;;;;;;;;;;;;;;;;;;;;;;;;;;;;;;;;;
25.12.2021;2813;;3 500;completed;Liamthomas88@yandex.ru;03.11.2021;11;3;1900.0;800.0;800.0;;12;Маття-латте - 5 шт.;Фиточай с чабрецом - 4 пакетика;Фиточай с чабрецом - 4 пакетика;0;;;;;;;;;;;;;;;;;;;;;;;;;;;;;;;;;;;;;;;;;;;;;;
23.11.2021;3106;;4 412;completed;Williammartinez1987@yandex.ru;13.03.2021;3;3;587.0;325.0;3500.0;;11;Фиточай с чабрецом - 4 пакетика;Маття-латте - 1 шт.;Омолаживающий барсучий эликсир;0;;;;;;;;;;;;;;;;;;;;;;;;;;;;;;;;;;;;;;;;;;;;;;
01.07.2021;1578;;3 115;completed;Lucassmith66@yandex.ru;01.07.2021;7;3;1900.0;325.0;890.0;;7;Маття-латте - 5 шт.;Маття-латте - 1 шт.;Фиточай с чабрецом - 4 пакетика;0;;;;;;;;;;;;;;;;;;;;;;;;;;;;;;;;;;;;;;;;;;;;;;
11.09.2021;3129;;2 140;completed;Olivermartinez1987@yahoo.com;11.09.2021;9;2;;240.0;1900.0;;9;Маття-латте - 1 шт.;Маття-латте - 1 шт.;Маття-латте - 5 шт.;0;;;;;;;;;;;;;;;;;;;;;;;;;;;;;;;;;;;;;;;;;;;;;;
16.01.2022;1506;;1 425;completed;Liamlopez69@mail.ru;22.03.2021;3;2;325.0;1100.0;;;13;Маття-латте - 1 шт.;Маття-латте - 5 шт.;Маття-латте - 1 шт.;0;;;;;;;;;;;;;;;;;;;;;;;;;;;;;;;;;;;;;;;;;;;;;;
27.08.2021;3425;;5 537;completed;Liammoore1993@yandex.ru;27.08.2021;8;3;3500.0;1100.0;587.0;;8;Омолаживающий барсучий эликсир;Маття-латте - 5 шт.;Фиточай с чабрецом - 4 пакетика;350;;;;;;;;;;;;;;;;;;;;;;;;;;;;;;;;;;;;;;;;;;;;;;
27.02.2021;3359;;3 937;completed;Charlottemoore1993@yandex.ru;27.02.2021;2;3;1100.0;587.0;1900.0;;2;Маття-латте - 5 шт.;Фиточай с чабрецом - 4 пакетика;Маття-латте - 5 шт.;350;;;;;;;;;;;;;;;;;;;;;;;;;;;;;;;;;;;;;;;;;;;;;;
01.05.2021;1434;;4 837;completed;williamlopez1987@gmail.com;01.05.2021;5;3;1900.0;587.0;2000.0;;5;Маття-латте - 5 шт.;Фиточай с чабрецом - 4 пакетика;Омолаживающий барсучий эликсир;350;;;;;;;;;;;;;;;;;;;;;;;;;;;;;;;;;;;;;;;;;;;;;;
20.04.2021;3785;;5 187;completed;Williamsmith2007@mail.ru;20.04.2021;4;3;3500.0;587.0;1100.0;;4;Омолаживающий барсучий эликсир;Фиточай с чабрецом - 4 пакетика;Маття-латте - 5 шт.;0;;;;;;;;;;;;;;;;;;;;;;;;;;;;;;;;;;;;;;;;;;;;;;
30.09.2021;1712;;1 580;completed;Avamoore1993@outlook.com;30.09.2021;9;3;240.0;1100.0;240.0;;9;Маття-латте - 1 шт.;Маття-латте - 5 шт.;Маття-латте - 1 шт.;0;;;;;;;;;;;;;;;;;;;;;;;;;;;;;;;;;;;;;;;;;;;;;;
20.06.2021;3209;;2 190;completed;Alexanderwilliams88@yahoo.com;10.06.2021;6;3;800.0;240.0;800.0;;6;Фиточай с чабрецом - 4 пакетика;Маття-латте - 1 шт.;Фиточай с чабрецом - 4 пакетика;350;;;;;;;;;;;;;;;;;;;;;;;;;;;;;;;;;;;;;;;;;;;;;;
26.10.2021;2085;;9 290;completed;Isabellaanderson0@mail.ru;12.07.2021;7;3;4900.0;3500.0;890.0;;10;Омолаживающий барсучий эликсир;Омолаживающий барсучий эликсир;Фиточай с чабрецом - 4 пакетика;0;;;;;;;;;;;;;;;;;;;;;;;;;;;;;;;;;;;;;;;;;;;;;;
08.08.2021;2196;;3 215;completed;alexanderlopez69@gmail.com;31.07.2021;7;3;2000.0;325.0;890.0;;8;Омолаживающий барсучий эликсир;Маття-латте - 1 шт.;Фиточай с чабрецом - 4 пакетика;0;;;;;;;;;;;;;;;;;;;;;;;;;;;;;;;;;;;;;;;;;;;;;;
07.03.2021;3492;;1 712;completed;Alexandermartinez12@yandex.ru;07.03.2021;3;3;587.0;325.0;800.0;;3;Фиточай с чабрецом - 4 пакетика;Маття-латте - 1 шт.;Фиточай с чабрецом - 4 пакетика;0;;;;;;;;;;;;;;;;;;;;;;;;;;;;;;;;;;;;;;;;;;;;;;
19.02.2021;1399;;2 487;completed;Oliverthomas1987@yandex.ru;19.02.2021;2;3;800.0;1100.0;587.0;;2;Фиточай с чабрецом - 4 пакетика;Маття-латте - 5 шт.;Фиточай с чабрецом - 4 пакетика;0;;;;;;;;;;;;;;;;;;;;;;;;;;;;;;;;;;;;;;;;;;;;;;
18.09.2021;2634;;7 837;completed;isabellawilliams1987@gmail.com;22.02.2021;2;3;4900.0;2000.0;587.0;;9;Омолаживающий барсучий эликсир;Омолаживающий барсучий эликсир;Фиточай с чабрецом - 4 пакетика;350;;;;;;;;;;;;;;;;;;;;;;;;;;;;;;;;;;;;;;;;;;;;;;
29.10.2021;2446;;3 780;completed;charlottelopez66@gmail.com;29.10.2021;10;3;2000.0;890.0;890.0;;10;Омолаживающий барсучий эликсир;Фиточай с чабрецом - 4 пакетика;Фиточай с чабрецом - 4 пакетика;0;;;;;;;;;;;;;;;;;;;;;;;;;;;;;;;;;;;;;;;;;;;;;;
03.08.2021;1721;;2 015;completed;liamsmith1993@gmail.com;12.04.2021;4;3;1100.0;325.0;240.0;;8;Маття-латте - 5 шт.;Маття-латте - 1 шт.;Маття-латте - 1 шт.;350;;;;;;;;;;;;;;;;;;;;;;;;;;;;;;;;;;;;;;;;;;;;;;
28.03.2021;4227;;2 037;completed;Avamartinez88@outlook.com;28.03.2021;3;2;;1100.0;587.0;;3;Маття-латте - 1 шт.;Маття-латте - 5 шт.;Фиточай с чабрецом - 4 пакетика;350;;;;;;;;;;;;;;;;;;;;;;;;;;;;;;;;;;;;;;;;;;;;;;
25.01.2022;1676;;6 287;completed;isabellasmith1987@gmail.com;03.05.2021;5;3;587.0;4900.0;800.0;;13;Фиточай с чабрецом - 4 пакетика;Омолаживающий барсучий эликсир;Фиточай с чабрецом - 4 пакетика;0;;;;;;;;;;;;;;;;;;;;;;;;;;;;;;;;;;;;;;;;;;;;;;
08.12.2021;1788;;2 487;completed;emmawilliams69@gmail.com;21.04.2021;4;2;587.0;1900.0;;;12;Фиточай с чабрецом - 4 пакетика;Маття-латте - 5 шт.;Маття-латте - 1 шт.;0;;;;;;;;;;;;;;;;;;;;;;;;;;;;;;;;;;;;;;;;;;;;;;
17.08.2021;3269;;2 487;returned;oliverlopez88@gmail.com;17.08.2021;8;2;1900.0;;587.0;;8;Маття-латте - 5 шт.;Маття-латте - 1 шт.;Фиточай с чабрецом - 4 пакетика;0;;;;;;;;;;;;;;;;;;;;;;;;;;;;;;;;;;;;;;;;;;;;;;
27.12.2021;2771;;3 737;completed;Avalopez66@mail.ru;21.09.2021;9;3;800.0;587.0;2000.0;;12;Фиточай с чабрецом - 4 пакетика;Фиточай с чабрецом - 4 пакетика;Омолаживающий барсучий эликсир;350;;;;;;;;;;;;;;;;;;;;;;;;;;;;;;;;;;;;;;;;;;;;;;
28.09.2021;3286;;2 812;completed;charlottelopez1993@gmail.com;08.07.2021;7;3;587.0;325.0;1900.0;;9;Фиточай с чабрецом - 4 пакетика;Маття-латте - 1 шт.;Маття-латте - 5 шт.;0;;;;;;;;;;;;;;;;;;;;;;;;;;;;;;;;;;;;;;;;;;;;;;
09.10.2021;2100;;7 950;completed;Isabellathomas12@mail.ru;16.08.2021;8;3;4900.0;1900.0;800.0;;10;Омолаживающий барсучий эликсир;Маття-латте - 5 шт.;Фиточай с чабрецом - 4 пакетика;350;;;;;;;;;;;;;;;;;;;;;;;;;;;;;;;;;;;;;;;;;;;;;;
03.02.2022;1937;;4 590;completed;Lucasthomas0@outlook.com;12.08.2021;8;3;2000.0;240.0;2000.0;;14;Омолаживающий барсучий эликсир;Маття-латте - 1 шт.;Омолаживающий барсучий эликсир;350;;;;;;;;;;;;;;;;;;;;;;;;;;;;;;;;;;;;;;;;;;;;;;
17.08.2021;1306;;10 125;returned;Isabellamartinez88@outlook.com;17.08.2021;8;3;4900.0;4900.0;325.0;;8;Омолаживающий барсучий эликсир;Омолаживающий барсучий эликсир;Маття-латте - 1 шт.;0;;;;;;;;;;;;;;;;;;;;;;;;;;;;;;;;;;;;;;;;;;;;;;
12.03.2021;4063;;3 800;returned;Liamtaylor2007@yandex.ru;12.03.2021;3;3;1900.0;1100.0;800.0;;3;Маття-латте - 5 шт.;Маття-латте - 5 шт.;Фиточай с чабрецом - 4 пакетика;0;;;;;;;;;;;;;;;;;;;;;;;;;;;;;;;;;;;;;;;;;;;;;;
28.01.2022;3483;;2 575;completed;Lucasmoore1993@outlook.com;14.03.2021;3;2;325.0;;1900.0;;13;Маття-латте - 1 шт.;Маття-латте - 1 шт.;Маття-латте - 5 шт.;350;;;;;;;;;;;;;;;;;;;;;;;;;;;;;;;;;;;;;;;;;;;;;;
20.04.2021;3153;;6 587;completed;alexanderanderson1987@gmail.com;20.04.2021;4;3;1100.0;587.0;4900.0;;4;Маття-латте - 5 шт.;Фиточай с чабрецом - 4 пакетика;Омолаживающий барсучий эликсир;0;;;;;;;;;;;;;;;;;;;;;;;;;;;;;;;;;;;;;;;;;;;;;;
01.07.2021;2141;;6 325;completed;Emmalopez12@yahoo.com;01.07.2021;7;3;325.0;4900.0;1100.0;;7;Маття-латте - 1 шт.;Омолаживающий барсучий эликсир;Маття-латте - 5 шт.;0;;;;;;;;;;;;;;;;;;;;;;;;;;;;;;;;;;;;;;;;;;;;;;
24.04.2021;3926;;4 540;completed;sophialopez1987@gmail.com;24.04.2021;4;3;3500.0;800.0;240.0;;4;Омолаживающий барсучий эликсир;Фиточай с чабрецом - 4 пакетика;Маття-латте - 1 шт.;0;;;;;;;;;;;;;;;;;;;;;;;;;;;;;;;;;;;;;;;;;;;;;;
24.05.2021;4021;;3 477;completed;Williamwilliams88@yahoo.com;18.03.2021;3;3;890.0;2000.0;587.0;;5;Фиточай с чабрецом - 4 пакетика;Омолаживающий барсучий эликсир;Фиточай с чабрецом - 4 пакетика;0;;;;;;;;;;;;;;;;;;;;;;;;;;;;;;;;;;;;;;;;;;;;;;
28.02.2021;3730;;6 325;completed;Lucastaylor88@outlook.com;28.02.2021;2;3;1100.0;325.0;4900.0;;2;Маття-латте - 5 шт.;Маття-латте - 1 шт.;Омолаживающий барсучий эликсир;0;;;;;;;;;;;;;;;;;;;;;;;;;;;;;;;;;;;;;;;;;;;;;;
13.10.2021;3662;;4 700;completed;Liambrown33@yahoo.com;01.03.2021;3;3;1900.0;2000.0;800.0;;10;Маття-латте - 5 шт.;Омолаживающий барсучий эликсир;Фиточай с чабрецом - 4 пакетика;0;;;;;;;;;;;;;;;;;;;;;;;;;;;;;;;;;;;;;;;;;;;;;;
31.03.2021;3059;;3 287;completed;liamtaylor88@gmail.com;14.03.2021;3;3;800.0;1900.0;587.0;;3;Фиточай с чабрецом - 4 пакетика;Маття-латте - 5 шт.;Фиточай с чабрецом - 4 пакетика;0;;;;;;;;;;;;;;;;;;;;;;;;;;;;;;;;;;;;;;;;;;;;;;
02.03.2021;3264;;3 290;completed;isabellaanderson13@gmail.com;02.03.2021;3;3;240.0;800.0;1900.0;;3;Маття-латте - 1 шт.;Фиточай с чабрецом - 4 пакетика;Маття-латте - 5 шт.;350;;;;;;;;;;;;;;;;;;;;;;;;;;;;;;;;;;;;;;;;;;;;;;
25.04.2021;1268;;6 074;completed;Charlottethomas66@outlook.com;25.04.2021;4;3;587.0;587.0;4900.0;;4;Фиточай с чабрецом - 4 пакетика;Фиточай с чабрецом - 4 пакетика;Омолаживающий барсучий эликсир;0;;;;;;;;;;;;;;;;;;;;;;;;;;;;;;;;;;;;;;;;;;;;;;
09.01.2022;3916;;5 537;completed;Sophiamartinez12@mail.ru;11.07.2021;7;3;1100.0;587.0;3500.0;;13;Маття-латте - 5 шт.;Фиточай с чабрецом - 4 пакетика;Омолаживающий барсучий эликсир;350;;;;;;;;;;;;;;;;;;;;;;;;;;;;;;;;;;;;;;;;;;;;;;
22.04.2021;3163;;4 540;completed;Isabellasmith88@yahoo.com;22.04.2021;4;3;800.0;3500.0;240.0;;4;Фиточай с чабрецом - 4 пакетика;Омолаживающий барсучий эликсир;Маття-латте - 1 шт.;0;;;;;;;;;;;;;;;;;;;;;;;;;;;;;;;;;;;;;;;;;;;;;;
06.07.2021;2942;;8 640;completed;Alexanderlopez13@yandex.ru;30.05.2021;5;3;3500.0;240.0;4900.0;;7;Омолаживающий барсучий эликсир;Маття-латте - 1 шт.;Омолаживающий барсучий эликсир;0;;;;;;;;;;;;;;;;;;;;;;;;;;;;;;;;;;;;;;;;;;;;;;
27.03.2021;3734;;4 200;returned;emmabrown69@gmail.com;27.03.2021;3;3;1100.0;2000.0;1100.0;;3;Маття-латте - 5 шт.;Омолаживающий барсучий эликсир;Маття-латте - 5 шт.;0;;;;;;;;;;;;;;;;;;;;;;;;;;;;;;;;;;;;;;;;;;;;;;
06.02.2022;2249;;5 225;completed;Isabellajackson13@yahoo.com;06.02.2022;14;2;4900.0;325.0;;;14;Омолаживающий барсучий эликсир;Маття-латте - 1 шт.;Маття-латте - 1 шт.;0;;;;;;;;;;;;;;;;;;;;;;;;;;;;;;;;;;;;;;;;;;;;;;
21.10.2021;2174;;1 040;completed;Alexandertaylor2007@mail.ru;14.05.2021;5;2;;240.0;800.0;;10;Маття-латте - 1 шт.;Маття-латте - 1 шт.;Фиточай с чабрецом - 4 пакетика;0;;;;;;;;;;;;;;;;;;;;;;;;;;;;;;;;;;;;;;;;;;;;;;
24.11.2021;3565;;2 020;completed;Isabellabrown88@mail.ru;18.09.2021;9;3;890.0;240.0;890.0;;11;Фиточай с чабрецом - 4 пакетика;Маття-латте - 1 шт.;Фиточай с чабрецом - 4 пакетика;0;;;;;;;;;;;;;;;;;;;;;;;;;;;;;;;;;;;;;;;;;;;;;;
15.09.2021;2586;;3 300;completed;Isabellataylor33@outlook.com;21.03.2021;3;3;1100.0;1100.0;1100.0;;9;Маття-латте - 5 шт.;Маття-латте - 5 шт.;Маття-латте - 5 шт.;0;;;;;;;;;;;;;;;;;;;;;;;;;;;;;;;;;;;;;;;;;;;;;;
18.12.2021;2271;;8 987;completed;Olivermoore88@yahoo.com;12.03.2021;3;3;3500.0;587.0;4900.0;;12;Омолаживающий барсучий эликсир;Фиточай с чабрецом - 4 пакетика;Омолаживающий барсучий эликсир;0;;;;;;;;;;;;;;;;;;;;;;;;;;;;;;;;;;;;;;;;;;;;;;
31.05.2021;1996;;3 900;completed;Emmalopez69@yandex.ru;31.05.2021;5;3;1100.0;800.0;2000.0;;5;Маття-латте - 5 шт.;Фиточай с чабрецом - 4 пакетика;Омолаживающий барсучий эликсир;0;;;;;;;;;;;;;;;;;;;;;;;;;;;;;;;;;;;;;;;;;;;;;;
09.04.2021;3705;;5 237;completed;Alexanderlopez1993@outlook.com;09.04.2021;4;3;800.0;587.0;3500.0;;4;Фиточай с чабрецом - 4 пакетика;Фиточай с чабрецом - 4 пакетика;Омолаживающий барсучий эликсир;350;;;;;;;;;;;;;;;;;;;;;;;;;;;;;;;;;;;;;;;;;;;;;;
21.01.2022;1515;;13 300;completed;alexandertaylor69@gmail.com;21.01.2022;13;3;4900.0;3500.0;4900.0;;13;Омолаживающий барсучий эликсир;Омолаживающий барсучий эликсир;Омолаживающий барсучий эликсир;0;;;;;;;;;;;;;;;;;;;;;;;;;;;;;;;;;;;;;;;;;;;;;;
13.01.2022;1753;;4 340;completed;liamthomas0@gmail.com;13.01.2022;13;3;2000.0;890.0;1100.0;;13;Омолаживающий барсучий эликсир;Фиточай с чабрецом - 4 пакетика;Маття-латте - 5 шт.;350;;;;;;;;;;;;;;;;;;;;;;;;;;;;;;;;;;;;;;;;;;;;;;
04.02.2022;3505;;9 850;completed;Isabellamartinez1987@mail.ru;02.03.2021;3;3;4900.0;1100.0;3500.0;;14;Омолаживающий барсучий эликсир;Маття-латте - 5 шт.;Омолаживающий барсучий эликсир;350;;;;;;;;;;;;;;;;;;;;;;;;;;;;;;;;;;;;;;;;;;;;;;
02.11.2021;2049;;3 100;completed;isabellathomas0@gmail.com;01.05.2021;5;2;1100.0;2000.0;;;11;Маття-латте - 5 шт.;Омолаживающий барсучий эликсир;Маття-латте - 1 шт.;0;;;;;;;;;;;;;;;;;;;;;;;;;;;;;;;;;;;;;;;;;;;;;;
03.10.2021;1349;;1 455;completed;Charlottebrown1987@outlook.com;11.06.2021;6;3;240.0;325.0;890.0;;10;Маття-латте - 1 шт.;Маття-латте - 1 шт.;Фиточай с чабрецом - 4 пакетика;0;;;;;;;;;;;;;;;;;;;;;;;;;;;;;;;;;;;;;;;;;;;;;;
14.12.2021;2062;;1 900;completed;Isabellataylor13@yandex.ru;19.05.2021;5;1;1900.0;;;;12;Маття-латте - 5 шт.;Маття-латте - 1 шт.;Маття-латте - 1 шт.;0;;;;;;;;;;;;;;;;;;;;;;;;;;;;;;;;;;;;;;;;;;;;;;
29.09.2021;4171;;7 600;completed;Williamlopez88@outlook.com;29.09.2021;9;3;1900.0;4900.0;800.0;;9;Маття-латте - 5 шт.;Омолаживающий барсучий эликсир;Фиточай с чабрецом - 4 пакетика;0;;;;;;;;;;;;;;;;;;;;;;;;;;;;;;;;;;;;;;;;;;;;;;
26.02.2021;1686;;2 440;completed;Oliverthomas88@mail.ru;26.02.2021;2;3;1100.0;240.0;1100.0;;2;Маття-латте - 5 шт.;Маття-латте - 1 шт.;Маття-латте - 5 шт.;0;;;;;;;;;;;;;;;;;;;;;;;;;;;;;;;;;;;;;;;;;;;;;;
01.06.2021;2062;;6 377;completed;Isabellataylor13@yandex.ru;19.05.2021;5;3;4900.0;587.0;890.0;;6;Омолаживающий барсучий эликсир;Фиточай с чабрецом - 4 пакетика;Фиточай с чабрецом - 4 пакетика;0;;;;;;;;;;;;;;;;;;;;;;;;;;;;;;;;;;;;;;;;;;;;;;
04.12.2021;4207;;6 587;completed;Alexandertaylor88@outlook.com;13.07.2021;7;3;1100.0;4900.0;587.0;;12;Маття-латте - 5 шт.;Омолаживающий барсучий эликсир;Фиточай с чабрецом - 4 пакетика;0;;;;;;;;;;;;;;;;;;;;;;;;;;;;;;;;;;;;;;;;;;;;;;
24.11.2021;3029;;11 250;completed;Oliverbrown12@yahoo.com;15.05.2021;5;3;4900.0;1100.0;4900.0;;11;Омолаживающий барсучий эликсир;Маття-латте - 5 шт.;Омолаживающий барсучий эликсир;350;;;;;;;;;;;;;;;;;;;;;;;;;;;;;;;;;;;;;;;;;;;;;;
13.12.2021;3532;;2 627;completed;Avabrown66@yahoo.com;19.09.2021;9;3;890.0;587.0;800.0;;12;Фиточай с чабрецом - 4 пакетика;Фиточай с чабрецом - 4 пакетика;Фиточай с чабрецом - 4 пакетика;350;;;;;;;;;;;;;;;;;;;;;;;;;;;;;;;;;;;;;;;;;;;;;;
20.01.2022;4028;;3 687;returned;sophiaanderson1987@gmail.com;08.06.2021;6;3;1100.0;587.0;2000.0;;13;Маття-латте - 5 шт.;Фиточай с чабрецом - 4 пакетика;Омолаживающий барсучий эликсир;0;;;;;;;;;;;;;;;;;;;;;;;;;;;;;;;;;;;;;;;;;;;;;;
15.11.2021;2787;;7 790;completed;Lucasanderson1993@mail.ru;27.10.2021;10;3;890.0;4900.0;2000.0;;11;Фиточай с чабрецом - 4 пакетика;Омолаживающий барсучий эликсир;Омолаживающий барсучий эликсир;0;;;;;;;;;;;;;;;;;;;;;;;;;;;;;;;;;;;;;;;;;;;;;;
15.05.2021;3493;;6 550;completed;Lucastaylor66@mail.ru;15.05.2021;5;3;800.0;1900.0;3500.0;;5;Фиточай с чабрецом - 4 пакетика;Маття-латте - 5 шт.;Омолаживающий барсучий эликсир;350;;;;;;;;;;;;;;;;;;;;;;;;;;;;;;;;;;;;;;;;;;;;;;
15.07.2021;2393;;4 900;completed;Alexanderjackson88@yandex.ru;10.04.2021;4;1;;4900.0;;;7;Маття-латте - 1 шт.;Омолаживающий барсучий эликсир;Маття-латте - 1 шт.;0;;;;;;;;;;;;;;;;;;;;;;;;;;;;;;;;;;;;;;;;;;;;;;
24.06.2021;2694;;587;completed;Liammoore12@yahoo.com;22.03.2021;3;1;;;587.0;;6;Маття-латте - 1 шт.;Маття-латте - 1 шт.;Фиточай с чабрецом - 4 пакетика;0;;;;;;;;;;;;;;;;;;;;;;;;;;;;;;;;;;;;;;;;;;;;;;
03.02.2022;1792;;3 350;completed;lucasanderson33@gmail.com;26.03.2021;3;2;1900.0;;1100.0;;14;Маття-латте - 5 шт.;Маття-латте - 1 шт.;Маття-латте - 5 шт.;350;;;;;;;;;;;;;;;;;;;;;;;;;;;;;;;;;;;;;;;;;;;;;;
16.07.2021;1604;;6 740;returned;Avataylor2007@yahoo.com;16.07.2021;7;3;3500.0;2000.0;890.0;;7;Омолаживающий барсучий эликсир;Омолаживающий барсучий эликсир;Фиточай с чабрецом - 4 пакетика;350;;;;;;;;;;;;;;;;;;;;;;;;;;;;;;;;;;;;;;;;;;;;;;
16.07.2021;1779;;3 690;completed;olivermartinez1987@gmail.com;16.07.2021;7;3;1100.0;240.0;2000.0;;7;Маття-латте - 5 шт.;Маття-латте - 1 шт.;Омолаживающий барсучий эликсир;350;;;;;;;;;;;;;;;;;;;;;;;;;;;;;;;;;;;;;;;;;;;;;;
21.01.2022;1775;;1 390;completed;Emmalopez33@yahoo.com;21.01.2022;13;2;800.0;240.0;;;13;Фиточай с чабрецом - 4 пакетика;Маття-латте - 1 шт.;Маття-латте - 1 шт.;350;;;;;;;;;;;;;;;;;;;;;;;;;;;;;;;;;;;;;;;;;;;;;;
17.03.2021;3571;;3 475;completed;lucasmoore33@gmail.com;17.03.2021;3;3;800.0;325.0;2000.0;;3;Фиточай с чабрецом - 4 пакетика;Маття-латте - 1 шт.;Омолаживающий барсучий эликсир;350;;;;;;;;;;;;;;;;;;;;;;;;;;;;;;;;;;;;;;;;;;;;;;
05.02.2022;3757;;4 590;completed;Liamthomas0@yandex.ru;14.12.2021;12;3;2000.0;2000.0;240.0;;14;Омолаживающий барсучий эликсир;Омолаживающий барсучий эликсир;Маття-латте - 1 шт.;350;;;;;;;;;;;;;;;;;;;;;;;;;;;;;;;;;;;;;;;;;;;;;;
14.03.2021;3357;;2 490;returned;Charlottemartinez66@yahoo.com;14.03.2021;3;3;890.0;800.0;800.0;;3;Фиточай с чабрецом - 4 пакетика;Фиточай с чабрецом - 4 пакетика;Фиточай с чабрецом - 4 пакетика;0;;;;;;;;;;;;;;;;;;;;;;;;;;;;;;;;;;;;;;;;;;;;;;
06.08.2021;2759;;8 240;completed;Avabrown12@yandex.ru;06.08.2021;8;3;3500.0;3500.0;890.0;;8;Омолаживающий барсучий эликсир;Омолаживающий барсучий эликсир;Фиточай с чабрецом - 4 пакетика;350;;;;;;;;;;;;;;;;;;;;;;;;;;;;;;;;;;;;;;;;;;;;;;
30.10.2021;4179;;4 090;completed;Williamlopez12@outlook.com;30.10.2021;10;2;3500.0;240.0;;;10;Омолаживающий барсучий эликсир;Маття-латте - 1 шт.;Маття-латте - 1 шт.;350;;;;;;;;;;;;;;;;;;;;;;;;;;;;;;;;;;;;;;;;;;;;;;
11.05.2021;2691;;3 290;completed;Avaanderson33@yahoo.com;10.05.2021;5;3;800.0;1900.0;240.0;;5;Фиточай с чабрецом - 4 пакетика;Маття-латте - 5 шт.;Маття-латте - 1 шт.;350;;;;;;;;;;;;;;;;;;;;;;;;;;;;;;;;;;;;;;;;;;;;;;
28.04.2021;1730;;5 630;returned;Lucasbrown66@yahoo.com;09.03.2021;3;3;890.0;3500.0;890.0;;4;Фиточай с чабрецом - 4 пакетика;Омолаживающий барсучий эликсир;Фиточай с чабрецом - 4 пакетика;350;;;;;;;;;;;;;;;;;;;;;;;;;;;;;;;;;;;;;;;;;;;;;;
14.03.2021;3141;;3 500;returned;Liamanderson0@yandex.ru;16.02.2021;2;3;1900.0;800.0;800.0;;3;Маття-латте - 5 шт.;Фиточай с чабрецом - 4 пакетика;Фиточай с чабрецом - 4 пакетика;0;;;;;;;;;;;;;;;;;;;;;;;;;;;;;;;;;;;;;;;;;;;;;;
09.05.2021;3855;;10 475;completed;Alexanderjackson33@yahoo.com;09.05.2021;5;3;325.0;4900.0;4900.0;;5;Маття-латте - 1 шт.;Омолаживающий барсучий эликсир;Омолаживающий барсучий эликсир;350;;;;;;;;;;;;;;;;;;;;;;;;;;;;;;;;;;;;;;;;;;;;;;
02.02.2022;3724;;3 590;returned;Oliversmith69@mail.ru;02.02.2022;14;3;240.0;1100.0;1900.0;;14;Маття-латте - 1 шт.;Маття-латте - 5 шт.;Маття-латте - 5 шт.;350;;;;;;;;;;;;;;;;;;;;;;;;;;;;;;;;;;;;;;;;;;;;;;
08.09.2021;3233;;10 040;completed;Isabellaanderson1993@gmail.com;08.09.2021;9;3;4900.0;4900.0;240.0;;9;Омолаживающий барсучий эликсир;Омолаживающий барсучий эликсир;Маття-латте - 1 шт.;0;;;;;;;;;;;;;;;;;;;;;;;;;;;;;;;;;;;;;;;;;;;;;;
19.10.2021;3212;;3 130;completed;alexandermartinez2007@gmail.com;19.10.2021;10;3;2000.0;890.0;240.0;;10;Омолаживающий барсучий эликсир;Фиточай с чабрецом - 4 пакетика;Маття-латте - 1 шт.;0;;;;;;;;;;;;;;;;;;;;;;;;;;;;;;;;;;;;;;;;;;;;;;
25.01.2022;3434;;6 377;completed;Emmabrown66@yandex.ru;19.04.2021;4;3;4900.0;587.0;890.0;;13;Омолаживающий барсучий эликсир;Фиточай с чабрецом - 4 пакетика;Фиточай с чабрецом - 4 пакетика;0;;;;;;;;;;;;;;;;;;;;;;;;;;;;;;;;;;;;;;;;;;;;;;
11.06.2021;1612;;1000;completed;Sophiamartinez2007@yandex.ru;11.06.2021;6;2;;325.0;325.0;;6;Маття-латте - 1 шт.;Маття-латте - 1 шт.;Маття-латте - 1 шт.;350;;;;;;;;;;;;;;;;;;;;;;;;;;;;;;;;;;;;;;;;;;;;;;
02.07.2021;3370;;2 665;completed;charlottethomas13@gmail.com;21.03.2021;3;3;890.0;1100.0;325.0;;7;Фиточай с чабрецом - 4 пакетика;Маття-латте - 5 шт.;Маття-латте - 1 шт.;350;;;;;;;;;;;;;;;;;;;;;;;;;;;;;;;;;;;;;;;;;;;;;;
17.11.2021;1482;;5 740;completed;Charlottebrown0@yahoo.com;17.11.2021;11;3;2000.0;240.0;3500.0;;11;Омолаживающий барсучий эликсир;Маття-латте - 1 шт.;Омолаживающий барсучий эликсир;0;;;;;;;;;;;;;;;;;;;;;;;;;;;;;;;;;;;;;;;;;;;;;;
22.11.2021;2255;;2 880;completed;Sophiajackson88@mail.ru;15.11.2021;11;3;890.0;890.0;1100.0;;11;Фиточай с чабрецом - 4 пакетика;Фиточай с чабрецом - 4 пакетика;Маття-латте - 5 шт.;0;;;;;;;;;;;;;;;;;;;;;;;;;;;;;;;;;;;;;;;;;;;;;;
14.03.2021;3297;;2 370;completed;Emmataylor1993@yandex.ru;14.03.2021;3;3;890.0;240.0;890.0;;3;Фиточай с чабрецом - 4 пакетика;Маття-латте - 1 шт.;Фиточай с чабрецом - 4 пакетика;350;;;;;;;;;;;;;;;;;;;;;;;;;;;;;;;;;;;;;;;;;;;;;;
11.05.2021;1718;;4 587;returned;Emmabrown88@yahoo.com;11.05.2021;5;3;2000.0;2000.0;587.0;;5;Омолаживающий барсучий эликсир;Омолаживающий барсучий эликсир;Фиточай с чабрецом - 4 пакетика;0;;;;;;;;;;;;;;;;;;;;;;;;;;;;;;;;;;;;;;;;;;;;;;
08.05.2021;2945;;2 800;completed;Williamwilliams69@yandex.ru;08.05.2021;5;2;;800.0;2000.0;;5;Маття-латте - 1 шт.;Фиточай с чабрецом - 4 пакетика;Омолаживающий барсучий эликсир;0;;;;;;;;;;;;;;;;;;;;;;;;;;;;;;;;;;;;;;;;;;;;;;
09.10.2021;2370;;2 565;completed;Williamwilliams2007@yandex.ru;03.03.2021;3;3;2000.0;325.0;240.0;;10;Омолаживающий барсучий эликсир;Маття-латте - 1 шт.;Маття-латте - 1 шт.;0;;;;;;;;;;;;;;;;;;;;;;;;;;;;;;;;;;;;;;;;;;;;;;
30.07.2021;1889;;6 300;completed;Emmathomas1987@outlook.com;27.05.2021;5;3;2000.0;800.0;3500.0;;7;Омолаживающий барсучий эликсир;Фиточай с чабрецом - 4 пакетика;Омолаживающий барсучий эликсир;0;;;;;;;;;;;;;;;;;;;;;;;;;;;;;;;;;;;;;;;;;;;;;;
04.12.2021;1293;;5 187;completed;Alexanderthomas69@yandex.ru;18.08.2021;8;3;587.0;1100.0;3500.0;;12;Фиточай с чабрецом - 4 пакетика;Маття-латте - 5 шт.;Омолаживающий барсучий эликсир;0;;;;;;;;;;;;;;;;;;;;;;;;;;;;;;;;;;;;;;;;;;;;;;
28.09.2021;1351;;10 400;completed;Charlottetaylor1993@yandex.ru;25.06.2021;6;3;3500.0;2000.0;4900.0;;9;Омолаживающий барсучий эликсир;Омолаживающий барсучий эликсир;Омолаживающий барсучий эликсир;0;;;;;;;;;;;;;;;;;;;;;;;;;;;;;;;;;;;;;;;;;;;;;;
27.12.2021;2779;;2 700;completed;Isabellaanderson12@mail.ru;26.02.2021;2;3;800.0;1100.0;800.0;;12;Фиточай с чабрецом - 4 пакетика;Маття-латте - 5 шт.;Фиточай с чабрецом - 4 пакетика;0;;;;;;;;;;;;;;;;;;;;;;;;;;;;;;;;;;;;;;;;;;;;;;
02.02.2022;3834;;4 900;completed;Charlottethomas69@outlook.com;29.11.2021;11;1;;4900.0;;;14;Маття-латте - 1 шт.;Омолаживающий барсучий эликсир;Маття-латте - 1 шт.;0;;;;;;;;;;;;;;;;;;;;;;;;;;;;;;;;;;;;;;;;;;;;;;
15.07.2021;2688;;1 717;returned;Charlottewilliams13@yandex.ru;15.07.2021;7;3;240.0;587.0;890.0;;7;Маття-латте - 1 шт.;Фиточай с чабрецом - 4 пакетика;Фиточай с чабрецом - 4 пакетика;0;;;;;;;;;;;;;;;;;;;;;;;;;;;;;;;;;;;;;;;;;;;;;;
16.01.2022;2451;;1 687;completed;lucasjackson66@gmail.com;16.01.2022;13;2;;587.0;1100.0;;13;Маття-латте - 1 шт.;Фиточай с чабрецом - 4 пакетика;Маття-латте - 5 шт.;0;;;;;;;;;;;;;;;;;;;;;;;;;;;;;;;;;;;;;;;;;;;;;;
15.06.2021;1871;;10 750;completed;Liamsmith0@outlook.com;04.05.2021;5;3;4900.0;2000.0;3500.0;;6;Омолаживающий барсучий эликсир;Омолаживающий барсучий эликсир;Омолаживающий барсучий эликсир;350;;;;;;;;;;;;;;;;;;;;;;;;;;;;;;;;;;;;;;;;;;;;;;
12.08.2021;1937;;5 550;completed;Lucasthomas0@outlook.com;12.08.2021;8;3;4900.0;325.0;325.0;;8;Омолаживающий барсучий эликсир;Маття-латте - 1 шт.;Маття-латте - 1 шт.;0;;;;;;;;;;;;;;;;;;;;;;;;;;;;;;;;;;;;;;;;;;;;;;
15.10.2021;3702;;2 325;completed;Isabellamartinez88@yahoo.com;15.10.2021;10;2;325.0;;2000.0;;10;Маття-латте - 1 шт.;Маття-латте - 1 шт.;Омолаживающий барсучий эликсир;0;;;;;;;;;;;;;;;;;;;;;;;;;;;;;;;;;;;;;;;;;;;;;;
14.03.2021;3795;;5 400;returned;Avawilliams2007@outlook.com;14.03.2021;3;2;;3500.0;1900.0;;3;Маття-латте - 1 шт.;Омолаживающий барсучий эликсир;Маття-латте - 5 шт.;0;;;;;;;;;;;;;;;;;;;;;;;;;;;;;;;;;;;;;;;;;;;;;;
06.05.2021;2348;;6 025;completed;Sophiawilliams1987@yandex.ru;06.05.2021;5;3;325.0;4900.0;800.0;;5;Маття-латте - 1 шт.;Омолаживающий барсучий эликсир;Фиточай с чабрецом - 4 пакетика;0;;;;;;;;;;;;;;;;;;;;;;;;;;;;;;;;;;;;;;;;;;;;;;
23.06.2021;3245;;2 040;completed;liamtaylor0@gmail.com;05.03.2021;3;2;800.0;;890.0;;6;Фиточай с чабрецом - 4 пакетика;Маття-латте - 1 шт.;Фиточай с чабрецом - 4 пакетика;350;;;;;;;;;;;;;;;;;;;;;;;;;;;;;;;;;;;;;;;;;;;;;;
16.02.2021;3682;;5 750;completed;Avamoore13@yahoo.com;16.02.2021;2;2;1900.0;3500.0;;;2;Маття-латте - 5 шт.;Омолаживающий барсучий эликсир;Маття-латте - 1 шт.;350;;;;;;;;;;;;;;;;;;;;;;;;;;;;;;;;;;;;;;;;;;;;;;
15.02.2022;2206;;3 040;completed;Lucasmartinez2007@yandex.ru;15.02.2022;14;3;800.0;2000.0;240.0;;14;Фиточай с чабрецом - 4 пакетика;Омолаживающий барсучий эликсир;Маття-латте - 1 шт.;0;;;;;;;;;;;;;;;;;;;;;;;;;;;;;;;;;;;;;;;;;;;;;;
04.04.2021;2541;;6 637;completed;Alexanderwilliams1993@yahoo.com;04.04.2021;4;3;4900.0;800.0;587.0;;4;Омолаживающий барсучий эликсир;Фиточай с чабрецом - 4 пакетика;Фиточай с чабрецом - 4 пакетика;350;;;;;;;;;;;;;;;;;;;;;;;;;;;;;;;;;;;;;;;;;;;;;;
07.10.2021;4177;;2 250;completed;Avalopez33@yandex.ru;24.02.2021;2;2;;800.0;1100.0;;10;Маття-латте - 1 шт.;Фиточай с чабрецом - 4 пакетика;Маття-латте - 5 шт.;350;;;;;;;;;;;;;;;;;;;;;;;;;;;;;;;;;;;;;;;;;;;;;;
05.06.2021;3353;;2 937;completed;Oliverlopez69@yandex.ru;05.06.2021;6;2;587.0;;2000.0;;6;Фиточай с чабрецом - 4 пакетика;Маття-латте - 1 шт.;Омолаживающий барсучий эликсир;350;;;;;;;;;;;;;;;;;;;;;;;;;;;;;;;;;;;;;;;;;;;;;;
02.02.2022;1326;;2 787;completed;Avaanderson1987@mail.ru;14.07.2021;7;3;587.0;1100.0;1100.0;;14;Фиточай с чабрецом - 4 пакетика;Маття-латте - 5 шт.;Маття-латте - 5 шт.;0;;;;;;;;;;;;;;;;;;;;;;;;;;;;;;;;;;;;;;;;;;;;;;
07.06.2021;3338;;2 465;completed;Sophiamoore33@yandex.ru;28.02.2021;2;3;240.0;1900.0;325.0;;6;Маття-латте - 1 шт.;Маття-латте - 5 шт.;Маття-латте - 1 шт.;0;;;;;;;;;;;;;;;;;;;;;;;;;;;;;;;;;;;;;;;;;;;;;;
22.02.2021;2310;;2 187;completed;Emmalopez88@mail.ru;22.02.2021;2;3;800.0;800.0;587.0;;2;Фиточай с чабрецом - 4 пакетика;Фиточай с чабрецом - 4 пакетика;Фиточай с чабрецом - 4 пакетика;0;;;;;;;;;;;;;;;;;;;;;;;;;;;;;;;;;;;;;;;;;;;;;;
31.07.2021;3638;;8 900;completed;williamthomas1993@gmail.com;13.06.2021;6;3;2000.0;4900.0;2000.0;;7;Омолаживающий барсучий эликсир;Омолаживающий барсучий эликсир;Омолаживающий барсучий эликсир;0;;;;;;;;;;;;;;;;;;;;;;;;;;;;;;;;;;;;;;;;;;;;;;
16.01.2022;1848;;3 125;completed;alexanderwilliams13@gmail.com;22.04.2021;4;3;800.0;325.0;2000.0;;13;Фиточай с чабрецом - 4 пакетика;Маття-латте - 1 шт.;Омолаживающий барсучий эликсир;0;;;;;;;;;;;;;;;;;;;;;;;;;;;;;;;;;;;;;;;;;;;;;;
17.07.2021;1741;;2 580;completed;Isabellabrown66@yandex.ru;17.07.2021;7;3;890.0;800.0;890.0;;7;Фиточай с чабрецом - 4 пакетика;Фиточай с чабрецом - 4 пакетика;Фиточай с чабрецом - 4 пакетика;0;;;;;;;;;;;;;;;;;;;;;;;;;;;;;;;;;;;;;;;;;;;;;;
13.07.2021;3341;;3 740;completed;Avathomas33@yahoo.com;13.07.2021;7;2;;240.0;3500.0;;7;Маття-латте - 1 шт.;Маття-латте - 1 шт.;Омолаживающий барсучий эликсир;0;;;;;;;;;;;;;;;;;;;;;;;;;;;;;;;;;;;;;;;;;;;;;;
16.02.2021;1723;;6 030;completed;Emmajackson1993@yandex.ru;16.02.2021;2;3;890.0;240.0;4900.0;;2;Фиточай с чабрецом - 4 пакетика;Маття-латте - 1 шт.;Омолаживающий барсучий эликсир;0;;;;;;;;;;;;;;;;;;;;;;;;;;;;;;;;;;;;;;;;;;;;;;
25.10.2021;4038;;6 950;completed;williamtaylor66@gmail.com;25.10.2021;10;3;2000.0;3500.0;1100.0;;10;Омолаживающий барсучий эликсир;Омолаживающий барсучий эликсир;Маття-латте - 5 шт.;350;;;;;;;;;;;;;;;;;;;;;;;;;;;;;;;;;;;;;;;;;;;;;;
24.11.2021;2571;;3 130;completed;Isabellasmith12@yahoo.com;27.08.2021;8;3;2000.0;890.0;240.0;;11;Омолаживающий барсучий эликсир;Фиточай с чабрецом - 4 пакетика;Маття-латте - 1 шт.;0;;;;;;;;;;;;;;;;;;;;;;;;;;;;;;;;;;;;;;;;;;;;;;
13.07.2021;3369;;5 940;completed;Isabellasmith66@yandex.ru;10.03.2021;3;3;800.0;240.0;4900.0;;7;Фиточай с чабрецом - 4 пакетика;Маття-латте - 1 шт.;Омолаживающий барсучий эликсир;0;;;;;;;;;;;;;;;;;;;;;;;;;;;;;;;;;;;;;;;;;;;;;;
30.01.2022;1489;;6 800;completed;avawilliams88@gmail.com;30.01.2022;13;3;800.0;1100.0;4900.0;;13;Фиточай с чабрецом - 4 пакетика;Маття-латте - 5 шт.;Омолаживающий барсучий эликсир;0;;;;;;;;;;;;;;;;;;;;;;;;;;;;;;;;;;;;;;;;;;;;;;
22.05.2021;4031;;3 687;completed;Sophiajackson69@yandex.ru;22.05.2021;5;3;2000.0;1100.0;587.0;;5;Омолаживающий барсучий эликсир;Маття-латте - 5 шт.;Фиточай с чабрецом - 4 пакетика;0;;;;;;;;;;;;;;;;;;;;;;;;;;;;;;;;;;;;;;;;;;;;;;
13.12.2021;3840;;1 900;completed;avamoore33@gmail.com;13.12.2021;12;2;1100.0;;800.0;;12;Маття-латте - 5 шт.;Маття-латте - 1 шт.;Фиточай с чабрецом - 4 пакетика;0;;;;;;;;;;;;;;;;;;;;;;;;;;;;;;;;;;;;;;;;;;;;;;
20.03.2021;1535;;1 927;completed;Charlottejackson2007@outlook.com;20.03.2021;3;3;1100.0;587.0;240.0;;3;Маття-латте - 5 шт.;Фиточай с чабрецом - 4 пакетика;Маття-латте - 1 шт.;0;;;;;;;;;;;;;;;;;;;;;;;;;;;;;;;;;;;;;;;;;;;;;;
30.01.2022;2404;;1 387;completed;Charlottemartinez0@yandex.ru;30.01.2022;13;2;587.0;800.0;;;13;Фиточай с чабрецом - 4 пакетика;Фиточай с чабрецом - 4 пакетика;Маття-латте - 1 шт.;0;;;;;;;;;;;;;;;;;;;;;;;;;;;;;;;;;;;;;;;;;;;;;;
12.07.2021;2085;;4 150;returned;Isabellaanderson0@mail.ru;12.07.2021;7;3;325.0;325.0;3500.0;;7;Маття-латте - 1 шт.;Маття-латте - 1 шт.;Омолаживающий барсучий эликсир;0;;;;;;;;;;;;;;;;;;;;;;;;;;;;;;;;;;;;;;;;;;;;;;
27.05.2021;1969;;2 440;completed;Alexanderjackson13@mail.ru;27.05.2021;5;3;240.0;1100.0;1100.0;;5;Маття-латте - 1 шт.;Маття-латте - 5 шт.;Маття-латте - 5 шт.;0;;;;;;;;;;;;;;;;;;;;;;;;;;;;;;;;;;;;;;;;;;;;;;
24.12.2021;1314;;2 580;completed;williamthomas33@gmail.com;15.09.2021;9;3;800.0;890.0;890.0;;12;Фиточай с чабрецом - 4 пакетика;Фиточай с чабрецом - 4 пакетика;Фиточай с чабрецом - 4 пакетика;0;;;;;;;;;;;;;;;;;;;;;;;;;;;;;;;;;;;;;;;;;;;;;;
04.05.2021;4035;;2 577;completed;Avaanderson33@yandex.ru;04.05.2021;5;3;587.0;1100.0;890.0;;5;Фиточай с чабрецом - 4 пакетика;Маття-латте - 5 шт.;Фиточай с чабрецом - 4 пакетика;0;;;;;;;;;;;;;;;;;;;;;;;;;;;;;;;;;;;;;;;;;;;;;;
19.09.2021;3532;;4 487;completed;Avabrown66@yahoo.com;19.09.2021;9;3;1900.0;587.0;2000.0;;9;Маття-латте - 5 шт.;Фиточай с чабрецом - 4 пакетика;Омолаживающий барсучий эликсир;0;;;;;;;;;;;;;;;;;;;;;;;;;;;;;;;;;;;;;;;;;;;;;;
02.05.2021;2257;;6 650;completed;Charlottewilliams88@yandex.ru;13.04.2021;4;3;3500.0;2000.0;800.0;;5;Омолаживающий барсучий эликсир;Омолаживающий барсучий эликсир;Фиточай с чабрецом - 4 пакетика;350;;;;;;;;;;;;;;;;;;;;;;;;;;;;;;;;;;;;;;;;;;;;;;
14.04.2021;2330;;1 125;completed;Charlottetaylor1987@yandex.ru;14.04.2021;4;2;800.0;325.0;;;4;Фиточай с чабрецом - 4 пакетика;Маття-латте - 1 шт.;Маття-латте - 1 шт.;0;;;;;;;;;;;;;;;;;;;;;;;;;;;;;;;;;;;;;;;;;;;;;;
27.10.2021;1469;;3 590;completed;Avamartinez2007@yandex.ru;27.10.2021;10;3;800.0;890.0;1900.0;;10;Фиточай с чабрецом - 4 пакетика;Фиточай с чабрецом - 4 пакетика;Маття-латте - 5 шт.;0;;;;;;;;;;;;;;;;;;;;;;;;;;;;;;;;;;;;;;;;;;;;;;
29.01.2022;1528;;4 840;completed;Isabellajackson13@mail.ru;06.05.2021;5;3;240.0;3500.0;1100.0;;13;Маття-латте - 1 шт.;Омолаживающий барсучий эликсир;Маття-латте - 5 шт.;0;;;;;;;;;;;;;;;;;;;;;;;;;;;;;;;;;;;;;;;;;;;;;;
03.04.2021;2814;;10 400;completed;Oliverwilliams0@yandex.ru;03.04.2021;4;3;4900.0;3500.0;2000.0;;4;Омолаживающий барсучий эликсир;Омолаживающий барсучий эликсир;Омолаживающий барсучий эликсир;0;;;;;;;;;;;;;;;;;;;;;;;;;;;;;;;;;;;;;;;;;;;;;;
24.01.2022;3550;;5 727;completed;Oliverwilliams0@yandex.ru;01.06.2021;6;3;4900.0;587.0;240.0;;13;Омолаживающий барсучий эликсир;Фиточай с чабрецом - 4 пакетика;Маття-латте - 1 шт.;0;;;;;;;;;;;;;;;;;;;;;;;;;;;;;;;;;;;;;;;;;;;;;;
20.05.2021;2200;;10 400;completed;Charlotteanderson1993@yahoo.com;20.05.2021;5;3;3500.0;4900.0;2000.0;;5;Омолаживающий барсучий эликсир;Омолаживающий барсучий эликсир;Омолаживающий барсучий эликсир;0;;;;;;;;;;;;;;;;;;;;;;;;;;;;;;;;;;;;;;;;;;;;;;
27.02.2021;3007;;890;completed;Sophiajackson69@yahoo.com;27.02.2021;2;3;325.0;325.0;240.0;;2;Маття-латте - 1 шт.;Маття-латте - 1 шт.;Маття-латте - 1 шт.;0;;;;;;;;;;;;;;;;;;;;;;;;;;;;;;;;;;;;;;;;;;;;;;
23.01.2022;3614;;3 040;completed;Avaanderson0@outlook.com;20.06.2021;6;3;800.0;2000.0;240.0;;13;Фиточай с чабрецом - 4 пакетика;Омолаживающий барсучий эликсир;Маття-латте - 1 шт.;0;;;;;;;;;;;;;;;;;;;;;;;;;;;;;;;;;;;;;;;;;;;;;;
04.01.2022;2936;;6 890;completed;Lucasbrown66@yahoo.com;04.01.2022;13;3;1100.0;890.0;4900.0;;13;Маття-латте - 5 шт.;Фиточай с чабрецом - 4 пакетика;Омолаживающий барсучий эликсир;0;;;;;;;;;;;;;;;;;;;;;;;;;;;;;;;;;;;;;;;;;;;;;;
07.11.2021;3355;;5 540;completed;Oliversmith66@yahoo.com;07.11.2021;11;3;800.0;890.0;3500.0;;11;Фиточай с чабрецом - 4 пакетика;Фиточай с чабрецом - 4 пакетика;Омолаживающий барсучий эликсир;350;;;;;;;;;;;;;;;;;;;;;;;;;;;;;;;;;;;;;;;;;;;;;;
20.10.2021;1250;;1 715;completed;Liamlopez13@outlook.com;20.10.2021;10;3;800.0;325.0;240.0;;10;Фиточай с чабрецом - 4 пакетика;Маття-латте - 1 шт.;Маття-латте - 1 шт.;350;;;;;;;;;;;;;;;;;;;;;;;;;;;;;;;;;;;;;;;;;;;;;;
07.08.2021;3311;;2 315;completed;Avajackson1993@gmail.com;07.08.2021;8;3;325.0;1100.0;890.0;;8;Маття-латте - 1 шт.;Маття-латте - 5 шт.;Фиточай с чабрецом - 4 пакетика;0;;;;;;;;;;;;;;;;;;;;;;;;;;;;;;;;;;;;;;;;;;;;;;
06.07.2021;2331;;4 175;completed;Sophiamartinez1993@yahoo.com;06.07.2021;7;2;3500.0;325.0;;;7;Омолаживающий барсучий эликсир;Маття-латте - 1 шт.;Маття-латте - 1 шт.;350;;;;;;;;;;;;;;;;;;;;;;;;;;;;;;;;;;;;;;;;;;;;;;
06.03.2021;1590;;2 465;completed;Alexanderlopez12@mail.ru;06.03.2021;3;3;240.0;1900.0;325.0;;3;Маття-латте - 1 шт.;Маття-латте - 5 шт.;Маття-латте - 1 шт.;0;;;;;;;;;;;;;;;;;;;;;;;;;;;;;;;;;;;;;;;;;;;;;;
19.12.2021;1456;;1 365;completed;Avaanderson12@mail.ru;19.12.2021;12;3;240.0;800.0;325.0;;12;Маття-латте - 1 шт.;Фиточай с чабрецом - 4 пакетика;Маття-латте - 1 шт.;0;;;;;;;;;;;;;;;;;;;;;;;;;;;;;;;;;;;;;;;;;;;;;;
16.07.2021;3076;;7 040;completed;Alexanderjackson0@mail.ru;16.07.2021;7;3;1900.0;4900.0;240.0;;7;Маття-латте - 5 шт.;Омолаживающий барсучий эликсир;Маття-латте - 1 шт.;0;;;;;;;;;;;;;;;;;;;;;;;;;;;;;;;;;;;;;;;;;;;;;;
25.02.2021;1253;;2 015;completed;Emmasmith1987@mail.ru;25.02.2021;2;3;800.0;325.0;890.0;;2;Фиточай с чабрецом - 4 пакетика;Маття-латте - 1 шт.;Фиточай с чабрецом - 4 пакетика;0;;;;;;;;;;;;;;;;;;;;;;;;;;;;;;;;;;;;;;;;;;;;;;
31.03.2021;1494;;1 237;completed;Charlottemartinez69@gmail.com;30.03.2021;3;3;587.0;325.0;325.0;;3;Фиточай с чабрецом - 4 пакетика;Маття-латте - 1 шт.;Маття-латте - 1 шт.;0;;;;;;;;;;;;;;;;;;;;;;;;;;;;;;;;;;;;;;;;;;;;;;
06.06.2021;1452;;4 350;completed;Williamanderson2007@yahoo.com;06.06.2021;6;2;;2000.0;2000.0;;6;Маття-латте - 1 шт.;Омолаживающий барсучий эликсир;Омолаживающий барсучий эликсир;350;;;;;;;;;;;;;;;;;;;;;;;;;;;;;;;;;;;;;;;;;;;;;;
23.01.2022;1913;;5 225;completed;Avaanderson1987@yahoo.com;21.03.2021;3;2;4900.0;;325.0;;13;Омолаживающий барсучий эликсир;Маття-латте - 1 шт.;Маття-латте - 1 шт.;0;;;;;;;;;;;;;;;;;;;;;;;;;;;;;;;;;;;;;;;;;;;;;;
12.08.2021;3660;;1 067;completed;Charlotteanderson0@outlook.com;18.06.2021;6;3;587.0;240.0;240.0;;8;Фиточай с чабрецом - 4 пакетика;Маття-латте - 1 шт.;Маття-латте - 1 шт.;0;;;;;;;;;;;;;;;;;;;;;;;;;;;;;;;;;;;;;;;;;;;;;;
15.01.2022;1963;;2 487;completed;Sophialopez88@outlook.com;20.09.2021;9;2;587.0;;1900.0;;13;Фиточай с чабрецом - 4 пакетика;Маття-латте - 1 шт.;Маття-латте - 5 шт.;0;;;;;;;;;;;;;;;;;;;;;;;;;;;;;;;;;;;;;;;;;;;;;;
27.05.2021;1287;;5 840;completed;Emmalopez1993@outlook.com;27.05.2021;5;3;890.0;3500.0;1100.0;;5;Фиточай с чабрецом - 4 пакетика;Омолаживающий барсучий эликсир;Маття-латте - 5 шт.;350;;;;;;;;;;;;;;;;;;;;;;;;;;;;;;;;;;;;;;;;;;;;;;
11.01.2022;3704;;4 625;completed;Lucastaylor12@outlook.com;11.05.2021;5;3;3500.0;325.0;800.0;;13;Омолаживающий барсучий эликсир;Маття-латте - 1 шт.;Фиточай с чабрецом - 4 пакетика;0;;;;;;;;;;;;;;;;;;;;;;;;;;;;;;;;;;;;;;;;;;;;;;
21.08.2021;2340;;6 650;completed;charlottesmith2007@gmail.com;22.03.2021;3;3;3500.0;800.0;2000.0;;8;Омолаживающий барсучий эликсир;Фиточай с чабрецом - 4 пакетика;Омолаживающий барсучий эликсир;350;;;;;;;;;;;;;;;;;;;;;;;;;;;;;;;;;;;;;;;;;;;;;;
07.06.2021;1727;;2 487;returned;Lucaslopez1987@outlook.com;07.06.2021;6;3;800.0;587.0;1100.0;;6;Фиточай с чабрецом - 4 пакетика;Фиточай с чабрецом - 4 пакетика;Маття-латте - 5 шт.;0;;;;;;;;;;;;;;;;;;;;;;;;;;;;;;;;;;;;;;;;;;;;;;
30.08.2021;2931;;4 030;completed;Isabellamartinez0@yandex.ru;30.08.2021;8;3;890.0;1900.0;890.0;;8;Фиточай с чабрецом - 4 пакетика;Маття-латте - 5 шт.;Фиточай с чабрецом - 4 пакетика;350;;;;;;;;;;;;;;;;;;;;;;;;;;;;;;;;;;;;;;;;;;;;;;
15.01.2022;3599;;5 490;completed;charlottejackson66@gmail.com;20.04.2021;4;3;1100.0;3500.0;890.0;;13;Маття-латте - 5 шт.;Омолаживающий барсучий эликсир;Фиточай с чабрецом - 4 пакетика;0;;;;;;;;;;;;;;;;;;;;;;;;;;;;;;;;;;;;;;;;;;;;;;
17.03.2021;1646;;7 150;completed;Oliverthomas33@mail.ru;17.03.2021;3;2;4900.0;;1900.0;;3;Омолаживающий барсучий эликсир;Маття-латте - 1 шт.;Маття-латте - 5 шт.;350;;;;;;;;;;;;;;;;;;;;;;;;;;;;;;;;;;;;;;;;;;;;;;
04.02.2022;4013;;3 940;returned;Isabellawilliams33@outlook.com;25.10.2021;10;3;890.0;1900.0;800.0;;14;Фиточай с чабрецом - 4 пакетика;Маття-латте - 5 шт.;Фиточай с чабрецом - 4 пакетика;350;;;;;;;;;;;;;;;;;;;;;;;;;;;;;;;;;;;;;;;;;;;;;;
07.09.2021;2564;;2 480;completed;lucastaylor13@gmail.com;07.09.2021;9;3;2000.0;240.0;240.0;;9;Омолаживающий барсучий эликсир;Маття-латте - 1 шт.;Маття-латте - 1 шт.;0;;;;;;;;;;;;;;;;;;;;;;;;;;;;;;;;;;;;;;;;;;;;;;
21.01.2022;2393;;7 225;completed;Alexanderjackson88@yandex.ru;10.04.2021;4;3;4900.0;2000.0;325.0;;13;Омолаживающий барсучий эликсир;Омолаживающий барсучий эликсир;Маття-латте - 1 шт.;0;;;;;;;;;;;;;;;;;;;;;;;;;;;;;;;;;;;;;;;;;;;;;;
03.06.2021;3589;;5 190;completed;Sophiataylor12@outlook.com;28.05.2021;5;3;3500.0;800.0;890.0;;6;Омолаживающий барсучий эликсир;Фиточай с чабрецом - 4 пакетика;Фиточай с чабрецом - 4 пакетика;0;;;;;;;;;;;;;;;;;;;;;;;;;;;;;;;;;;;;;;;;;;;;;;
25.06.2021;2235;;5 275;completed;Emmamoore66@mail.ru;08.05.2021;5;3;325.0;1100.0;3500.0;;6;Маття-латте - 1 шт.;Маття-латте - 5 шт.;Омолаживающий барсучий эликсир;350;;;;;;;;;;;;;;;;;;;;;;;;;;;;;;;;;;;;;;;;;;;;;;
25.02.2021;2137;;1 125;completed;Sophiajackson12@yandex.ru;25.02.2021;2;2;800.0;325.0;;;2;Фиточай с чабрецом - 4 пакетика;Маття-латте - 1 шт.;Маття-латте - 1 шт.;0;;;;;;;;;;;;;;;;;;;;;;;;;;;;;;;;;;;;;;;;;;;;;;
15.02.2022;3046;;2 020;completed;Sophiawilliams69@yandex.ru;15.02.2022;14;3;240.0;890.0;890.0;;14;Маття-латте - 1 шт.;Фиточай с чабрецом - 4 пакетика;Фиточай с чабрецом - 4 пакетика;0;;;;;;;;;;;;;;;;;;;;;;;;;;;;;;;;;;;;;;;;;;;;;;
06.08.2021;4015;;8 990;completed;Charlottesmith0@yahoo.com;06.08.2021;8;3;3500.0;4900.0;240.0;;8;Омолаживающий барсучий эликсир;Омолаживающий барсучий эликсир;Маття-латте - 1 шт.;350;;;;;;;;;;;;;;;;;;;;;;;;;;;;;;;;;;;;;;;;;;;;;;
03.05.2021;2592;;5 550;completed;Lucastaylor33@yandex.ru;03.05.2021;5;3;325.0;325.0;4900.0;;5;Маття-латте - 1 шт.;Маття-латте - 1 шт.;Омолаживающий барсучий эликсир;0;;;;;;;;;;;;;;;;;;;;;;;;;;;;;;;;;;;;;;;;;;;;;;
20.10.2021;1808;;5 400;completed;Liamanderson0@outlook.com;06.04.2021;4;3;800.0;3500.0;1100.0;;10;Фиточай с чабрецом - 4 пакетика;Омолаживающий барсучий эликсир;Маття-латте - 5 шт.;0;;;;;;;;;;;;;;;;;;;;;;;;;;;;;;;;;;;;;;;;;;;;;;
23.12.2021;3718;;3 390;completed;Alexandersmith0@yandex.ru;15.10.2021;10;3;2000.0;800.0;240.0;;12;Омолаживающий барсучий эликсир;Фиточай с чабрецом - 4 пакетика;Маття-латте - 1 шт.;350;;;;;;;;;;;;;;;;;;;;;;;;;;;;;;;;;;;;;;;;;;;;;;
06.02.2022;1656;;10 400;returned;Emmamoore1987@outlook.com;20.08.2021;8;3;2000.0;3500.0;4900.0;;14;Омолаживающий барсучий эликсир;Омолаживающий барсучий эликсир;Омолаживающий барсучий эликсир;0;;;;;;;;;;;;;;;;;;;;;;;;;;;;;;;;;;;;;;;;;;;;;;
30.07.2021;3537;;1 580;completed;Alexanderlopez0@mail.ru;30.07.2021;7;3;1100.0;240.0;240.0;;7;Маття-латте - 5 шт.;Маття-латте - 1 шт.;Маття-латте - 1 шт.;0;;;;;;;;;;;;;;;;;;;;;;;;;;;;;;;;;;;;;;;;;;;;;;
26.12.2021;2747;;7 225;completed;Sophiasmith88@mail.ru;26.12.2021;12;3;2000.0;4900.0;325.0;;12;Омолаживающий барсучий эликсир;Омолаживающий барсучий эликсир;Маття-латте - 1 шт.;0;;;;;;;;;;;;;;;;;;;;;;;;;;;;;;;;;;;;;;;;;;;;;;
11.04.2021;3422;;1 750;completed;Isabellawilliams0@yahoo.com;11.04.2021;4;3;1100.0;325.0;325.0;;4;Маття-латте - 5 шт.;Маття-латте - 1 шт.;Маття-латте - 1 шт.;0;;;;;;;;;;;;;;;;;;;;;;;;;;;;;;;;;;;;;;;;;;;;;;
19.12.2021;2153;;4 762;completed;emmabrown2007@outlook.com;18.04.2021;4;3;325.0;587.0;3500.0;;12;Маття-латте - 1 шт.;Фиточай с чабрецом - 4 пакетика;Омолаживающий барсучий эликсир;350;;;;;;;;;;;;;;;;;;;;;;;;;;;;;;;;;;;;;;;;;;;;;;
19.12.2021;1283;;6 075;completed;Isabellalopez1987@outlook.com;18.11.2021;11;3;1900.0;325.0;3500.0;;12;Маття-латте - 5 шт.;Маття-латте - 1 шт.;Омолаживающий барсучий эликсир;350;;;;;;;;;;;;;;;;;;;;;;;;;;;;;;;;;;;;;;;;;;;;;;
12.06.2021;1447;;6 800;completed;liamanderson33@gmail.com;03.04.2021;4;2;4900.0;;1900.0;;6;Омолаживающий барсучий эликсир;Маття-латте - 1 шт.;Маття-латте - 5 шт.;0;;;;;;;;;;;;;;;;;;;;;;;;;;;;;;;;;;;;;;;;;;;;;;
15.07.2021;3769;;2 790;completed;charlottetaylor12@yahoo.com;15.07.2021;7;3;800.0;890.0;1100.0;;7;Фиточай с чабрецом - 4 пакетика;Фиточай с чабрецом - 4 пакетика;Маття-латте - 5 шт.;0;;;;;;;;;;;;;;;;;;;;;;;;;;;;;;;;;;;;;;;;;;;;;;
13.11.2021;1941;;4 600;completed;Avalopez1993@yandex.ru;01.04.2021;4;2;3500.0;1100.0;;;11;Омолаживающий барсучий эликсир;Маття-латте - 5 шт.;Маття-латте - 1 шт.;0;;;;;;;;;;;;;;;;;;;;;;;;;;;;;;;;;;;;;;;;;;;;;;
02.07.2021;2776;;4 900;completed;sophiathomas0@gmail.com;02.07.2021;7;1;;4900.0;;;7;Маття-латте - 1 шт.;Омолаживающий барсучий эликсир;Маття-латте - 1 шт.;0;;;;;;;;;;;;;;;;;;;;;;;;;;;;;;;;;;;;;;;;;;;;;;
23.11.2021;2203;;5 640;completed;Alexanderwilliams1993@mail.ru;30.03.2021;3;3;1900.0;3500.0;240.0;;11;Маття-латте - 5 шт.;Омолаживающий барсучий эликсир;Маття-латте - 1 шт.;0;;;;;;;;;;;;;;;;;;;;;;;;;;;;;;;;;;;;;;;;;;;;;;
12.10.2021;4217;;10 150;returned;Olivermartinez66@yandex.ru;12.10.2021;10;2;;4900.0;4900.0;;10;Маття-латте - 1 шт.;Омолаживающий барсучий эликсир;Омолаживающий барсучий эликсир;350;;;;;;;;;;;;;;;;;;;;;;;;;;;;;;;;;;;;;;;;;;;;;;
08.03.2021;1903;;4 475;completed;oliverlopez88@gmail.com;08.03.2021;3;3;325.0;1900.0;1900.0;;3;Маття-латте - 1 шт.;Маття-латте - 5 шт.;Маття-латте - 5 шт.;350;;;;;;;;;;;;;;;;;;;;;;;;;;;;;;;;;;;;;;;;;;;;;;
20.01.2022;2920;;3 800;returned;liammartinez1993@gmail.com;18.02.2021;2;2;1900.0;;1900.0;;13;Маття-латте - 5 шт.;Маття-латте - 1 шт.;Маття-латте - 5 шт.;0;;;;;;;;;;;;;;;;;;;;;;;;;;;;;;;;;;;;;;;;;;;;;;
09.06.2021;3777;;7 600;completed;Alexanderjackson12@yahoo.com;09.06.2021;6;3;1900.0;4900.0;800.0;;6;Маття-латте - 5 шт.;Омолаживающий барсучий эликсир;Фиточай с чабрецом - 4 пакетика;0;;;;;;;;;;;;;;;;;;;;;;;;;;;;;;;;;;;;;;;;;;;;;;
18.06.2021;3786;;6 890;completed;Isabellabrown13@mail.ru;18.06.2021;6;3;1100.0;890.0;4900.0;;6;Маття-латте - 5 шт.;Фиточай с чабрецом - 4 пакетика;Омолаживающий барсучий эликсир;0;;;;;;;;;;;;;;;;;;;;;;;;;;;;;;;;;;;;;;;;;;;;;;
04.12.2021;3147;;6 087;completed;Charlottethomas1993@outlook.com;05.05.2021;5;3;3500.0;587.0;2000.0;;12;Омолаживающий барсучий эликсир;Фиточай с чабрецом - 4 пакетика;Омолаживающий барсучий эликсир;0;;;;;;;;;;;;;;;;;;;;;;;;;;;;;;;;;;;;;;;;;;;;;;
19.04.2021;2339;;9 290;completed;Avawilliams69@yandex.ru;19.04.2021;4;3;4900.0;3500.0;890.0;;4;Омолаживающий барсучий эликсир;Омолаживающий барсучий эликсир;Фиточай с чабрецом - 4 пакетика;0;;;;;;;;;;;;;;;;;;;;;;;;;;;;;;;;;;;;;;;;;;;;;;
24.10.2021;2491;;2 700;completed;Sophiajackson1993@mail.ru;24.10.2021;10;2;1900.0;;800.0;;10;Маття-латте - 5 шт.;Маття-латте - 1 шт.;Фиточай с чабрецом - 4 пакетика;0;;;;;;;;;;;;;;;;;;;;;;;;;;;;;;;;;;;;;;;;;;;;;;
25.01.2022;3329;;912;completed;Emmasmith12@yandex.ru;27.04.2021;4;2;325.0;587.0;;;13;Маття-латте - 1 шт.;Фиточай с чабрецом - 4 пакетика;Маття-латте - 1 шт.;0;;;;;;;;;;;;;;;;;;;;;;;;;;;;;;;;;;;;;;;;;;;;;;
27.01.2022;3974;;2 140;completed;sophiajackson1987@gmail.com;17.05.2021;5;2;;1900.0;240.0;;13;Маття-латте - 1 шт.;Маття-латте - 5 шт.;Маття-латте - 1 шт.;0;;;;;;;;;;;;;;;;;;;;;;;;;;;;;;;;;;;;;;;;;;;;;;
18.10.2021;3480;;3 074;completed;Liamanderson1993@yandex.ru;04.09.2021;9;3;587.0;1900.0;587.0;;10;Фиточай с чабрецом - 4 пакетика;Маття-латте - 5 шт.;Фиточай с чабрецом - 4 пакетика;0;;;;;;;;;;;;;;;;;;;;;;;;;;;;;;;;;;;;;;;;;;;;;;
